"squirting","preconceived","doughnut","concession","gymnastics","flake","illusory","mechanically","aye","corrupting","crocodile","confederacy","loon","extractor","bleak","attentions","gliders","combs","nimble","masons","scab","disinterested","cardiovascular","venerable","manipulative","sloth","recollections","guarded","hardship","salads","dilute","playmates","baskets","infrequent","plunging","smirk","friendliness","pictured","celebrations","purchasers","simplifies","roundhouse","corporal","crossings","clinging","transcribe","fishy","towering","militarily","prosecuting","dismissing","depicting","embassies","reimburse","corrective","rapists","peroxide","enlarge","gambler","regrets","tripled","discrepancies","diaries","parable","tiring","fiercely","outing","redneck","pious","softening","outback","gorge","headset","titanic","tending","topaz","aversion","leftovers","ascertain","rife","motels","piranha","subtly","withholding","crept","marbles","fleeting","drawers","conceptions","periphery","culminating","technicality","peaches","medicinal","gleam","merciful","centerline","trimming","grooves","maggots","tripe","hanged","facet","arcs","wiles","thwart","bouquet","timeless","aptly","stimulated","tempt","cesspool","exemptions","ancillary","contrasting","belittle","missive","sundry","requisition","slashes","mumbling","directives","laminated","corridors","prehistoric","spat","daft","malevolent","plunger","sweetness","impetus","locust","glands","buggers","hunch","mango","checkbook","provocation","thrills","moth","cools","intangible","purveyors","congratulate","massacres","distasteful","crux","yearbook","proletariat","corset","procure","invariant","axles","paintbrush","climates","intersections","overworked","sterilization","poorest","subtype","pesticide","ejected","pillows","reopen","ubiquitous","gazed","whistling","specimens","mustache","impairment","lambs","skier","sanitation","refurbished","consul","enumeration","anthropological","orgy","tertiary","markedly","workman","layered","charcoal","paternal","intercepted","stylistic","emptied","leer","ledger","plush","franks","desist","vamp","beginner's","camper","decoration","thistle","yanked","comedies","sever","midwife","sheikh","shielding","tort","spectroscopy","microwaves","harlequin","spitfire","conceptually","detergent","pineapple","impromptu","snot","fashionable","undergone","vetoed","deviations","dehydration","undermined","ethyl","souvenir","humanists","catering","evaporate","tuck","corresponded","materialize","dazed","theorists","there're","telegram","underestimated","stares","duet","manhole","shank","stoke","competitively","reversible","clique","ashen","syndication","agonizing","fertilized","mergers","adolescence","deportation","reconstruct","mercilessly","dependents","pretender"
6,4,5,2,1,4,5,6,2,3,5,4,3,6,3,2,4,3,1,6,4,2,4,3,6,4,NA,5,4,2,4,5,1,4,5,6,4,2,4,2,2,5,5,3,4,3,1,2,3,2,4,5,1,4,3,5,2,5,5,4,5,3,5,6,1,2,3,NA,2,5,3,4,3,4,6,6,3,2,2,5,3,2,4,6,6,5,4,4,1,4,3,5,6,6,3,NA,3,4,3,1,2,5,4,6,2,5,4,5,2,3,4,1,4,4,1,4,4,3,1,6,2,6,4,2,5,2,3,6,3,3,5,6,3,2,2,1,4,4,2,3,6,2,NA,4,3,6,5,5,4,5,2,3,5,1,2,4,5,3,6,4,6,4,4,2,4,1,4,4,1,4,NA,3,1,5,5,3,3,4,2,5,3,1,3,5,6,5,3,4,5,2,6,6,2,1,5,1,5,6,2,5,2,2,6,4,4,3,6,2,4,1,6,5,3,3,2,5,3,4,3,3,6,2,6,6,2,1,2,4,2,2,5,3,5,4,3,4,2,2,4,6,2,3,4,3,4,3,2,2,6,6,4
1,3,3,1,1,1,2,3,6,1,3,1,1,1,2,1,1,1,1,1,1,3,5,6,5,1,1,4,1,3,2,1,1,5,1,1,3,6,5,1,6,1,5,1,2,4,1,2,6,3,1,1,6,5,1,6,1,1,1,1,6,3,6,1,2,6,1,1,5,2,1,6,1,2,1,1,2,1,6,1,1,6,6,5,2,1,1,6,1,6,6,2,1,6,1,1,1,1,1,5,1,1,6,2,3,6,5,1,1,1,1,1,5,6,1,1,1,1,6,1,2,1,1,6,1,5,4,3,4,1,6,2,1,3,1,1,1,5,3,3,1,2,6,6,5,2,4,1,6,1,1,2,4,1,2,1,1,1,1,1,2,6,1,1,6,1,5,1,6,4,1,5,1,2,6,6,1,5,6,1,1,3,4,2,6,1,4,1,3,1,1,6,1,3,1,1,4,3,1,6,1,6,4,1,1,1,6,1,2,1,1,2,3,1,1,6,6,5,1,2,6,1,1,1,1,2,4,2,3,6,1,2,1,5,1,1,1,2,1,6,1,2,2,1,6,6,1,1,6,1,1
2,2,3,2,1,1,3,2,1,1,1,2,1,1,1,1,1,1,1,1,1,1,2,2,1,1,1,2,1,1,1,1,1,1,1,1,1,1,1,2,1,1,4,1,1,1,1,1,1,2,1,1,1,1,1,1,1,1,1,1,1,2,1,1,1,1,1,1,4,1,1,2,1,1,1,1,2,1,3,1,1,3,2,1,1,1,1,1,1,3,2,2,1,2,1,2,1,1,1,1,1,1,1,1,1,2,1,1,1,1,1,1,1,4,2,1,2,2,2,1,1,1,1,1,1,1,1,2,1,1,3,3,1,1,1,1,1,2,1,1,1,1,4,1,2,1,1,1,3,1,2,1,1,1,1,1,1,1,1,1,1,1,1,1,3,1,1,1,1,1,1,1,1,2,2,2,2,1,2,1,1,1,1,1,1,1,1,1,1,1,1,1,1,1,1,1,2,1,1,1,1,3,1,1,3,1,3,1,1,1,1,2,1,1,1,2,1,2,1,2,3,1,1,1,1,1,1,1,1,2,1,1,1,1,1,1,1,2,2,2,1,1,2,1,1,3,1,1,3,1,1
1,6,6,6,1,1,6,6,6,1,1,5,1,1,5,1,1,6,6,1,1,1,1,6,1,1,1,6,1,1,1,1,1,1,1,1,1,1,1,1,1,1,1,1,1,3,1,1,1,1,1,1,1,1,1,1,1,1,1,1,1,1,1,1,1,1,1,1,6,6,1,1,1,1,1,1,6,1,6,6,1,6,6,1,1,1,1,1,6,6,1,6,1,6,1,1,1,1,1,1,6,1,6,1,1,1,6,1,6,1,1,6,6,6,1,1,1,1,1,1,1,1,1,6,1,1,1,6,1,1,6,1,1,1,1,1,1,1,1,1,1,6,1,1,1,1,6,1,6,1,6,6,6,1,1,1,1,6,1,1,1,1,1,1,6,1,6,6,6,1,6,1,1,1,1,1,1,6,6,1,1,1,1,1,1,1,1,1,6,1,1,6,1,1,1,1,6,1,1,1,1,6,1,1,1,1,1,1,6,1,1,6,1,1,1,6,1,1,1,6,1,1,1,1,1,1,1,1,1,6,1,1,1,1,1,1,1,1,1,6,6,6,1,1,1,1,1,1,6,1,1
3,2,3,2,2,1,1,3,5,1,1,1,1,1,1,3,1,1,2,1,1,2,3,1,1,1,1,5,2,2,1,3,2,5,2,1,5,3,4,3,1,3,2,2,2,1,1,1,1,1,1,1,3,2,1,3,3,2,2,2,3,3,3,3,1,4,2,1,2,2,3,5,1,1,1,2,5,2,3,1,2,3,3,2,1,2,3,NA,2,5,2,2,4,3,3,3,3,1,2,3,2,3,3,3,2,2,5,3,2,1,1,3,2,3,2,2,1,4,4,2,3,2,1,2,4,1,1,1,4,3,2,3,2,3,2,2,2,2,2,3,4,3,5,3,6,3,5,4,2,3,3,2,4,4,3,2,3,3,2,4,4,1,1,3,5,4,6,2,4,3,2,5,3,4,2,2,3,3,3,2,3,3,3,2,4,3,2,2,1,1,2,3,1,4,1,2,5,3,3,3,2,6,3,2,4,3,3,1,4,2,2,1,1,4,2,5,3,4,3,5,6,4,3,2,NA,3,2,3,2,3,1,3,2,4,3,3,2,1,4,4,3,4,3,1,2,5,2,2,3,1,1
1,1,5,1,1,1,1,1,1,1,1,1,4,1,4,1,1,4,1,1,4,1,1,1,1,6,1,1,1,1,4,1,1,1,5,4,1,1,1,1,4,1,5,1,1,1,1,1,1,1,1,1,4,1,1,5,1,1,1,1,1,5,1,1,1,1,1,1,6,1,1,5,1,1,1,1,1,1,1,1,1,1,1,1,1,1,1,1,1,5,1,5,1,1,1,1,1,1,5,5,6,1,1,4,1,5,5,1,4,1,1,1,1,1,1,1,1,4,5,1,1,1,1,1,1,1,4,5,5,1,4,1,1,1,5,1,1,1,1,6,1,1,6,1,6,1,5,1,6,4,1,1,1,1,1,1,1,1,1,1,1,1,6,1,4,1,1,1,4,1,1,1,1,1,4,1,1,5,1,1,1,1,1,1,1,1,1,1,1,1,1,5,1,1,1,1,1,1,1,1,1,5,1,1,1,1,1,1,1,1,1,4,1,1,1,1,1,1,1,1,1,1,1,1,1,1,1,1,1,4,1,1,1,1,1,1,1,1,1,1,1,1,1,1,1,1,1,1,1,1,1
5,5,5,5,4,1,6,6,2,2,3,1,1,2,1,2,2,3,2,1,1,1,4,1,1,1,4,3,4,4,3,2,2,2,1,1,1,1,2,2,3,3,2,2,2,2,1,2,2,3,3,4,2,2,4,4,4,1,3,3,3,6,1,1,1,2,1,2,5,2,2,1,1,5,1,6,5,4,4,1,4,2,4,4,4,4,3,3,3,2,2,5,1,1,2,5,3,1,2,3,4,5,5,4,3,3,2,3,1,1,1,3,3,3,3,3,3,3,4,3,3,3,2,2,2,2,2,2,2,2,2,3,3,3,3,4,4,4,4,5,5,5,5,5,5,5,5,5,4,3,2,2,2,3,3,3,3,3,3,3,3,3,3,3,3,3,3,3,3,3,3,3,3,3,3,3,3,2,2,2,3,3,3,3,4,4,4,4,3,2,2,3,4,4,3,3,3,3,4,4,4,2,2,3,4,4,3,3,3,3,3,4,4,3,2,2,3,3,3,4,4,4,3,3,3,3,2,2,3,4,4,4,4,4,4,4,4,4,3,4,4,3,4,3,4,6,5,6,5,5,6
1,1,5,6,1,1,6,4,1,1,1,5,1,1,1,6,1,6,6,6,2,1,1,1,1,3,3,1,1,2,1,1,1,3,6,3,5,6,6,1,1,1,3,5,6,4,1,6,1,5,1,1,1,5,1,6,2,6,6,6,6,6,5,5,5,2,5,1,5,1,1,5,1,1,4,1,6,1,1,1,1,6,6,1,6,4,1,2,6,5,1,3,5,1,1,1,1,3,3,6,5,5,1,4,1,1,4,1,1,1,2,1,5,6,5,1,3,1,5,5,2,5,1,1,1,1,5,5,5,5,5,1,5,5,1,1,1,5,1,1,1,3,6,1,5,1,4,1,5,5,1,5,5,1,3,5,1,5,1,5,5,5,5,1,5,5,5,5,3,1,5,5,5,1,5,5,5,5,5,5,5,5,5,5,5,5,5,5,5,5,2,2,2,3,3,3,5,3,5,5,5,5,5,5,5,5,2,3,5,5,1,5,5,5,5,5,5,5,5,5,5,5,5,5,5,5,5,4,4,5,3,2,5,4,1,5,1,5,1,5,5,5,5,4,NA,4,NA,3,1,1,3
5,6,4,4,5,1,5,4,3,1,1,1,2,1,3,2,1,2,3,2,1,1,4,2,4,1,3,4,1,1,3,2,1,5,2,1,1,1,1,3,2,2,4,1,1,1,1,1,3,3,2,4,5,4,2,1,1,2,1,1,1,6,4,2,1,4,3,1,6,1,1,3,1,2,1,4,3,1,3,4,1,5,3,1,2,1,3,3,1,5,4,5,2,1,3,2,1,1,1,2,3,1,1,3,3,4,5,1,5,1,1,3,2,5,1,1,2,1,5,1,2,1,1,3,3,1,2,3,2,1,5,4,1,1,3,1,2,4,3,2,1,2,5,2,4,1,3,1,6,2,3,4,3,1,1,1,1,2,2,3,2,1,1,2,6,1,4,3,3,2,1,2,1,2,3,4,2,3,6,3,1,2,4,1,4,3,3,3,3,2,1,1,1,2,1,1,4,2,3,1,3,6,1,NA,4,1,6,3,5,1,1,3,1,3,1,4,4,3,1,6,5,1,1,2,1,1,3,1,5,4,1,1,1,4,1,3,1,2,1,5,1,6,3,1,1,5,1,1,3,1,1
6,6,6,6,3,4,6,5,6,1,6,2,3,2,6,6,3,4,5,1,5,1,3,2,4,5,1,6,2,2,5,2,6,5,5,6,6,4,2,3,5,6,3,4,4,6,5,2,5,6,2,1,5,2,4,2,4,3,1,1,6,6,5,6,4,6,6,1,6,2,1,4,6,2,4,1,6,2,6,6,1,6,6,6,3,6,3,5,6,6,4,6,6,5,6,2,5,3,5,2,6,6,6,5,6,6,6,3,6,2,1,5,4,6,2,4,4,3,6,6,2,5,3,5,5,2,5,6,6,1,5,3,4,4,6,3,5,5,4,4,3,5,6,6,6,5,6,6,6,3,5,2,5,5,2,5,6,5,6,6,4,2,5,1,6,5,5,5,6,6,5,3,5,6,4,4,5,6,2,2,1,5,5,1,3,5,5,5,6,5,4,3,1,3,2,6,6,5,3,2,4,6,5,6,5,3,6,1,5,5,4,3,1,6,4,6,6,6,5,6,6,2,2,5,5,2,3,5,6,6,1,1,5,1,5,5,6,3,5,6,6,6,2,4,5,6,5,1,6,1,1
1,2,3,1,1,1,1,1,1,1,1,1,1,1,1,1,1,1,1,1,1,1,1,6,1,1,1,1,1,1,1,1,1,1,1,1,1,1,1,1,1,1,2,1,1,1,1,1,2,1,1,1,2,1,1,1,1,1,1,1,1,4,4,4,4,4,1,1,6,1,1,5,1,1,1,1,1,1,2,5,1,4,4,1,1,1,1,1,1,4,2,2,1,2,1,3,1,1,1,1,4,1,2,1,3,1,4,1,4,1,1,1,1,5,1,1,1,4,1,1,1,1,1,1,1,1,1,6,1,1,5,4,1,1,1,1,1,2,1,1,1,2,6,3,1,1,1,1,6,1,1,1,2,1,1,1,1,4,1,1,2,1,1,1,6,1,1,1,1,1,2,3,1,1,1,3,5,2,6,1,1,1,1,1,1,1,1,1,1,1,1,1,1,1,1,1,1,1,1,1,1,6,1,1,4,1,5,1,1,1,1,1,1,1,1,1,1,1,1,5,4,1,1,1,1,1,1,1,1,4,1,1,1,1,1,1,1,2,1,5,2,3,1,1,1,4,1,1,1,1,1
2,2,5,2,4,1,3,4,3,2,1,1,2,1,1,1,1,4,2,1,1,1,3,1,2,2,1,1,1,2,1,1,1,1,3,1,1,1,3,2,2,1,4,1,1,3,1,NA,3,1,1,3,1,1,2,1,3,2,1,1,1,4,2,2,1,2,1,1,6,1,4,5,1,3,3,5,6,1,5,5,1,5,5,3,3,3,1,2,2,5,5,3,3,2,3,3,1,1,2,3,1,NA,2,4,6,6,4,3,6,1,2,4,3,6,2,3,3,1,6,4,4,2,3,3,2,1,1,5,5,1,4,4,2,3,2,1,1,3,3,2,1,2,6,4,4,2,1,2,6,1,NA,1,1,1,1,3,1,2,2,2,2,1,1,2,6,1,3,6,3,3,1,4,1,3,4,6,6,5,2,2,NA,1,5,2,3,4,4,3,3,2,2,5,1,1,1,1,3,2,2,1,1,6,3,2,3,2,6,2,3,1,1,6,2,3,1,5,1,3,2,6,4,3,2,2,1,2,3,2,3,2,2,4,1,2,1,1,1,4,1,1,4,4,4,4,3,2,3,3,4,2,3
4,4,5,5,4,3,4,4,4,3,4,2,3,4,3,3,4,3,4,3,4,3,4,3,4,3,4,3,4,3,4,3,4,3,4,3,4,3,4,3,4,4,4,4,4,4,3,4,4,4,3,3,3,3,3,3,3,3,3,3,2,6,3,5,3,5,2,4,4,3,3,6,4,3,3,4,3,3,3,4,3,4,3,4,3,4,3,4,3,4,3,4,3,4,3,4,3,4,3,4,4,4,4,4,3,3,6,1,5,2,4,3,4,3,2,2,6,6,3,1,4,3,2,5,1,4,3,1,4,3,4,3,4,3,4,3,4,3,4,3,4,3,4,3,4,1,6,1,6,3,4,3,4,3,4,3,4,3,4,3,4,3,4,3,4,3,4,3,4,3,4,3,4,3,4,3,4,3,4,3,4,3,4,1,3,2,1,4,2,1,1,4,1,3,1,3,4,2,1,3,1,5,2,1,3,NA,1,3,4,3,1,6,3,5,3,5,2,2,4,3,4,3,1,2,1,4,3,4,3,4,3,4,2,4,2,4,3,4,3,4,3,5,2,1,3,5,2,4,4,4,4
3,3,3,3,2,1,1,1,3,3,2,4,2,1,3,3,1,1,3,2,2,2,4,3,2,1,3,2,2,1,1,1,1,2,1,1,1,2,1,1,1,2,3,1,1,2,1,1,4,1,1,2,1,2,1,1,4,3,1,2,1,3,1,3,2,1,2,1,6,1,1,1,1,2,1,2,1,1,1,1,1,4,1,1,1,1,1,1,3,5,4,1,1,3,1,1,2,1,2,3,1,1,2,2,1,1,3,1,4,1,1,2,1,3,1,1,2,3,3,1,1,1,2,1,2,1,1,4,1,1,2,1,1,1,1,2,1,4,1,2,1,4,4,2,5,3,5,1,6,3,1,4,4,1,1,1,3,4,1,1,5,1,1,1,6,1,2,5,2,1,1,3,1,4,1,4,4,1,3,1,1,1,1,1,1,3,1,1,1,1,1,1,1,2,1,1,2,2,1,1,1,5,1,1,6,3,6,3,2,3,1,3,1,1,1,2,3,1,1,1,2,1,1,1,1,1,1,1,2,1,1,1,1,1,1,1,1,1,1,1,3,2,2,2,3,2,2,2,3,1,3
5,3,6,3,6,1,5,4,6,1,1,2,1,1,3,3,1,4,3,2,1,3,3,2,1,1,3,4,1,3,5,1,1,2,3,1,2,3,3,2,3,2,2,2,3,1,1,2,3,1,1,2,1,3,1,5,3,2,2,1,2,2,1,2,2,5,3,1,3,3,1,2,1,3,1,1,3,1,3,1,3,5,6,1,1,1,1,4,4,6,4,6,1,3,3,3,1,1,1,3,3,3,5,1,3,6,6,1,2,1,1,1,3,1,1,1,3,3,5,2,1,2,1,1,2,1,1,1,3,1,2,3,1,1,1,2,1,3,1,1,1,2,5,4,5,4,3,1,4,1,2,1,3,1,1,2,2,3,2,4,2,1,2,1,3,2,5,1,4,1,3,3,1,1,3,2,1,3,4,1,1,2,2,2,1,3,2,1,3,1,3,3,1,1,1,2,4,3,3,3,1,6,2,1,5,1,4,1,2,2,2,1,1,2,1,3,3,5,1,3,4,1,2,1,1,2,2,1,3,4,1,3,1,2,1,1,1,2,2,4,1,3,2,2,3,5,2,1,2,1,1
4,6,4,4,4,2,4,6,1,5,5,6,1,3,2,3,4,1,3,2,1,4,4,6,5,1,6,3,2,1,4,1,1,3,3,1,1,2,4,4,5,3,4,4,4,6,2,3,6,6,4,2,6,6,4,4,6,2,3,1,4,6,2,2,1,2,2,3,5,2,2,4,2,3,3,4,4,1,4,2,1,6,2,4,3,2,3,1,5,6,6,5,4,6,4,3,5,4,3,4,4,3,4,3,3,4,2,1,2,2,4,5,3,6,3,4,4,4,4,2,1,2,3,3,4,1,1,4,2,2,5,6,1,2,1,1,4,6,3,1,1,4,6,4,6,5,6,1,6,2,4,5,4,1,3,4,1,5,1,3,3,3,1,1,5,2,3,6,3,3,1,4,3,2,5,6,6,3,3,4,2,3,4,4,5,3,4,1,3,1,1,5,3,2,1,2,4,2,2,1,4,5,4,3,6,2,6,5,5,2,1,4,3,1,2,4,4,3,3,6,4,2,2,3,1,5,4,2,4,3,3,5,2,4,1,1,3,4,2,3,4,3,5,4,4,6,6,4,6,4,5
2,3,1,4,4,1,5,3,2,1,1,1,1,2,3,2,4,3,2,1,1,1,2,2,1,1,1,5,1,2,3,1,1,2,1,2,2,2,2,1,1,1,1,1,3,1,1,1,1,1,1,1,3,4,1,4,2,1,2,1,1,2,1,1,1,2,3,1,6,3,1,5,1,1,1,1,4,1,5,6,1,5,4,1,1,1,1,4,1,3,2,2,1,1,1,1,3,3,4,3,4,2,4,2,1,1,2,4,6,2,1,5,5,6,1,2,1,6,5,2,5,1,1,4,1,1,2,6,3,1,5,6,1,1,1,1,1,5,1,1,1,3,6,6,5,2,1,1,6,1,1,1,6,1,1,3,1,2,1,1,4,1,1,1,6,1,6,3,4,1,2,2,3,1,1,1,5,4,5,2,1,1,2,4,1,1,4,1,2,1,1,1,1,3,1,1,3,1,2,1,1,6,1,1,2,3,6,1,2,1,1,3,1,2,1,4,1,1,3,6,6,1,1,2,1,1,1,1,1,3,1,2,1,1,1,1,1,2,2,5,5,3,2,2,3,4,1,1,3,1,1
5,6,5,4,NA,4,6,3,4,4,2,3,4,3,2,4,2,4,2,6,4,3,4,3,4,4,2,3,5,4,3,4,5,5,4,4,3,2,5,3,4,5,5,3,4,2,4,4,3,4,5,4,2,5,5,3,5,2,5,4,3,4,5,2,5,3,4,4,5,4,5,2,4,3,2,4,4,3,5,5,5,5,3,5,2,4,3,5,3,4,5,5,2,3,4,5,3,4,5,2,4,4,5,2,5,3,5,3,5,2,4,4,3,2,5,3,4,3,5,4,5,3,4,2,5,3,4,3,5,3,5,4,3,4,4,5,4,3,5,3,4,5,4,5,3,5,4,5,3,5,4,5,4,2,4,4,4,4,3,3,4,3,5,5,4,3,5,3,5,3,4,3,4,3,5,4,3,4,5,4,3,5,4,5,3,4,5,3,3,5,3,6,4,5,3,4,5,5,4,5,3,4,5,4,2,5,4,3,5,4,5,2,4,5,3,4,5,5,4,2,4,4,3,5,4,5,4,5,5,2,4,2,5,4,4,3,5,4,4,5,3,4,5,3,3,4,5,3,4,4,3
2,5,6,3,2,2,4,5,1,2,4,3,1,1,1,3,3,2,2,2,2,1,2,2,3,2,2,3,1,1,5,1,2,4,2,1,2,1,3,4,5,2,6,2,3,5,1,1,5,3,2,1,4,3,2,2,4,2,1,2,2,4,3,4,2,2,1,1,5,1,1,6,1,2,1,4,2,1,6,2,1,5,6,2,3,NA,2,4,2,6,5,5,2,5,3,2,1,1,2,2,4,1,5,3,1,4,6,2,2,2,3,5,NA,5,2,2,3,4,2,1,2,3,2,4,2,1,3,5,1,1,6,6,2,1,1,1,1,4,1,1,1,2,5,3,4,3,4,1,6,3,4,2,2,1,2,2,1,4,2,2,4,3,3,1,6,3,5,5,6,4,3,5,4,2,5,5,3,2,6,3,NA,2,4,3,5,5,3,2,4,3,1,5,2,3,1,2,5,2,2,1,2,5,2,1,4,2,4,1,3,4,4,3,1,2,2,4,3,3,1,3,5,2,1,2,1,2,2,1,3,5,1,1,2,3,2,1,2,3,1,4,1,3,3,2,3,4,3,4,5,2,2
5,4,5,5,4,1,2,3,2,1,2,4,3,3,3,3,2,3,1,1,1,1,1,1,2,2,3,3,2,3,4,2,1,2,1,2,3,2,2,3,4,5,2,2,3,2,3,2,3,3,2,2,3,3,2,1,4,2,2,1,3,4,2,3,4,5,3,1,6,3,4,3,2,3,2,4,5,2,4,3,1,6,6,4,2,2,1,4,3,4,4,3,4,3,2,4,3,2,3,3,4,2,3,1,2,2,6,3,1,1,1,3,2,3,2,3,2,3,4,3,2,2,1,2,2,1,1,3,3,2,2,1,1,2,3,2,2,3,3,1,1,2,5,3,5,4,1,2,6,2,3,2,2,4,3,3,2,2,3,1,4,2,3,2,5,1,3,1,4,3,3,5,4,2,1,4,3,2,3,3,2,1,4,3,3,3,4,2,2,2,1,1,1,4,2,3,4,2,3,2,2,6,5,1,2,3,5,2,4,1,3,2,1,2,2,2,5,4,2,6,6,2,1,2,1,3,2,1,4,3,1,2,1,1,2,2,1,4,4,5,2,3,2,4,1,5,2,1,5,2,2
4,2,5,5,2,2,1,2,5,1,1,1,1,3,1,4,1,3,1,1,1,1,1,1,1,1,1,1,4,1,2,2,1,1,1,1,4,1,1,3,1,1,3,1,1,1,1,1,3,1,1,1,1,2,1,1,1,1,1,1,1,1,3,1,1,4,1,1,1,1,3,1,1,1,1,1,1,3,1,1,1,1,1,1,1,1,1,1,1,3,1,1,1,1,3,1,2,1,1,1,1,1,1,2,1,1,4,1,1,1,1,1,1,1,1,1,1,1,4,1,1,1,1,1,1,1,1,3,1,1,1,1,1,1,4,1,4,1,4,4,1,1,3,1,1,1,1,1,1,1,1,1,1,1,1,1,1,1,1,1,1,1,1,1,3,1,4,1,5,1,4,4,1,1,2,2,2,1,1,1,1,1,1,1,1,1,2,1,1,4,1,1,1,2,1,1,3,2,1,3,1,4,4,1,1,1,1,1,1,1,1,1,1,1,1,1,1,1,1,2,1,1,1,1,1,1,1,1,2,2,1,2,1,1,1,1,1,1,1,1,1,1,1,1,1,3,1,1,3,1,1
1,3,6,2,1,1,2,1,1,1,1,1,1,1,1,1,1,3,1,1,1,1,1,2,1,1,1,3,1,1,2,1,1,1,1,1,1,1,1,1,1,1,3,1,1,2,1,1,1,2,1,3,3,4,1,3,2,1,1,1,1,2,2,1,1,1,1,1,3,1,1,3,1,1,1,2,1,1,3,1,1,3,1,1,2,1,1,1,1,1,1,2,1,2,1,2,1,1,1,1,2,1,1,1,1,2,3,1,1,1,1,2,1,1,1,1,1,1,2,1,1,1,1,1,1,1,1,2,1,1,2,2,1,1,1,1,1,3,1,1,1,1,2,1,1,1,1,1,3,1,2,1,1,1,1,1,1,1,1,1,2,1,1,1,3,1,1,1,1,1,1,2,1,1,3,1,1,1,1,1,1,1,2,1,1,2,1,1,1,1,1,1,1,1,1,1,2,1,1,1,1,3,1,1,2,1,1,1,1,1,1,3,1,1,1,3,1,1,1,2,3,1,1,1,1,1,1,1,1,1,1,1,1,1,1,1,1,1,1,4,2,2,1,1,2,1,2,1,1,1,1
4,6,6,5,4,2,6,3,5,4,2,2,1,3,2,2,3,4,4,3,2,3,5,6,5,3,5,4,2,3,2,3,3,4,4,3,5,4,4,2,3,3,3,4,4,3,2,3,4,4,4,5,4,3,3,4,2,3,4,2,4,3,3,4,3,4,4,3,6,3,2,4,NA,3,2,3,3,2,6,1,2,2,2,4,3,1,2,2,3,4,3,3,3,4,1,3,2,4,2,3,3,4,5,5,3,6,2,3,3,3,4,4,2,3,3,3,4,4,4,2,5,2,5,6,5,1,1,6,5,3,2,3,2,4,4,4,5,5,4,2,1,3,5,4,6,4,2,3,4,3,4,3,3,4,2,2,5,3,5,5,2,2,3,3,4,1,5,4,5,5,3,6,2,2,3,NA,5,6,6,3,1,2,2,4,4,3,2,2,4,3,5,3,3,4,2,3,4,3,3,5,4,2,2,1,6,2,3,3,2,5,2,5,2,5,3,3,2,2,3,6,6,5,5,3,1,6,2,1,6,6,5,6,4,5,2,3,2,4,5,6,3,5,3,2,3,3,5,4,5,4,4
4,3,2,4,2,4,6,3,5,2,1,3,1,1,1,4,1,3,2,1,1,4,2,4,1,1,4,5,1,3,5,1,1,3,3,2,2,4,3,3,2,2,2,1,3,3,1,2,2,4,1,6,6,3,1,2,6,2,1,3,5,6,3,3,3,6,3,1,6,3,1,6,2,2,2,4,3,1,6,6,1,6,6,1,3,3,2,6,4,6,4,6,2,3,2,3,2,3,4,4,6,2,6,2,5,6,6,1,5,2,2,6,2,6,2,1,1,6,5,2,1,1,3,2,2,2,4,6,2,2,6,6,2,2,2,2,1,2,1,1,1,6,6,6,3,3,6,2,6,6,4,6,3,1,2,2,3,1,3,2,3,3,1,1,6,3,3,6,6,3,1,4,2,6,3,6,6,6,6,2,1,1,2,2,2,1,1,1,2,2,2,2,1,2,2,3,6,4,3,4,1,6,2,1,6,2,6,6,2,2,1,1,1,1,1,6,3,1,1,2,4,1,1,3,1,2,2,4,3,6,3,2,4,3,4,5,3,4,2,3,3,5,4,4,1,2,4,5,6,2,2
5,3,4,3,3,2,4,4,2,2,4,2,2,3,2,3,4,3,3,2,2,2,3,4,2,2,3,4,1,3,3,1,3,4,5,2,2,2,3,3,2,1,3,2,4,2,1,3,3,3,2,3,5,5,2,5,4,1,2,4,4,4,5,2,4,4,1,1,6,2,1,5,1,3,2,2,3,1,6,4,2,5,6,2,5,3,1,2,2,5,2,3,2,4,1,2,2,2,1,1,4,1,6,4,4,4,6,1,4,3,4,5,2,5,2,2,2,3,4,2,4,3,3,4,4,3,4,5,3,1,6,6,1,1,3,4,1,2,2,2,1,5,6,5,5,3,6,1,6,5,4,4,4,1,2,2,2,4,1,1,5,2,3,1,6,3,3,3,4,3,2,3,2,2,3,5,5,5,4,2,1,2,2,2,2,2,2,1,3,3,1,3,1,4,1,2,4,2,2,4,1,6,2,3,2,2,4,1,2,3,2,3,1,3,1,4,3,3,2,4,6,2,3,3,2,2,3,4,2,2,2,2,2,5,1,1,1,2,3,5,2,6,4,4,4,5,3,3,3,2,2
2,3,4,2,2,1,2,2,1,3,2,2,1,2,1,3,2,2,5,2,1,2,2,2,2,2,2,1,1,2,2,1,2,2,4,2,2,2,1,1,2,1,3,1,2,2,1,2,3,3,2,2,1,2,2,1,3,2,1,2,4,2,2,4,1,2,1,1,3,2,1,4,1,2,1,2,2,1,4,1,2,3,3,1,2,3,1,2,3,4,2,2,1,2,2,2,2,1,3,3,1,2,2,2,2,4,4,2,2,2,4,1,2,2,2,3,2,2,3,1,2,2,2,2,2,1,1,5,5,2,5,3,2,3,2,2,1,2,1,2,1,4,2,3,4,2,2,1,5,3,1,2,3,2,2,1,1,2,2,1,3,2,2,1,4,1,3,3,3,2,1,2,2,3,2,3,3,2,2,1,1,2,1,1,2,2,2,1,3,2,1,2,1,3,1,1,2,2,3,2,1,4,2,1,4,1,3,1,2,2,1,3,2,2,2,1,2,2,2,4,4,2,2,2,1,2,2,1,4,4,2,2,1,3,1,1,1,2,2,4,2,2,2,3,2,4,2,2,3,1,1
2,3,6,2,5,3,2,4,NA,3,4,5,4,5,5,5,4,5,4,5,NA,4,5,5,4,NA,4,3,4,5,4,4,4,5,5,4,4,5,4,3,3,4,5,4,5,6,2,2,3,4,3,3,4,5,4,4,5,4,4,5,5,4,3,3,4,5,4,4,5,4,5,4,5,4,5,5,4,4,3,4,4,4,5,5,4,5,5,6,5,4,4,3,2,2,3,4,4,5,5,4,5,5,4,NA,3,4,5,4,5,4,5,4,5,4,4,3,3,5,5,5,4,4,5,5,4,3,4,5,5,5,4,5,5,4,5,5,5,4,5,5,4,4,5,5,4,5,4,5,5,4,4,5,5,5,4,5,NA,5,3,3,3,4,4,3,3,5,5,4,5,4,4,3,3,4,4,5,4,5,5,4,4,5,3,3,4,3,3,4,4,5,4,3,4,NA,4,2,3,2,3,3,3,4,3,2,3,3,4,5,3,5,4,3,2,3,4,5,5,4,3,3,4,4,3,2,2,3,4,3,2,3,3,4,4,3,3,4,4,3,4,3,4,2,2,4,3,4,4,3,4,3,3
4,5,6,6,5,1,5,6,3,1,5,1,3,5,3,1,3,1,4,4,3,3,NA,5,3,2,5,6,3,2,NA,1,NA,3,5,1,1,2,4,5,1,3,3,3,5,2,6,3,3,5,1,2,3,4,2,NA,3,1,6,3,2,1,2,NA,5,5,1,3,4,2,1,2,2,4,2,2,NA,2,4,2,2,5,1,5,4,1,3,6,1,5,2,5,2,2,1,2,5,1,3,1,3,2,1,NA,2,3,2,2,3,6,4,5,4,3,2,3,5,5,4,2,1,5,4,5,2,4,1,3,4,5,3,4,2,3,1,3,4,3,3,3,3,5,4,5,3,3,4,6,3,2,4,3,4,3,5,3,3,2,6,2,5,2,5,2,5,4,5,4,4,2,1,NA,3,4,1,5,5,3,6,5,1,4,3,2,2,6,4,3,1,1,1,3,1,6,5,5,4,5,4,1,1,6,5,1,6,4,4,1,4,1,1,6,2,5,3,3,3,5,4,4,3,4,5,4,1,5,3,4,5,6,1,5,5,4,1,1,1,5,3,6,6,5,4,5,4,2,3,1,1,1,1
