"sediment","shag","prolong","motley","expended","subjectivity","medley","reserving","slag","diverted","regimen","philharmonic","happiest","germane","racking","blushed","dab","workouts","agile","greased","splashing","lettuce","kneel","breakage","emissary","twitch","willfully","conferred","speculations","ministerial","floe","enslaved","purport","boa","corrupts","soiled","nobility","indebted","salter","fosters","auditory","extant","dialogues","manes","orgasmic","hurled","dissatisfied","responsiveness","richest","unrecognized","pickle","asinine","caressed","tolls","methane","benches","optimism","flashlight","fearing","disqualified","diluted","lifelong","tricked","whittle","omniscient","cleavage","hyphen","anecdote","reprise","booths","rectify","thaw","ceramics","insomnia","infiltration","stench","salient","unneeded","actuality","hopped","glorified","putty","blurred","blinked","watchtower","cultivation","instructive","liabilities","diligent","ultrasonic","multidimensional","zebra","rein","stimulates","discriminating","formations","urgency","petals","controversies","blended","skillful","comprises","prefixes","pausing","denim","forgeries","polluted","coop","penchant","dazzling","abrasive","whitehead","platonic","reforming","acne","soapy","intolerable","courthouse","insomniac","pip","yap","shareholder","loyalties","clogged","stampede","frigate","hatter","whimper","gloomy","campfire","cartilage","lagoon","postwar","nasal","obtainable","subsided","chrysalis","pinching","community's","bode","unlocked","sourdough","smelling","concerted","extraneous","glorify","importation","widened","hippie","marvellous","ramblings","phosphate","cleverly","topping","clogging","unpaid","countess","pedigree","revolutions","kerosene","apathetic","backdrop","socialize","foresee","fisherman","rained","quivering","injecting","manipulators","straining","resonant","clove","absorbing","blooming","wholesalers","hearty","equator","appalled","czar","wetlands","affirm","chastity","prematurely","quickie","immersion","condemns","dips","crazed","homage","redeeming","roundup","suspiciously","sorely","dipole","marquee","intervening","freshmen","crates","probed","confessed","dribble","yacht","phoned","metering","lackey","vexing","resided","surreal","impulses","tides","uniformity","bruise","heaps","councils","airship","alignments","anaerobic","eggplant","paisley","progeny","boarded","shedding","gagged","authorship","lull","fielder","functionally","demonstrably","supersonic","mumbled","narrated","registrar","kinship","itch","twelfth","matted","proverbs","hematite","snoop","youthful","selectors","reefs","streaks","nibble","cozy","denomination","doorbell","retrospective","tentacles","breathtaking","fates"
1,1,2,1,1,1,1,2,1,1,2,6,4,2,2,2,1,3,2,3,2,2,5,4,1,2,1,2,4,2,3,2,2,2,1,3,2,3,1,1,3,1,4,1,2,2,2,2,1,2,1,2,2,3,1,1,1,4,3,2,1,2,2,1,2,3,6,3,2,1,1,1,2,1,5,1,2,1,1,2,4,1,2,3,4,5,2,1,2,1,3,1,2,2,3,5,2,1,2,1,1,2,1,4,1,4,3,1,1,2,1,5,1,2,3,4,2,5,2,1,1,3,3,2,2,2,1,1,1,2,3,1,2,2,3,2,6,2,2,1,2,6,2,1,4,1,5,3,2,4,2,6,1,2,2,4,4,1,5,2,1,1,2,2,1,3,3,2,3,3,1,1,2,2,3,3,2,2,5,1,1,1,2,2,4,2,1,3,3,2,3,5,2,2,3,3,1,2,2,2,1,6,2,3,2,2,2,1,1,1,2,5,4,4,3,5,6,1,2,3,3,2,3,4,1,2,5,5,2,3,2,2,1,3,1,1,1,2,1,4,1,1,3,1,3,5,1,2,3,2,1
1,1,1,1,1,1,1,1,1,1,2,3,1,3,2,2,1,1,1,2,1,1,3,2,3,1,1,2,1,2,1,1,2,1,1,2,1,3,1,1,1,2,3,1,1,1,1,1,2,1,2,3,2,1,1,2,1,1,1,2,1,1,1,2,1,2,2,3,1,1,2,1,2,1,1,1,1,1,2,2,1,1,1,1,1,2,1,1,1,1,2,1,3,1,1,1,1,1,2,1,1,1,1,1,1,2,1,2,2,1,2,2,1,1,3,1,1,1,1,1,1,1,1,1,2,3,1,2,1,1,2,1,1,1,1,1,3,1,1,2,1,1,1,2,2,1,1,1,1,2,1,1,1,1,1,1,1,1,2,3,2,1,1,1,1,1,3,2,2,1,3,2,1,1,1,2,3,2,3,1,2,2,2,1,2,2,1,1,2,1,1,3,2,1,1,1,1,1,2,1,1,6,2,1,2,1,1,1,1,1,1,1,1,1,1,1,2,1,2,2,1,1,1,1,1,1,2,2,1,2,1,2,1,1,1,1,1,2,1,1,1,1,1,1,1,1,1,2,2,1,1
6,1,1,1,6,6,1,3,1,6,6,6,1,1,1,1,1,1,4,1,1,4,6,4,6,6,1,1,1,6,1,1,1,1,6,1,6,6,1,1,6,4,6,1,6,1,4,6,1,6,1,6,4,1,6,6,6,1,1,6,6,1,1,1,6,6,6,6,1,1,1,1,1,6,6,1,6,1,6,1,1,1,1,1,1,6,6,6,6,1,1,1,1,1,6,1,6,1,6,1,1,1,1,1,1,6,1,1,1,1,6,1,1,1,6,1,6,1,6,1,1,1,6,1,1,6,1,1,1,1,NA,1,1,1,6,1,6,1,6,1,1,6,1,6,6,1,6,1,1,6,6,6,6,1,1,1,1,1,6,6,6,1,6,1,1,1,6,1,6,1,6,1,1,1,1,1,6,6,6,1,1,6,6,6,6,6,1,1,6,1,1,6,6,6,6,6,1,1,1,1,1,1,6,1,1,1,1,1,1,NA,6,6,1,6,1,6,6,1,6,6,1,1,1,6,1,1,6,6,1,1,6,6,1,6,6,1,1,6,1,1,1,1,1,1,6,6,1,6,6,1,1
1,2,1,1,1,1,5,2,1,2,3,6,1,3,1,1,1,2,6,4,1,5,6,5,6,1,1,5,5,2,1,1,1,1,1,1,3,6,2,3,6,1,6,2,4,2,1,1,3,1,4,6,2,1,1,1,1,1,4,1,4,NA,NA,6,6,6,6,6,2,2,1,1,6,1,1,1,6,1,1,2,1,4,5,1,1,1,2,3,2,2,1,3,4,2,1,3,3,5,2,3,3,5,2,4,5,1,4,3,5,3,4,3,1,1,2,5,3,3,2,1,1,4,2,3,5,6,4,NA,4,3,6,1,1,5,1,4,6,2,2,3,4,3,2,2,3,4,2,3,2,3,2,NA,2,1,2,1,2,2,2,6,6,1,3,5,2,1,4,4,5,5,6,1,1,1,4,3,5,6,6,1,2,6,5,1,3,6,1,1,3,4,5,2,3,4,5,2,3,5,3,4,3,4,2,3,2,2,4,3,2,3,5,2,3,2,1,4,5,1,5,4,5,4,2,3,1,3,1,4,5,2,3,4,1,1,6,1,4,5,1,6,2,1,6,2,1,2,1,1,5,5,4
5,5,3,5,4,5,3,5,3,6,3,3,5,4,2,5,2,2,2,4,5,6,4,3,4,1,4,4,4,5,4,5,2,4,5,3,2,5,2,5,4,2,3,3,2,4,5,4,5,4,1,2,1,NA,1,2,2,1,1,2,1,2,1,2,2,1,2,2,4,3,2,3,2,3,3,2,3,2,3,4,4,3,4,3,1,4,2,1,2,2,2,3,NA,3,2,6,4,6,5,5,1,1,4,5,5,3,2,NA,2,3,4,5,4,2,3,2,3,4,4,3,2,2,5,5,3,4,6,3,6,6,1,3,3,2,5,3,6,6,5,3,3,3,3,2,2,1,2,2,3,2,3,3,3,3,1,4,4,6,2,2,6,3,4,4,2,1,2,2,6,2,6,1,4,1,3,1,1,1,1,1,1,5,4,1,5,5,5,3,4,3,2,3,5,5,3,3,2,1,2,3,2,3,2,3,3,4,2,3,3,3,5,3,6,3,5,3,4,2,2,3,3,NA,2,4,3,6,2,6,4,2,3,6,6,4,6,4,4,4,1,1,3,1,1,1,1,6,1,6,6,6,3
1,1,1,1,1,1,1,1,1,1,2,2,1,1,1,1,1,1,2,1,1,2,3,2,1,1,1,1,1,1,5,3,1,1,1,1,1,3,1,1,2,1,3,1,1,1,1,1,1,1,3,1,1,3,1,1,1,5,1,1,1,1,1,6,6,1,6,1,1,1,1,1,3,1,1,1,3,1,1,1,1,1,1,3,1,1,1,3,3,1,1,1,4,1,1,1,1,1,1,1,1,2,3,1,1,4,1,1,1,1,2,6,1,1,3,3,1,4,1,1,1,3,3,1,1,5,1,3,1,1,2,1,1,4,1,1,6,1,1,1,1,6,1,1,6,2,4,1,4,6,1,6,4,1,1,4,4,1,6,6,3,1,6,2,1,2,6,1,3,2,1,3,1,1,6,6,1,1,6,1,1,1,2,4,6,6,1,2,6,1,5,5,4,3,6,1,2,1,3,1,1,6,5,2,1,2,1,1,1,1,5,6,2,2,2,4,5,1,2,1,2,1,1,3,1,4,2,2,1,1,1,1,1,3,1,1,1,2,1,3,2,1,2,2,1,3,4,2,3,3,2
1,1,3,4,1,3,2,1,1,3,4,6,2,5,1,1,1,2,5,2,1,5,6,3,2,1,3,3,2,6,3,1,3,1,1,3,2,6,2,1,4,5,6,2,3,3,4,3,2,2,1,6,5,2,4,2,5,3,2,5,4,2,1,4,6,3,5,5,2,2,4,2,3,4,3,2,3,3,5,1,3,2,3,1,3,5,3,3,3,4,5,1,4,2,3,2,4,1,4,1,2,3,3,3,2,5,4,1,3,1,3,5,2,1,4,3,2,4,4,1,1,3,3,1,4,6,2,4,1,2,4,1,2,1,4,4,6,3,2,1,1,4,2,1,4,2,3,4,2,3,1,6,3,1,1,2,3,4,3,5,4,1,5,5,2,2,5,2,4,2,3,1,2,1,3,2,4,2,6,2,2,3,5,4,4,3,1,1,6,2,3,5,3,2,6,4,3,2,3,2,3,5,4,3,2,2,3,2,3,1,3,2,2,2,3,6,6,3,4,5,3,2,2,4,1,3,4,5,2,3,2,4,3,5,4,2,4,6,2,4,1,2,3,1,2,6,1,4,2,3,1
3,1,1,6,1,1,5,1,1,3,1,6,1,5,4,1,1,1,5,3,1,3,4,1,4,1,1,4,3,4,6,1,5,2,1,1,1,4,3,1,1,1,4,3,1,1,1,3,1,1,4,4,5,1,1,1,5,1,3,3,1,1,3,4,6,2,4,6,3,1,3,1,3,1,1,1,1,1,3,4,6,2,4,5,1,3,4,4,4,1,3,1,4,3,4,1,4,5,3,1,1,3,2,5,3,3,1,1,5,1,3,1,4,1,6,3,1,1,1,1,3,3,5,1,4,6,1,3,1,1,4,1,1,3,4,1,4,4,4,5,1,3,1,5,3,1,3,1,1,4,3,5,3,1,3,1,4,4,1,4,5,1,4,3,1,1,4,1,3,1,5,3,3,3,1,1,3,5,1,1,3,4,3,4,5,6,1,1,1,1,1,4,5,6,3,3,1,4,4,1,5,6,5,1,3,1,3,4,4,5,6,3,4,3,1,5,3,2,5,2,5,4,3,4,4,2,3,4,1,4,5,6,3,5,1,3,3,4,1,1,3,1,1,4,3,3,1,3,4,1,1
1,1,1,3,2,2,1,1,1,1,1,4,1,1,1,1,1,1,1,2,1,1,1,1,1,1,1,1,1,1,1,1,1,1,1,1,1,1,1,1,1,1,1,2,2,2,2,3,NA,3,1,2,1,1,1,1,1,1,1,1,1,1,1,3,2,3,1,1,1,1,1,1,1,1,1,1,1,1,1,1,1,1,1,1,1,2,1,1,1,1,4,1,4,1,1,1,1,1,3,1,1,1,1,1,1,4,1,1,3,1,1,1,1,1,1,1,1,1,2,1,1,1,1,1,1,1,2,1,1,1,1,2,1,1,2,1,6,1,1,1,1,1,1,1,4,1,1,1,1,1,1,1,3,1,1,1,1,1,1,1,3,2,2,4,1,1,3,1,1,1,4,1,1,1,1,2,1,1,6,1,1,3,1,1,1,1,1,1,1,1,1,1,1,1,1,1,1,1,1,1,1,1,1,1,1,1,1,1,1,1,1,1,1,1,1,2,4,1,1,3,1,1,1,1,1,1,1,3,2,1,NA,1,1,1,1,1,1,1,1,1,1,1,1,1,NA,2,1,1,1,1,1
1,1,1,1,1,1,1,1,1,1,2,2,2,2,2,2,2,2,2,2,3,3,3,3,3,3,3,3,3,3,4,4,4,4,4,4,4,4,4,4,5,5,5,5,5,5,5,5,5,5,6,6,6,6,6,6,6,6,6,6,5,5,5,5,5,5,5,5,5,5,4,4,4,4,4,4,4,4,4,4,3,3,3,3,3,3,3,3,3,3,2,2,2,2,2,2,2,2,2,2,1,1,1,1,1,1,1,1,1,1,2,2,2,2,2,2,2,2,2,2,3,3,3,3,3,3,3,3,3,3,4,4,4,4,4,4,4,4,4,4,5,5,5,5,5,5,5,5,5,5,6,6,6,6,6,6,6,6,6,6,5,5,5,5,5,5,5,5,5,4,4,4,4,4,4,4,4,4,4,3,3,3,3,3,3,3,3,3,3,2,2,2,2,2,2,2,2,2,2,1,1,1,1,1,1,1,1,1,1,2,2,2,2,2,2,2,2,2,2,3,3,3,3,3,3,3,3,3,3,4,4,4,4,4,4,4,4,4,4,5,5,5,5,5,5,5,5,5,5,6,6
1,1,1,6,1,1,6,1,1,1,1,6,1,1,5,1,1,1,5,6,1,1,6,1,1,6,1,1,6,6,6,1,1,6,1,1,1,6,1,1,6,1,6,6,1,6,6,1,1,1,6,6,6,1,6,1,1,1,6,6,1,6,6,6,6,1,6,1,1,1,1,1,1,1,6,1,1,1,1,1,1,1,1,1,6,1,1,6,1,1,6,1,6,6,1,6,1,1,6,1,1,1,1,6,1,6,1,1,1,1,1,5,1,1,1,4,1,3,1,1,1,6,4,1,3,1,1,5,1,1,5,1,1,1,5,1,6,6,6,2,3,6,1,1,1,1,5,1,4,1,1,6,1,1,1,4,4,1,6,4,1,2,5,1,1,1,6,1,3,3,1,5,1,1,6,1,1,1,6,1,1,3,6,6,4,6,1,1,5,1,1,6,6,6,6,1,1,2,1,1,1,6,5,1,3,1,1,1,1,1,1,4,4,4,1,5,5,1,5,3,5,1,1,5,1,5,5,1,1,4,4,1,1,5,1,1,1,1,1,5,1,1,4,1,1,4,1,1,1,6,5
1,1,1,2,1,1,2,1,1,1,1,6,1,2,1,2,1,1,1,1,1,2,5,1,2,2,1,1,3,2,2,1,1,1,3,2,1,4,1,1,1,1,5,1,1,1,2,3,3,1,1,1,1,1,2,2,1,2,1,1,1,1,1,2,4,1,3,2,1,3,1,2,1,1,1,2,1,1,3,1,1,1,1,1,3,1,1,1,1,1,1,1,4,1,1,3,2,1,2,1,1,1,1,1,1,1,1,5,3,1,1,1,1,1,3,1,1,1,1,1,1,1,1,1,1,1,1,3,1,1,1,2,1,1,1,1,5,2,2,1,1,6,1,1,4,1,2,1,1,2,1,4,1,1,1,1,1,2,1,3,2,1,1,1,1,1,1,1,1,1,1,1,1,1,1,1,5,1,4,1,1,1,2,1,1,2,1,1,1,1,1,3,1,1,4,1,1,1,1,1,1,6,5,1,1,1,1,1,1,1,1,2,1,1,3,2,3,1,1,1,1,2,1,2,1,1,4,3,1,1,1,1,1,2,4,1,1,3,1,1,1,1,1,1,1,1,1,1,2,1,1
1,4,4,5,5,1,5,2,1,1,5,NA,4,5,4,1,1,1,4,NA,3,2,5,2,6,5,1,NA,2,1,5,5,5,2,1,2,2,2,1,3,4,5,4,3,NA,2,2,2,2,3,5,3,NA,5,3,2,1,1,NA,3,5,2,5,1,1,3,2,4,2,2,1,NA,5,NA,3,5,4,5,1,6,1,5,2,3,6,5,3,5,3,6,2,2,1,2,1,1,3,1,3,2,2,1,1,3,4,1,4,3,3,2,1,3,5,2,2,1,2,5,2,1,2,6,2,1,1,1,2,3,3,5,4,3,3,3,2,2,1,5,4,5,4,3,2,3,2,1,2,5,NA,NA,3,2,2,6,1,5,4,4,NA,3,4,2,1,3,2,1,2,3,2,1,1,1,5,2,3,2,1,6,2,2,5,3,4,3,4,2,1,2,4,1,5,5,3,3,1,NA,3,1,6,1,6,6,2,NA,2,2,1,3,4,3,1,3,5,5,2,2,2,1,2,2,5,4,3,3,2,1,2,1,2,6,3,3,2,2,2,1,3,2,4,6,4,2,3,4,4,4,NA,2,5,1,3
6,5,6,6,6,6,6,6,2,6,4,5,4,3,6,2,1,5,4,5,6,3,2,5,6,5,6,6,6,6,1,5,6,1,5,2,5,6,1,2,6,2,6,2,6,2,6,6,2,6,2,6,6,1,6,6,5,6,6,6,4,5,6,6,NA,6,6,5,6,2,6,2,6,6,6,3,6,6,5,4,6,2,6,6,6,6,5,6,5,6,6,1,1,6,6,6,3,2,6,5,1,2,2,1,2,3,6,1,6,5,4,6,6,6,1,1,6,6,5,1,1,5,4,5,NA,6,2,2,1,3,5,1,5,6,6,5,5,6,6,1,4,5,4,5,6,3,6,5,5,6,5,6,5,6,4,5,3,4,3,3,4,3,4,5,6,6,5,4,4,5,4,1,4,5,6,5,5,6,1,4,3,3,5,4,5,6,1,5,4,6,5,6,5,4,6,5,4,5,4,6,4,1,5,4,5,5,4,3,4,1,6,1,1,4,4,5,6,5,4,4,6,5,6,4,1,6,6,5,6,5,3,5,3,5,4,5,2,1,5,3,6,5,2,5,3,4,3,2,5,3,6
2,1,1,3,2,3,4,3,1,2,2,NA,1,2,1,1,1,1,1,3,1,2,1,1,3,1,1,3,3,3,6,1,1,6,1,4,3,6,1,1,3,2,5,6,1,1,1,1,1,1,1,6,2,1,1,1,1,1,1,1,5,1,1,5,5,5,5,6,1,1,1,1,1,3,3,NA,3,1,2,1,2,1,2,3,1,4,5,6,NA,2,1,1,3,2,1,1,1,1,1,NA,1,2,1,1,1,4,2,1,1,1,3,1,2,1,1,1,1,1,6,1,1,1,1,1,3,1,1,1,NA,1,3,1,1,1,2,2,6,1,4,1,1,1,1,6,6,1,2,5,1,5,1,5,2,1,1,1,1,1,1,4,4,1,3,1,1,1,3,1,2,1,3,1,NA,2,1,2,1,2,6,1,1,2,2,1,1,4,1,1,2,1,1,2,4,5,6,1,1,1,1,1,2,6,2,1,1,1,2,1,1,4,1,1,2,2,1,6,4,1,3,4,2,1,1,1,1,2,1,3,NA,1,2,2,1,1,4,2,1,4,1,1,1,1,1,1,1,2,1,1,1,1,1
3,1,1,2,1,3,2,4,1,3,2,6,3,5,2,3,1,4,2,3,2,6,6,3,4,4,2,5,3,4,3,4,2,1,2,3,3,5,2,2,4,3,6,1,4,2,4,5,2,3,4,5,3,1,6,2,4,4,3,6,5,3,4,5,6,6,4,3,2,2,2,1,4,3,5,3,4,3,4,3,2,1,3,3,4,5,5,6,3,4,6,2,2,3,3,3,4,2,5,2,2,3,3,5,1,4,4,1,2,2,3,4,2,3,1,2,4,5,4,1,1,5,4,3,5,4,2,4,2,2,4,2,3,2,5,4,6,3,4,2,3,5,3,4,6,2,4,3,3,6,4,6,4,3,3,4,5,4,5,6,4,3,5,2,3,2,4,4,5,3,3,3,4,3,5,2,3,4,6,2,1,3,4,4,5,5,1,4,5,4,3,6,4,3,4,5,3,2,2,4,3,4,3,4,3,2,2,3,4,2,4,4,2,5,3,6,6,4,5,3,2,3,2,4,1,3,5,4,3,3,3,3,2,3,3,2,4,6,1,3,3,1,4,3,1,5,3,4,4,6,2
1,1,1,1,1,1,1,1,1,1,1,1,1,1,1,1,1,1,1,1,1,1,2,1,1,3,1,1,2,2,1,1,1,1,1,1,1,3,1,1,2,1,3,1,1,1,1,1,1,1,1,2,1,1,1,1,1,1,2,1,1,1,1,2,4,2,1,1,1,1,1,1,2,1,1,1,2,1,1,1,1,1,1,1,2,1,1,1,2,1,1,1,3,1,1,2,1,1,1,1,1,1,1,1,1,2,1,1,1,1,1,1,1,1,3,1,1,3,1,1,1,1,1,1,1,3,1,2,1,1,3,1,1,1,1,1,3,1,1,1,1,5,1,1,2,1,1,1,1,1,1,1,1,1,1,1,1,1,1,3,1,1,2,1,1,1,1,1,1,1,1,1,1,1,2,1,1,1,5,1,1,1,1,1,1,3,1,1,3,1,1,1,1,1,4,1,1,1,1,1,1,6,1,1,1,1,1,1,1,1,1,3,1,2,1,5,4,1,1,1,1,1,1,1,1,1,3,1,1,1,1,1,1,3,4,1,1,1,1,2,1,1,2,1,2,1,1,1,2,1,1
4,3,4,3,6,6,5,5,4,5,3,4,5,5,4,6,2,4,2,3,5,4,4,4,4,5,5,6,6,5,2,4,3,2,4,4,3,5,2,3,5,3,4,2,4,3,6,6,4,6,4,3,4,5,4,4,3,4,4,4,3,3,4,4,6,5,5,5,3,4,4,5,5,4,2,3,4,3,2,3,5,3,4,3,5,4,4,3,4,5,6,4,3,5,6,6,4,3,6,5,4,6,4,4,3,4,5,3,5,4,6,5,4,5,4,5,4,5,4,2,2,4,3,5,4,3,4,3,4,4,3,3,4,3,5,5,5,5,6,4,6,6,5,5,6,4,5,4,3,6,6,6,5,4,3,5,4,3,4,4,3,5,4,5,3,5,4,3,5,4,3,5,NA,2,4,2,5,6,4,3,5,6,6,5,4,3,2,3,3,2,4,2,4,3,4,3,2,4,2,4,2,3,3,5,1,3,2,5,4,3,4,2,3,4,3,4,3,3,4,2,4,4,2,3,4,2,4,3,2,3,3,2,3,4,2,3,3,2,2,3,3,4,3,2,3,3,2,4,2,3,2
1,1,1,2,1,2,1,1,1,1,6,2,1,2,1,2,1,1,4,1,1,1,6,1,1,1,1,1,3,2,2,1,1,1,2,1,1,1,1,1,1,1,1,1,1,1,1,1,3,2,1,3,2,1,1,2,1,1,1,3,1,1,1,2,2,1,3,3,1,1,1,1,1,1,1,1,2,1,1,1,1,1,1,1,1,1,1,1,1,1,3,1,1,1,1,1,1,1,1,1,1,1,1,2,1,1,1,1,4,1,1,1,1,1,2,1,1,2,1,1,1,1,1,1,1,1,1,2,1,1,1,1,1,1,1,1,2,2,4,1,1,5,1,1,2,1,3,1,1,4,1,4,1,1,1,1,4,1,3,3,2,1,1,1,1,1,3,1,1,1,1,1,1,1,1,1,3,1,3,1,1,3,1,3,1,1,1,1,3,1,2,3,1,1,5,1,1,1,1,1,1,6,3,1,1,1,1,5,1,1,1,1,1,4,1,3,3,1,1,1,1,1,1,3,1,1,1,1,1,1,1,1,1,1,3,1,2,1,1,3,1,1,1,1,1,3,1,1,1,3,1
5,3,5,2,3,4,3,3,1,1,5,2,4,2,1,2,4,3,NA,2,4,3,4,6,3,1,2,2,5,5,4,2,4,3,2,6,4,4,2,2,5,4,4,3,3,5,2,1,4,4,2,3,2,4,2,4,6,5,2,2,3,3,5,1,3,3,1,4,5,3,2,3,5,1,3,2,3,4,2,5,3,5,3,5,5,2,4,3,5,5,2,2,2,1,2,2,4,2,3,3,4,2,4,1,2,5,3,1,1,5,4,1,2,3,5,1,2,4,3,3,4,1,6,5,3,3,6,2,1,2,4,2,1,6,6,4,3,2,3,2,3,5,1,2,4,3,3,1,1,6,2,4,5,2,2,5,4,6,2,3,4,2,4,6,6,1,3,3,5,4,2,4,4,1,3,2,5,2,5,3,2,5,4,2,3,6,1,2,6,5,2,4,1,2,4,5,3,4,2,3,5,2,2,5,2,1,4,1,1,5,1,5,5,4,5,2,6,1,5,1,1,5,5,1,3,2,1,5,2,5,1,4,2,4,3,4,2,2,4,2,3,4,2,3,5,3,1,3,2,5,4
1,1,1,3,1,1,3,1,1,2,3,4,3,4,1,1,1,3,4,4,1,4,5,3,1,1,1,2,4,4,3,3,1,2,1,4,NA,5,1,1,3,3,6,3,1,3,2,3,5,3,1,3,2,2,3,4,1,6,2,4,1,3,1,2,3,4,4,1,2,3,2,3,3,2,4,2,3,2,4,2,4,3,2,3,6,3,1,4,3,1,4,3,6,3,2,4,2,1,3,1,1,2,1,2,1,4,2,2,4,1,3,6,1,2,4,5,1,5,1,1,1,6,5,1,5,2,1,3,4,1,3,2,2,1,5,2,6,4,5,3,1,6,1,3,4,1,3,3,1,3,1,5,1,1,1,3,2,1,3,3,3,1,4,2,2,3,2,1,2,3,1,3,1,2,5,3,3,2,5,1,1,4,2,3,4,1,1,2,2,3,5,6,1,3,5,3,3,2,2,1,1,6,3,1,2,1,2,2,1,2,2,5,4,4,6,4,3,1,3,1,3,3,1,5,2,5,4,2,2,1,3,2,3,5,4,1,1,4,3,4,1,3,3,2,4,3,1,2,3,6,3
3,2,2,3,3,2,5,4,1,1,3,2,4,3,5,3,4,3,1,1,4,6,2,3,4,1,2,5,1,4,2,4,2,4,3,2,4,2,2,4,2,4,2,1,4,1,4,2,4,6,3,2,3,5,1,5,2,6,1,3,4,2,4,2,4,1,4,1,4,1,4,1,4,5,3,5,6,5,2,5,3,4,1,4,5,3,5,3,5,3,2,1,4,3,1,4,4,5,2,4,1,5,3,3,2,4,3,2,5,6,3,1,4,2,6,1,4,2,4,3,5,2,6,6,2,4,2,3,3,4,3,1,3,2,4,2,2,4,1,4,6,1,1,4,3,4,3,5,6,1,3,1,4,5,1,4,2,3,3,4,6,4,3,4,4,5,3,1,5,2,4,6,1,4,6,6,1,5,3,4,1,4,2,5,6,1,4,2,2,4,5,2,6,6,1,4,1,3,5,6,4,2,4,5,6,2,3,4,2,4,1,3,2,4,6,1,4,5,4,6,1,4,2,5,3,4,2,4,2,4,1,4,3,5,3,2,2,2,5,1,5,6,1,4,3,6,3,NA,1,5,6
2,2,1,3,3,2,2,4,1,2,4,6,2,6,3,3,1,1,6,3,1,4,6,2,6,2,2,3,6,6,6,3,3,6,2,5,3,6,4,2,4,5,6,1,4,3,3,2,2,6,1,6,4,1,2,1,3,1,1,4,6,1,2,5,6,3,6,6,3,2,1,1,4,6,3,2,5,1,6,1,1,2,1,1,1,6,2,5,4,3,6,1,6,3,3,6,6,1,6,1,2,3,2,4,3,6,3,1,5,3,4,1,6,1,6,1,2,1,6,1,1,1,4,2,5,6,1,6,2,1,6,2,1,3,6,3,6,3,6,5,2,5,5,6,6,3,2,4,5,6,3,6,4,2,2,4,1,6,6,6,6,1,5,2,2,3,2,5,5,3,2,1,4,1,1,1,6,5,6,1,3,2,6,6,6,4,1,3,5,3,1,6,3,6,6,6,1,1,2,2,3,6,6,2,3,3,5,2,1,1,3,2,2,6,1,6,6,1,2,6,2,2,4,6,1,3,2,6,6,2,1,5,2,3,6,1,2,6,2,2,1,5,3,2,4,6,1,5,4,3,3
1,1,1,1,1,1,1,1,1,3,3,3,3,3,3,3,3,3,3,3,3,3,3,3,2,2,2,2,2,2,2,2,2,2,2,1,1,1,1,1,1,1,1,1,1,1,1,1,1,2,5,5,5,5,5,5,5,5,5,5,5,4,4,4,4,4,4,4,4,4,4,4,4,4,3,3,3,3,3,3,3,3,2,2,2,2,2,2,2,2,2,1,1,1,5,5,5,5,5,5,5,5,6,6,6,6,6,6,6,6,6,6,6,6,6,6,6,2,2,2,2,2,2,2,2,2,2,2,2,2,2,2,2,3,3,3,3,3,3,3,3,3,3,3,4,4,4,4,4,4,4,4,4,4,4,4,4,4,4,4,5,5,5,5,5,5,5,5,5,5,5,5,5,2,2,2,2,2,2,2,2,2,2,2,2,2,2,2,1,1,1,1,1,1,1,1,1,1,1,1,1,1,1,5,5,5,5,5,5,5,5,5,5,4,4,4,4,4,3,3,3,3,3,3,3,3,3,3,3,2,2,2,2,2,2,5,5,5,5,5,5,5,4,4,4,4,4,3,3,3,3
1,1,1,1,1,1,1,1,1,1,2,2,1,3,1,1,1,1,4,2,1,6,6,1,3,1,1,1,1,1,5,1,1,1,1,1,1,2,1,1,1,1,3,1,1,1,1,1,1,1,1,1,1,1,1,1,1,1,2,1,3,1,1,2,6,2,6,1,1,1,1,1,4,1,1,1,3,1,1,1,1,1,1,1,1,1,1,1,1,1,1,2,4,1,1,1,5,1,1,1,1,1,1,2,1,1,1,1,1,1,1,1,1,1,1,1,1,1,1,1,1,1,1,1,5,1,1,1,1,1,1,1,1,3,1,1,2,1,1,3,1,1,1,5,4,1,1,1,2,1,1,6,1,1,1,1,1,1,1,1,1,1,5,1,1,1,1,1,1,1,1,1,1,1,1,1,1,1,6,1,1,1,1,1,1,1,1,1,1,1,1,5,2,3,3,2,1,1,3,1,1,6,6,1,1,1,1,1,1,1,3,4,1,5,1,4,3,1,1,1,1,1,1,1,1,3,1,1,1,1,1,1,1,1,1,1,1,4,1,1,1,1,1,1,1,1,1,1,3,1,2
