"swimmers","waterproof","minced","muffled","malfunction","fuzz","alphabetic","flier","bravery","taper","bowels","supposing","unchecked","fancier","lonesome","monorail","delights","steroid","daze","wrappers","incarcerated","papal","parametric","hock","honoring","bombardment","announcers","parochial","assures","rooting","deranged","showered","electrode","abstain","intestine","tinker","falsehood","invert","undressed","inhale","quarterback","moneychanger","blowout","transcendent","pulsar","thirds","chilled","bleeds","pictorial","grumpy","retard","veterinarian","poppy","stung","judge's","toddlers","baseless","carpeting","pollen","scrapbook","reinforces","rancher","thermometer","pods","presuming","shoving","budgeting","boyish","bursting","vows","accordion","unbroken","biologically","sodomy","embody","megahertz","purposefully","ingest","untold","cannibal","cuff","yoke","bureaus","gathers","berries","assassinated","dominates","dynamo","station's","dodging","endemic","detest","nutmeg","inlet","sparkling","excesses","swiftly","wooded","paperbacks","flourished","creditors","cupboard","flank","expend","snowman","classrooms","bogged","pluck","quickening","freedman","condensation","transfusion","instinctive","epistemology","chimes","funnel","staggering","coined","canister","checkpoint","mouthful","perpetuating","equating","disbanded","motionless","mutt","mainline","rubella","sparring","colonists","omen","copious","wafer","denizen","bock","squirm","substandard","nudge","commercialization","wavy","clutches","brig","hugging","unworthy","perversion","gaping","misconduct","precaution","regal","auctioneer","imitating","sadistic","overpower","tact","souvenirs","loudest","popper","detract","charms","connective","wonderland","engraving","terrifying","congestion","harden","nods","masonry","athletics","bookkeeping","cleansed","cupped","weakly","temperate","crispy","beverages","redeem","hedge","reconciled","woe","complied","richness","collaborate","clothed","hasten","tenuous","motorists","botany","linearly","saddened","renewable","silicone","storyteller","opal","perceptual","swine","sharpened","piped","shadowing","spasm","glacier","excrement","flakes","skimming","flimsy","inefficiency","receptionist","harvested","circumstantial","gentler","appropriated","boob","credence","wreckage","calibrated","itching","assessments","manhood","haha","submarines","sleepless","finalist","explanatory","basses","sublime","hinge","splashed","inscription","chromatic","symphonies","jaded","turnout","coworkers","syllabus","isotope","uncover","unhappiness","comrades","boast","paces","monastery","weep","contrasts","napalm","evolves","alcoholics","cropped","halter","winded","evidences","jinx","daunting"
1,1,4,1,1,1,2,1,1,2,5,3,1,3,1,1,2,1,1,2,1,5,2,1,2,1,1,5,2,1,1,1,1,1,3,1,1,1,1,1,1,1,1,2,2,1,1,1,1,1,1,3,1,1,1,1,1,1,1,1,1,1,1,1,2,1,1,1,1,1,1,1,1,3,2,2,2,1,1,1,1,1,4,1,1,1,1,3,2,1,1,1,1,1,1,1,1,1,1,1,1,1,1,1,1,1,1,1,1,1,2,2,1,3,3,1,1,1,1,1,1,3,1,1,1,1,1,3,4,1,4,4,3,5,1,1,1,1,1,1,1,1,1,1,2,1,1,1,1,3,1,3,1,1,4,1,1,1,1,1,1,1,1,1,1,1,4,1,1,1,1,1,1,1,1,1,1,1,1,1,1,1,1,4,4,1,3,4,1,1,2,1,2,3,1,1,1,1,1,3,4,1,1,1,3,2,1,2,1,1,1,3,2,1,1,1,1,1,1,1,2,2,1,1,1,1,2,2,3,1,1,1,1,2,1,1,2,1,1,1,1,1,4,2,2,1,1,1,1,1,1
2,1,3,4,2,NA,6,5,2,1,3,1,4,5,3,6,5,2,2,3,4,1,2,2,3,6,6,5,2,1,3,4,2,1,3,2,2,3,4,1,5,2,3,6,2,3,2,1,6,5,1,2,1,1,3,4,2,3,1,2,3,1,2,1,3,5,3,2,3,2,4,1,1,1,2,6,5,2,1,3,2,1,6,2,3,2,3,1,2,3,1,1,2,1,4,3,2,3,2,5,2,1,2,2,3,2,3,2,5,1,5,2,4,2,6,2,5,3,2,5,6,5,5,2,4,2,4,2,5,3,1,5,3,1,4,2,3,4,2,1,3,2,4,2,5,2,3,4,2,6,1,2,3,2,6,3,2,4,2,3,5,4,3,4,2,1,3,4,3,5,2,3,2,4,2,4,3,5,2,3,2,4,3,2,4,3,2,5,4,2,3,2,1,5,2,4,2,3,2,4,6,2,3,1,5,2,3,6,2,3,1,6,2,3,2,4,NA,5,2,1,3,5,2,4,2,4,6,2,3,2,5,2,1,2,4,6,2,3,2,5,1,2,1,1,2,3,2,3,4,6,5
1,1,1,1,1,1,3,3,2,2,2,3,1,3,1,1,4,1,1,1,3,3,1,1,4,4,3,3,3,1,1,1,1,1,1,1,1,1,1,1,2,2,2,3,3,1,1,1,3,1,1,3,1,1,1,1,1,1,1,1,1,1,2,1,3,1,1,2,1,1,1,1,1,3,3,4,2,1,1,1,1,1,5,2,1,2,1,1,1,1,1,1,1,1,1,1,1,1,1,3,1,1,1,1,1,1,1,1,1,1,2,2,2,2,1,1,1,1,1,1,1,2,2,1,2,1,1,2,1,2,2,3,1,2,1,2,1,1,3,1,1,1,1,1,2,1,1,3,1,2,1,3,1,1,4,1,1,1,1,1,1,1,2,2,1,1,3,3,1,1,1,1,1,1,3,1,1,1,1,2,1,1,1,1,3,2,3,2,1,1,2,2,1,3,1,1,1,3,1,4,3,1,1,1,4,4,1,3,2,3,1,2,2,1,1,2,1,1,2,3,3,3,1,1,3,1,2,2,2,1,1,1,1,1,1,3,1,1,1,2,1,1,2,2,3,1,1,1,1,2,2
1,1,1,1,1,1,3,3,2,2,3,2,2,2,2,5,1,2,1,1,2,3,3,2,1,1,1,4,2,2,2,1,1,1,1,2,1,3,2,2,2,2,2,3,2,1,1,1,1,1,1,1,1,1,1,1,1,1,1,1,1,1,1,1,1,1,1,1,1,1,3,2,2,2,2,4,3,1,1,1,1,4,4,2,2,3,2,3,1,1,4,2,3,2,2,2,2,2,2,2,2,2,1,1,1,1,3,1,2,3,3,3,4,5,1,1,2,1,1,1,1,2,1,2,1,1,1,1,1,1,3,4,2,4,2,3,4,4,4,2,2,1,1,1,3,2,2,2,4,3,2,3,2,2,2,2,3,2,1,1,1,1,1,1,1,1,2,1,1,1,1,1,1,1,1,1,1,1,2,1,1,1,1,3,3,2,2,4,2,3,3,2,3,2,1,1,1,1,1,1,4,2,2,1,1,1,1,1,1,1,1,4,2,2,1,1,1,1,1,1,1,1,4,1,1,1,2,2,2,1,1,1,1,1,1,1,1,1,1,3,1,1,3,2,1,1,1,1,1,1,1
3,2,5,2,1,1,3,1,3,1,1,2,1,3,2,5,3,5,1,3,5,3,4,3,2,4,2,6,4,2,3,2,3,2,5,1,2,3,1,3,4,2,1,3,2,1,1,1,3,2,1,3,2,1,4,2,1,2,1,1,3,2,4,1,2,2,1,3,2,2,4,1,3,6,3,6,3,5,1,3,2,4,4,1,2,4,2,5,3,2,4,3,5,2,3,2,5,2,1,5,2,1,1,2,1,1,2,3,2,2,2,3,2,6,2,2,3,4,3,2,2,2,4,3,2,4,2,4,2,3,4,4,4,5,1,3,2,2,3,2,4,3,2,2,3,4,NA,2,5,3,3,3,3,2,3,3,3,2,1,3,4,1,2,3,5,2,4,4,2,2,2,3,1,4,4,3,3,3,4,4,1,3,3,2,4,2,2,1,2,4,4,3,1,NA,2,2,2,3,2,3,4,3,2,1,1,2,3,2,4,3,4,5,3,2,3,5,3,2,5,3,4,1,4,3,3,1,1,2,4,2,1,2,6,3,1,2,4,2,2,5,4,2,5,2,3,3,2,3,2,5,3
1,2,2,2,3,1,4,3,2,2,1,2,2,3,3,2,2,2,1,1,4,3,1,1,2,1,3,4,4,3,2,3,2,3,2,2,4,3,2,4,3,2,3,4,2,3,2,2,2,1,1,3,1,1,4,1,3,2,1,1,3,2,2,1,3,3,3,4,2,2,2,3,2,2,2,4,4,3,1,1,1,2,4,3,2,2,3,4,4,3,1,1,1,1,2,3,2,3,3,3,2,2,1,1,2,3,2,1,3,3,3,4,2,1,2,1,2,3,1,2,2,2,3,1,3,1,2,4,2,1,1,3,2,1,1,4,1,3,3,2,3,1,2,3,3,2,1,4,2,3,2,1,2,1,4,2,1,1,3,2,2,2,3,4,1,1,3,2,3,3,1,4,4,2,2,2,3,4,3,3,2,2,3,1,4,3,2,3,1,4,3,3,1,3,2,3,2,4,3,4,1,3,3,2,4,5,2,4,2,4,3,3,3,2,3,1,2,1,4,4,2,2,3,2,4,3,5,5,4,3,4,2,1,4,3,2,4,4,3,2,2,1,1,3,3,1,1,1,3,3,4
1,1,1,3,4,1,6,1,2,1,2,3,2,2,3,2,6,3,1,2,6,2,4,1,2,5,5,6,5,2,1,2,3,1,2,1,3,1,1,1,5,3,3,6,3,2,1,1,3,1,2,6,1,1,2,2,2,2,1,2,3,1,2,1,2,1,3,2,3,1,2,2,2,1,2,3,4,1,1,1,1,1,6,1,1,6,2,1,2,2,1,1,1,1,2,3,1,2,2,4,1,3,1,1,1,1,2,1,5,2,2,2,2,4,1,1,3,3,1,3,2,3,3,1,2,1,2,1,1,2,1,3,1,1,1,5,2,1,6,1,1,1,2,2,3,1,2,2,1,4,1,2,1,1,3,2,1,2,1,1,2,2,3,3,1,1,2,2,1,2,2,2,1,1,1,1,1,3,2,1,1,1,1,1,4,2,1,2,2,3,1,2,1,3,1,2,1,1,2,2,2,1,1,1,5,4,1,3,1,3,1,1,2,1,1,2,2,1,1,1,1,1,1,1,1,1,2,2,4,1,3,1,2,1,1,1,2,2,1,1,1,2,1,2,1,1,1,1,1,1,3
1,1,2,1,1,1,1,1,1,1,1,1,1,1,1,1,1,1,1,1,2,2,1,1,2,1,1,3,1,1,1,1,1,1,2,1,1,1,1,1,5,1,1,4,1,1,1,1,1,1,2,2,1,1,3,1,1,1,1,1,1,1,2,1,1,3,3,1,1,2,2,1,1,1,1,2,2,4,1,1,1,1,6,1,1,1,1,3,5,5,1,1,1,1,1,3,1,3,1,5,1,6,1,1,1,1,1,1,1,1,1,2,1,2,2,1,1,1,1,1,1,1,2,1,6,1,1,1,1,1,1,3,1,1,1,1,1,2,5,1,3,1,1,1,1,1,1,5,1,3,1,1,1,1,3,3,1,1,1,1,1,1,1,2,1,1,1,1,1,2,1,2,1,1,1,1,2,2,5,1,1,1,2,1,5,1,1,2,1,1,1,1,1,1,1,1,1,1,1,2,1,1,1,1,2,2,1,2,1,1,1,1,2,1,2,1,1,1,1,1,1,1,1,1,1,1,2,2,3,1,1,1,2,2,1,1,3,1,1,1,1,1,1,1,1,1,1,1,1,3,2
1,1,3,4,5,1,6,2,1,1,3,1,1,3,1,1,1,2,1,1,4,3,6,1,3,4,4,5,3,1,1,1,1,1,3,1,1,1,1,1,1,1,1,6,4,3,1,1,4,1,1,5,1,1,3,1,1,2,1,1,1,1,3,1,3,1,4,3,1,1,4,1,5,6,6,1,3,1,1,4,1,1,6,3,1,5,5,6,1,1,6,1,1,1,1,4,2,1,1,6,5,1,1,1,1,1,1,1,5,1,6,5,5,6,1,1,1,1,4,1,1,6,5,4,1,1,1,3,2,6,3,6,1,6,1,4,5,5,6,1,3,1,1,1,4,1,NA,4,1,6,4,5,1,1,6,3,1,1,1,1,1,1,1,3,3,1,2,4,1,2,1,1,3,1,2,1,1,4,1,2,1,3,1,5,6,5,5,5,2,1,3,1,1,4,1,2,1,2,5,4,6,1,1,2,5,3,1,6,2,4,1,2,2,2,5,4,1,1,1,1,6,6,1,1,2,2,6,6,4,1,1,1,6,4,1,1,3,1,1,5,1,1,6,6,6,1,1,1,4,6,4
1,1,1,1,1,1,1,3,1,1,1,3,1,3,1,1,2,1,1,1,2,1,1,1,1,1,1,3,1,1,1,1,1,1,1,1,1,1,1,1,1,1,1,3,3,1,1,1,3,1,1,3,1,1,1,1,1,1,1,1,1,1,1,1,1,1,1,1,1,1,3,1,1,4,2,2,1,3,1,3,1,3,5,1,NA,1,1,3,1,1,3,1,1,1,1,1,1,1,1,1,1,1,1,1,1,1,3,1,1,3,1,2,1,4,1,1,2,1,3,1,1,3,3,1,1,1,1,3,1,1,1,1,1,3,1,1,1,1,1,1,1,2,1,1,3,1,1,1,2,4,3,1,1,2,4,1,1,1,1,1,1,1,1,3,1,1,1,3,1,1,3,1,1,1,3,2,2,4,1,1,1,1,1,3,3,3,3,1,1,1,1,1,1,1,1,1,1,NA,3,3,1,1,1,1,1,1,1,3,1,1,1,3,1,3,1,1,1,1,1,1,1,1,1,1,3,1,1,1,3,1,1,1,3,1,1,1,3,1,1,1,1,1,3,3,3,1,2,1,3,3,3
1,2,4,2,1,1,4,3,1,1,2,2,1,2,1,3,3,2,1,3,3,2,2,1,3,2,2,3,3,2,1,2,3,2,2,1,2,1,1,1,1,1,1,2,3,1,1,1,2,1,1,1,2,1,2,1,1,1,1,1,2,1,1,1,1,1,1,2,1,1,2,1,3,4,2,4,2,3,1,3,1,1,4,1,1,2,1,3,1,2,2,1,1,1,1,2,1,1,1,3,2,1,1,1,1,1,2,1,2,3,1,3,1,4,2,2,1,3,2,1,1,2,3,1,2,1,1,2,2,1,1,3,2,3,1,3,1,2,4,1,1,1,1,1,3,3,1,1,2,3,1,1,1,2,4,2,2,1,1,2,1,2,1,3,1,1,3,3,NA,1,1,2,2,1,3,2,3,4,2,2,2,2,2,1,4,2,3,3,2,2,3,2,3,2,1,1,1,1,2,3,3,1,1,1,3,2,1,3,1,2,2,3,3,2,3,2,2,3,1,1,2,2,3,4,2,1,2,4,5,2,2,3,5,4,2,3,2,2,2,4,1,1,2,2,4,1,1,1,3,3,3
1,1,2,2,2,1,6,2,1,2,2,1,1,3,2,2,2,3,1,1,2,3,2,2,2,4,2,6,1,1,2,1,2,2,3,1,2,2,2,3,3,2,1,4,4,1,2,1,2,1,1,2,1,1,4,3,2,2,3,1,1,1,2,1,2,1,2,2,2,1,3,1,2,3,2,3,3,2,1,2,1,1,6,1,1,1,1,3,1,1,2,1,1,1,1,1,1,1,1,3,2,5,1,2,1,1,2,1,1,1,2,5,2,5,2,2,2,2,1,1,1,3,1,2,2,1,1,4,1,3,3,4,2,3,1,1,2,3,4,2,2,1,1,2,3,3,3,3,3,5,2,2,1,1,6,2,1,1,2,2,1,3,2,3,2,1,2,2,1,5,1,1,2,1,1,1,3,3,4,2,1,2,4,2,5,2,2,4,1,1,2,1,1,2,1,1,2,1,1,3,2,1,1,1,3,2,2,3,2,2,1,6,5,2,2,2,1,1,2,1,2,3,5,4,4,1,2,2,5,2,1,1,5,6,2,1,3,3,2,3,1,2,4,2,2,2,2,2,1,4,5
1,2,2,3,1,2,2,5,1,3,6,2,3,3,1,4,2,6,5,2,4,3,1,3,5,1,5,3,3,6,6,6,4,6,3,1,NA,4,4,5,6,3,5,5,3,1,1,1,2,4,NA,3,4,NA,6,3,1,1,4,3,3,3,2,6,3,6,6,1,1,1,2,1,4,1,1,2,3,NA,4,1,4,5,4,6,6,4,2,1,2,4,4,2,6,2,4,2,3,3,2,5,5,6,2,1,1,3,2,4,4,3,1,2,3,2,5,3,2,2,4,6,6,3,1,2,2,1,2,3,2,2,1,3,2,5,3,1,3,1,1,5,2,2,3,3,3,1,1,4,2,4,4,3,1,5,1,3,2,2,1,3,5,3,NA,3,3,6,1,4,2,3,4,2,6,1,2,1,2,3,5,2,4,4,5,1,4,5,1,3,1,5,3,4,3,2,1,2,1,3,3,3,1,1,6,6,6,3,2,1,6,3,NA,2,5,2,2,6,5,2,1,6,2,4,6,NA,1,3,5,5,5,4,2,5,3,5,6,5,1,1,2,2,4,4,2,1,3,1,4,4,6,4,1
1,1,3,3,3,1,2,4,1,3,1,2,1,4,4,5,3,3,2,4,2,3,6,3,1,6,3,6,3,1,2,1,2,2,1,2,1,2,1,1,1,1,1,2,2,1,1,1,3,1,1,1,2,1,1,1,2,2,1,1,2,1,1,1,2,2,2,1,1,2,3,1,3,3,3,3,3,3,1,4,1,2,6,1,1,1,2,5,1,1,3,3,3,3,1,1,3,3,1,1,1,1,1,1,1,1,2,1,2,1,1,1,2,6,3,1,2,1,4,1,1,6,1,2,1,1,1,3,1,1,4,3,1,5,1,4,1,2,6,2,2,2,1,1,5,1,1,1,1,2,1,1,1,1,2,3,2,2,1,2,1,1,1,2,2,1,4,2,1,1,1,2,2,1,1,1,1,3,1,1,1,1,1,1,3,2,2,3,2,1,1,1,2,2,2,1,1,1,2,1,3,1,1,1,1,1,1,2,2,2,1,2,1,1,1,1,1,1,1,1,1,2,1,1,1,1,1,1,1,1,1,1,1,2,1,1,4,1,1,3,1,2,3,2,1,2,2,2,2,1,1
1,1,3,2,4,1,6,3,2,1,4,2,1,2,2,4,6,1,1,5,3,3,2,1,5,3,2,5,4,1,3,2,1,1,2,1,2,1,1,1,2,3,3,5,2,6,6,1,1,2,2,4,2,1,6,2,2,2,3,2,5,2,2,1,3,3,4,3,1,2,1,2,2,4,2,4,3,4,1,2,1,4,6,4,4,2,3,1,5,5,4,1,1,1,2,6,2,3,2,4,2,4,2,2,2,1,5,2,1,1,5,5,2,3,6,3,3,2,2,3,5,1,3,2,5,1,2,2,3,3,3,3,2,3,1,2,3,5,NA,5,5,2,2,5,5,1,2,6,2,5,2,2,2,1,3,4,2,2,5,2,2,3,2,5,1,1,2,5,3,5,2,5,3,2,3,2,5,5,3,3,5,3,5,3,4,3,3,2,5,3,3,2,3,3,3,6,4,3,3,4,6,2,2,2,6,5,3,5,4,3,1,4,5,3,2,2,1,1,5,1,2,2,3,3,3,5,5,6,3,2,3,2,3,3,2,2,4,5,4,4,1,2,4,2,2,3,2,2,2,1,4
1,1,1,1,2,1,1,1,2,1,2,1,1,1,1,1,2,2,1,2,1,2,1,1,2,1,1,3,2,1,1,1,1,1,2,1,1,1,1,1,2,1,1,2,3,1,1,1,1,1,1,1,1,1,2,1,1,1,1,1,1,1,1,1,1,1,1,1,1,2,1,1,2,1,1,1,1,2,1,1,1,1,4,1,1,1,1,1,3,2,1,1,1,1,1,2,1,1,1,2,1,1,1,1,1,1,1,1,2,1,2,1,1,1,1,1,1,1,1,1,1,1,1,1,1,1,1,1,1,1,1,3,1,2,1,1,1,2,2,1,1,1,1,1,1,1,1,1,1,1,1,1,1,1,4,1,1,1,1,1,1,1,2,2,1,1,1,1,1,1,1,1,2,1,1,1,1,1,1,1,1,1,1,1,3,1,1,3,1,1,2,1,1,1,1,1,1,1,1,1,2,1,1,1,2,2,1,2,1,1,1,2,1,1,1,1,1,1,1,1,1,1,1,1,1,1,2,2,1,1,1,1,1,1,1,1,2,2,1,1,1,1,2,1,1,1,1,1,1,1,2
1,2,2,2,1,1,1,2,1,1,2,1,2,2,3,2,5,2,1,1,1,2,2,1,3,2,1,2,2,1,2,3,2,1,3,2,2,2,1,1,4,5,2,3,2,2,3,1,2,1,2,2,1,1,5,1,4,2,3,2,5,1,3,1,3,3,6,3,1,3,2,1,5,3,3,1,3,2,1,2,1,1,6,1,3,1,1,2,5,5,1,2,1,1,2,3,1,3,3,4,1,3,2,1,3,1,2,1,2,2,2,3,1,4,1,2,1,3,1,2,1,4,3,1,2,1,1,3,2,2,3,3,3,1,1,3,1,4,5,2,2,1,1,2,3,3,1,4,2,3,2,2,3,1,4,1,1,2,2,3,3,2,2,4,2,1,3,1,3,4,2,1,3,1,2,2,4,3,1,3,1,3,2,3,4,3,3,2,2,3,1,2,3,3,1,2,2,3,1,2,1,1,2,1,4,4,2,4,1,4,1,2,3,2,2,1,3,2,4,1,2,3,3,1,2,2,3,4,NA,3,1,2,4,3,2,3,3,2,1,2,1,2,3,2,2,1,3,4,2,1,3
3,1,3,3,3,2,5,3,3,3,3,2,2,2,2,4,3,4,3,4,3,4,2,3,5,4,3,4,6,3,3,3,4,4,3,2,3,2,3,2,3,3,2,3,2,3,2,2,3,3,4,2,3,1,3,4,3,3,3,2,4,3,3,2,2,3,3,4,NA,4,3,2,3,4,2,2,4,3,4,3,3,3,3,2,2,4,3,4,3,3,4,2,4,3,2,3,4,3,3,2,4,4,2,3,3,3,5,4,6,5,4,6,4,5,6,6,5,4,3,4,5,4,5,4,6,5,3,5,4,6,6,5,4,2,4,5,4,3,4,2,4,4,4,5,4,5,5,4,5,2,5,4,4,6,6,6,4,6,5,5,6,5,4,5,6,4,4,6,4,6,6,6,4,5,4,2,6,4,5,4,6,5,4,2,5,4,3,4,5,3,4,2,4,2,3,5,5,4,6,5,4,3,4,3,6,3,1,5,3,2,1,1,5,2,5,5,3,4,2,5,4,2,4,2,5,5,4,4,5,4,3,1,4,4,3,4,3,5,3,3,5,3,2,4,4,3,5,5,1,5,6
5,4,4,4,3,4,3,3,4,3,4,3,4,4,3,3,4,3,4,4,3,3,4,3,3,3,3,3,4,3,4,3,3,3,4,4,3,4,3,3,3,4,3,4,3,4,3,4,3,3,3,3,4,3,3,4,3,4,4,3,4,3,4,3,3,3,3,4,3,4,3,2,4,3,3,4,3,3,3,2,3,4,3,2,4,3,3,3,2,3,4,2,3,4,2,3,4,3,3,2,3,4,3,2,3,3,3,2,4,3,2,3,4,3,3,2,3,3,4,3,3,2,3,3,4,3,2,3,3,3,4,3,2,3,3,4,3,2,3,4,3,2,3,4,3,2,3,4,4,2,3,4,3,2,3,4,3,3,3,2,3,2,3,3,3,2,3,3,2,3,4,3,3,4,2,2,4,4,3,3,3,2,3,3,2,3,4,4,3,3,4,4,3,3,3,5,3,4,4,3,3,4,4,3,4,5,4,3,3,4,4,3,4,4,3,4,3,3,3,3,4,3,3,3,4,3,3,3,4,3,2,2,3,3,4,4,3,3,3,3,4,3,4,3,4,3,3,3,3,3,4
1,2,4,1,2,1,3,4,2,1,4,2,1,3,3,4,4,4,1,2,4,5,2,1,4,2,3,5,2,1,3,2,1,2,3,2,4,1,1,1,2,2,2,3,3,1,1,1,2,1,2,4,1,1,4,1,1,2,1,1,2,1,3,1,2,2,4,1,1,1,2,1,3,4,2,5,3,2,1,2,1,1,6,1,2,2,1,4,2,4,2,3,1,1,1,2,2,2,2,4,2,5,1,1,1,1,1,1,1,3,3,3,2,4,1,1,1,1,2,2,3,4,3,1,2,1,2,5,1,4,1,4,3,2,1,2,1,4,5,1,1,1,1,2,3,1,2,4,3,3,2,1,1,1,5,2,1,1,1,1,3,2,3,2,1,1,2,2,1,2,1,1,2,1,4,1,3,3,1,1,1,2,2,5,4,2,5,2,1,1,2,1,4,3,1,1,1,2,4,5,3,1,1,1,2,3,1,4,2,2,1,4,4,1,1,1,1,3,4,1,3,2,1,1,2,1,1,1,3,1,1,1,4,3,2,2,2,1,1,4,1,1,5,2,3,1,1,1,2,3,5
3,3,2,2,4,2,4,1,1,1,1,3,3,3,3,4,4,4,4,4,3,3,3,3,3,3,4,4,4,4,4,4,3,3,3,3,3,3,3,3,3,3,3,3,3,4,4,4,4,4,4,4,4,4,4,4,4,4,4,4,4,3,3,3,3,3,3,3,4,4,4,4,4,4,4,4,4,4,4,4,3,3,2,2,2,4,5,5,5,5,5,5,4,4,4,4,4,4,4,4,4,4,4,5,5,5,5,5,5,5,5,2,4,4,4,4,5,5,5,5,5,5,5,5,5,1,2,2,2,2,2,2,2,2,3,4,4,4,5,5,4,4,4,4,4,4,4,4,5,5,5,5,5,5,5,5,5,4,4,4,4,5,5,5,5,2,3,4,4,4,4,4,5,5,5,5,5,5,2,5,5,4,4,5,5,5,5,5,5,5,5,5,2,5,5,3,3,3,3,4,4,4,4,4,4,4,3,3,3,3,5,4,4,3,4,3,4,4,3,3,4,NA,2,2,2,4,4,4,3,3,4,3,4,3,4,4,4,2,2,2,2,2,2,3,4,3,3,3,4,3,3
3,3,3,3,6,1,4,4,2,1,3,2,3,4,4,2,2,3,4,2,4,1,1,4,3,3,4,3,2,4,2,3,1,1,3,4,5,5,3,6,6,6,6,6,3,2,1,3,3,4,2,3,1,1,3,4,3,4,2,1,1,1,3,1,1,3,3,4,5,6,1,2,3,3,3,4,4,3,3,3,1,1,6,3,1,4,4,1,1,1,3,3,2,4,3,1,1,4,4,6,5,3,2,4,1,3,3,1,3,5,2,2,1,6,1,1,3,3,3,3,2,6,5,3,3,1,1,1,5,3,3,3,3,5,1,1,3,3,4,2,3,1,1,1,3,4,5,6,1,2,3,3,2,1,3,3,3,3,3,3,3,3,4,1,1,1,5,1,2,3,1,1,1,1,1,1,1,3,6,6,3,3,4,4,6,6,3,3,3,1,1,1,1,1,1,1,1,1,3,3,3,3,4,2,5,3,4,4,1,4,4,2,3,4,1,4,5,1,3,3,3,3,1,1,3,4,2,5,6,5,3,2,3,3,3,3,3,1,1,4,1,1,4,4,2,3,3,3,NA,5,4
1,1,6,1,1,1,5,3,1,3,1,1,1,6,1,1,1,1,1,1,6,1,1,1,1,1,1,2,1,1,1,1,1,1,1,1,1,1,1,1,1,1,1,6,1,1,1,1,1,1,1,1,1,1,1,1,1,1,1,1,1,1,1,1,3,3,1,1,1,1,1,1,1,3,1,1,1,1,1,1,1,3,3,1,1,1,1,1,1,1,1,1,1,1,1,6,1,1,1,3,1,1,1,1,1,1,1,1,1,1,1,1,1,1,1,1,1,3,1,1,3,1,1,1,1,1,1,3,1,1,1,1,3,1,1,1,1,1,6,1,1,1,1,1,1,3,1,1,3,1,1,1,1,1,5,3,1,1,1,1,1,1,1,1,1,1,3,1,1,4,1,3,1,1,1,3,2,6,4,1,1,1,1,1,1,1,1,1,1,1,1,1,3,6,2,1,1,1,1,3,1,1,1,1,6,6,1,1,1,1,1,6,1,1,1,1,1,1,1,1,1,1,3,1,2,1,1,2,1,3,1,1,1,1,1,1,1,1,6,1,1,1,1,1,1,2,1,1,6,1,2
1,1,1,1,1,1,4,1,1,1,2,2,1,2,2,1,1,1,1,1,4,4,1,1,1,2,2,6,1,1,2,1,4,1,2,1,1,1,1,1,1,1,1,4,2,1,1,1,1,1,1,2,1,1,1,1,1,1,1,1,2,1,2,1,4,1,1,1,1,1,1,1,1,3,1,3,1,1,1,1,1,1,4,1,1,2,1,3,1,1,3,1,1,1,1,1,1,1,1,1,1,1,1,1,1,1,2,1,1,2,1,1,2,3,1,1,1,1,1,1,1,3,1,1,1,1,1,2,1,1,2,4,1,3,1,1,2,1,2,1,1,1,1,1,1,1,1,1,1,2,1,3,1,1,3,1,1,1,1,1,1,1,1,1,1,1,1,1,1,1,1,1,1,1,1,1,1,3,1,1,1,1,1,1,1,2,3,3,1,1,3,1,4,3,1,1,1,1,1,3,5,1,1,1,1,1,1,1,1,1,1,3,1,1,1,1,1,1,1,1,1,1,1,1,1,1,2,1,3,1,1,1,1,1,1,1,3,1,1,3,1,1,5,1,5,1,1,1,1,3,1
1,1,1,2,2,1,2,1,1,2,1,1,1,1,1,5,1,2,3,2,4,4,3,1,2,6,3,1,1,5,3,2,4,2,2,5,2,2,2,2,NA,1,1,4,1,1,1,4,4,5,2,5,2,3,1,1,2,1,1,4,3,2,4,2,1,2,2,2,1,2,1,1,4,4,4,2,4,2,2,2,2,1,5,1,1,3,3,1,4,4,1,1,4,4,1,3,2,4,3,4,2,2,5,2,4,2,3,2,2,4,2,2,2,2,3,5,4,3,5,5,4,6,6,6,4,3,4,2,4,4,3,3,3,5,2,2,4,5,6,3,4,2,4,2,4,4,2,3,2,3,3,2,4,4,2,4,1,5,4,2,5,2,4,4,2,3,3,1,3,NA,1,1,1,3,3,1,3,3,3,2,6,2,1,1,4,5,2,3,3,2,3,3,3,4,2,3,1,3,2,1,2,2,3,4,3,2,3,3,3,4,3,2,1,1,1,3,1,1,NA,2,4,2,1,2,2,2,2,3,2,3,4,3,2,3,4,4,3,2,2,2,4,4,4,4,2,2,4,4,3,1,1
6,5,4,4,5,5,6,6,5,5,5,4,4,3,2,2,2,3,3,5,5,5,4,3,4,4,4,5,5,6,6,6,5,5,5,5,4,3,3,3,3,4,4,5,5,5,5,5,5,4,4,4,4,5,5,5,5,4,5,4,4,4,4,4,4,4,4,5,5,4,3,3,4,5,5,6,6,6,5,5,5,4,4,3,3,4,5,5,6,6,6,6,5,4,3,3,4,4,6,5,5,5,5,5,4,4,4,4,4,3,2,2,2,2,5,5,4,5,4,4,4,5,5,5,5,5,5,4,4,4,4,5,5,5,5,4,5,5,5,4,5,5,5,5,4,5,4,5,5,5,5,5,4,4,5,5,5,4,4,5,5,4,4,4,5,5,5,6,6,5,5,5,4,4,4,4,3,3,3,3,4,4,3,4,4,3,3,3,3,3,3,4,4,5,5,4,4,4,5,5,5,5,5,5,4,5,3,3,4,4,4,4,5,6,6,5,4,4,4,4,3,3,4,5,5,4,4,3,3,3,2,4,4,5,5,6,6,5,5,4,4,3,3,2,2,2,3,3,4,4,5
2,2,5,3,3,2,5,3,4,2,5,3,6,4,4,4,4,5,4,2,4,3,5,1,6,6,6,4,5,3,4,3,5,2,5,3,5,2,4,3,6,4,3,6,5,2,4,3,4,5,2,4,3,5,3,4,5,3,2,3,4,2,5,3,4,2,5,3,4,2,4,2,3,2,5,3,4,2,3,5,4,2,3,4,3,6,2,4,3,5,2,5,2,1,4,3,4,5,5,2,3,4,2,5,3,5,3,2,4,4,5,6,3,6,5,2,4,2,5,3,2,6,4,2,3,1,5,2,2,3,5,2,4,3,5,2,4,2,4,1,2,1,2,3,3,2,2,3,1,5,4,3,3,1,6,2,2,3,2,4,3,4,5,5,2,1,3,4,3,4,2,2,5,3,4,2,5,3,4,2,3,5,4,2,6,5,3,4,4,4,5,4,1,4,3,2,2,4,3,3,4,2,5,5,5,5,5,5,3,4,1,6,5,5,3,4,3,1,3,2,2,4,2,3,3,2,5,5,6,2,2,3,5,4,2,4,3,4,2,5,3,3,4,2,4,3,2,2,6,6,5
1,1,1,1,1,1,3,3,1,1,1,1,1,1,1,1,1,1,1,1,1,2,1,1,1,1,1,3,1,1,1,1,1,1,1,1,1,1,1,1,1,1,1,4,1,1,1,1,1,1,1,1,1,1,3,1,1,1,1,1,1,1,1,1,1,1,1,1,1,1,1,1,1,1,1,1,1,1,1,1,1,1,6,1,1,1,1,1,3,1,1,1,1,1,1,1,1,1,1,2,1,1,1,1,1,1,1,1,1,1,1,1,1,6,1,1,1,1,1,1,1,2,2,1,1,1,1,1,1,1,1,4,1,6,1,1,1,1,1,1,1,1,1,1,2,2,2,2,2,2,2,2,2,2,2,2,2,1,1,1,1,1,3,1,1,1,3,1,1,1,1,1,1,1,1,1,1,1,2,1,1,1,1,1,4,1,1,1,1,1,1,1,1,1,1,1,1,1,1,1,1,1,1,1,1,1,1,1,1,1,1,2,2,2,1,1,1,1,1,1,1,1,3,1,1,1,1,1,1,1,1,1,1,1,1,1,1,1,1,3,1,1,2,1,1,1,1,1,1,6,3
