"liner","accelerate","sanctioned","axes","tribune","ancients","simplicity","wandered","delightful","constituents","misuse","islet","parish","pitches","predator","rye","hatch","wager","voucher","inefficient","accumulation","auburn","completing","negatively","generalize","simulated","endlessly","territorial","heinous","postcards","doctrines","prostitution","countdown","garment","discovering","aces","rabbits","unreleased","facial","balloons","begs","intellectually","backpack","tailor","walkers","cliche","whoa","polling","floats","scrambling","quagmire","excludes","dime","retainer","dominion","shaky","untrue","moans","cutter","roe","airs","critique","citing","bureaucrats","vaccination","hooker","nominal","stroked","pubs","choked","marital","rugby","hams","suicidal","tong","chronology","zenith","luggage","kidnapped","traps","transparency","conservatism","retailer","fills","psychotic","fortunes","pinch","bursts","schooling","thankful","hairs","distorted","fragile","transmits","brownie","banquet","veil","avenues","exercised","harmed","defended","troubled","uneven","policemen","skipped","hallmark","swallowed","ballet","travelers","pronunciation","cradle","fowler","curb","verbose","defeats","stripe","fiddling","youngest","barbarians","baggage","belle","gasped","dogma","inertia","cadet","escaping","chased","torch","freshly","utilized","insects","kin","dreaded","ineffective","acrobat","intervene","folding","excessively","rumble","deities","bothering","brimstone","oversight","degrade","billed","coating","anybody's","unbelievably","albumin","withdrawal","villagers","toughness","substitution","selfishness","sandstorm","nationalists","patiently","occupy","blankets","titan","baptism","genders","contradicts","inflict","economical","invoice","casts","possesses","plumbing","fidelity","transistor","quart","sympathize","sharks","sighting","progression","rampage","gimmick","compose","smoked","stomp","resemble","rodeo","ranged","hare","moderating","leech","unite","bays","disturb","messing","steak","coincide","needles","lunatic","buckle","ventures","cousins","beads","supplying","tying","fascinated","recognizable","poets","hopelessly","windy","inference","cloudy","lanes","fertility","ceases","taboo","diffusion","hymn","overload","unnatural","alumni","kinetic","assaults","portal","disastrous","strains","steer","orderly","reactionary","carved","gambit","comforting","brokers","potter","ambulance","knowingly","soaps","hormone","awkward","rains","veins","sly","hath","contracted","orchid","sixty","pagans","nationality","plunder","feint","footsteps","blaming","biases","narcotics","suspend"
2,3,4,3,3,4,4,3,4,5,3,2,4,4,3,4,4,3,4,4,4,4,3,4,3,4,4,3,3,2,3,4,2,3,3,2,2,3,4,3,1,4,2,4,2,6,4,2,2,4,6,3,1,3,4,3,2,3,1,1,1,4,3,6,3,2,2,3,1,3,4,3,1,3,1,3,5,4,3,1,5,3,4,1,6,2,3,1,3,2,1,3,3,1,3,4,1,4,2,2,2,3,1,1,1,1,1,4,3,4,2,3,1,3,2,2,2,2,4,3,3,3,4,5,4,3,3,3,2,4,3,1,1,3,1,4,2,3,3,4,2,1,4,2,1,2,4,3,5,4,3,4,5,3,2,4,4,3,3,2,3,4,4,3,3,4,1,3,4,3,3,4,4,3,4,5,5,NA,6,2,1,2,2,4,1,4,4,3,1,5,2,1,4,2,4,3,3,3,2,5,4,3,4,3,3,1,3,3,1,3,5,2,4,5,1,1,4,4,4,1,5,2,1,1,4,2,4,3,3,2,5,3,2,3,3,2,3,2,4,3,5,4,4,5,4,5,1,3,4,5,4
5,5,5,5,5,5,5,5,5,5,5,5,5,5,2,1,1,1,4,4,4,4,4,4,4,4,4,3,5,6,6,2,1,1,2,3,1,3,1,1,1,4,1,3,3,3,4,1,1,1,6,1,1,1,3,2,3,3,3,1,1,3,3,3,3,3,3,3,1,3,3,3,1,3,3,3,3,3,3,1,3,3,1,3,3,3,3,3,3,3,3,3,3,3,3,6,3,3,3,3,3,3,3,3,3,3,3,3,3,3,3,3,3,3,3,3,3,3,3,3,3,3,3,3,3,3,3,3,3,3,3,3,3,3,3,3,3,3,3,3,3,3,3,3,3,3,3,3,3,3,3,3,3,3,3,3,3,3,3,3,3,3,3,3,3,3,3,3,3,3,3,3,3,3,3,3,3,3,3,3,3,3,3,3,3,3,3,3,3,3,3,3,3,3,3,3,3,3,3,3,3,3,3,3,3,3,3,3,3,3,3,3,3,3,3,3,3,3,3,3,3,3,3,3,4,3,4,3,3,3,5,4,3,3,4,4,2,3,3,2,2,3,3,2,3,2,2,3,2,2,1
5,5,5,5,5,5,5,5,5,5,5,5,5,5,5,5,5,5,5,5,5,5,5,5,5,5,5,5,5,5,4,4,4,4,4,4,4,4,4,4,4,4,4,4,4,5,5,5,5,5,5,5,5,5,5,5,5,5,5,4,4,4,4,4,4,4,5,5,5,5,5,5,5,5,5,5,4,4,4,4,4,4,4,5,5,5,5,5,5,5,5,5,5,5,5,4,4,4,4,4,4,4,4,4,4,4,4,4,4,5,5,5,5,5,5,4,4,4,4,4,4,4,4,4,4,4,4,4,4,5,5,5,5,5,4,4,5,5,4,4,4,5,5,5,5,5,5,5,5,5,5,5,5,5,5,5,5,5,5,5,5,5,5,5,5,5,5,5,5,5,5,5,5,5,5,5,5,5,5,5,5,5,5,5,5,5,5,5,5,5,5,5,5,5,5,5,5,5,5,5,5,5,5,5,5,5,5,5,5,5,5,5,5,5,5,5,5,5,5,5,5,5,5,5,5,5,5,5,5,5,5,5,5,5,5,5,5,5,5,5,5,5,5,5,5,5,5,5,5,5,6
3,3,2,4,4,4,5,5,4,6,6,6,5,6,1,1,1,4,1,4,4,5,1,4,1,1,1,2,3,3,4,2,4,2,5,2,2,4,2,2,2,4,3,2,3,3,2,1,1,4,5,1,2,3,2,1,1,1,1,1,1,1,4,5,5,1,2,3,1,4,4,4,1,1,3,1,3,NA,5,5,6,5,1,1,4,3,1,1,4,1,2,4,1,1,NA,2,4,1,5,1,1,3,1,1,1,1,1,2,1,4,1,6,1,6,5,1,3,1,4,1,3,4,1,4,1,4,4,4,6,6,6,1,5,5,5,3,4,2,4,3,3,4,1,6,3,5,6,6,6,5,5,5,4,5,5,4,3,1,1,NA,2,1,1,1,2,1,1,3,3,4,3,3,4,NA,3,3,4,4,3,2,1,4,3,4,4,4,1,1,1,3,1,4,1,3,1,1,1,1,1,1,4,1,4,1,5,1,4,1,1,5,4,5,3,5,1,3,4,2,3,5,5,4,4,5,4,2,1,3,1,1,4,4,1,2,4,1,2,1,2,3,1,3,1,1,1,1,4,3,1,4,1
3,5,5,2,4,4,2,3,2,5,4,5,2,2,3,2,1,3,4,5,3,4,2,4,5,5,2,3,6,1,3,5,1,1,2,2,1,4,4,1,1,5,1,5,1,6,4,1,2,1,4,3,2,4,5,3,2,2,2,1,2,6,4,6,4,3,5,2,1,2,2,2,1,4,1,6,5,3,3,1,5,5,6,1,5,4,1,1,3,1,2,2,4,1,2,5,4,4,2,1,2,3,3,2,1,1,2,3,3,5,4,3,1,4,3,1,2,3,5,2,4,1,1,4,3,2,2,1,2,3,1,1,3,4,2,6,1,3,2,4,3,2,2,3,2,4,3,4,6,4,3,4,5,3,1,4,6,3,1,2,2,1,3,1,3,4,1,3,4,5,4,3,4,1,3,4,2,1,3,2,1,3,5,2,3,4,2,2,1,2,1,3,5,4,4,2,3,4,2,3,2,6,5,3,4,2,4,3,3,4,2,2,2,6,3,4,4,5,2,1,5,3,2,4,4,1,1,2,3,1,5,4,2,2,2,3,3,2,1,3,5,2,3,5,2,6,2,2,5,4,2
2,5,5,1,2,6,1,2,4,2,2,5,1,1,3,4,1,4,4,5,6,3,2,3,1,1,1,2,6,1,2,4,1,1,2,6,1,3,5,1,1,3,1,2,4,6,6,3,3,1,5,2,4,2,4,3,4,4,2,4,5,5,4,5,6,2,1,2,1,2,2,1,1,2,1,2,2,4,2,1,2,2,1,1,6,4,2,2,3,1,2,1,3,1,2,3,4,4,3,2,1,3,2,3,2,1,2,5,2,6,3,1,3,3,4,3,1,3,4,3,4,2,1,6,2,3,3,2,1,2,2,1,4,2,1,3,2,6,2,6,2,2,4,3,2,2,1,3,3,2,5,4,4,1,1,6,5,2,1,2,1,2,2,1,2,4,2,1,3,3,2,5,4,2,4,4,5,1,2,3,1,4,2,3,5,1,1,4,1,2,1,4,2,3,2,2,4,3,3,2,1,4,6,1,4,3,5,3,4,1,4,1,5,6,2,4,3,1,4,1,3,2,1,2,3,2,1,2,3,1,4,3,3,4,3,4,4,2,2,1,3,1,4,5,1,6,2,2,5,2,1
3,4,4,2,5,3,5,3,2,5,4,5,3,2,2,4,1,1,4,2,3,4,2,3,2,2,1,1,4,1,4,2,1,1,3,3,2,3,1,2,1,3,1,1,1,2,4,2,2,1,6,3,1,1,3,4,4,1,1,4,1,4,1,6,2,1,1,1,1,1,1,2,1,4,1,4,6,2,1,1,2,4,2,1,3,4,1,1,1,1,1,3,3,1,2,3,4,4,2,1,1,1,1,2,1,1,1,1,1,4,3,4,1,5,3,3,4,3,4,2,2,3,4,4,2,2,1,1,1,1,1,2,3,3,2,4,3,5,5,6,3,5,2,4,2,2,3,4,6,2,4,3,2,4,3,4,4,3,2,5,2,1,2,3,3,2,1,3,4,6,6,3,4,1,1,1,5,4,2,1,1,4,4,3,4,4,5,3,2,2,2,1,5,3,NA,NA,4,3,1,1,1,4,3,4,4,1,3,2,1,3,4,3,4,5,2,2,4,5,3,2,4,1,1,1,3,1,4,2,3,2,4,4,1,3,3,1,2,3,3,2,4,3,4,4,3,4,1,1,4,5,2
NA,3,4,2,2,3,1,2,2,2,4,5,5,2,2,1,2,2,5,5,6,3,3,4,4,4,3,5,5,5,5,4,2,2,3,4,2,3,3,2,2,3,4,NA,3,6,2,6,4,2,3,3,NA,3,4,2,2,3,3,3,2,4,2,3,2,3,2,3,4,2,2,1,3,4,2,3,2,2,2,3,2,3,NA,2,5,3,3,3,3,1,1,2,2,3,4,3,2,3,3,2,2,4,2,4,3,3,4,2,3,3,2,3,4,3,4,3,3,4,2,4,4,2,4,4,3,3,3,1,4,2,3,1,3,2,3,3,3,3,2,2,3,3,4,2,3,3,4,3,4,4,3,3,2,2,3,3,3,4,3,1,2,2,3,3,3,3,3,4,3,3,3,3,3,3,3,4,2,4,3,3,3,4,3,4,3,3,2,1,1,2,3,3,2,4,3,2,3,2,2,3,2,4,4,1,1,1,3,4,3,3,2,3,3,1,2,2,3,3,3,4,4,5,4,3,5,2,2,3,4,2,4,3,3,3,2,1,2,1,1,2,2,3,4,3,3,4,2,2,3,3,3
2,4,4,1,1,4,2,1,4,3,1,6,1,1,2,3,1,1,3,5,4,3,1,2,3,1,1,2,6,1,4,4,3,1,3,4,1,3,4,2,1,5,1,5,5,6,4,3,3,1,6,2,1,3,4,2,3,3,1,3,2,5,5,6,4,2,2,2,1,2,3,2,1,4,1,3,1,2,1,1,2,1,2,1,6,2,1,1,3,1,1,1,1,1,2,3,4,3,5,1,1,3,1,5,1,1,2,6,2,3,2,3,1,1,4,1,1,3,3,2,4,1,1,5,1,1,1,1,1,1,1,1,2,2,3,3,1,4,1,5,1,1,6,2,1,4,5,5,4,6,3,6,4,1,1,4,4,4,2,3,1,4,2,2,2,5,1,1,6,1,4,4,3,1,6,4,1,2,3,1,1,1,1,2,3,1,2,2,3,1,1,5,3,2,3,1,3,5,5,2,5,4,2,1,1,1,2,3,1,3,5,5,5,6,3,3,2,3,3,2,5,4,1,1,4,1,1,1,1,1,2,5,4,1,3,3,5,2,1,1,4,2,2,4,1,6,3,1,2,3,1
5,4,3,5,5,4,5,3,2,4,5,4,4,3,5,4,3,2,4,NA,1,6,4,2,3,3,4,2,3,5,5,5,5,4,3,4,5,3,1,3,3,3,5,4,3,4,6,3,4,3,4,2,1,3,4,4,3,3,3,2,1,4,3,3,5,4,5,4,5,2,3,1,3,2,3,5,4,5,6,5,4,3,2,3,2,2,4,1,4,5,5,6,5,4,2,2,2,4,6,4,2,1,1,2,3,5,5,3,5,3,5,3,2,4,5,3,2,3,4,4,3,3,4,4,4,3,4,4,4,4,4,4,4,4,4,2,2,3,NA,3,4,2,2,3,4,3,2,3,2,5,4,4,4,3,2,2,2,2,2,2,4,2,4,1,3,2,1,2,3,3,3,3,2,1,1,4,1,5,6,5,4,3,3,1,3,4,1,4,3,4,4,4,3,5,5,4,4,5,3,2,3,2,1,2,4,6,5,4,4,4,4,4,3,2,2,2,2,3,3,2,2,5,4,3,3,2,2,2,2,2,3,1,3,3,3,2,2,2,1,5,5,4,4,4,3,5,5,3,3,3,3
1,4,2,1,3,4,3,1,2,3,1,4,1,1,1,3,1,4,1,3,1,2,1,1,3,1,1,2,3,1,2,1,1,3,1,3,1,1,3,1,1,1,1,1,1,6,3,1,1,1,1,1,1,1,3,1,1,1,1,3,1,1,3,3,4,1,1,1,1,1,1,1,1,3,4,1,3,4,1,1,3,1,1,1,4,2,1,1,4,1,1,1,3,1,3,3,2,1,1,1,1,1,1,3,1,1,1,4,1,3,1,1,1,3,1,1,1,1,2,3,2,1,1,2,1,1,1,1,1,1,1,1,1,1,1,3,1,4,1,5,1,1,3,1,1,1,1,1,4,3,3,1,1,1,1,1,1,1,1,1,1,3,1,1,1,3,1,1,4,1,1,2,3,1,1,1,3,1,1,1,1,2,1,1,1,1,1,1,1,1,1,1,3,2,1,2,1,1,1,1,1,3,1,2,1,1,3,1,1,1,3,1,1,2,1,1,1,1,1,1,1,1,1,1,1,1,1,1,1,1,3,1,1,3,4,1,1,1,1,1,5,1,1,1,1,4,1,1,3,1,1
2,4,5,2,2,5,1,1,1,2,1,6,1,1,3,5,1,2,3,2,2,5,1,3,4,2,1,3,5,1,1,1,1,1,3,3,1,4,5,1,1,3,1,1,1,6,5,1,4,5,3,4,1,2,4,3,4,1,1,4,5,6,1,5,5,3,1,3,1,3,2,3,1,4,1,3,5,3,3,1,4,4,3,1,6,6,1,2,4,1,3,1,4,1,2,3,3,3,3,2,1,2,1,2,2,1,3,5,2,3,3,4,1,4,2,3,3,5,3,2,1,2,1,6,1,2,2,1,1,2,3,1,4,3,2,2,1,3,1,5,2,2,4,1,1,3,3,4,5,5,3,5,4,3,1,3,5,4,2,1,2,1,2,1,2,3,1,2,5,3,3,5,4,1,1,4,5,1,3,4,1,3,2,NA,2,3,1,5,1,1,3,4,3,1,2,1,5,5,4,3,5,5,3,2,4,1,1,4,3,1,4,3,NA,6,4,4,5,4,5,2,4,4,1,2,4,3,3,2,NA,1,4,5,4,5,3,3,3,2,1,2,5,4,5,4,3,4,2,3,4,3,2
1,5,5,2,4,5,4,5,1,2,1,5,1,4,2,1,3,4,5,5,5,2,1,2,2,2,4,2,5,2,2,2,4,2,2,5,1,5,2,1,1,5,1,2,1,5,5,1,5,2,5,5,1,4,5,1,3,5,1,2,1,5,5,5,4,1,1,2,1,2,1,2,1,2,1,5,5,2,1,1,5,2,5,1,5,5,1,1,2,1,5,2,2,1,5,6,5,5,5,2,2,4,2,4,2,1,2,5,2,4,4,5,1,5,5,4,2,5,5,5,2,2,1,4,1,2,3,1,1,2,3,1,5,4,2,3,2,5,2,5,2,2,5,2,4,5,2,5,5,5,2,5,5,2,1,5,5,5,2,5,2,1,2,1,2,3,1,5,2,5,2,5,5,1,5,2,2,4,4,2,1,5,2,5,5,3,1,2,1,2,2,5,5,2,1,1,2,6,5,5,6,5,2,1,4,5,1,5,1,2,5,2,5,5,2,2,2,1,5,1,6,5,1,1,5,1,1,2,5,1,5,5,5,4,4,5,5,1,1,2,6,2,5,5,1,5,1,1,5,1,1
6,1,6,1,4,2,1,1,3,6,5,4,1,1,1,1,1,1,1,3,3,1,1,1,1,1,1,1,6,1,1,1,1,1,1,1,1,1,1,1,1,6,1,1,1,1,1,1,1,1,6,1,1,1,1,1,1,1,1,1,1,1,1,6,2,1,1,1,1,1,4,3,2,2,1,2,1,1,1,1,1,5,3,1,3,1,1,1,2,1,1,1,1,1,1,1,1,2,1,1,1,1,1,1,1,1,1,6,1,4,1,6,1,4,1,1,1,1,5,1,1,1,1,4,1,3,1,1,1,1,1,1,1,5,1,4,1,3,1,5,1,3,1,1,1,1,1,1,1,1,4,1,3,1,1,1,1,1,1,1,1,1,1,1,4,1,1,1,1,5,6,1,1,1,1,1,1,6,1,1,1,1,1,1,1,1,1,1,1,1,1,1,4,1,1,1,5,1,1,1,1,4,4,1,1,1,1,1,1,1,1,3,1,6,1,1,1,1,1,1,1,1,1,1,6,1,5,1,1,1,1,1,1,1,1,1,1,1,1,1,1,1,1,1,1,6,1,1,1,1,1
2,4,3,2,4,5,2,1,5,4,3,6,1,5,2,2,1,5,3,2,5,6,2,3,4,3,2,2,5,1,2,4,1,1,2,3,1,3,4,4,1,4,1,2,1,5,4,1,1,1,2,2,2,1,2,1,1,5,NA,3,1,3,2,6,5,1,2,4,1,4,3,2,1,3,1,5,4,4,1,1,3,2,1,1,6,2,1,1,1,1,1,2,3,1,2,4,3,4,4,2,1,2,1,1,1,1,2,4,3,3,4,5,1,4,4,1,1,2,3,3,3,3,1,4,1,1,2,1,1,2,2,1,2,1,1,1,1,3,3,4,1,1,3,1,3,4,5,4,6,4,2,6,4,3,1,2,3,3,1,1,1,1,1,2,1,2,1,4,5,4,4,5,3,1,5,5,3,3,3,2,1,NA,1,2,2,1,3,1,1,1,1,3,3,2,1,2,3,3,3,2,2,5,5,3,1,1,3,1,1,1,4,1,4,3,1,3,3,1,3,1,4,1,1,1,3,2,1,3,2,1,4,5,1,3,5,1,2,2,1,2,5,2,3,NA,1,5,1,1,2,3,2
1,1,3,1,3,3,3,1,2,3,2,3,3,2,1,3,2,2,1,3,2,4,1,1,1,1,1,1,4,1,3,2,1,1,1,3,1,1,3,2,2,1,1,2,1,3,1,1,2,1,4,1,1,3,3,2,4,4,4,4,4,4,3,5,4,3,1,1,3,2,4,3,1,2,1,2,4,4,1,2,3,1,1,1,3,3,2,1,1,1,2,1,2,1,2,1,3,3,2,1,1,3,2,3,1,1,1,3,1,3,1,3,1,3,3,2,2,4,1,3,3,2,1,4,3,3,3,2,1,1,2,1,2,1,1,3,1,1,3,3,1,3,3,2,1,2,1,2,3,3,3,3,1,1,1,4,3,3,1,1,1,3,1,1,1,3,1,3,1,1,1,3,2,1,3,1,4,1,3,1,1,4,1,3,2,1,2,2,1,1,3,3,2,3,1,3,3,3,2,2,2,NA,2,3,2,1,1,2,2,1,3,3,3,3,3,2,1,1,2,1,1,1,1,1,2,1,2,1,1,1,2,4,3,4,3,2,2,3,4,1,4,1,2,3,1,3,2,1,3,1,2
2,3,4,3,3,4,3,4,1,1,1,3,3,2,4,1,1,2,4,1,2,4,1,2,2,1,1,1,3,1,3,2,1,1,2,1,1,1,3,2,1,2,1,1,2,4,1,1,3,1,4,2,1,1,1,1,1,3,1,1,1,4,2,3,1,3,2,3,3,3,4,4,1,2,1,3,1,3,1,1,1,2,1,1,5,3,1,1,1,1,1,2,3,1,1,3,4,4,2,3,1,3,1,1,2,1,2,4,1,3,2,3,1,1,2,3,1,3,2,3,NA,1,1,3,1,3,3,3,1,1,3,1,3,3,1,3,1,NA,3,3,3,1,3,1,2,3,1,4,3,2,1,3,1,1,1,2,3,2,1,1,1,1,4,4,3,1,1,2,3,1,NA,3,4,1,4,3,1,1,1,3,2,2,3,4,4,1,3,1,1,1,1,3,1,2,2,3,1,3,3,1,1,3,1,1,1,2,1,3,3,1,3,1,2,1,1,1,3,1,3,1,3,3,2,1,2,3,1,2,1,1,3,2,3,1,2,1,3,1,1,3,4,4,3,5,4,5,1,3,3,2,1
2,2,5,1,3,3,1,4,2,6,1,5,2,1,3,6,2,4,2,1,3,4,3,2,2,3,2,4,6,1,4,3,1,3,2,4,1,2,4,1,1,3,1,2,1,6,4,1,1,2,6,3,2,1,3,2,1,1,2,4,1,5,4,6,4,1,5,3,2,1,4,5,1,6,2,4,6,2,1,1,4,5,3,1,3,4,2,1,3,2,1,3,3,2,4,5,6,3,4,1,2,2,1,2,2,1,3,5,2,4,1,3,3,4,2,1,2,4,3,3,4,2,2,5,3,3,2,2,1,3,2,1,2,2,4,5,1,2,1,6,4,2,3,1,3,2,1,2,5,3,2,3,4,3,1,2,3,4,3,2,2,2,4,3,3,2,1,3,2,5,4,5,3,1,4,2,6,4,2,1,1,4,3,2,2,3,2,5,2,3,1,1,4,2,5,1,2,4,1,2,3,6,5,4,1,2,3,1,1,4,4,2,2,3,1,1,3,1,1,2,5,2,3,3,3,1,2,1,1,1,5,4,2,3,3,1,2,2,4,2,5,2,4,2,3,5,2,2,6,4,3
1,3,4,1,4,5,5,1,6,5,1,6,1,5,1,4,4,5,1,4,4,5,5,4,1,1,2,5,5,1,5,2,3,3,1,4,1,1,5,1,1,4,1,5,1,6,6,1,1,1,6,2,1,1,2,2,1,5,1,5,1,1,3,2,3,1,5,5,1,5,6,1,1,5,1,6,6,4,1,2,5,5,2,1,5,2,2,1,1,1,2,3,1,1,1,5,6,5,4,3,3,4,1,1,1,1,1,6,5,5,4,5,1,4,4,3,3,3,1,5,1,3,3,4,3,3,1,1,1,5,6,2,4,2,2,2,4,4,1,6,2,2,2,2,1,5,1,4,6,NA,2,6,5,2,2,4,NA,1,1,1,3,4,3,2,1,1,1,2,6,6,5,4,5,1,5,4,5,5,2,1,1,5,5,5,6,1,1,1,1,1,1,1,5,1,1,1,5,5,2,2,2,4,4,5,1,1,2,2,1,2,5,3,1,5,1,1,6,1,1,1,5,1,1,3,5,1,3,2,1,1,3,3,2,2,5,1,5,1,1,1,3,2,2,3,4,5,5,4,5,6,1
1,3,4,2,1,2,2,2,4,5,2,6,3,2,1,1,1,1,3,3,3,5,1,1,1,1,1,1,6,1,3,4,1,1,1,3,1,1,3,1,1,2,1,1,5,5,5,1,1,1,6,3,4,2,6,3,1,3,1,2,1,5,3,6,5,2,4,1,1,1,1,4,1,3,1,3,5,2,1,1,2,3,1,1,NA,2,1,1,1,1,1,1,4,1,1,4,1,2,1,1,1,1,1,3,1,1,1,3,1,3,1,1,1,5,1,1,2,3,1,3,5,1,5,5,1,1,1,2,3,1,2,1,1,3,1,4,1,1,1,4,1,1,3,1,1,1,3,3,5,2,1,5,2,1,1,1,4,1,1,1,1,1,1,1,1,1,1,1,5,3,2,1,1,1,4,1,1,1,1,1,1,1,3,1,3,1,2,3,1,1,1,1,2,1,1,1,1,3,1,1,2,3,4,1,1,1,3,1,1,1,4,2,1,4,1,1,4,2,1,1,3,1,1,1,1,1,4,1,1,1,4,1,1,1,5,1,1,1,3,1,5,2,1,1,1,4,1,1,1,3,1
1,2,2,1,3,3,4,1,5,6,2,3,2,2,1,2,3,3,3,2,4,2,2,2,2,2,2,2,2,1,2,4,2,1,1,4,1,2,4,1,1,5,1,1,1,4,3,2,2,1,2,1,1,1,2,3,1,2,1,1,1,3,3,5,3,1,1,2,1,1,1,1,1,4,1,4,3,3,1,1,4,2,2,1,6,3,3,1,3,1,1,1,4,3,2,5,4,2,4,1,1,3,2,2,1,1,2,3,1,6,3,1,1,3,3,2,2,1,3,5,2,1,1,5,1,2,3,3,3,3,1,1,2,1,1,4,3,5,2,4,4,2,5,2,2,3,3,4,5,4,4,5,5,3,1,6,4,2,2,2,2,2,3,1,1,4,1,2,3,1,2,4,5,2,5,4,3,1,2,2,1,2,4,4,2,3,3,4,1,1,1,2,4,3,3,1,4,4,4,2,2,5,2,2,1,1,5,3,4,2,6,1,4,6,1,3,4,1,2,1,4,2,1,3,4,1,1,1,2,1,4,6,2,3,1,2,3,2,2,2,5,2,3,3,1,4,1,2,2,2,1
6,6,6,3,3,6,6,6,6,6,6,6,6,4,4,2,2,6,6,6,6,2,4,4,4,4,4,4,6,3,2,5,2,6,4,2,3,2,2,4,2,5,5,3,2,5,3,5,4,5,6,5,2,3,5,3,3,3,4,5,2,3,2,6,6,3,2,5,2,5,3,6,2,5,2,6,6,4,3,2,6,6,5,3,5,5,2,2,2,4,2,4,4,4,4,5,5,5,5,2,2,2,3,3,3,2,NA,6,2,2,2,5,4,4,5,3,2,3,6,3,6,3,5,6,6,6,4,6,4,4,5,1,3,4,5,4,3,6,4,5,4,5,4,5,5,5,5,5,5,4,4,6,6,6,5,6,4,5,4,6,5,5,5,5,5,4,5,4,5,5,5,4,3,3,4,4,3,4,4,5,5,4,4,5,5,4,3,3,4,4,4,5,5,4,5,5,4,3,2,2,3,3,2,2,3,3,2,4,4,5,5,4,4,3,4,4,4,3,3,3,3,4,4,5,6,4,3,3,2,1,2,3,3,4,3,4,2,4,4,5,5,5,5,4,4,4,5,5,4,4,5
2,3,4,2,2,1,1,2,4,2,2,5,2,2,1,3,2,2,3,3,4,4,3,2,1,2,1,3,4,1,2,3,2,1,1,2,1,2,3,2,1,3,1,2,1,5,6,3,2,2,2,1,1,2,1,2,3,3,1,3,2,5,2,5,2,1,1,2,1,2,3,1,1,4,1,3,3,2,1,1,2,1,2,1,1,3,1,1,1,1,1,2,3,1,4,3,5,3,2,1,1,2,2,1,1,1,3,5,1,2,2,3,1,2,1,2,1,2,1,1,3,1,1,3,1,2,2,2,1,1,1,1,1,2,2,3,2,1,2,1,2,2,1,2,3,2,2,2,4,2,1,2,1,1,1,1,1,1,1,2,2,2,1,1,1,2,1,1,2,1,2,2,3,1,1,2,3,4,2,1,2,2,2,3,1,2,2,1,1,1,2,2,2,2,1,1,3,2,1,3,3,3,1,1,2,1,1,1,1,2,1,2,1,3,1,1,3,2,3,1,2,2,2,1,1,2,1,1,1,1,2,2,1,2,3,1,3,2,2,NA,1,1,2,2,1,4,1,1,2,3,1
2,3,3,2,3,4,3,2,5,4,5,4,4,5,3,4,4,4,6,6,5,4,5,4,5,4,4,5,5,2,5,2,4,4,3,4,3,4,3,3,1,3,1,3,1,3,NA,3,2,3,3,2,3,3,2,3,4,4,3,3,2,3,3,3,4,3,3,3,1,3,4,NA,2,3,2,3,2,2,3,2,4,4,3,2,4,4,3,3,3,2,2,3,2,2,3,3,4,2,2,2,3,4,2,3,2,2,2,3,2,4,2,4,1,4,2,2,4,3,3,2,2,4,3,2,3,2,3,2,4,2,2,2,3,3,2,3,2,2,3,2,3,3,2,2,2,3,3,2,3,3,3,2,6,6,2,5,3,2,3,4,2,3,3,2,3,3,2,3,3,4,3,2,4,4,3,3,2,2,3,4,4,3,2,3,3,2,4,4,2,4,2,2,2,2,3,3,4,3,1,2,2,3,2,2,3,3,2,3,3,2,3,3,3,2,3,2,3,4,3,2,3,4,2,3,3,2,3,2,2,3,4,3,2,4,2,2,3,2,2,2,3,3,2,4,3,2,4,3,2,3,3
2,1,4,1,3,1,1,3,3,3,3,3,3,1,2,3,2,2,1,1,2,2,2,2,3,2,1,3,5,1,5,2,1,1,1,3,1,2,4,1,1,1,1,1,1,2,1,1,2,1,4,1,2,2,2,1,1,1,1,6,1,1,1,2,1,1,1,1,1,1,1,3,1,1,1,1,4,3,4,1,2,2,3,1,1,3,1,1,1,1,3,2,1,3,NA,4,3,1,2,4,2,3,3,3,2,4,2,3,4,2,5,3,2,2,3,4,5,2,3,5,5,3,2,1,5,3,4,4,2,4,3,4,5,2,4,2,5,2,3,3,2,3,4,2,4,5,2,3,4,3,3,2,3,2,4,3,2,3,4,3,2,1,3,3,1,4,1,3,3,3,2,NA,4,1,5,2,2,1,3,2,3,4,2,2,3,2,3,4,3,3,2,3,2,3,3,2,2,3,2,4,3,3,2,2,2,1,3,4,5,3,3,3,3,2,NA,3,2,3,2,2,4,4,2,5,3,3,4,5,3,2,3,3,1,1,2,3,4,3,4,1,3,3,2,5,3,4,2,3,4,2,4
3,5,1,1,1,1,2,2,1,1,1,6,2,3,1,1,1,1,1,4,NA,5,2,2,5,1,1,1,3,1,1,1,1,1,1,1,2,3,2,4,1,1,4,1,1,4,NA,2,3,2,5,3,2,1,1,2,1,1,1,2,2,1,1,4,3,2,1,1,1,3,1,2,1,1,1,2,2,1,4,1,1,3,1,1,1,1,2,5,2,1,1,3,4,2,1,5,3,6,1,1,2,1,2,2,2,4,1,5,3,6,1,2,1,4,1,1,1,3,1,1,1,1,1,2,3,2,3,1,2,4,2,1,1,2,2,1,1,4,1,3,5,3,2,1,1,1,1,1,1,4,3,1,1,1,1,1,1,1,1,2,3,1,4,2,5,2,1,1,NA,1,2,4,3,1,1,4,2,1,1,1,1,3,1,4,5,1,3,4,1,3,2,4,1,4,3,2,2,6,1,3,4,3,2,4,2,1,1,1,1,2,3,1,1,3,1,1,4,3,2,1,4,2,4,2,1,1,1,1,2,1,3,1,3,1,1,3,1,3,1,1,6,1,4,1,1,2,3,1,2,2,1
1,3,2,1,2,3,1,2,2,3,3,5,1,1,1,1,1,3,2,2,3,1,1,1,1,1,1,1,3,1,2,2,1,1,1,3,1,1,1,1,1,2,1,2,1,3,2,1,1,1,3,2,2,1,2,1,1,1,1,1,1,3,2,3,3,2,2,1,1,1,2,2,1,2,2,2,2,3,2,1,2,2,2,1,2,3,1,1,1,1,1,2,2,1,1,2,2,2,2,1,1,1,1,1,1,1,1,3,1,2,1,1,1,2,1,1,1,1,2,1,1,2,2,3,3,1,1,1,1,2,1,1,1,1,1,2,1,1,1,3,1,1,1,1,1,1,1,2,2,2,1,3,2,1,1,2,1,2,1,2,1,1,1,2,2,1,1,2,1,2,2,2,2,1,1,2,2,1,2,2,1,2,2,2,1,2,2,2,1,1,1,2,2,2,2,1,2,2,1,1,1,2,2,1,1,3,2,2,1,1,1,2,1,2,1,1,2,1,2,1,1,1,1,1,2,1,1,1,1,1,2,1,2,2,2,1,1,2,1,1,1,1,2,1,1,3,1,1,3,2,1
2,1,2,1,1,1,1,2,2,1,1,2,1,1,1,2,1,2,2,1,1,3,1,2,2,1,1,1,3,1,2,1,1,1,1,1,1,1,2,1,1,2,1,2,1,4,2,1,2,1,3,1,1,1,1,1,1,2,1,3,1,1,1,4,NA,1,2,1,1,1,1,1,1,2,1,3,2,3,1,1,2,2,1,1,3,1,1,1,2,1,1,1,1,1,1,1,1,1,2,1,1,3,1,1,1,2,1,2,1,2,1,1,1,1,2,1,1,3,1,1,2,1,1,3,1,1,1,1,1,1,1,1,2,1,1,1,1,1,1,4,1,1,2,1,1,1,2,1,2,1,1,4,2,1,1,1,1,1,1,1,1,1,1,1,1,1,1,1,2,2,1,2,1,1,3,1,2,1,1,1,1,1,1,1,2,1,1,1,1,1,1,3,1,1,1,1,1,3,2,1,1,3,1,1,1,1,1,1,1,1,2,1,2,3,1,1,1,1,3,1,2,1,1,1,1,1,1,1,1,1,1,1,2,1,1,1,1,1,1,1,2,1,1,1,1,3,1,1,2,1,1
3,4,4,6,5,4,4,3,3,6,4,6,3,3,4,6,3,5,5,2,2,3,2,2,2,2,3,4,5,1,4,3,1,4,2,5,2,2,4,3,2,3,1,4,1,5,4,2,2,2,2,2,4,3,4,3,3,2,1,3,3,5,4,5,3,3,5,2,2,3,5,1,2,4,3,4,5,2,2,2,3,3,3,2,4,4,3,3,3,3,3,3,5,3,4,5,4,5,3,3,3,3,3,1,2,1,2,5,3,4,3,3,3,4,3,3,3,3,3,3,4,2,2,4,2,2,2,2,2,4,3,2,2,2,4,5,2,2,2,5,3,1,1,1,2,2,4,2,4,2,NA,3,3,3,3,3,3,2,2,2,2,2,2,2,4,3,3,3,3,4,3,3,4,3,3,3,3,4,2,2,2,2,5,4,3,3,4,3,3,3,3,2,4,2,2,2,2,3,3,2,2,2,2,2,2,3,3,4,3,3,5,4,3,5,3,3,3,3,3,3,3,4,2,2,2,2,2,2,2,2,3,3,3,5,5,3,4,4,3,3,3,4,4,3,3,4,1,3,4,3,3
1,1,6,2,1,5,1,1,5,1,1,2,1,1,1,1,1,2,1,1,1,1,1,1,1,1,1,1,2,1,2,4,1,1,1,2,1,1,4,1,1,5,1,1,1,1,4,1,1,1,1,1,1,1,3,1,1,2,1,2,1,2,1,2,1,1,1,1,1,1,1,1,1,1,1,4,1,1,1,1,1,1,1,1,6,5,1,1,5,1,1,1,2,1,1,2,2,1,1,1,1,2,1,1,1,1,1,4,1,4,2,2,1,1,1,1,1,1,1,1,3,1,1,5,1,1,1,1,1,1,1,2,2,1,1,1,1,1,1,2,1,1,4,1,2,2,1,1,2,NA,2,4,5,1,1,4,4,1,1,1,1,1,2,1,1,1,1,1,3,2,2,2,1,1,4,1,1,1,1,1,1,1,1,2,1,1,1,1,1,1,1,1,3,1,1,1,4,2,1,1,1,2,1,1,1,1,1,1,1,1,2,1,4,4,1,4,1,1,1,1,2,1,1,1,5,1,1,1,1,1,1,1,1,1,1,1,2,1,1,1,4,1,1,4,1,3,1,1,1,1,1
