"serenity","eyelids","tutors","warts","therapies","chore","turbulent","puddle","disarming","fencer","swimmer","reprehensible","exploits","submits","sharpen","soles","beggars","unprepared","conspiracies","parrots","coven","halo","milky","breaths","unionist","enraged","jingle","poser","discretionary","seventy","insanely","crickets","grandeur","loaned","politicos","pups","visage","beauties","reputed","upbringing","disciplined","confer","grate","intuit","oats","transducer","bouts","deduced","moustache","stripper","aberration","consolation","sneer","cores","intertwined","guidebook","outbound","pondered","shuddered","competes","congregations","unfolding","armpits","sacrificial","waterfront","amaze","plagued","cyclic","subdued","refine","molding","pledges","bloodstream","jug","blackened","dries","obscured","garnet","unmarked","densities","helpers","thunderbolt","revolting","plotted","predominant","misrepresenting","circumvent","servitude","pant","explorations","effortlessly","emporium","surrogate","welt","dispersion","relativism","indeterminate","volatility","foliage","woodworking","polymers","speciality","leases","gunslinger","intensify","libelous","welding","highschool","bunker","pajamas","mavericks","prevailed","conforms","gazing","modesty","snowy","prune","polygamy","slowest","sickening","knack","suitably","platter","upholding","forceful","approximations","piers","porcelain","divisional","kinder","categorized","puma","swam","conductors","impede","adopts","turnpike","aroma","culinary","bounded","ascent","pronouncing","safeguard","administration's","carpal","inks","blacked","strides","brunette","budding","watered","hiatus","bourgeois","intently","softness","troublemaker","brigades","siphon","espouse","gripped","buckles","manipulations","preached","fox's","blueprints","schism","wizardry","excise","sighs","cereals","warring","merchandising","lye","bakery","hardships","cavern","expanse","effortless","decor","brightly","connotations","polishing","mould","perceives","graceful","birthright","creepy","flashy","airspace","divergence","predetermined","tavern","lacy","ply","gasket","complexion","aides","escorted","divides","rearrange","marvels","whacked","planetarium","burdens","upsetting","beech","waged","publicized","misunderstandings","functioned","rejections","matriarchal","theorist","spatula","cognition","cocked","cabaret","money's","juncture","witnessing","coy","rectifier","progressing","scribe","anticipating","stringent","fueled","understatement","signaling","monstrous","unattended","onslaught","craze","limousine","rundown","gloss","meld","warships","squeal","reinforcement","banal","cluttered","crackdown","heart's","bitterly","disagreements","manly","streamlined","barracks","disapproval","photographed"
2,1,1,1,2,1,1,1,1,1,1,3,3,2,1,1,2,1,3,1,1,2,1,3,1,2,3,1,2,1,1,1,4,3,1,1,3,1,1,1,5,2,1,4,1,3,1,3,5,1,4,1,1,1,1,1,1,1,1,2,1,1,1,4,1,1,5,6,5,4,1,1,1,1,1,1,4,1,1,4,1,1,1,1,2,1,4,2,1,1,2,1,4,1,3,2,1,2,5,1,3,4,3,3,3,5,1,1,1,3,2,3,1,2,1,1,1,4,1,1,5,4,1,1,3,1,1,5,2,1,3,1,1,1,1,1,1,2,1,1,5,4,1,2,4,1,1,1,5,2,1,6,6,1,2,1,4,5,6,1,2,1,1,1,1,5,2,3,1,6,3,1,5,1,1,1,1,1,3,1,2,1,5,3,2,1,1,1,1,4,1,1,1,3,2,3,1,1,1,4,1,5,3,1,1,3,3,4,2,4,3,6,6,4,3,1,6,1,4,1,3,4,1,2,3,4,6,3,1,4,1,3,2,6,1,1,1,1,5,4,3,1,1,1,2,1,1,1,4,2,3
1,1,1,1,4,1,2,1,1,2,1,1,1,1,1,1,1,1,3,1,2,1,1,1,1,1,1,1,5,1,1,1,5,1,4,1,4,4,4,1,3,1,1,1,1,1,2,1,5,1,1,2,1,1,1,1,1,1,1,1,1,1,1,5,1,1,5,1,1,1,1,1,1,1,1,1,2,1,1,1,1,1,1,1,1,1,1,1,1,1,1,1,4,1,2,1,4,1,3,1,2,2,1,1,1,4,1,1,1,1,1,1,1,1,1,1,1,2,1,1,1,1,1,1,1,1,2,5,3,1,1,4,1,1,1,1,1,1,1,1,3,1,3,1,2,1,1,1,3,1,1,2,6,1,1,3,4,4,2,1,1,1,1,1,1,3,1,2,5,3,1,1,1,1,1,1,1,1,1,3,1,1,5,3,1,1,1,1,1,1,1,1,1,1,1,3,1,1,1,1,1,1,1,1,1,1,1,1,1,2,2,3,3,1,2,1,6,1,2,1,1,3,1,1,1,1,1,1,1,1,1,4,1,5,1,1,1,1,2,1,1,1,1,1,1,1,1,1,3,1,4
3,1,3,1,3,2,2,1,1,2,1,5,1,2,1,3,3,2,4,1,1,1,1,3,4,2,1,1,5,4,3,2,5,5,6,1,3,3,2,2,4,2,1,2,1,6,1,2,6,1,2,2,1,1,4,2,1,1,1,2,2,1,1,3,1,1,4,2,1,1,2,4,1,1,3,3,3,2,1,2,1,1,1,1,1,1,2,2,1,2,1,1,3,1,1,2,2,1,5,2,2,1,2,1,2,3,2,4,1,1,1,2,1,3,2,1,2,2,2,1,5,2,1,2,2,3,4,4,2,1,2,1,1,1,2,1,1,2,1,2,4,3,2,2,1,1,1,2,4,1,1,6,6,2,1,2,6,6,6,1,1,2,3,1,1,6,1,3,4,4,2,2,1,1,1,1,1,1,1,2,2,2,3,2,3,2,1,1,3,4,3,1,2,1,NA,NA,1,1,2,3,1,2,2,2,2,1,2,3,3,3,3,5,3,1,3,1,5,1,2,2,1,4,2,1,1,2,3,2,1,1,1,2,1,5,1,1,1,1,1,4,3,2,3,1,2,2,1,3,2,2,6
1,1,1,1,1,1,1,1,1,1,1,1,1,1,1,1,1,1,1,1,1,1,1,1,1,1,1,1,1,1,1,1,5,1,1,1,1,1,1,2,2,1,1,4,1,4,3,1,5,1,3,3,1,1,1,2,1,1,1,1,2,1,1,5,1,1,4,4,1,1,1,1,1,1,1,1,3,1,1,2,1,1,1,1,1,1,2,1,1,1,1,3,3,1,1,1,1,2,3,1,4,3,1,2,1,3,1,1,1,1,1,1,1,1,1,1,1,3,1,1,2,3,1,1,1,3,3,3,1,1,2,1,1,1,1,1,1,1,3,1,2,4,1,2,1,1,1,1,3,1,1,4,4,1,1,1,1,4,4,1,1,1,1,1,1,4,1,1,1,1,1,1,4,1,1,1,1,1,3,1,1,1,1,1,1,1,1,1,1,1,1,1,1,1,1,3,1,1,1,1,1,1,2,1,1,1,1,1,1,1,1,3,3,1,1,1,5,1,1,1,1,1,1,1,1,1,1,1,1,3,1,3,1,4,1,1,1,1,2,2,3,1,1,1,1,1,1,1,1,1,1
6,1,1,1,6,1,6,1,1,1,1,6,5,4,1,1,1,1,4,1,3,1,1,1,5,1,1,1,6,4,4,4,6,1,5,1,6,4,4,1,6,1,1,3,1,5,4,5,6,1,6,5,1,1,1,1,1,3,3,3,6,1,1,6,1,1,4,6,3,1,1,5,1,1,3,3,4,3,1,5,1,1,4,1,6,6,6,6,1,6,6,6,6,2,4,6,6,6,6,1,5,5,1,1,3,6,1,1,1,3,4,5,1,1,6,3,1,6,1,3,5,6,1,1,1,4,4,5,5,1,3,3,1,1,1,5,1,5,3,3,3,3,1,6,5,5,4,2,4,1,3,6,6,6,2,2,5,5,4,1,5,5,3,3,1,6,6,6,6,3,6,6,5,1,1,2,2,1,1,2,4,4,1,1,1,1,1,1,1,5,5,5,1,1,3,3,1,3,3,4,4,4,6,6,1,1,1,4,4,4,4,4,4,6,6,4,6,1,6,4,1,5,4,3,NA,4,1,1,6,6,4,6,5,5,1,1,1,1,6,5,4,1,1,3,3,3,1,1,6,6,6
3,1,2,1,4,3,4,2,1,2,1,5,4,5,2,5,4,4,4,3,2,1,1,3,5,3,2,3,6,4,4,2,6,4,5,1,5,5,4,1,4,4,1,4,1,3,4,2,5,3,5,5,1,1,3,1,1,2,2,2,4,2,1,4,1,1,6,5,5,1,1,6,1,1,1,1,4,1,4,5,1,1,5,4,4,3,5,5,1,2,3,5,5,1,3,3,5,6,6,1,4,4,3,1,1,6,1,1,1,1,1,3,1,1,1,1,1,4,1,1,6,2,1,1,1,3,5,5,4,1,1,1,6,3,5,5,1,3,1,3,5,5,1,1,4,3,1,3,3,3,1,6,6,3,3,1,5,6,6,3,3,1,4,1,1,6,5,5,6,2,3,3,5,1,1,1,2,2,2,1,3,4,4,5,1,1,3,1,1,5,5,1,3,3,2,1,5,2,4,1,2,4,4,1,1,2,4,1,1,3,3,6,5,5,2,2,6,1,3,1,5,6,1,3,1,6,5,1,4,6,3,6,5,6,1,1,1,1,5,1,6,2,1,1,3,1,1,1,5,1,3
4,5,4,5,6,6,5,4,3,4,6,2,3,5,5,4,4,4,4,6,6,4,5,5,5,4,2,6,2,2,4,4,3,5,3,6,3,5,NA,4,6,3,4,5,6,5,4,3,4,4,4,5,5,5,5,2,3,4,5,6,5,4,4,5,6,4,4,6,5,5,5,3,2,4,5,6,3,4,5,3,4,5,4,4,3,2,4,NA,3,5,6,3,6,3,4,5,4,6,6,4,3,4,5,6,4,4,5,5,3,3,4,5,1,2,1,4,3,1,5,3,2,4,5,4,3,5,6,5,4,3,2,1,3,4,3,4,6,5,4,5,5,6,5,4,5,5,3,4,5,6,6,1,2,1,1,4,3,5,6,4,1,4,3,5,3,6,3,1,4,5,4,3,2,5,6,3,5,3,4,4,6,3,4,5,6,3,4,2,5,4,3,5,6,5,4,3,2,5,6,4,5,6,4,3,5,3,4,5,4,3,6,4,5,4,6,5,4,6,5,5,5,5,2,3,4,NA,4,2,4,2,5,2,3,5,3,4,5,4,6,4,5,6,5,5,5,3,2,3,4,3,2
1,1,2,2,5,5,5,5,5,5,5,6,6,6,6,6,6,6,6,6,6,1,6,1,6,6,1,5,6,5,5,5,5,5,5,5,5,5,5,5,5,5,5,1,3,4,4,4,6,4,4,4,4,4,4,4,4,5,5,5,5,5,5,5,5,6,6,6,6,6,6,6,6,6,6,6,6,6,6,6,6,6,6,2,5,5,5,5,5,5,5,5,5,5,5,5,5,5,5,2,5,5,5,5,5,5,5,5,5,5,5,5,5,5,5,5,5,5,5,5,5,5,5,5,5,5,5,5,5,5,5,5,5,5,5,5,5,5,5,5,5,5,5,5,5,5,5,5,5,5,5,5,5,5,5,5,1,5,5,5,5,5,NA,5,5,5,5,5,5,5,6,6,1,5,5,5,5,5,5,5,5,5,5,5,6,6,6,6,6,6,6,6,6,1,4,5,5,5,6,6,6,6,6,6,6,6,6,6,6,6,6,6,6,6,6,6,6,6,6,6,1,NA,NA,2,4,2,4,4,4,4,4,4,4,4,4,4,4,4,4,4,1,4,4,4,4,4,4,4,4,6,5
1,2,1,1,1,3,2,1,1,1,1,4,4,1,1,3,4,1,2,3,2,1,1,3,3,1,1,1,3,1,2,1,5,4,5,1,4,3,2,1,1,1,1,2,3,2,4,3,5,1,4,2,3,4,2,3,2,1,1,1,2,1,1,1,1,1,5,1,2,1,1,1,1,1,1,1,4,1,1,1,1,1,1,1,1,1,3,3,1,1,1,1,5,1,4,1,1,4,4,1,1,1,1,3,1,5,1,3,1,1,2,3,1,1,1,1,1,1,1,1,3,1,1,1,1,1,NA,4,4,1,2,1,1,1,3,3,1,1,2,1,5,3,3,1,1,1,1,1,3,1,2,4,6,1,1,3,5,6,6,1,2,1,2,1,1,5,1,3,4,2,1,1,3,1,1,1,2,1,1,1,1,1,3,4,1,3,1,1,2,4,1,1,1,1,1,1,3,1,1,2,1,2,1,1,1,1,1,1,1,1,1,3,1,1,1,2,2,1,1,1,1,2,1,1,1,2,3,2,1,4,1,2,1,5,1,1,1,1,3,1,1,1,1,1,1,1,1,1,2,1,3
2,5,3,2,4,3,5,4,2,5,2,5,2,3,4,4,2,3,5,2,1,3,1,4,3,5,4,3,5,2,3,4,2,3,1,1,5,3,4,4,3,4,1,2,2,5,3,2,6,3,6,3,1,2,2,3,2,4,2,4,5,3,1,6,3,2,3,5,4,2,3,2,3,4,2,3,5,2,2,4,1,5,3,2,3,5,2,3,5,1,4,4,3,2,4,NA,3,4,2,1,5,6,3,2,4,6,2,6,1,2,3,4,2,5,3,1,1,4,5,3,2,4,3,4,3,5,2,6,2,1,4,2,3,4,5,1,2,4,3,1,6,5,3,4,1,2,3,1,4,2,3,6,6,1,3,4,5,6,6,2,1,3,NA,2,4,6,5,3,4,2,3,5,2,1,3,2,4,2,1,5,4,6,4,2,3,4,1,2,5,4,2,3,4,3,1,4,2,5,3,4,2,3,5,1,2,4,3,6,4,3,4,5,6,3,5,1,4,2,3,4,1,2,4,5,2,3,4,2,3,4,2,4,3,6,4,2,1,5,4,3,4,2,1,4,4,3,1,2,2,4,5
2,1,1,1,1,3,1,2,1,1,2,4,3,1,1,1,2,1,3,2,1,1,1,2,3,2,3,2,2,1,2,3,5,2,2,1,2,1,1,1,2,1,1,3,2,1,2,2,3,2,2,1,1,1,1,2,1,1,2,1,2,1,1,2,1,2,2,3,1,1,1,2,1,1,1,2,2,1,1,2,1,1,2,1,2,3,2,1,1,1,1,2,1,1,1,2,1,1,3,1,3,1,1,2,2,5,1,1,1,3,1,2,1,1,2,1,1,4,1,1,6,1,1,1,1,3,2,5,1,1,1,2,1,1,2,1,1,2,3,2,1,2,1,1,2,1,1,1,2,2,1,2,5,1,1,3,2,5,5,2,1,2,1,1,1,4,1,2,3,2,2,1,3,1,1,2,1,2,3,2,2,1,2,3,1,1,2,1,1,1,1,3,2,2,1,1,1,1,1,2,1,3,2,1,1,2,1,2,1,1,2,4,3,1,3,1,4,1,1,1,1,3,1,1,2,3,2,1,2,3,1,1,1,5,1,1,1,1,3,2,2,2,1,1,1,2,1,1,2,2,3
3,2,2,1,2,3,4,2,2,3,2,4,4,2,3,2,3,2,2,3,4,4,3,3,5,3,2,3,4,1,2,2,5,4,3,1,2,3,2,1,1,1,1,3,2,2,3,2,4,1,4,3,2,1,3,2,1,1,2,2,3,2,1,3,1,1,2,4,3,2,3,2,1,1,2,3,2,1,1,2,1,1,2,1,2,3,2,2,1,1,1,2,1,1,3,2,1,2,4,2,3,4,3,1,2,3,2,1,1,4,3,2,1,1,2,1,1,3,2,3,4,2,1,1,1,3,3,3,2,2,3,2,3,2,3,2,1,3,3,2,4,3,3,4,3,3,2,3,4,1,3,5,6,2,2,3,3,5,5,2,2,2,2,6,1,5,4,3,2,3,2,4,6,2,1,1,3,2,4,1,2,2,4,1,1,2,1,3,3,2,2,3,1,2,1,1,1,2,1,2,3,4,3,2,3,2,3,3,2,2,3,4,4,4,3,2,3,4,5,3,2,4,3,4,2,5,4,2,1,4,2,3,2,5,3,2,3,3,4,2,5,2,2,3,2,2,1,2,4,2,3
1,1,3,4,5,6,3,NA,3,3,1,2,2,6,1,2,4,1,5,2,5,4,4,4,2,1,2,2,2,4,1,5,3,1,3,4,4,5,5,1,2,1,3,6,1,5,4,3,2,2,1,3,5,4,2,2,2,1,2,5,3,2,1,2,2,3,6,1,6,5,3,4,1,2,1,1,3,1,2,1,5,4,4,2,3,1,1,1,4,3,NA,4,5,6,1,2,1,2,4,3,2,1,1,4,4,4,1,5,6,5,5,3,2,1,1,1,2,2,5,4,2,2,3,3,3,1,3,5,1,2,5,5,3,1,2,4,2,1,6,2,1,1,3,5,3,2,2,2,4,1,6,3,2,4,2,NA,2,5,4,2,5,1,5,4,6,6,3,1,3,2,6,6,5,1,2,2,1,1,1,4,4,NA,6,2,1,2,1,3,NA,4,6,1,6,2,2,4,5,2,1,2,3,2,1,5,5,1,2,5,1,4,5,6,6,4,2,1,NA,3,4,2,2,1,6,5,6,3,2,2,1,4,3,1,2,1,6,2,2,1,1,5,3,3,2,3,6,1,2,2,5,6,1
1,3,2,1,3,2,2,1,1,1,1,2,2,1,1,1,2,1,2,2,1,2,1,3,3,2,1,1,2,1,3,1,6,2,3,1,3,4,3,1,3,1,2,3,2,3,3,2,5,1,5,4,3,3,1,3,2,1,1,3,2,1,1,4,3,2,4,6,2,2,2,2,3,1,1,3,4,1,1,3,1,1,2,1,2,2,4,3,1,2,2,3,4,1,3,4,3,5,6,2,4,5,3,1,1,5,1,2,1,1,1,2,1,2,1,1,2,3,2,1,6,3,1,1,1,2,5,6,3,5,2,4,2,2,3,3,1,2,3,3,4,2,3,4,1,1,1,2,3,1,2,6,6,1,1,2,3,5,3,1,1,3,3,3,3,6,2,4,3,6,1,3,4,3,1,1,3,1,2,6,3,1,5,3,2,4,1,1,2,4,2,1,4,5,2,4,3,1,1,3,2,3,4,2,1,2,3,6,1,4,4,5,4,2,4,2,5,2,3,2,6,4,2,2,1,3,5,2,1,3,2,5,2,4,1,1,1,1,1,2,4,1,1,1,1,1,1,1,2,1,3
3,1,1,1,2,3,2,1,1,1,1,2,3,1,1,1,1,2,2,1,1,2,1,3,4,2,1,2,4,2,2,1,4,1,3,1,1,3,3,2,3,2,2,3,4,3,2,2,3,2,4,2,1,1,1,3,3,2,1,2,3,2,1,4,2,2,4,3,3,2,2,3,2,1,1,2,3,2,2,3,2,2,2,2,3,NA,4,3,1,2,2,5,5,NA,2,3,2,4,4,2,4,2,3,2,2,3,2,3,2,4,3,3,2,2,2,2,2,4,2,2,6,5,1,1,2,3,4,4,2,2,2,3,1,1,1,1,1,2,3,1,3,2,2,2,2,2,2,2,4,2,2,6,6,3,2,4,4,6,6,2,2,4,2,4,2,6,5,2,4,2,3,4,5,2,2,3,2,3,4,5,2,2,4,2,2,2,4,2,3,4,3,2,2,1,2,3,3,2,2,2,2,4,4,2,2,2,3,3,2,2,3,6,4,6,2,2,4,2,2,2,1,3,2,2,3,5,5,3,1,4,2,3,2,5,2,1,1,1,3,2,2,2,2,3,2,2,3,3,3,3,5
3,1,2,1,3,2,2,2,1,3,2,6,5,1,1,3,2,3,5,2,3,1,2,4,2,3,1,4,6,1,1,1,6,3,4,1,6,3,2,1,4,2,1,6,1,1,2,1,5,2,2,1,2,1,3,1,1,3,4,1,2,1,1,4,1,1,3,4,3,1,1,2,1,1,3,2,3,1,2,3,1,1,1,2,2,1,5,4,1,3,1,4,5,1,3,4,6,6,5,1,3,4,2,1,3,6,1,1,1,4,3,5,1,2,2,1,2,3,1,1,6,5,2,1,1,5,5,6,4,4,3,1,1,1,5,5,1,1,2,1,5,1,1,5,4,1,1,1,3,2,2,6,6,2,1,1,3,6,6,2,3,4,1,1,1,6,3,5,5,4,2,1,6,3,1,1,2,1,3,3,5,1,3,4,1,1,1,1,1,2,3,2,1,1,2,4,3,1,2,2,1,4,4,NA,2,3,3,5,1,2,3,6,4,5,3,1,6,3,4,2,3,6,2,1,4,3,1,1,2,5,2,5,1,6,1,3,1,1,5,4,3,2,1,3,3,2,1,1,4,2,3
1,1,1,1,1,1,1,1,1,1,1,3,1,1,1,1,1,1,2,1,1,1,1,3,4,1,1,1,4,1,1,1,3,1,4,1,3,2,1,3,2,1,1,2,1,1,1,1,5,1,1,1,1,1,3,1,1,1,1,NA,1,1,1,3,1,1,2,NA,4,1,1,3,1,1,2,1,3,1,1,3,1,1,1,1,1,1,1,1,1,1,1,3,4,1,1,2,3,1,2,1,1,2,1,1,1,3,1,3,1,1,1,2,1,1,1,1,1,5,1,3,6,3,1,1,1,3,2,4,1,1,1,1,1,1,1,1,1,1,1,1,3,4,2,3,1,1,1,1,1,1,1,4,3,1,1,1,1,5,3,1,1,1,1,1,1,3,2,2,4,3,1,1,3,1,3,1,2,1,1,3,2,3,2,3,1,1,1,1,1,1,1,1,1,1,1,1,1,3,1,1,1,3,2,1,1,2,1,3,1,3,1,3,2,4,2,1,1,1,1,2,1,2,3,4,2,3,4,1,1,3,2,5,1,5,1,1,1,3,4,2,1,1,1,1,1,1,1,1,1,1,1
1,1,3,1,4,5,5,3,1,3,1,6,3,1,1,5,1,1,6,3,1,4,3,3,3,5,1,1,4,4,3,1,6,3,4,1,3,3,5,1,3,1,1,6,4,1,3,1,5,1,4,1,1,1,3,1,1,3,5,4,1,1,1,6,1,1,4,6,2,1,1,3,1,1,3,1,5,1,1,5,1,1,1,4,1,1,4,1,1,1,1,5,5,1,1,1,3,6,6,1,5,6,2,1,1,6,1,1,1,1,3,1,1,1,2,1,1,4,1,3,6,4,1,1,1,5,5,5,1,1,1,1,1,2,2,2,3,4,1,2,1,1,1,1,1,1,1,1,3,1,2,5,6,6,1,1,4,6,NA,1,1,4,3,4,1,6,5,6,5,5,1,4,6,4,1,3,4,1,1,3,1,1,4,3,1,1,1,1,1,3,1,2,1,6,1,2,1,2,4,1,1,3,4,3,1,1,3,2,1,4,1,5,4,5,1,1,4,1,1,3,1,3,1,1,3,3,1,1,3,4,1,1,1,4,1,1,1,1,2,1,5,1,1,2,1,1,1,1,3,1,3
4,3,4,2,5,2,5,2,6,3,4,6,5,4,4,2,5,3,5,4,4,3,4,5,5,5,3,2,5,4,5,5,5,5,4,2,4,5,4,5,5,4,2,4,3,5,2,4,5,3,4,5,2,2,4,3,3,4,5,4,3,4,3,4,3,3,4,3,5,2,4,3,1,1,5,3,5,5,4,5,4,5,5,5,4,5,5,5,2,5,5,4,4,2,5,5,5,3,2,5,5,5,5,4,4,5,4,3,6,5,5,5,5,2,6,2,3,4,4,4,3,5,4,4,4,5,4,6,4,3,5,2,2,4,2,2,5,4,5,5,3,4,4,6,4,3,5,4,3,5,5,4,5,4,3,5,5,5,5,5,5,5,5,3,6,4,5,1,3,3,4,5,3,4,3,3,4,3,3,5,4,5,3,3,4,5,5,4,3,6,6,5,1,4,4,5,3,5,5,6,2,3,5,3,4,4,5,4,3,3,4,3,2,4,4,4,4,3,4,4,2,6,4,4,4,5,4,5,5,5,4,4,2,3,2,2,3,3,5,5,2,3,3,2,4,4,2,5,5,5,5
2,4,2,6,NA,NA,4,2,NA,NA,6,3,NA,2,2,1,NA,3,5,NA,2,NA,5,1,3,6,5,NA,2,3,1,NA,NA,NA,NA,NA,NA,3,3,3,3,3,3,3,3,3,1,3,1,4,3,1,1,1,1,4,1,NA,2,4,4,NA,2,4,3,NA,NA,NA,NA,NA,NA,NA,NA,NA,NA,NA,NA,NA,NA,NA,NA,NA,NA,NA,NA,NA,NA,NA,NA,NA,NA,NA,NA,NA,NA,NA,NA,NA,NA,NA,NA,NA,NA,NA,NA,NA,NA,NA,NA,NA,NA,NA,NA,NA,NA,NA,NA,NA,NA,NA,NA,NA,NA,NA,NA,NA,NA,NA,NA,NA,NA,NA,NA,NA,NA,NA,NA,NA,NA,NA,NA,NA,NA,NA,NA,NA,NA,NA,NA,NA,NA,NA,NA,NA,NA,NA,NA,NA,NA,NA,NA,NA,NA,6,NA,NA,6,NA,NA,4,6,NA,NA,NA,NA,NA,NA,NA,NA,NA,NA,NA,NA,NA,NA,NA,NA,NA,NA,NA,NA,NA,NA,NA,NA,NA,NA,NA,NA,NA,NA,NA,NA,NA,NA,NA,NA,NA,NA,NA,NA,NA,NA,NA,NA,NA,NA,NA,NA,NA,NA,NA,NA,NA,NA,NA,NA,NA,NA,NA,NA,NA,NA,NA,NA,NA,NA,NA,NA,NA,NA,NA,NA,NA,NA,NA,NA,NA,NA,NA,NA
2,3,2,3,NA,6,3,4,5,2,3,4,2,1,4,1,2,2,5,2,1,1,1,6,6,2,3,1,4,1,2,3,2,3,5,2,2,4,1,2,5,2,1,1,3,2,1,1,1,1,3,2,4,2,5,2,1,1,4,2,5,2,1,3,1,1,1,4,3,2,2,4,2,1,2,1,2,1,3,2,1,1,2,3,4,4,5,4,2,4,5,6,5,2,3,3,2,3,4,3,2,3,4,3,3,2,3,3,2,3,4,5,3,2,2,2,2,5,4,3,2,2,2,4,4,5,2,5,4,2,4,2,2,4,2,2,2,2,4,2,2,3,4,6,2,1,1,1,3,2,1,6,5,5,2,4,2,4,5,5,2,1,3,1,1,3,2,1,2,3,2,4,1,2,5,2,3,2,2,2,4,4,2,3,2,3,2,1,2,4,5,2,1,1,1,3,1,1,3,3,2,2,3,2,4,2,2,2,3,2,3,5,2,1,3,2,3,2,1,2,1,3,2,1,2,1,3,5,2,1,4,2,1,4,2,1,1,3,2,4,1,2,4,2,2,5,1,3,2,4,3
5,3,4,1,5,1,1,1,1,1,1,2,1,3,1,1,3,1,3,4,3,2,1,2,5,3,4,1,5,2,4,1,3,2,4,1,1,3,4,1,4,1,1,1,1,1,4,1,2,1,4,4,1,1,1,3,1,1,3,1,1,1,1,5,1,3,6,4,3,1,1,5,3,1,4,3,1,1,1,3,2,1,2,2,1,3,1,2,1,1,2,2,4,1,3,6,4,5,1,1,1,3,4,1,1,1,1,5,1,4,1,1,1,4,2,4,1,4,1,2,5,4,2,3,2,4,3,2,3,1,4,1,1,2,3,1,2,1,2,3,5,5,4,3,2,1,3,2,3,2,4,3,5,2,1,3,4,5,5,4,3,4,3,1,4,5,2,3,5,4,3,6,5,3,1,2,2,3,2,4,3,2,2,5,2,4,3,4,3,4,3,2,1,2,1,2,4,1,2,3,2,2,3,4,2,3,2,3,4,3,2,4,2,2,4,2,4,3,4,2,1,2,2,4,2,3,4,3,4,3,2,5,4,5,4,2,1,1,3,2,5,3,4,3,3,2,1,3,2,3,5
1,3,1,1,1,1,1,1,1,1,1,1,2,1,1,2,1,2,1,1,1,2,1,1,3,1,1,1,2,1,1,1,5,2,1,1,5,5,2,1,3,1,1,2,2,1,3,2,6,1,1,1,1,1,1,2,1,1,1,1,2,1,1,2,1,1,4,3,2,1,1,2,1,1,1,1,1,1,1,1,1,1,2,1,1,1,1,2,1,2,1,2,2,1,3,3,3,1,2,1,2,3,1,1,2,2,1,3,1,1,1,1,1,1,1,1,1,5,1,1,6,3,1,1,1,1,5,3,2,1,2,3,3,1,4,3,1,3,2,1,3,2,1,1,2,2,1,2,1,1,1,5,6,1,1,6,2,4,2,3,1,3,1,2,1,3,2,3,5,4,1,1,5,3,1,1,1,1,1,5,3,1,5,5,1,4,1,1,1,2,1,1,2,3,1,1,2,1,3,1,1,2,2,1,1,1,2,1,1,1,1,3,3,3,1,1,6,1,1,1,5,3,1,1,2,2,2,1,1,3,1,6,2,6,1,1,1,1,1,1,2,1,1,4,1,2,1,1,2,1,4
2,2,2,4,1,3,6,4,5,1,1,4,3,4,5,4,6,1,1,4,3,4,4,1,6,5,2,3,2,3,6,6,6,2,1,4,5,1,5,6,1,2,5,3,3,5,1,6,6,2,3,1,4,2,6,6,1,3,2,1,4,2,5,4,4,2,5,1,2,5,6,1,1,4,2,3,5,2,1,4,4,1,6,2,1,1,6,5,2,5,1,2,4,3,1,5,5,2,5,2,4,4,4,5,1,4,2,2,1,5,1,1,6,3,2,5,4,2,5,2,2,3,1,5,2,1,1,4,6,2,2,5,2,1,4,3,6,2,5,6,2,4,4,1,5,2,5,2,3,1,2,5,3,5,1,2,3,2,3,5,6,5,2,2,5,2,3,2,4,5,2,2,4,5,1,3,3,1,5,2,3,4,3,4,6,2,1,4,2,5,3,1,2,4,1,3,6,4,2,2,3,5,2,2,3,6,4,2,2,4,5,6,3,4,2,2,1,4,1,3,4,4,1,2,6,4,5,2,2,3,3,5,2,2,4,5,3,4,4,1,3,2,1,4,3,3,4,1,4,3,4
4,5,4,5,6,5,5,5,2,4,5,6,5,5,3,6,6,4,5,4,5,6,4,5,6,5,3,5,6,6,6,4,5,4,5,4,6,5,4,3,5,4,4,6,5,3,5,2,5,5,4,6,6,4,5,6,4,3,5,5,6,4,3,5,4,5,6,6,6,5,4,5,6,5,2,5,3,2,4,5,5,6,2,5,5,4,5,6,4,5,6,6,6,6,4,5,6,6,6,3,5,5,6,5,3,6,6,4,5,6,6,6,4,5,4,6,6,6,5,4,5,6,6,5,4,6,5,6,6,5,5,6,6,5,5,4,3,6,6,4,5,5,4,6,5,5,6,4,6,5,6,6,6,4,5,6,6,6,6,5,5,6,5,6,5,6,6,4,5,6,6,6,6,6,5,6,5,6,5,4,5,4,4,3,5,6,5,6,6,6,5,5,6,5,6,4,6,5,4,5,6,5,6,5,4,6,6,6,6,5,5,6,5,6,3,6,6,6,5,4,5,5,5,3,5,6,6,6,6,6,5,6,5,6,4,6,5,5,6,6,6,5,3,6,5,4,6,5,6,3,5
3,1,1,1,2,1,2,1,1,1,1,1,4,1,1,2,1,1,4,1,1,1,1,1,3,1,1,1,3,1,2,1,6,1,1,1,1,1,1,1,2,4,3,5,1,1,5,1,3,1,1,4,4,1,1,1,1,1,1,1,2,1,1,4,1,1,6,2,2,2,1,1,1,1,1,1,2,1,1,2,1,1,1,1,2,2,3,2,1,1,2,3,3,1,4,4,2,2,6,1,6,3,2,1,1,6,1,1,1,1,3,2,1,1,1,1,1,2,1,1,1,2,1,1,1,2,5,4,2,1,2,1,1,1,2,1,1,4,1,1,2,1,1,1,3,1,1,1,1,1,1,6,6,2,1,1,2,6,4,1,1,1,1,1,1,5,2,2,1,1,3,2,6,1,1,1,1,1,1,1,3,1,1,2,1,1,1,1,1,1,1,1,1,1,1,1,1,1,1,1,1,1,5,1,1,3,1,1,1,1,1,4,2,1,1,1,6,1,1,1,1,6,1,1,1,1,1,1,1,1,1,1,1,5,1,1,1,1,1,2,4,1,1,1,1,2,1,1,1,1,1
1,1,1,1,2,1,1,2,1,2,1,3,4,2,1,1,1,2,3,1,1,1,1,2,6,6,3,1,6,2,3,1,5,3,2,1,4,2,1,2,3,1,1,2,1,1,1,1,6,4,3,3,1,1,3,5,2,1,1,3,4,2,2,4,1,3,3,2,1,1,1,1,2,1,2,1,3,1,1,2,1,1,1,1,3,2,2,2,1,2,1,2,5,1,2,3,3,4,2,2,4,4,2,1,2,4,2,1,1,5,2,3,2,2,3,2,2,5,1,2,6,2,1,1,1,4,3,6,4,1,2,1,1,1,2,2,1,2,1,1,3,4,2,2,3,1,1,1,2,1,1,3,5,2,2,2,4,5,4,1,2,2,2,1,1,4,2,2,3,3,1,4,6,2,2,1,1,2,1,2,1,1,3,2,2,1,1,1,1,1,3,2,2,2,1,2,2,1,1,3,3,4,4,2,2,2,2,2,2,3,2,3,2,1,2,2,6,2,3,3,1,3,2,2,5,3,3,4,3,6,3,2,1,5,2,2,1,4,4,5,4,2,3,2,2,5,1,2,5,3,5
