"mite","podium","erratic","unwelcome","frown","untrained","italics","sceptical","amenable","poodle","undermining","tormented","warms","differed","shun","afar","sinners","humankind","shotguns","adaptable","microseconds","satisfactorily","engraved","scant","appreciates","evacuate","rectum","swallowing","tenant","medically","glint","scorn","pinning","dictating","locality","roadside","rhythmic","flicks","cutout","bourbon","rancho","lumps","veritable","mumps","wrinkled","teamed","forked","concentric","woodland","divisive","rockers","longitudinal","starboard","captivity","vertex","needlessly","fullness","likeness","iceman","gland","fasten","teased","manned","plagiarism","forties","deposition","unaffected","minuet","timberline","secluded","pram","warmly","nitrous","reins","evangelist","carton","precedents","decreed","helplessly","sip","cervix","satirical","prologue","flammable","cleans","justifiably","insuring","objecting","eraser","reconnaissance","cancers","scrub","hangar","niece","tantamount","perpetrator","swastika","casing","haiku","apron","irrespective","contentious","penalized","birthplace","convened","materialism","depriving","gracefully","booby","transplanted","pendulum","consular","coercive","terse","sphincter","stub","misdirection","deceit","idealist","preset","typeset","whores","inert","archeological","crouched","forfeited","peeve","pigeons","arches","indelible","veneer","schizophrenic","asterisk","ticking","propel","chewed","familiarize","turret","spectators","stricken","geologist","ranchers","deceived","flatten","loudspeaker","bing","watchman","printer's","tentatively","variously","mnemonic","shamrock","reorganize","limelight","dealer's","fictitious","monogamy","negligence","seductive","conditioner","quirks","bewildered","observant","desiring","altruism","approves","improvisation","volition","arteries","blooms","postmarked","anxiously","reproductions","feudal","refrigerate","film's","pertains","gags","eaters","newsprint","cud","grumble","firm's","comforts","surpassed","robustness","chivalry","mains","bulging","discredited","retinal","pane","pebble","colonialism","astonishment","banding","montage","clockwise","flannel","pests","baptized","crystalline","confessions","belongings","burr","damper","hooray","nineties","cooker","misrepresentation","fetching","unheard","clog","takeoff","admirable","metaphysics","accrue","recurrent","bangs","footprint","unlisted","foreword","cripple","irate","moderates","intensified","devastated","attends","collage","constipation","pathways","allocations","bedside","tombstone","hitters","botanical","mopping","ache","dinners","remembrance","plume","sweetheart","counteract","allot","exterminate","narration","armament","hamster","empirically","journeyman","tequila"
3,3,3,5,4,4,2,3,4,2,2,4,1,4,2,5,2,3,5,3,1,4,2,4,2,5,6,3,3,2,4,1,2,2,2,3,1,2,4,2,5,2,2,4,1,2,5,2,3,4,2,5,2,6,2,2,3,1,3,4,3,5,3,4,2,4,2,6,4,3,3,5,3,2,2,3,4,3,2,4,3,2,5,3,2,5,3,6,1,4,2,4,2,4,6,2,3,4,6,4,2,5,3,2,4,2,4,4,1,4,5,2,4,2,6,3,2,3,4,1,4,2,3,5,3,4,2,4,2,4,2,4,1,5,2,5,4,4,3,5,2,1,3,2,4,2,2,5,1,3,4,3,3,5,4,2,1,3,4,3,3,2,4,NA,2,4,2,3,4,NA,4,2,3,4,2,2,3,3,1,1,3,5,2,3,3,4,NA,3,4,1,4,NA,3,1,5,2,4,2,1,4,3,3,5,3,1,3,2,2,2,4,2,3,1,1,3,2,4,5,3,5,2,5,2,5,2,4,5,6,3,1,3,3,5,3,5,2,4,3,NA,5,2,3,3,4,3,6,2,4,1,5,5
1,2,1,1,1,1,1,1,3,1,1,1,1,1,1,1,1,1,1,1,1,1,1,1,1,1,1,1,1,2,1,1,1,1,1,1,6,1,1,1,1,1,1,1,1,1,1,1,1,1,1,1,1,1,1,1,1,1,1,1,1,1,1,1,1,1,1,5,1,1,2,1,1,1,1,1,1,1,1,1,1,5,6,1,1,1,1,1,1,6,1,1,3,1,6,2,3,1,6,1,1,5,1,1,1,1,1,1,1,1,3,1,1,1,6,1,1,3,1,1,1,1,1,3,1,4,1,1,3,3,3,4,5,1,1,1,1,3,1,1,1,1,1,1,1,1,1,1,1,4,6,1,1,1,1,6,4,4,1,1,1,1,1,1,6,1,2,3,1,1,1,1,1,5,1,1,1,1,1,1,1,1,1,1,1,1,1,1,1,1,1,1,1,1,1,1,1,1,1,1,1,2,1,1,1,1,1,1,1,1,1,1,1,1,1,1,4,1,1,1,1,1,1,3,1,1,1,1,2,1,1,1,1,1,1,4,1,4,1,2,4,1,1,1,1,1,5,1,1,1,3
1,6,5,4,5,3,4,3,4,4,4,3,4,4,3,4,2,4,2,4,4,2,4,4,2,4,2,4,2,4,3,3,4,3,4,3,2,4,2,3,5,3,4,3,4,3,4,3,3,2,4,4,2,4,4,2,4,3,4,3,4,1,2,4,2,3,4,1,2,3,3,4,3,4,2,4,4,3,5,2,4,3,4,4,5,2,5,4,2,4,5,3,2,3,4,3,4,3,4,2,3,4,4,3,4,3,4,NA,3,4,5,3,4,2,4,2,4,2,3,5,3,3,4,2,4,2,3,NA,2,4,2,4,3,5,4,3,3,4,3,4,3,3,5,2,2,4,3,5,5,3,4,2,NA,5,2,2,2,3,3,4,5,4,3,2,5,3,2,5,1,4,4,3,4,NA,2,2,3,3,4,1,4,3,4,4,3,4,3,3,4,1,2,4,4,4,3,4,3,2,4,3,2,4,4,2,3,3,5,2,2,4,4,3,4,2,4,2,3,2,3,4,3,2,3,2,3,3,4,3,2,3,3,4,4,2,4,2,4,2,4,3,2,3,4,2,4,3,5,3,4,4,3
2,2,2,1,1,1,3,3,2,1,1,1,1,2,3,1,1,1,1,1,1,2,2,4,1,3,3,1,4,1,2,1,1,2,1,1,5,1,1,2,1,1,1,1,1,1,2,4,1,3,1,4,1,1,3,1,1,1,1,2,1,1,1,3,1,1,1,6,1,2,3,1,5,4,5,1,3,2,1,1,4,3,3,2,1,3,1,1,1,6,2,1,3,3,4,4,6,1,6,2,1,4,4,1,3,3,3,2,2,2,4,4,5,2,6,1,1,4,3,2,2,2,3,4,1,5,4,3,3,4,3,5,4,2,2,2,3,2,2,3,4,3,3,2,1,1,1,2,3,3,5,2,2,1,2,4,2,3,2,2,2,3,2,2,3,1,2,3,2,1,1,3,1,4,3,1,3,1,1,1,2,1,2,1,3,4,5,1,2,2,3,2,1,3,4,1,2,1,1,1,1,4,2,3,1,1,2,2,2,3,1,1,1,1,2,3,4,3,1,1,2,2,2,3,2,2,2,2,3,3,2,4,1,3,2,3,1,4,2,3,2,2,3,3,2,3,2,3,3,3,6
1,2,5,6,1,6,6,6,6,1,6,4,3,5,4,4,4,3,4,4,3,3,4,4,4,2,2,2,3,3,3,2,3,2,3,NA,2,2,2,2,2,3,3,3,3,3,3,4,3,3,2,3,4,2,2,3,3,4,4,3,3,2,3,3,3,4,4,4,5,5,4,5,5,3,3,2,2,3,3,3,4,4,3,4,3,3,3,3,4,4,4,4,5,5,5,5,6,2,3,4,5,5,6,5,5,5,4,3,3,3,3,3,3,2,2,2,2,2,3,4,5,5,5,5,4,4,4,4,4,5,5,5,6,4,4,4,4,3,3,3,3,2,2,2,2,3,3,4,4,3,3,4,3,3,3,5,5,4,4,6,4,NA,3,4,5,4,3,3,3,3,3,5,5,5,5,4,4,4,4,4,5,5,5,5,5,5,4,4,3,3,3,3,4,4,4,4,3,3,3,3,4,4,5,5,4,4,4,5,4,4,4,4,5,5,5,6,2,2,1,3,3,4,4,4,5,5,5,5,4,4,3,4,3,4,4,4,3,3,4,4,4,5,5,5,5,6,6,3,6,6,4
1,2,2,1,3,1,2,4,5,2,3,2,3,3,3,2,1,1,1,2,3,5,3,4,3,2,2,2,2,2,3,2,2,2,3,1,4,1,1,3,2,1,3,2,1,2,2,2,1,2,1,4,2,3,1,2,2,2,1,1,3,3,1,4,2,3,2,3,2,3,2,2,3,3,2,2,3,2,3,1,2,4,3,2,2,3,2,2,4,5,2,1,2,2,3,2,4,1,2,1,3,3,3,1,1,2,1,1,2,1,3,2,3,2,4,1,2,3,3,1,2,2,2,4,3,3,2,2,1,3,3,5,5,2,1,1,3,3,2,3,3,2,2,1,1,1,1,2,3,3,4,1,3,1,2,3,2,3,2,2,1,3,2,2,3,1,2,3,3,1,1,3,2,4,2,1,3,1,2,1,2,1,1,1,1,3,3,1,2,2,2,1,2,3,3,2,2,2,2,2,2,3,3,3,2,1,2,2,1,4,3,2,1,2,3,5,4,2,1,1,1,2,2,2,2,2,2,1,1,2,1,2,1,2,2,2,2,2,1,3,3,2,2,2,4,4,4,2,3,3,2
1,1,2,2,2,2,4,2,3,1,1,1,1,2,2,3,2,3,1,2,2,4,2,3,5,3,2,2,4,3,1,1,2,4,2,4,6,2,2,6,1,1,3,1,1,3,2,2,2,2,2,4,2,2,3,2,3,5,5,3,3,4,3,4,3,3,3,4,3,3,1,1,4,5,3,3,4,1,2,1,2,2,5,3,2,4,2,2,1,4,2,1,1,6,4,3,2,2,2,1,1,5,3,2,4,4,2,2,1,2,2,2,4,2,3,1,5,5,2,1,2,4,3,5,3,5,1,6,4,3,1,4,4,3,3,3,3,4,2,2,1,1,4,1,2,3,1,2,2,3,5,3,3,3,2,4,2,1,1,6,1,4,1,4,2,1,6,6,3,1,3,5,6,3,3,2,2,1,1,1,1,1,1,1,3,3,3,2,3,3,2,1,1,2,2,1,5,2,1,1,1,1,2,2,2,2,1,3,1,6,2,3,1,1,1,2,2,1,1,1,2,2,2,2,1,6,2,1,2,6,1,6,2,2,2,1,2,4,2,2,1,2,3,1,1,6,1,1,2,1,4
2,1,1,2,3,2,2,3,2,2,2,3,1,2,1,1,1,1,1,2,3,3,2,1,2,2,1,1,1,1,1,1,2,2,2,1,3,2,1,3,2,1,2,1,1,1,1,2,2,2,1,3,2,2,1,2,1,1,1,1,1,3,2,3,2,3,2,2,1,1,1,1,1,1,3,1,3,1,2,1,1,2,4,2,1,1,1,1,1,4,2,2,1,1,1,2,2,1,1,3,3,2,2,1,1,2,1,1,1,1,3,3,3,2,5,1,2,2,2,1,1,1,1,4,2,2,1,4,3,3,2,6,5,3,2,2,3,1,2,1,3,1,2,1,1,1,1,1,2,2,6,3,2,1,1,3,3,5,4,3,2,2,2,2,2,1,1,2,1,1,1,2,2,1,3,2,1,1,1,1,1,1,1,1,1,2,4,2,3,2,2,1,1,3,3,2,2,1,1,1,1,1,2,1,1,1,1,2,1,1,1,1,1,1,1,3,2,1,1,1,1,1,1,2,2,2,2,1,3,2,1,2,1,2,1,2,1,3,2,2,2,1,1,1,2,2,2,1,2,2,3
2,4,3,4,2,3,3,3,2,5,3,3,3,2,4,2,3,3,5,4,5,3,3,2,3,5,5,3,2,3,2,5,5,3,2,3,4,3,3,4,5,5,3,3,3,5,5,2,4,4,3,2,4,3,4,4,4,2,4,3,2,4,5,4,3,4,3,4,3,2,2,5,4,3,2,2,4,1,3,2,3,2,6,3,4,3,3,2,2,6,1,4,5,4,3,3,3,2,5,2,5,4,4,3,2,4,4,3,2,3,4,4,3,3,2,3,4,5,5,4,3,2,3,5,5,2,3,3,4,5,3,2,3,3,3,2,3,4,5,4,3,3,3,2,2,2,5,3,2,1,4,2,3,3,4,5,3,3,4,3,4,3,4,2,4,3,3,3,4,5,3,3,2,1,5,4,3,4,2,3,3,5,5,4,2,3,5,4,5,3,3,3,4,2,3,4,3,4,2,2,2,4,5,5,3,4,3,4,1,3,4,4,1,3,2,6,1,3,NA,3,5,3,5,3,5,5,5,6,4,5,3,3,4,4,5,5,4,5,3,2,4,3,3,3,3,4,3,4,4,6,5
1,1,2,1,1,1,1,5,2,1,1,1,2,1,1,1,1,1,1,1,1,2,1,2,1,2,1,1,1,1,2,1,1,1,1,1,1,1,1,3,1,1,2,1,2,NA,1,2,1,3,1,1,1,1,1,1,1,1,1,1,3,1,1,1,1,1,1,4,1,2,1,1,1,2,3,1,3,3,1,1,1,2,5,1,1,1,1,1,1,2,1,1,3,3,2,1,1,1,5,1,1,1,4,1,3,1,2,1,1,1,3,3,4,1,6,1,1,3,1,1,1,3,1,3,1,2,2,5,2,1,1,2,2,1,1,1,1,1,1,1,2,1,1,1,1,1,1,1,2,2,5,1,1,1,1,2,1,2,1,1,2,1,1,1,1,1,1,2,1,1,1,3,1,3,1,1,2,1,1,1,1,1,1,1,1,2,4,1,1,1,1,1,1,3,1,1,2,1,1,NA,1,2,1,1,1,1,1,5,1,1,1,1,1,1,1,2,4,1,1,1,1,1,1,3,1,1,1,1,3,1,1,1,1,4,1,1,1,1,1,1,3,1,1,1,1,1,3,1,1,1,6
1,3,2,1,1,1,1,2,1,1,1,1,3,2,1,4,1,2,1,3,4,3,2,4,4,4,2,3,3,1,2,3,5,3,4,3,6,4,2,3,5,2,5,3,2,5,2,5,2,2,3,3,3,3,5,2,2,2,4,1,4,2,2,5,3,3,3,5,2,3,2,2,4,3,2,2,3,3,3,2,4,4,2,3,2,4,4,3,2,5,4,3,4,2,5,3,5,3,2,2,3,5,2,2,2,3,4,3,1,3,3,3,3,3,3,1,2,5,3,1,2,5,2,5,5,3,3,4,3,3,3,5,5,3,3,3,4,5,3,3,3,2,4,2,3,3,3,4,3,3,6,3,3,3,3,3,2,5,3,4,6,3,3,3,6,3,5,5,3,3,4,5,3,6,2,3,3,2,2,4,2,4,3,3,3,5,5,4,4,3,4,2,2,5,4,2,4,3,3,3,5,4,3,3,2,2,2,3,2,4,4,2,3,2,4,4,3,3,4,2,3,2,3,5,3,4,3,3,4,3,3,4,2,4,2,3,3,4,3,4,2,2,3,4,4,3,4,3,2,3,5
1,1,3,1,1,1,3,3,4,2,4,4,1,3,1,1,1,1,1,3,2,3,1,2,3,4,2,1,1,3,1,1,1,3,4,1,3,2,1,5,1,1,4,1,3,1,1,5,1,4,1,4,1,3,1,1,1,1,1,1,1,2,1,6,2,4,3,4,3,4,1,1,4,2,4,1,4,2,1,1,5,4,3,3,4,3,4,1,3,4,4,4,1,5,4,3,4,3,4,3,3,3,2,1,3,2,2,1,1,1,4,2,4,3,4,3,2,5,3,1,1,4,3,6,3,4,4,6,3,3,4,5,5,3,1,2,3,2,4,2,5,2,3,1,1,1,1,2,3,4,6,1,1,1,2,3,4,3,2,3,2,3,2,3,4,2,3,5,3,1,1,4,3,5,4,2,3,2,1,1,1,3,1,2,3,3,5,2,4,4,3,5,3,6,4,2,5,1,1,1,2,5,2,3,1,2,3,2,2,5,4,1,1,1,4,2,3,2,1,1,1,1,3,2,2,4,3,2,3,3,1,3,1,1,1,2,1,4,3,2,3,1,1,4,3,3,1,1,3,1,5
1,6,2,1,2,2,1,1,1,1,1,1,1,2,1,1,1,1,1,2,3,2,4,1,6,6,1,5,3,4,1,1,1,2,1,6,6,1,4,6,4,1,6,1,6,6,2,2,1,5,1,6,3,1,1,2,1,6,4,1,3,6,3,6,2,6,1,5,2,1,1,1,5,5,1,1,3,2,2,1,2,3,6,2,3,3,3,2,4,5,2,1,3,5,3,3,1,2,3,2,5,6,6,3,6,5,4,4,1,1,1,1,6,2,4,1,5,6,4,1,2,4,1,6,5,5,4,5,1,6,1,6,1,1,1,2,4,1,1,1,5,1,6,1,6,1,2,1,5,6,6,1,3,6,4,6,5,5,2,5,2,3,1,4,4,5,6,6,5,1,4,6,6,6,3,1,4,1,3,1,1,2,1,3,2,2,5,5,3,1,1,2,2,6,1,1,3,1,1,1,4,6,6,2,1,1,1,6,2,5,3,4,1,4,6,6,3,2,1,1,1,2,3,5,4,4,4,2,4,6,3,6,1,3,1,2,1,4,2,2,4,5,3,2,2,6,6,1,6,5,5
1,3,2,2,2,1,3,3,4,1,1,2,1,2,1,1,1,1,1,2,1,3,1,3,3,4,2,2,2,2,1,1,3,2,2,1,4,2,1,3,2,1,4,1,3,1,1,2,2,2,1,4,1,3,4,1,1,1,1,2,3,3,2,4,3,3,4,5,2,3,2,2,6,5,4,2,3,3,1,1,3,2,2,1,1,3,3,2,4,6,1,2,3,5,4,6,5,4,5,3,4,4,6,2,4,4,5,2,1,2,5,6,6,3,4,2,2,5,2,2,2,3,3,5,3,5,2,5,3,3,3,4,6,2,2,2,4,5,3,3,4,2,5,1,1,1,1,3,4,4,6,2,4,1,2,6,2,4,3,3,5,2,2,4,5,2,5,6,2,1,1,3,3,5,5,2,4,1,2,1,4,2,1,2,2,3,3,3,2,2,4,1,3,3,3,2,4,1,2,1,2,4,2,3,1,2,2,4,1,3,3,1,1,1,3,3,5,2,1,1,1,1,1,5,2,3,3,1,4,2,1,4,1,4,2,3,1,4,1,4,2,1,1,3,2,2,4,2,3,2,4
1,2,2,2,2,3,3,4,3,2,2,3,2,2,1,2,2,2,2,3,3,3,2,2,4,3,2,3,2,2,2,2,2,3,3,2,3,1,1,2,2,1,2,1,2,2,2,3,2,3,2,3,2,3,2,2,2,3,2,1,2,2,2,4,2,3,2,2,2,3,2,2,3,2,3,2,2,2,2,2,3,3,3,3,2,3,2,3,2,4,2,2,3,2,3,3,3,2,2,2,3,4,2,2,3,3,2,2,2,3,4,2,3,2,5,2,3,2,2,2,2,3,2,3,2,3,2,3,2,3,2,4,3,2,2,2,3,2,2,2,3,2,3,2,2,2,2,2,3,3,5,2,3,2,2,4,4,4,3,3,2,3,3,3,3,3,3,3,3,2,2,3,3,2,3,2,2,2,2,2,2,2,2,2,3,3,4,2,2,3,2,2,2,3,4,2,2,2,2,2,3,3,3,3,2,2,2,3,2,4,3,2,2,2,3,NA,2,2,2,2,2,2,2,3,2,3,3,2,2,3,2,3,2,3,2,3,2,2,2,3,2,2,3,3,3,3,3,2,3,3,3
5,1,2,3,2,5,2,3,2,4,4,2,3,4,2,1,3,4,2,3,5,3,5,2,6,4,2,3,2,4,2,1,3,4,2,5,4,2,4,3,4,2,3,2,5,6,3,4,2,5,2,4,5,3,3,4,2,5,4,2,3,4,3,5,4,3,2,2,4,3,2,3,5,3,4,2,4,3,2,1,4,3,5,3,3,4,5,2,4,5,4,2,3,5,3,4,1,4,4,2,2,3,4,6,5,3,3,5,4,2,3,2,5,3,6,1,4,5,6,3,4,6,2,6,5,3,4,5,4,2,3,4,3,2,2,5,4,2,4,2,4,3,5,2,4,1,4,3,4,2,2,3,4,5,4,5,3,3,2,4,3,2,2,4,1,3,2,2,3,3,4,4,5,4,5,2,3,1,3,4,1,2,3,1,2,2,3,4,2,3,2,3,3,2,4,3,4,3,2,2,3,4,3,3,1,2,5,4,3,2,5,4,1,4,3,5,3,2,2,3,1,2,4,5,4,3,5,2,4,5,6,5,NA,5,3,4,3,6,2,5,4,5,3,2,4,4,3,2,3,4,5
1,2,3,2,2,2,4,4,4,1,4,3,1,2,1,2,1,2,2,4,3,5,2,1,5,3,1,3,3,4,1,1,1,3,3,2,6,1,3,5,2,1,4,1,5,2,1,4,2,3,2,6,3,3,2,4,3,3,2,1,4,2,1,6,3,4,4,5,3,3,1,2,5,3,5,2,6,3,3,1,3,6,5,3,2,5,4,3,3,6,3,1,2,3,5,5,4,2,4,2,4,5,4,2,4,4,3,3,1,3,5,4,4,3,4,1,3,4,3,1,1,5,2,6,2,6,1,3,4,3,2,5,4,1,2,2,5,3,3,2,4,2,4,1,3,1,2,2,4,3,6,1,3,2,2,6,5,6,3,5,4,4,3,3,5,4,4,5,4,1,2,6,4,5,5,2,3,1,3,3,2,2,2,3,2,4,5,2,3,4,3,1,1,6,5,2,4,3,2,1,4,5,3,3,2,2,4,5,1,4,2,2,1,2,5,5,3,3,1,1,1,3,1,3,2,2,2,2,3,2,2,2,1,5,1,3,1,2,1,4,1,2,2,2,3,4,5,2,4,4,5
2,3,4,3,2,3,4,3,2,3,4,3,2,3,4,3,2,3,4,3,2,3,4,3,2,3,4,3,2,3,4,3,2,3,4,3,2,3,4,3,2,3,4,3,2,3,4,3,2,3,4,3,2,3,4,3,2,3,4,3,2,3,4,3,2,3,4,3,2,3,4,3,2,3,4,3,2,3,4,3,2,3,4,3,2,3,4,3,2,3,4,3,2,3,4,3,2,3,4,3,2,3,4,3,2,3,4,3,2,3,4,3,2,3,4,3,2,3,4,3,2,3,4,3,2,3,4,3,2,3,4,3,2,3,4,3,2,3,4,3,2,3,4,3,2,3,4,3,2,3,4,3,2,3,4,3,2,3,4,3,2,3,4,3,2,3,4,3,2,3,4,3,2,3,4,3,2,3,4,3,2,3,4,3,2,3,4,3,2,3,NA,4,3,2,3,NA,4,3,2,3,4,3,2,3,4,3,2,3,4,3,2,3,4,3,2,3,4,3,2,3,4,3,2,3,4,3,2,3,4,3,2,3,4,3,2,3,4,3,2,3,4,3,2,3,4,3,2,3,4,3,2
1,1,1,1,3,3,1,1,1,1,1,1,1,3,1,1,1,1,1,1,1,1,1,1,3,3,1,1,1,1,1,1,1,1,1,4,4,1,1,4,1,1,1,1,4,4,1,1,1,1,1,2,1,1,1,1,1,2,3,1,3,3,2,4,2,2,1,3,2,1,1,1,2,2,1,2,1,2,1,1,1,3,3,2,1,3,1,1,1,5,1,1,1,5,6,1,5,1,5,1,1,5,1,1,1,1,1,5,1,1,1,1,5,1,5,1,1,4,4,1,3,6,1,5,5,5,1,5,1,1,5,6,1,4,1,2,5,1,1,5,6,1,5,1,5,1,4,1,1,5,6,1,1,5,5,6,6,5,1,6,6,1,1,1,1,5,4,6,5,1,1,6,4,5,3,1,3,1,4,1,1,1,1,1,1,1,1,5,5,1,1,5,1,5,1,1,1,6,6,1,1,5,4,1,1,1,1,4,1,4,4,4,1,3,1,3,3,1,1,1,1,3,1,1,4,5,3,1,1,1,1,1,1,4,1,1,1,1,1,1,1,1,1,1,1,4,1,1,1,4,2
1,2,2,1,1,2,3,2,3,2,3,1,1,1,1,1,1,1,1,1,1,3,1,1,4,4,3,2,2,1,1,1,1,1,3,1,6,1,1,5,1,1,4,1,1,4,1,3,1,4,1,4,1,3,1,4,1,1,1,1,1,2,1,5,3,3,2,5,1,1,1,1,4,5,4,1,3,1,2,1,5,5,4,3,1,4,3,3,2,5,1,1,1,3,5,5,5,3,5,2,4,4,3,1,3,4,2,2,1,1,4,4,5,2,5,1,1,6,3,2,2,3,1,6,3,5,1,4,2,4,4,5,5,2,2,2,3,4,3,2,4,1,4,1,1,1,1,1,4,3,6,1,3,1,1,5,2,4,3,3,2,1,1,2,4,3,5,4,4,1,1,5,3,6,3,1,1,1,1,1,1,1,1,1,1,1,5,1,1,1,2,1,1,5,3,1,2,1,1,1,1,5,3,3,1,1,1,4,1,4,4,2,1,1,2,4,5,4,1,1,1,1,1,4,2,4,3,1,3,2,1,3,1,5,2,3,1,3,2,3,2,1,1,2,3,3,3,1,5,2,5
1,3,2,2,2,1,3,5,3,1,1,2,1,1,1,1,1,1,1,1,1,3,1,1,3,2,1,1,1,1,4,1,1,1,1,1,5,1,1,1,1,1,1,1,1,1,1,1,2,3,1,1,2,1,1,1,1,1,1,1,4,1,1,5,1,1,1,3,2,2,2,1,1,4,1,3,1,1,1,1,4,2,2,2,1,1,1,1,1,4,3,1,1,5,1,1,3,1,5,1,1,1,2,1,1,1,1,1,2,1,3,1,1,1,5,1,1,5,2,1,1,2,3,4,1,1,1,2,1,1,3,5,3,1,1,1,2,1,1,1,1,1,3,1,1,2,1,1,1,1,5,1,1,1,1,1,2,1,1,4,1,1,1,1,2,1,1,4,1,1,1,6,1,2,1,1,1,1,1,1,1,1,1,1,1,2,3,1,1,1,1,1,1,1,1,1,4,1,1,1,2,4,1,1,1,1,2,2,1,1,1,1,3,1,1,1,1,1,1,1,1,1,1,4,1,1,1,1,3,1,1,2,1,1,1,3,1,2,1,1,3,1,1,1,1,1,1,1,1,3,1
2,5,2,4,4,3,3,1,2,3,2,1,1,1,1,1,1,2,1,2,3,2,1,1,3,2,1,2,1,2,1,1,1,1,2,2,3,2,4,5,4,3,3,3,3,2,1,1,3,1,2,2,2,2,1,3,1,1,3,1,2,3,1,6,2,2,1,6,2,1,1,1,6,6,6,1,3,3,1,1,3,5,5,2,4,4,3,4,4,6,3,1,1,4,2,2,5,3,6,2,3,3,1,1,3,4,1,1,6,1,3,4,2,3,6,1,2,5,1,1,3,5,1,6,6,6,3,3,3,1,3,6,5,1,1,6,4,1,2,2,3,3,5,1,6,1,3,3,2,5,6,2,3,3,5,6,3,2,1,4,3,3,3,2,2,3,3,3,4,3,2,4,2,6,3,2,5,1,3,3,1,1,2,2,1,1,3,3,2,2,2,2,1,3,3,1,4,3,2,2,3,3,3,2,1,2,3,4,3,3,2,NA,1,3,4,5,4,2,1,3,1,2,2,3,3,3,3,1,3,3,4,4,4,6,1,4,1,6,2,4,3,4,4,1,4,3,4,1,4,5,6
1,2,1,1,2,2,3,3,2,1,3,2,2,1,1,1,1,2,1,NA,3,4,2,1,5,3,1,2,1,1,2,1,2,2,3,1,1,1,1,4,3,1,2,1,2,1,2,4,1,3,2,3,2,2,2,2,2,2,1,1,2,1,1,3,1,2,5,6,2,2,1,1,3,2,4,1,3,2,2,1,4,1,2,2,1,3,4,1,3,5,2,1,2,3,3,NA,2,1,4,2,2,3,1,1,2,3,3,2,2,3,4,4,5,3,5,1,NA,NA,NA,NA,NA,NA,NA,NA,NA,NA,NA,NA,NA,NA,NA,NA,NA,1,1,2,3,4,1,2,2,1,2,1,1,1,1,3,2,2,6,1,3,2,1,5,2,3,2,2,3,3,2,2,5,2,2,5,4,1,3,5,2,3,NA,2,1,1,2,1,1,2,1,2,2,2,5,2,3,3,1,1,1,6,3,1,5,1,2,1,2,4,2,1,1,1,3,3,2,1,NA,NA,1,1,3,2,NA,NA,NA,NA,NA,3,1,3,2,2,2,1,4,2,1,6,1,4,1,3,2,3,1,3,3,1,1,4,2,3,3,1,2,1,6
1,2,3,1,4,2,4,2,2,2,3,1,1,1,1,4,1,4,1,3,3,3,3,1,5,5,1,5,4,1,1,3,1,1,3,1,5,1,3,6,1,1,1,1,6,3,1,4,1,4,2,6,4,2,3,1,1,1,3,1,5,4,1,5,3,1,4,6,4,3,1,3,5,5,6,3,5,2,2,1,3,5,3,2,1,4,2,2,1,4,4,1,3,5,5,5,6,3,6,3,2,4,1,3,4,3,1,3,1,1,6,5,5,3,6,1,3,6,3,1,4,6,2,5,4,6,2,2,2,1,1,6,4,1,1,3,5,1,3,2,2,1,5,1,3,2,1,1,4,4,6,1,1,1,2,5,5,4,1,3,4,2,3,3,2,2,2,5,4,3,1,5,3,5,2,1,1,1,3,1,1,1,1,3,1,2,5,5,3,1,3,1,1,5,2,1,5,1,3,1,1,6,3,4,4,1,3,3,4,1,1,3,1,2,5,6,4,2,2,1,1,4,1,1,1,3,3,1,6,3,3,4,1,6,1,3,1,5,1,4,3,6,4,1,1,3,2,1,4,5,6
1,3,4,1,1,1,4,1,1,1,1,1,1,1,1,1,1,1,1,1,1,1,1,1,3,1,1,1,1,1,2,1,1,1,1,1,6,1,1,3,1,1,1,1,4,1,1,1,1,4,1,1,1,1,1,1,1,1,1,1,2,2,1,4,NA,1,1,3,1,1,1,1,3,3,2,1,2,1,1,1,1,1,4,1,1,1,1,1,1,3,1,1,1,3,2,1,1,1,1,1,1,2,1,1,1,1,1,1,1,1,1,1,3,1,5,1,1,3,1,1,1,1,1,4,1,3,1,1,1,2,2,4,2,1,1,1,3,1,1,1,1,1,3,1,1,1,2,2,3,1,6,1,1,1,1,3,1,6,1,1,1,1,1,1,3,1,1,3,3,1,1,3,1,1,1,1,1,1,1,1,1,1,1,1,1,1,3,1,3,1,1,1,1,2,3,NA,1,1,1,1,1,3,1,1,1,1,1,1,1,1,1,1,1,1,1,3,1,1,1,1,1,2,1,3,1,1,1,1,1,1,1,2,1,1,1,3,1,4,1,1,1,1,1,2,1,1,1,NA,3,1,4
1,2,2,1,4,4,3,2,4,3,2,1,4,3,1,1,1,2,1,4,1,2,3,2,4,4,1,2,1,3,3,2,1,4,2,3,3,2,4,5,2,3,2,3,5,6,4,2,1,3,1,4,4,2,2,3,2,2,2,2,3,3,1,5,2,1,2,1,2,3,1,1,2,2,3,4,3,2,1,2,3,2,3,3,3,1,2,1,5,6,1,3,4,6,1,5,3,3,2,4,4,3,2,4,1,3,4,2,1,4,1,2,3,2,6,1,3,2,3,1,4,5,1,1,3,4,2,4,3,5,5,6,1,3,2,4,6,1,3,2,3,2,4,2,4,3,2,4,2,3,4,2,3,2,5,6,3,6,2,3,5,3,1,5,2,2,6,6,1,1,2,6,3,2,3,2,4,3,2,3,1,5,2,3,4,1,5,4,4,1,3,1,1,6,2,3,1,2,3,1,2,5,5,2,1,1,3,3,3,4,1,3,2,3,2,4,3,1,3,2,3,5,4,4,3,2,3,2,5,4,1,3,1,5,2,2,4,3,2,1,3,2,3,1,2,5,2,1,1,1,3
3,4,4,3,4,NA,2,4,4,3,3,3,4,3,3,4,3,4,4,3,3,4,3,4,3,4,3,4,4,3,3,4,3,3,4,4,3,3,4,3,3,4,3,3,3,4,3,4,3,3,4,4,3,3,3,3,3,3,3,3,3,3,4,3,3,3,4,3,3,4,3,4,4,4,4,3,3,3,4,3,2,4,2,4,2,3,4,3,4,3,3,2,3,3,3,3,4,3,3,3,3,3,3,4,4,4,4,4,4,4,4,4,3,3,3,2,2,2,2,2,2,2,3,3,3,3,3,3,3,3,3,3,3,4,4,4,4,4,4,3,3,3,3,3,3,4,4,4,4,4,3,3,3,3,3,3,3,3,3,3,3,3,3,4,4,4,4,3,3,3,3,3,3,3,3,3,3,4,4,3,3,2,2,2,2,2,2,4,4,4,4,4,4,4,2,2,2,2,2,3,3,4,3,3,4,4,4,4,4,4,4,3,3,3,3,3,3,3,3,3,3,NA,3,3,3,3,3,3,3,3,3,3,3,3,3,3,3,3,3,3,3,3,3,3,3,3,3,3,3,3,3
3,2,3,1,1,1,4,3,1,1,1,1,1,1,3,1,1,1,1,3,2,4,2,4,2,4,4,3,3,4,1,1,1,1,2,1,4,1,1,1,1,1,3,3,4,1,1,4,1,4,1,4,1,3,3,1,1,1,1,1,1,3,2,5,1,4,1,6,3,2,1,1,6,5,5,1,4,1,1,1,3,5,5,5,2,4,4,1,4,6,1,3,1,5,4,4,5,2,5,1,1,6,6,1,4,1,1,1,2,1,6,4,5,5,6,1,4,5,1,1,1,4,5,4,4,5,2,5,2,4,1,6,5,3,2,2,5,5,5,5,1,1,1,1,1,1,1,1,5,1,6,1,1,1,1,6,4,5,2,1,1,1,1,1,5,1,4,5,4,1,1,5,1,5,1,1,1,1,1,1,4,1,1,1,1,1,4,3,5,4,5,6,1,3,1,1,6,1,5,1,1,5,1,1,1,1,4,4,1,1,1,4,1,1,1,5,6,3,1,2,1,1,1,4,1,1,1,1,5,1,1,3,1,3,1,1,1,5,1,1,3,1,1,5,4,1,5,1,4,1,6
