"impaled","authorizing","odious","steed","flexed","blisters","speaker's","resilience","pokes","wielder","noxious","unworkable","rallied","huddled","gaff","roared","illiteracy","adversaries","lapping","inclinations","unearthed","perceiving","schoolhouse","breastfeed","cushions","greets","quill","pelt","aunts","ashore","quotient","lumberjack","insipid","inciting","halts","retelling","sleepers","dictation","predominately","saffron","apprehensive","moment's","scrubbing","intelligible","soloist","wicker","shone","unwitting","bast","dealerships","stipend","presided","spacious","dampening","violins","tentacle","passable","purgatory","classed","antennae","haggle","penalize","trilateral","pacifier","residues","strenuous","administers","ferocious","quadruple","complying","forgo","conveying","defame","decorating","encapsulate","stilt","coriander","unsound","airflow","boasting","bugle","impassable","bureaucracies","raceway","garnish","beetles","mobs","league's","grasses","annum","unsurpassed","fraught","impressionable","sturgeon","latitudes","implantation","nicknamed","hoof","upped","ghastly","majesty's","carelessly","strode","resourceful","unwittingly","narratives","squeaky","padlock","combing","presiding","lymph","nightingale","replete","festivities","workmanship","lawyer's","lengthwise","practicality","scat","inconsequential","hearth","cinematography","sacrament","theocracy","hangout","mallet","emptying","stillness","muskets","seniority","coronation","dwindling","hacienda","murmured","letterhead","guile","spotty","strychnine","imperialists","cavities","virulent","lactic","aristocracy","sop","affords","cautioned","experiential","revocation","grubby","preparedness","shogun","statisticians","soreness","extravagant","rowdy","eugenics","ingested","utensils","bauble","advisers","godly","irritates","origination","oddity","bridle","quarts","perusing","stormed","gutted","hatched","agrarian","exerted","freshness","sprout","shackles","gooey","attainable","coronary","trappings","romp","herds","soldier's","vicar","shaker","hindquarters","aerosol","eradication","heretical","bonny","clouded","redwoods","groundwork","adoration","mountaineering","basking","swallows","summons","bullying","stockman","reunited","fairer","harmonious","cheddar","scoff","vengeful","paraphernalia","masochist","fatter","preparatory","plumber","musings","sniping","pegged","undercut","godless","gladiator","dreary","entrusted","decadent","rigorously","oscillation","contraceptive","debunk","logistical","reopened","wheelbarrow","doves","epidemics","pore","initiator","campsite","spyglass","erupt","nonstop","betterment","slumped","tonnage","designating","dissuade","harsher","mitigate","adequacy","fowl","recreating","untimely","stings","libido","sustenance","lender","animal's","lice"
2,2,3,1,1,1,1,2,1,4,5,1,2,1,1,2,1,1,1,1,4,3,3,1,1,1,1,1,3,1,2,1,1,3,1,1,1,1,2,1,1,1,1,1,1,1,3,1,1,1,1,4,6,2,2,3,1,1,2,6,3,1,2,3,1,2,2,5,3,1,1,1,3,2,1,1,4,2,1,1,5,2,6,1,1,1,1,3,1,2,2,1,1,2,1,2,1,1,4,5,3,2,1,2,2,1,2,1,4,2,5,4,3,3,2,1,5,2,1,4,5,6,5,6,1,1,3,1,1,3,1,2,3,1,1,5,2,6,4,2,2,1,2,1,1,3,4,1,1,1,1,3,1,5,1,6,2,1,3,1,1,2,1,4,3,2,3,2,1,2,3,1,1,1,2,1,1,5,1,1,1,5,1,1,3,1,1,3,1,1,1,1,2,2,1,1,1,2,1,1,2,1,1,1,1,5,4,1,1,4,1,1,3,1,1,2,6,2,3,4,3,2,1,2,1,1,1,1,1,2,1,1,1,1,1,1,3,2,6,2,2,4,1,1,1,1,1,1,1,1,1
1,1,6,1,1,1,1,6,1,1,6,1,1,1,1,1,1,1,1,1,1,1,1,1,NA,1,1,1,1,1,6,1,1,1,1,1,1,1,1,1,1,1,1,1,6,1,1,1,1,1,1,1,6,1,1,1,1,6,1,6,1,1,1,6,1,6,1,6,1,1,1,1,1,1,1,1,1,1,1,1,1,1,6,1,1,1,1,6,1,1,1,6,1,1,1,1,1,6,1,6,6,6,1,1,1,1,1,1,1,1,1,1,1,1,1,1,6,6,1,6,1,1,1,6,1,1,1,1,1,1,1,1,6,1,1,1,1,1,1,1,1,1,6,1,1,6,1,1,1,1,1,6,1,1,1,1,1,1,1,1,1,1,1,1,1,1,1,1,1,1,6,1,1,1,1,1,1,1,1,1,1,6,1,1,1,1,1,1,1,1,1,1,1,1,1,1,1,6,1,1,1,1,1,1,1,6,6,1,1,1,1,1,1,1,1,1,1,1,1,1,6,6,1,1,1,1,1,1,1,1,1,1,6,1,1,1,6,1,6,1,1,6,1,1,1,1,1,1,1,1,6
1,4,6,1,2,1,2,3,1,6,6,1,3,1,1,2,5,2,1,2,1,4,1,5,4,1,1,1,3,1,3,1,1,4,1,1,1,1,3,1,2,1,1,4,1,1,1,1,1,3,4,1,6,1,1,2,1,4,1,6,1,1,5,6,1,5,1,6,3,2,1,4,1,2,4,1,1,1,5,4,5,1,6,3,1,3,1,5,1,1,3,6,5,6,1,2,3,1,1,6,2,4,1,5,4,2,5,1,6,3,6,5,1,1,1,1,5,1,1,6,3,6,2,5,1,1,3,1,1,2,3,2,4,3,3,3,1,6,4,2,3,1,3,1,2,5,6,4,1,6,3,6,3,1,1,4,3,1,5,2,1,3,1,1,3,6,5,1,1,1,4,2,1,3,2,1,3,1,1,1,1,4,1,1,6,6,2,1,1,4,1,3,1,6,1,2,1,4,1,3,5,6,1,1,4,6,6,1,3,5,1,1,1,1,1,2,4,1,3,5,6,3,1,4,3,2,4,2,2,4,1,1,1,1,1,1,2,3,5,2,1,6,1,1,3,1,4,2,1,1,4
2,3,2,3,2,3,2,3,2,3,2,3,2,2,2,3,3,3,NA,4,4,3,3,2,2,3,3,3,3,2,2,4,4,3,2,3,2,2,5,3,4,3,2,3,2,3,4,4,4,4,5,3,3,3,4,2,3,2,4,3,3,4,3,2,3,4,3,3,3,2,3,4,3,3,3,3,2,3,4,4,3,3,3,4,2,3,3,3,3,4,4,3,2,2,2,3,4,3,3,2,3,3,3,4,3,3,3,2,4,3,5,2,2,3,3,2,3,4,1,4,4,4,2,3,1,1,3,3,3,4,3,3,6,2,1,5,1,6,3,3,5,3,4,1,1,3,3,2,2,4,3,3,2,4,1,4,3,3,4,2,1,4,2,3,2,2,3,1,1,4,4,3,2,2,1,4,3,3,1,1,2,4,5,3,2,6,3,2,1,2,1,1,4,4,1,1,2,2,2,3,4,3,3,3,4,5,6,2,3,6,2,1,1,1,2,4,3,2,4,2,6,5,3,3,4,4,2,2,1,6,3,3,3,3,3,3,3,3,5,2,3,1,1,3,2,1,5,3,3,1,2
1,3,3,1,1,1,1,3,2,3,4,1,1,1,1,1,1,2,1,2,3,4,1,1,2,1,1,1,2,3,2,1,3,2,1,1,1,3,2,1,4,2,1,1,3,1,4,1,1,4,2,1,3,4,1,3,2,1,1,4,1,1,3,1,1,4,1,5,2,1,1,1,1,1,2,1,2,1,1,1,3,2,5,1,1,1,1,4,2,1,3,3,2,3,1,3,1,2,1,3,1,1,1,3,1,1,3,1,4,2,5,3,2,3,2,3,4,2,1,4,2,3,1,3,2,1,2,1,1,3,2,3,4,1,1,2,1,4,3,2,4,1,4,1,1,3,2,1,1,1,1,4,1,3,1,4,1,1,2,1,1,1,3,1,2,3,1,1,1,3,2,1,3,1,2,2,3,1,1,1,1,3,2,1,3,4,1,3,1,1,1,1,1,3,1,1,1,3,1,1,1,3,1,1,2,4,5,1,1,3,2,1,1,1,1,3,2,1,2,3,4,2,1,4,3,2,1,1,1,3,1,1,1,1,1,1,1,4,3,2,1,4,2,1,3,1,1,4,1,2,1
1,1,6,2,1,1,1,6,1,2,5,1,1,1,3,1,4,4,1,4,1,2,1,1,1,1,1,1,1,1,4,1,1,2,1,1,1,1,4,5,3,1,1,1,1,1,1,1,1,1,1,1,3,1,1,1,1,3,1,5,1,1,2,1,3,5,1,6,5,2,1,1,1,1,2,1,5,1,1,1,3,2,5,1,1,1,1,5,1,2,1,1,2,3,3,1,1,1,1,3,1,1,1,1,2,1,1,1,1,1,1,2,4,2,1,1,1,2,1,4,3,4,4,4,1,2,2,1,1,1,1,1,6,1,1,6,1,6,2,1,5,1,3,1,1,1,1,1,1,1,3,5,1,1,1,2,1,1,3,1,1,1,1,1,1,1,4,1,1,1,6,1,1,1,1,1,1,4,1,1,1,1,5,1,1,5,3,4,2,1,1,1,3,3,1,1,1,1,1,1,5,4,1,1,1,6,6,1,1,1,1,1,1,1,1,4,4,2,3,4,5,3,1,2,1,1,1,1,1,2,1,1,1,1,1,1,3,2,4,1,1,1,1,1,1,1,2,2,1,1,1
4,4,5,2,2,2,3,3,4,5,5,3,2,2,4,4,3,3,2,3,4,4,4,4,5,2,5,1,5,3,4,4,3,2,3,4,3,5,3,4,3,2,1,3,4,3,6,3,4,2,4,4,5,4,5,3,2,2,1,3,3,4,5,3,3,4,4,3,4,4,2,4,2,3,6,1,4,3,2,4,4,2,6,3,2,3,1,5,1,3,1,5,5,5,1,4,1,2,1,5,4,3,4,4,3,2,4,1,5,3,6,4,3,2,1,4,5,4,1,5,5,5,3,5,2,2,4,3,4,5,4,4,5,1,2,5,1,6,5,3,4,3,4,1,4,3,4,2,3,4,5,4,4,3,3,5,3,3,5,3,3,3,4,4,3,3,4,3,1,5,3,3,2,4,4,5,4,3,1,4,2,5,6,3,4,5,4,4,2,3,1,4,3,4,2,2,2,4,1,3,4,3,2,5,4,5,5,1,3,6,5,4,1,1,1,3,4,2,3,4,5,3,3,5,4,3,2,3,3,5,3,3,4,4,3,2,4,4,5,4,2,2,5,4,5,3,4,5,3,3,4
1,1,2,1,1,1,1,2,1,2,3,3,1,1,1,1,1,1,1,1,1,2,1,1,2,1,1,1,3,1,4,1,2,2,1,1,1,1,1,1,1,1,1,1,2,1,1,1,2,1,4,1,2,1,1,1,1,1,1,3,1,1,1,2,1,1,1,2,1,1,1,1,1,1,1,1,2,1,1,1,2,1,5,1,1,1,1,4,1,1,1,5,3,3,1,1,1,2,1,4,1,1,1,2,1,1,1,1,3,1,3,1,1,1,1,4,1,1,1,4,2,2,1,3,1,1,1,1,1,3,1,1,3,1,1,2,1,5,2,1,2,1,2,1,1,2,2,2,1,1,1,4,1,1,1,2,4,1,2,1,1,1,3,1,2,1,1,1,1,2,2,1,1,1,1,1,1,1,1,1,1,1,2,1,1,1,1,1,1,1,1,1,1,1,1,1,1,1,1,1,1,2,1,1,2,3,3,1,1,2,1,1,1,1,1,1,1,1,2,2,3,1,1,1,1,1,1,1,1,2,1,1,1,1,1,1,2,2,2,1,2,2,1,1,1,1,1,3,1,1,1
3,6,5,5,4,NA,3,NA,2,6,6,6,5,5,4,3,6,6,3,4,4,3,4,4,2,2,2,1,4,2,2,NA,2,5,1,5,5,6,6,5,6,4,3,4,4,2,2,3,1,2,3,2,3,5,3,5,3,5,2,5,2,3,6,3,2,6,4,6,6,5,2,5,3,5,6,2,3,2,2,4,3,5,6,2,2,2,1,3,1,5,2,5,4,6,5,5,2,2,3,4,5,2,3,2,4,4,2,2,2,2,4,2,2,3,3,4,2,2,1,4,3,6,4,5,1,1,3,2,2,4,1,5,5,5,4,5,1,6,6,3,NA,1,5,1,NA,3,6,5,3,6,5,6,3,5,3,4,6,2,2,2,1,4,5,3,3,1,5,3,3,2,6,2,1,1,1,2,5,2,4,1,1,2,1,1,6,5,6,6,3,2,2,2,4,6,2,1,3,1,3,2,1,6,3,2,2,3,5,2,5,2,1,2,3,4,2,3,5,1,5,5,6,4,3,5,2,3,1,4,1,5,4,2,1,2,4,5,6,4,5,2,2,3,4,3,4,2,5,3,2,3,1
6,4,6,3,2,2,3,6,1,4,6,2,5,2,1,1,4,5,3,6,6,6,2,4,6,5,6,1,6,2,6,4,4,6,2,2,5,4,6,4,6,2,2,4,6,4,6,5,1,3,5,6,6,6,6,3,2,2,4,6,6,6,6,6,6,6,5,6,4,4,4,3,5,4,3,1,6,4,5,4,6,6,6,4,2,3,1,6,1,6,5,6,4,6,4,3,3,1,3,6,6,5,6,5,4,4,6,1,3,6,4,3,6,4,3,4,3,4,1,6,6,6,4,5,3,3,3,2,2,4,3,5,6,3,2,6,3,6,3,2,3,2,2,4,3,4,6,4,3,4,6,6,4,4,4,6,4,6,6,3,6,3,4,4,6,6,6,4,4,6,6,4,3,3,2,5,4,6,3,2,2,5,6,2,6,6,6,2,3,4,1,3,6,6,4,4,1,6,1,5,6,6,5,1,6,6,6,1,2,3,4,6,4,2,3,4,5,2,1,6,6,4,1,4,4,6,2,5,2,6,2,6,6,3,5,3,6,3,5,4,6,6,6,4,3,3,6,4,4,6,6
3,4,4,3,4,6,5,5,4,4,4,4,3,3,2,2,4,4,4,2,3,3,4,4,4,3,3,4,5,3,2,5,5,5,4,4,4,4,4,4,4,3,3,5,5,5,5,4,3,3,3,3,4,3,4,3,3,4,4,3,3,3,3,4,3,3,3,4,3,3,2,2,3,2,2,2,1,1,1,1,1,2,2,3,3,5,2,1,3,4,3,5,3,2,3,1,3,2,3,6,3,3,1,3,6,6,3,2,1,3,3,5,2,3,3,5,5,3,3,1,4,4,1,3,5,3,2,5,5,3,3,2,1,3,4,1,4,3,2,4,5,3,1,3,3,1,5,6,3,2,3,2,3,2,6,3,3,4,3,5,5,1,5,1,3,1,3,5,2,3,5,3,5,1,3,6,1,5,3,3,5,3,2,3,4,3,1,3,5,1,5,3,1,3,6,4,1,3,5,1,3,1,3,6,4,3,1,6,1,3,3,2,3,4,3,2,3,1,1,4,5,3,3,1,5,1,3,2,1,5,3,3,1,2,1,6,6,2,3,5,4,5,2,5,4,3,4,2,1,3,4
3,6,6,2,4,3,4,3,2,6,6,5,6,6,5,6,6,6,4,3,6,5,4,4,5,3,4,2,4,3,6,5,4,4,3,5,3,4,5,3,4,3,3,4,5,4,3,4,2,6,4,3,6,4,5,4,3,4,3,6,4,4,5,4,5,6,4,6,6,5,3,5,4,3,5,3,5,6,5,5,3,3,6,4,4,3,2,6,3,5,5,6,4,5,4,4,5,3,3,5,4,5,4,6,5,4,6,4,4,4,5,5,4,5,4,4,5,5,3,6,6,5,4,6,5,3,4,4,5,5,5,4,6,3,5,6,2,6,5,5,6,6,5,2,3,5,5,4,5,4,5,5,4,5,2,5,5,4,5,4,3,4,4,3,5,5,5,4,4,5,6,4,3,5,4,6,6,3,3,2,2,4,5,3,5,6,6,5,2,4,3,4,3,5,3,3,4,3,3,4,3,6,3,2,4,6,6,2,3,3,4,4,3,2,2,4,5,5,5,6,6,5,2,3,4,5,2,4,2,4,4,5,2,3,3,4,4,5,5,3,4,5,2,4,3,3,4,4,3,2,2
3,5,6,2,1,1,4,6,2,3,6,1,4,4,1,3,1,5,2,5,4,2,2,3,4,3,2,3,3,4,6,1,6,3,1,1,2,2,1,3,4,1,2,3,3,1,3,2,1,2,6,3,4,2,3,3,2,4,2,6,2,3,5,3,4,5,3,4,2,3,1,3,1,3,5,2,5,1,1,3,3,2,6,1,3,2,3,4,2,4,3,6,3,6,2,4,4,2,2,4,2,2,4,3,5,3,3,2,4,3,5,3,4,1,1,3,4,4,2,5,3,6,2,3,1,2,3,1,4,5,4,5,6,3,1,4,2,6,4,2,4,2,3,1,3,4,3,5,2,3,5,5,1,1,2,5,2,3,4,2,1,2,4,2,3,3,5,2,1,3,5,1,2,3,2,4,1,3,2,3,2,4,4,3,3,4,4,4,3,4,1,1,3,4,2,3,2,1,2,3,3,5,3,1,2,6,5,1,2,3,2,4,3,2,2,3,4,2,5,4,6,2,1,3,1,2,3,4,2,3,1,2,1,1,2,1,3,4,6,3,4,4,2,1,3,1,6,3,2,1,1
1,4,4,1,1,1,1,3,1,1,3,3,1,1,1,1,3,1,1,1,1,1,1,1,1,1,1,1,2,1,2,2,1,1,1,1,1,2,2,2,2,2,1,1,1,1,2,1,1,1,2,2,2,2,2,2,1,2,1,1,1,1,1,1,2,3,1,1,3,1,1,1,3,1,1,1,1,1,1,1,1,1,1,1,1,1,1,4,1,2,2,2,3,2,2,1,2,2,2,2,2,2,2,2,2,2,1,1,4,1,1,1,4,1,1,1,1,1,1,1,1,1,4,1,1,4,2,2,2,4,2,2,2,1,1,4,2,1,1,1,1,1,2,1,2,2,1,1,1,1,2,1,1,1,2,2,1,2,1,1,1,1,1,1,1,1,1,1,1,4,1,1,2,2,1,1,2,1,1,1,1,1,1,1,1,1,1,1,1,2,1,1,1,2,1,1,1,1,1,1,1,1,2,1,1,2,3,1,1,1,1,1,1,1,1,1,1,1,1,1,4,1,1,1,1,2,1,1,1,1,1,1,2,1,1,1,1,1,1,1,4,1,1,1,1,1,3,3,1,1,1
3,2,4,4,3,5,3,2,5,5,2,4,4,3,4,4,3,5,2,4,2,4,3,5,4,2,3,5,4,2,4,5,3,4,3,4,5,4,2,4,4,2,4,4,3,4,3,4,NA,5,2,4,5,2,3,5,4,5,2,4,2,4,5,4,5,2,5,3,5,3,4,2,5,3,4,5,4,3,4,4,3,4,3,5,3,5,5,4,5,3,4,4,3,4,4,3,4,3,2,4,5,4,4,4,3,3,3,4,2,4,5,2,4,3,4,3,2,4,5,3,2,4,4,3,4,2,4,4,2,4,4,3,4,4,3,2,3,4,3,4,2,3,4,2,5,5,3,4,2,4,4,2,4,4,3,5,4,2,5,3,3,4,2,5,3,4,5,3,4,4,3,5,4,2,4,4,5,4,2,3,5,4,3,4,4,3,4,2,3,5,5,3,4,2,4,5,4,2,5,4,3,5,3,4,3,4,2,3,4,3,5,5,3,4,5,3,4,5,4,5,3,4,5,2,5,5,4,3,3,5,3,4,5,3,4,3,5,2,4,3,4,3,4,5,2,5,3,4,2,4,5
4,3,6,1,2,2,2,5,1,4,6,2,4,2,2,2,4,4,1,2,2,4,1,1,3,1,3,1,2,2,5,2,4,4,2,2,2,4,4,5,5,2,2,4,4,2,2,2,2,1,3,2,5,2,5,3,2,4,1,5,4,4,4,4,2,5,2,5,5,2,2,3,2,3,3,2,3,2,1,2,2,2,6,1,1,1,2,4,2,5,3,5,3,6,2,2,1,2,2,3,4,2,2,3,3,3,3,1,3,2,2,1,3,2,1,3,1,3,2,4,3,4,5,6,3,3,2,1,1,2,2,4,4,3,1,6,2,6,5,3,5,2,4,2,2,3,4,3,2,2,1,3,1,3,2,6,2,3,3,2,1,3,3,2,4,4,5,2,2,3,4,4,1,2,2,2,3,4,2,2,1,4,6,2,2,6,3,5,3,4,1,1,3,3,2,2,2,2,1,3,1,3,2,2,4,6,6,2,3,3,4,2,2,1,1,4,4,1,4,6,6,3,2,4,2,2,3,3,2,5,1,1,4,1,2,2,6,3,6,1,5,5,2,3,2,1,5,4,2,2,2
3,2,4,1,1,1,1,3,2,4,3,1,3,2,2,1,5,3,1,2,1,5,5,2,2,1,3,1,1,2,4,1,3,3,1,1,1,4,3,3,2,1,1,3,3,1,1,1,1,1,3,2,5,1,1,2,1,2,2,5,3,2,4,6,4,3,2,5,2,3,2,3,2,2,4,2,3,2,1,1,3,1,6,1,1,1,1,1,1,1,2,3,2,2,1,2,1,1,1,4,2,1,2,5,2,2,3,1,2,2,6,5,2,4,3,3,5,3,1,6,2,6,2,3,1,1,2,1,1,4,3,2,5,2,1,3,1,5,4,3,3,1,2,1,1,3,2,2,1,3,2,5,4,3,2,5,2,3,2,2,1,2,3,1,2,1,3,1,1,2,3,1,1,1,3,2,2,4,1,1,1,4,3,1,4,6,6,5,3,1,1,1,2,4,1,1,1,2,1,1,2,3,3,2,3,6,6,1,5,2,5,2,1,1,1,1,1,1,5,4,6,5,1,2,1,4,1,1,1,2,1,1,1,1,3,1,2,3,2,1,1,4,2,1,2,1,2,3,1,1,5
3,3,4,2,5,4,3,2,3,4,4,3,4,4,3,2,3,4,3,3,5,4,2,4,3,4,2,3,4,3,2,4,4,5,5,4,4,5,5,4,4,3,3,3,3,2,4,4,3,2,2,5,4,4,6,2,2,2,3,NA,4,2,NA,2,3,4,3,3,4,5,3,NA,3,5,NA,4,2,5,3,4,2,3,NA,4,4,2,3,NA,3,NA,4,5,5,1,NA,2,3,4,2,2,5,NA,3,1,2,4,5,5,5,3,4,5,4,2,NA,1,4,NA,5,3,5,1,5,2,5,NA,3,NA,5,4,NA,NA,1,3,3,2,NA,2,3,3,4,5,5,2,3,4,6,5,4,3,4,5,4,NA,2,5,5,4,2,4,3,4,NA,5,4,2,4,6,4,2,2,3,5,5,2,NA,5,5,3,2,4,NA,2,4,5,NA,2,3,4,NA,2,3,4,5,4,2,2,3,4,2,4,5,2,3,2,5,4,3,4,4,1,2,NA,4,2,3,NA,3,3,2,4,4,1,2,3,4,3,3,2,5,5,2,5,2,3,3,5,3,2,3,3,NA,2,2,3,NA,4,4,NA,3,4
3,4,4,4,3,3,4,4,2,3,3,4,6,3,2,4,3,2,3,4,4,3,3,5,2,2,2,3,NA,4,4,2,3,6,4,4,3,3,2,2,3,3,4,3,3,2,3,4,3,4,3,2,3,3,3,3,2,2,2,3,3,2,3,3,4,3,4,4,4,4,1,3,1,3,3,4,3,3,2,4,3,3,2,3,3,3,3,2,3,3,3,2,3,3,2,3,3,3,3,2,3,4,3,3,2,2,3,3,2,3,3,4,3,2,2,2,3,3,3,2,3,2,3,4,2,2,3,NA,4,4,2,2,3,3,3,2,3,3,NA,1,2,2,2,2,4,4,4,2,3,4,5,3,2,2,3,3,3,2,3,2,3,2,3,4,3,3,4,2,2,2,3,3,2,4,4,3,2,2,3,3,2,3,2,2,2,4,3,3,2,2,3,2,3,5,3,3,2,2,3,3,2,3,2,3,4,4,2,2,3,3,5,2,2,3,3,2,2,3,2,2,2,3,3,3,3,3,3,3,2,2,3,4,3,2,3,3,2,3,3,3,3,2,3,2,3,2,2,3,3,3,3
1,4,6,1,1,1,2,1,1,2,6,1,1,3,6,3,2,3,2,4,1,4,5,2,5,1,1,1,4,4,6,1,3,4,1,1,1,4,2,3,4,1,2,6,5,3,5,1,1,4,4,2,6,3,6,4,2,4,5,6,3,6,6,6,4,5,3,6,2,4,2,4,3,4,5,1,6,1,3,1,6,4,6,3,4,3,3,6,1,6,3,4,5,6,3,4,2,1,2,4,5,2,1,4,2,4,3,4,5,2,6,4,1,3,1,4,2,4,2,6,2,6,5,6,3,2,2,1,4,5,3,5,6,3,2,6,4,6,6,2,3,3,4,1,1,6,6,6,2,3,6,6,4,6,3,6,5,1,4,3,4,4,5,2,3,4,3,2,2,4,6,3,4,1,5,3,2,4,2,1,1,5,2,6,6,6,6,6,3,3,2,5,6,5,5,3,2,5,4,5,1,5,2,3,4,6,2,1,6,6,4,2,1,1,2,1,3,4,4,5,6,4,4,5,3,6,4,6,2,6,1,1,2,2,3,4,5,6,6,4,1,6,4,5,6,1,1,6,2,1,4
6,6,6,6,NA,4,4,5,3,4,2,1,3,5,3,3,6,NA,5,NA,6,6,5,6,2,6,1,1,2,3,4,5,5,5,2,3,3,3,5,5,4,NA,5,2,6,3,3,2,2,6,5,NA,5,4,4,4,4,3,3,5,5,2,2,2,3,6,6,6,6,6,6,6,2,2,6,1,4,5,5,5,2,6,5,5,5,5,NA,3,4,3,3,5,4,5,5,4,4,4,3,3,4,4,1,3,4,4,3,4,2,3,4,3,4,5,4,4,5,5,1,4,3,5,4,4,2,3,3,3,2,5,2,2,2,3,3,5,4,6,4,2,NA,3,4,1,3,3,4,4,3,3,3,3,3,4,NA,5,4,3,4,2,2,2,2,2,2,3,1,1,2,1,6,3,1,2,2,2,3,6,2,1,1,1,1,1,1,5,4,4,4,4,4,4,4,5,2,2,2,1,1,3,1,5,2,2,2,6,6,2,3,2,2,2,2,2,3,3,3,6,6,6,6,5,3,5,3,4,1,6,1,4,2,2,3,1,4,5,5,5,4,4,4,3,3,4,4,4,5,3,1,1,1
3,4,6,1,2,2,2,2,1,3,4,1,5,2,4,1,4,4,3,2,1,3,2,1,4,1,6,1,4,5,6,2,5,5,6,2,1,2,3,3,2,2,1,2,4,1,6,1,1,1,2,4,2,1,3,3,1,5,1,6,1,3,3,3,6,5,2,4,5,2,4,6,2,2,2,2,6,1,1,1,5,1,6,1,1,1,1,5,2,6,1,NA,2,5,3,1,1,2,2,4,3,2,1,1,2,2,4,1,4,2,6,2,5,NA,1,4,4,NA,1,6,4,5,4,5,1,2,3,1,1,3,4,5,4,1,1,6,2,6,2,3,4,1,2,1,1,4,5,4,1,1,1,5,1,4,4,6,5,6,4,3,1,6,2,2,3,4,4,1,2,3,3,4,1,2,2,3,2,3,1,1,1,2,2,2,3,4,4,4,1,2,1,1,2,3,1,4,2,3,1,2,1,4,1,3,4,6,6,1,2,3,3,2,2,1,1,2,2,2,5,6,6,5,1,3,1,5,2,4,1,2,1,6,6,1,2,2,4,5,4,2,3,6,5,3,2,1,3,2,2,2,1
3,2,4,1,2,1,3,4,2,3,5,3,2,2,1,3,5,6,4,5,4,6,5,2,3,1,2,2,3,4,6,4,3,3,2,2,2,2,5,4,5,3,3,4,2,1,2,2,1,4,4,5,3,3,4,3,NA,NA,NA,NA,NA,NA,NA,NA,NA,NA,NA,NA,NA,NA,NA,NA,NA,NA,NA,NA,NA,NA,NA,NA,NA,NA,NA,NA,NA,NA,NA,NA,NA,NA,NA,NA,NA,NA,NA,NA,NA,NA,NA,NA,NA,NA,NA,NA,NA,NA,NA,NA,NA,NA,NA,NA,NA,NA,NA,NA,NA,NA,NA,NA,NA,NA,NA,NA,NA,NA,NA,NA,NA,NA,NA,NA,NA,NA,NA,NA,NA,NA,NA,NA,NA,NA,NA,NA,NA,NA,NA,NA,NA,NA,NA,NA,NA,NA,NA,NA,NA,NA,NA,NA,NA,NA,NA,NA,NA,NA,NA,NA,NA,NA,NA,NA,NA,NA,NA,NA,NA,NA,NA,NA,NA,2,3,3,6,6,6,5,1,3,2,3,3,6,2,3,2,3,2,4,2,5,3,3,4,6,6,1,5,2,4,2,2,3,3,5,3,2,3,3,6,2,1,2,1,2,1,3,2,5,3,3,2,2,4,3,5,6,6,4,3,5,2,5,4,2,5,6,3,3,5
