"favorably","tenets","reinforcements","cranes","appliance","sewage","twenties","fragrant","projectiles","drainage","habitual","pinhead","epoch","huff","disparity","terminating","neuron","softened","waterfall","tadpole","ticker","consented","munitions","chants","cogs","martini","motherhood","unsuitable","undeniable","piggy","sluggish","euthanasia","headroom","shuffling","reservoirs","subvert","jackass","interlace","supremacist","famed","learners","innocents","orthopedic","murky","intoxication","sceptre","hailed","warhead","flicked","cardinals","lug","rationalization","janitor","subcontinent","shroud","diagnoses","debunking","closets","eighty","committee's","inferiority","commits","celibacy","sideboard","profess","ionosphere","probabilistic","shards","stiles","fallout","cartel","gangsters","keyed","antagonistic","benefited","unplayable","soprano","junkies","antiquated","etched","redding","missy","interfered","impoverished","dispel","serge","cocky","loneliness","spoof","dissipation","sporadic","injustices","stiffer","milieu","emeritus","pulmonary","bins","racked","clamping","repressive","acknowledgment","sipping","splinter","persecute","decently","cramps","grins","interprets","contagious","curricula","thinker","expressway","arboretum","beggar","consequent","convict","inorganic","dateline","priceless","sheepdog","esteemed","exhale","buzzing","compresses","rationalize","sibilant","stills","widest","setback","manager's","subordinate","doctorate","dashes","negate","curtail","bugging","disappoint","sorrows","tram","leapt","thematic","unreal","unconventional","dashing","rapes","awaits","overture","skyline","fruitful","protagonist","vaseline","opinionated","emblem","figment","speedup","naturist","advising","sects","nobles","microfilm","willful","cultivated","dine","trample","occupies","fractional","hastily","toothpaste","booze","skunks","regularity","unequal","saxophone","pioneers","masking","strung","tanner","alum","activating","contraception","stabilized","reconstructed","minimally","counterpoint","unspeakable","teammate","zippy","curing","compressing","manifested","notifying","hostages","furthering","mammal","calico","tenet","textured","zoning","remission","gestalt","bosom","legible","sibling","groupings","stagnation","joyful","entertainers","adios","telescopes","alluded","refreshments","humanistic","queued","affidavit","nonstandard","meditate","centrally","gleefully","hypocrites","neuter","outboard","dispersed","inaccuracies","wiggled","cohort","originates","miner","vowel","halibut","everything's","miraculous","candid","gallant","drills","tragically","installment","millionaires","electing","horseback","restructure","groceries","seaboard","curator","waive","eyesight","oblique","intrusive","intersect","volunteering","compromising","defer"
1,2,2,1,2,2,1,2,1,2,2,2,3,1,2,2,2,2,1,1,1,1,3,1,1,2,1,1,1,1,1,3,2,1,4,2,1,2,3,1,2,3,2,1,1,3,1,2,1,1,1,2,1,2,2,4,1,1,5,1,2,1,2,1,1,2,2,1,2,1,1,1,2,1,3,2,2,4,3,2,1,3,2,2,2,3,1,2,1,2,2,2,1,5,5,1,1,1,1,1,2,1,1,1,2,1,1,1,2,1,1,1,3,1,2,1,1,1,1,1,1,2,1,1,2,2,1,1,1,1,2,1,1,2,2,1,1,2,1,4,1,1,1,1,1,1,2,1,1,1,5,2,1,1,1,1,1,2,1,1,1,1,1,1,2,2,2,1,2,1,2,2,1,1,1,1,1,1,1,2,1,1,1,1,3,1,1,2,1,1,1,2,1,1,2,2,2,1,1,2,2,3,2,2,2,1,1,2,2,2,1,1,3,4,1,1,2,1,4,4,1,2,3,1,2,3,2,2,3,1,2,1,2,1,2,1,2,1,1,1,2,1,2,2,3,5,2,1,1,1,2
3,3,3,4,4,5,5,4,4,3,2,2,1,1,2,2,3,4,4,3,3,5,5,4,4,4,3,3,4,4,3,3,4,5,5,5,5,6,6,6,4,4,5,5,4,4,3,3,2,1,2,2,3,3,4,5,5,6,6,5,5,4,4,3,3,2,2,1,1,2,2,3,4,4,3,3,2,2,3,3,2,4,4,5,5,5,5,5,3,4,3,2,2,3,4,4,3,4,5,6,5,5,4,3,2,1,2,2,3,4,5,6,5,4,3,4,3,4,3,4,2,3,2,2,3,2,3,4,4,3,5,5,5,4,4,4,3,4,3,4,3,2,1,2,1,3,4,4,5,3,4,2,3,1,2,1,2,1,2,1,2,3,4,5,4,5,4,3,2,3,2,2,3,3,4,4,5,5,5,4,3,2,1,2,3,4,3,4,3,4,4,3,2,2,1,3,4,4,3,3,2,3,2,3,2,3,4,5,4,6,4,3,5,1,3,3,4,4,5,6,5,5,4,4,3,3,2,2,3,4,3,4,3,4,3,4,5,4,3,4,3,4,3,2,3,4,6,5,4,3,3
2,2,2,1,2,2,2,2,2,3,2,2,2,1,1,2,2,3,1,2,1,1,3,2,1,2,1,3,2,1,2,5,2,2,5,1,1,1,2,2,2,2,2,1,3,3,2,2,1,1,1,2,1,1,2,2,1,1,6,2,2,1,2,3,1,3,2,1,2,2,1,2,2,2,1,1,1,1,2,2,1,1,3,2,1,2,1,2,1,3,2,2,1,6,6,2,1,2,2,2,3,1,1,3,3,1,1,1,3,4,2,2,3,2,2,1,1,1,1,1,1,1,1,1,3,3,1,1,1,2,2,2,1,1,2,1,2,1,1,3,2,2,2,1,1,2,3,1,3,2,2,4,2,2,1,3,1,1,2,3,1,2,1,2,2,3,3,1,1,1,1,3,3,1,1,2,1,1,2,3,2,1,1,3,3,1,1,2,1,1,2,2,2,1,1,2,2,2,3,2,2,3,2,3,3,1,2,1,1,1,1,1,5,4,1,1,1,1,3,2,3,2,2,2,1,2,1,1,1,2,2,1,1,1,2,1,3,2,1,3,4,3,3,3,5,6,2,1,2,2,2
2,1,4,2,5,3,3,2,4,3,2,2,4,1,3,3,4,3,1,3,1,3,3,2,1,1,3,4,4,1,2,3,3,2,3,1,1,3,4,2,3,3,4,1,3,5,2,2,2,1,1,4,2,4,5,3,3,2,6,3,5,3,4,3,1,4,4,3,2,2,1,4,4,3,3,4,3,3,4,4,3,3,3,4,2,2,1,4,4,3,2,4,2,4,5,6,1,2,2,3,6,1,3,4,3,2,1,3,5,3,3,2,4,3,5,2,5,3,3,1,4,2,1,4,5,6,2,1,1,3,4,2,2,1,3,4,4,3,1,3,3,2,6,4,2,3,3,1,4,3,2,5,3,2,1,4,3,2,3,3,2,5,1,3,5,3,2,4,1,2,5,4,3,3,2,2,1,2,5,6,4,5,4,4,3,2,1,2,4,4,2,3,5,2,2,1,4,2,4,3,2,3,2,4,4,2,4,2,5,5,4,3,5,5,4,3,1,1,3,4,3,4,5,3,1,3,1,1,2,2,3,1,1,1,3,2,4,2,3,4,3,2,2,2,3,5,2,3,4,4,1
1,1,1,1,1,1,1,1,1,1,1,1,6,1,1,1,1,4,1,1,1,1,3,1,1,1,1,1,1,1,1,6,1,1,5,1,1,1,3,1,1,1,1,1,1,6,1,1,1,1,1,1,1,1,1,1,1,1,3,1,2,1,3,1,1,4,1,1,1,1,1,1,1,1,1,1,1,1,1,1,1,1,1,3,1,1,1,1,1,1,1,1,1,6,6,1,1,1,1,1,1,1,1,1,1,1,1,1,3,2,1,1,3,1,1,1,1,1,1,1,1,1,1,1,1,3,1,1,1,1,1,1,1,1,1,1,1,1,1,1,5,1,1,1,1,1,1,1,1,1,5,4,1,1,1,3,1,1,1,1,1,1,1,1,1,1,1,1,1,1,1,1,1,1,1,1,1,1,1,1,1,1,1,1,1,1,1,1,1,1,1,1,1,1,2,1,1,1,1,3,3,1,1,1,1,1,1,1,1,1,1,1,4,1,1,1,1,1,5,5,1,1,1,1,1,1,1,1,1,1,3,1,3,1,1,1,3,1,1,1,2,1,1,1,1,5,1,1,1,1,1
2,1,2,1,2,2,1,2,3,3,4,1,3,1,2,1,4,2,1,1,1,1,3,1,1,3,1,3,3,1,1,6,2,1,4,1,1,2,4,1,3,3,3,1,2,3,2,1,1,1,1,3,1,1,3,4,1,2,6,1,6,1,6,3,1,4,3,1,1,1,1,3,2,2,2,3,1,1,2,4,1,1,2,2,1,3,1,4,1,2,1,3,1,6,4,1,1,2,1,2,4,1,1,1,2,1,1,1,5,3,2,1,4,1,3,1,1,1,2,1,3,2,1,1,4,3,1,1,1,4,1,2,1,1,2,1,2,2,1,3,2,2,3,1,1,3,3,1,2,1,1,4,2,1,1,4,1,1,1,1,1,2,1,1,2,2,4,2,1,1,5,3,3,4,2,2,1,3,1,2,2,1,2,3,2,2,1,2,1,1,3,3,2,1,1,1,2,1,3,3,2,4,1,3,2,1,3,4,3,3,1,3,6,3,2,4,2,2,4,4,3,1,3,2,2,5,1,1,2,3,5,1,2,1,4,1,5,1,2,4,4,4,3,4,5,5,4,2,4,2,2
2,3,2,1,1,1,1,1,3,2,2,2,5,1,4,3,5,1,1,1,1,NA,1,1,1,1,1,3,2,2,1,5,3,2,4,3,1,1,4,1,1,1,1,3,3,4,1,1,1,1,1,1,1,2,2,1,1,1,1,1,3,1,4,2,1,5,4,2,3,1,1,1,1,3,1,1,1,1,1,1,1,1,1,1,2,4,2,2,1,1,3,2,2,6,6,4,1,1,1,1,1,1,1,2,2,1,1,1,3,4,1,2,6,1,3,1,1,1,1,1,1,1,1,1,1,4,1,1,1,1,1,2,1,1,1,1,1,1,1,1,1,1,1,1,2,1,4,1,1,3,1,2,1,1,1,1,1,3,1,2,1,1,1,1,1,1,1,1,1,1,1,1,1,1,1,1,1,2,1,1,1,1,1,1,1,1,1,1,1,1,1,1,1,1,1,1,1,1,1,4,3,1,1,1,1,1,1,1,1,2,2,1,4,3,1,1,1,1,1,1,1,1,1,1,1,1,1,1,1,1,1,1,1,1,1,1,2,2,2,3,2,4,3,4,4,5,3,4,4,4,5
4,4,5,1,3,4,3,5,4,3,2,1,6,4,3,3,4,2,1,4,2,1,4,2,1,5,2,3,3,2,2,6,1,3,5,5,3,2,4,2,2,4,4,3,2,6,4,1,2,5,2,3,3,4,5,3,4,2,1,6,5,4,5,1,2,4,5,5,3,1,1,4,5,5,3,3,4,2,6,6,4,2,2,4,2,3,2,4,3,4,2,4,2,6,6,5,1,1,2,3,4,2,1,3,2,1,1,2,3,4,4,2,6,4,2,1,3,1,2,1,5,2,3,2,3,5,1,1,1,4,3,2,2,2,4,3,2,NA,4,5,2,3,2,1,3,1,3,3,2,3,4,3,2,6,1,5,2,4,NA,3,3,3,1,4,4,2,4,2,4,3,2,1,6,4,2,2,1,4,3,5,2,2,4,2,1,1,6,2,2,3,2,3,4,4,6,3,2,2,4,6,5,4,2,3,2,1,2,4,2,5,4,3,4,6,2,2,1,1,4,4,3,2,3,2,4,2,1,3,5,2,4,4,5,1,3,3,2,2,2,4,3,2,4,3,4,5,3,2,2,2,1
2,2,3,1,3,1,2,3,NA,1,3,1,4,1,2,1,3,2,1,1,1,2,2,1,1,3,1,1,2,1,1,3,2,2,3,2,1,1,4,2,2,4,4,1,3,6,2,1,3,2,1,3,2,3,4,4,1,1,3,3,3,1,4,1,2,3,3,1,1,1,1,2,2,3,1,2,2,2,3,3,3,1,3,3,1,1,1,1,1,3,2,1,1,6,3,5,1,1,1,1,3,1,1,4,3,1,1,3,3,3,1,1,3,1,2,1,1,1,1,1,2,1,1,2,3,3,1,1,1,2,3,4,1,1,1,1,2,1,1,3,3,1,3,1,1,1,1,2,1,2,1,3,3,1,1,3,1,2,3,2,1,1,1,1,3,2,1,3,1,1,2,2,4,2,1,1,1,1,2,3,3,3,3,2,2,1,1,1,1,1,1,1,NA,1,2,1,1,1,3,3,6,2,2,2,1,1,2,5,4,2,2,1,5,6,1,3,2,1,6,3,1,1,2,1,2,2,3,3,3,4,4,2,1,1,1,2,4,2,1,2,4,1,1,2,1,4,2,2,2,2,3
2,1,6,1,5,2,2,5,6,5,6,1,6,3,2,3,5,5,1,1,1,1,3,3,1,2,1,3,3,1,3,6,2,3,6,3,1,5,6,2,3,5,2,2,4,6,5,3,4,3,2,4,2,3,1,3,2,3,4,5,3,2,6,2,2,6,6,5,5,1,1,2,3,2,3,1,4,4,NA,3,3,4,5,6,1,3,1,5,1,6,5,5,5,6,5,4,1,2,2,1,6,5,4,4,3,3,3,4,1,2,2,3,3,6,5,1,5,5,2,3,3,6,5,4,3,3,2,4,2,3,3,4,3,2,5,3,4,5,4,5,3,4,4,3,3,5,5,NA,6,6,6,5,1,1,2,1,3,5,6,5,4,5,3,3,3,4,2,6,4,3,6,5,3,4,4,2,4,4,3,2,4,3,6,6,4,3,4,1,5,5,3,4,4,3,5,6,4,3,3,2,4,6,4,3,2,6,6,3,4,3,5,3,5,1,4,2,4,2,2,5,3,5,2,5,6,4,5,5,4,2,3,4,4,5,5,5,3,3,3,3,2,3,3,4,4,5,3,4,4,2,4
1,1,2,1,1,1,1,1,2,1,1,1,2,1,1,2,1,1,1,1,1,1,2,1,1,1,1,1,1,1,1,2,1,1,2,1,1,1,2,1,1,1,1,1,1,2,1,1,1,1,1,2,1,1,2,1,1,1,1,1,2,1,2,1,1,1,3,1,1,1,1,1,1,1,1,1,1,1,2,1,1,1,1,2,1,1,1,2,1,1,2,1,1,2,2,3,1,1,1,1,2,1,1,1,1,1,1,1,1,2,1,1,2,1,1,1,2,1,1,1,1,1,1,1,1,1,1,1,1,1,2,1,1,1,2,1,1,1,1,1,1,1,1,1,1,1,1,1,1,2,2,1,1,1,1,1,1,1,1,2,1,2,1,1,1,1,1,1,1,1,1,1,1,1,1,1,1,1,1,1,1,1,1,1,1,1,1,1,1,1,1,1,1,1,2,1,1,1,2,2,2,1,1,1,2,1,1,1,1,1,1,1,1,3,1,1,1,1,2,1,1,1,1,1,1,2,1,1,1,1,1,1,1,1,1,1,1,1,1,1,1,1,1,2,1,1,1,1,1,1,1
3,5,5,3,4,5,2,5,4,4,4,3,5,1,2,5,5,4,2,3,3,3,5,2,1,3,2,3,4,2,2,6,2,3,6,6,3,3,4,3,2,2,3,2,4,6,3,2,3,4,2,4,2,4,2,4,NA,3,3,3,2,3,3,3,3,5,5,4,4,2,3,3,2,6,4,4,5,4,6,6,3,3,3,4,2,3,4,4,4,4,4,4,1,6,6,6,1,2,1,2,5,2,2,5,4,1,2,4,5,5,2,3,6,3,5,4,2,2,2,2,4,2,2,3,3,5,2,2,2,3,5,3,2,3,4,2,4,2,2,3,2,1,3,3,2,3,4,2,3,4,2,4,2,4,1,3,1,3,4,3,4,4,2,3,4,3,2,3,1,2,3,2,2,3,2,2,2,2,2,3,3,4,3,3,3,3,3,2,3,2,3,3,3,2,3,4,2,2,2,5,3,5,2,3,5,2,4,3,4,3,3,2,5,5,2,3,2,2,3,5,2,2,3,2,3,2,1,2,1,2,3,1,3,1,2,2,2,1,2,1,2,1,3,4,2,5,3,3,2,2,1
3,1,1,1,1,1,1,1,3,1,1,1,3,1,3,1,3,4,1,1,3,1,3,1,2,3,1,1,3,1,3,4,1,1,4,1,1,1,3,1,1,1,3,2,1,1,1,1,1,1,1,1,1,1,3,3,1,1,1,3,3,1,3,1,1,1,4,1,3,1,1,1,1,3,1,1,3,1,3,1,1,1,1,1,1,1,3,3,1,1,3,1,1,3,4,3,1,1,1,1,1,3,1,1,1,1,1,1,1,3,1,1,3,1,1,1,1,1,1,1,1,1,1,1,1,3,1,1,1,1,1,1,1,1,1,1,1,1,1,3,1,1,1,1,1,1,1,1,1,1,1,1,3,2,1,1,1,2,1,1,1,3,1,1,1,1,3,1,1,1,1,1,1,1,1,1,1,1,1,1,3,1,1,1,1,1,1,3,1,1,2,1,1,1,3,1,1,1,1,4,3,1,1,1,4,1,3,1,1,3,1,1,5,5,1,3,1,1,1,3,1,1,1,1,3,4,1,1,4,1,4,1,3,1,1,1,1,3,1,1,1,1,4,1,1,4,4,3,3,1,1
1,2,1,2,1,3,1,2,2,2,3,1,4,1,1,2,3,2,1,1,1,2,3,1,1,2,1,3,3,1,1,4,1,1,3,1,1,2,3,3,2,1,1,1,1,3,1,1,1,2,1,2,2,1,3,1,1,1,1,1,2,1,3,1,1,2,1,1,1,1,1,1,1,1,1,1,1,1,3,3,1,1,1,1,1,2,1,3,1,2,3,1,1,3,3,2,1,1,1,1,2,1,1,2,3,1,1,1,1,3,1,1,2,2,3,1,2,1,1,1,3,1,1,1,3,2,1,3,1,1,1,1,1,2,2,2,1,1,1,2,2,1,1,1,1,1,1,1,1,3,4,1,3,2,1,3,1,3,1,1,1,1,1,1,2,1,1,1,1,1,2,2,4,2,1,1,1,3,1,2,1,1,2,1,1,1,1,1,NA,1,1,1,2,2,5,1,1,1,1,3,1,2,1,1,1,1,1,1,3,2,1,3,3,4,2,3,1,3,3,3,2,1,2,1,3,2,1,1,3,2,3,1,2,1,3,1,2,1,1,2,3,1,3,2,3,4,2,2,1,3,2
2,2,1,1,2,2,2,2,3,3,2,2,5,1,2,2,4,2,1,1,1,1,1,1,2,1,1,3,3,1,1,5,2,2,4,3,2,2,3,2,1,2,3,3,4,6,4,2,2,2,1,2,2,3,4,3,2,1,2,3,4,2,3,2,2,3,5,2,3,2,2,3,3,3,2,2,2,4,6,3,2,1,2,3,2,3,1,2,2,4,6,1,2,6,6,5,1,1,1,1,5,1,2,2,2,1,1,1,3,3,1,2,6,1,3,2,2,1,2,1,1,3,2,2,4,5,1,3,1,1,4,2,1,1,3,2,1,1,2,5,2,1,2,2,2,2,5,1,1,2,2,3,2,2,1,2,1,3,2,2,1,2,1,2,3,2,2,2,4,2,2,2,3,3,1,1,1,1,1,2,2,2,1,2,2,2,1,3,1,2,3,2,2,1,2,2,2,3,2,3,2,5,2,1,2,1,2,2,2,2,1,1,6,6,2,2,2,2,5,6,2,2,2,1,3,3,3,2,3,1,4,1,3,1,3,2,3,1,2,2,4,2,3,2,2,6,2,2,2,3,2
2,4,3,2,NA,1,2,1,2,4,3,2,4,3,2,3,5,1,1,2,3,4,3,2,5,2,1,4,2,1,2,6,3,1,4,3,2,4,5,1,2,3,4,5,3,6,2,4,1,1,3,5,2,3,6,6,4,2,3,5,4,3,4,2,1,6,6,2,4,1,3,1,1,5,2,5,4,2,5,3,2,2,1,5,1,2,4,2,3,5,6,1,3,6,6,5,1,1,3,4,2,2,2,5,1,1,1,2,5,5,1,2,6,2,4,4,2,1,2,3,5,2,3,4,5,3,1,1,2,1,3,2,1,4,2,1,1,3,1,2,5,1,4,1,1,1,5,4,2,5,2,5,5,4,2,4,2,3,1,3,1,5,2,1,1,4,5,2,4,2,5,1,6,4,4,3,1,1,3,5,3,4,2,4,6,4,6,2,3,4,2,3,1,3,4,5,2,2,4,6,4,5,2,1,6,1,2,5,3,6,2,2,6,6,2,1,1,2,5,5,2,1,6,1,6,3,1,2,6,3,4,2,5,1,3,2,1,4,1,1,2,3,1,5,6,4,1,1,2,3,2
2,2,4,2,5,4,2,3,2,2,4,3,6,2,4,3,6,4,1,1,1,2,6,3,1,2,1,2,6,1,2,6,2,3,5,2,1,2,6,3,2,2,4,2,3,5,3,2,2,3,1,5,4,6,2,3,3,2,3,4,3,2,5,3,2,3,5,2,1,2,2,2,2,4,3,3,3,2,3,5,2,2,3,4,2,2,1,3,2,4,4,3,2,5,5,5,1,1,2,3,4,2,2,3,3,1,1,2,6,6,3,3,6,3,4,1,3,2,2,2,3,3,2,3,4,4,2,2,1,3,5,2,1,1,3,3,4,2,1,2,3,1,4,2,1,2,3,5,4,6,3,3,2,4,3,2,3,2,4,3,1,5,1,3,2,4,4,4,2,2,2,2,4,3,1,2,1,1,3,5,5,4,4,3,5,2,2,4,3,3,5,3,3,2,2,1,2,2,3,6,6,5,4,3,6,4,4,5,4,4,3,3,6,6,1,2,2,2,5,6,1,2,2,2,5,2,1,1,5,3,3,2,2,1,2,2,4,1,1,2,5,1,2,4,1,5,3,1,2,2,1
2,3,3,3,2,4,5,6,3,2,4,3,1,6,5,3,4,2,1,2,3,4,4,5,2,1,1,1,3,3,3,5,1,6,6,4,5,2,1,2,1,1,3,4,4,2,4,2,5,1,1,4,3,2,3,2,4,5,2,2,1,3,5,6,2,6,1,3,3,3,6,3,1,4,3,3,2,2,1,2,3,2,2,1,2,2,NA,3,3,3,5,5,6,2,5,1,1,3,5,5,NA,3,2,2,1,2,2,5,3,2,2,5,1,4,1,2,1,2,NA,1,3,3,2,2,1,1,3,3,1,3,NA,2,5,6,1,3,1,5,1,1,4,2,2,1,5,4,1,4,5,6,6,4,3,5,2,3,2,5,6,NA,5,4,1,1,2,1,5,4,4,2,5,3,2,6,2,1,6,1,5,6,3,4,2,1,2,2,3,1,3,1,4,4,3,5,5,2,2,1,NA,2,2,1,1,4,3,5,3,2,1,2,2,1,4,4,2,NA,2,6,2,5,2,3,3,2,NA,3,6,4,2,4,5,4,3,2,1,2,5,5,4,2,5,5,4,5,1,2,3,2,3,2,4
1,4,2,1,5,2,2,4,2,1,1,3,1,1,1,1,2,3,1,1,1,2,2,1,1,3,1,1,2,3,1,6,2,2,2,1,1,1,4,1,1,2,3,2,2,5,2,2,1,1,1,3,1,2,4,5,1,2,4,3,2,2,1,1,1,4,3,1,2,1,1,2,3,1,2,1,1,3,1,1,1,2,4,2,1,5,1,1,1,2,4,4,2,6,6,2,1,2,2,1,3,1,1,2,2,1,1,2,4,1,1,2,3,1,2,1,1,3,2,1,2,3,1,3,3,4,1,4,1,1,2,2,1,1,2,1,1,3,3,4,1,1,2,1,2,1,1,2,4,1,4,2,1,1,1,1,3,1,2,1,1,1,1,2,1,1,1,3,1,1,2,2,1,4,1,1,1,1,1,2,1,4,3,3,1,3,3,1,2,2,1,1,1,1,1,1,2,4,2,1,5,4,3,2,2,1,1,1,1,2,1,1,3,6,1,1,2,1,4,1,2,1,2,3,1,3,4,1,2,1,2,1,1,1,1,2,3,1,1,2,2,4,3,3,4,5,1,1,1,2,1
6,2,3,1,4,1,2,2,2,1,1,1,6,1,3,4,5,5,1,1,3,4,6,1,1,2,1,3,3,1,3,6,1,1,6,2,1,1,6,NA,2,3,4,4,6,6,NA,1,2,3,1,5,3,4,2,4,3,2,2,3,6,2,4,1,1,6,6,2,1,1,2,1,1,6,3,2,1,3,3,3,1,1,3,3,2,3,1,1,1,3,3,3,3,3,6,4,1,1,1,3,6,1,1,5,2,1,1,2,4,6,1,1,6,1,5,1,2,1,1,1,1,1,2,2,2,2,1,1,1,6,6,3,1,3,1,1,1,1,1,6,6,1,5,1,1,1,1,1,2,5,2,4,2,2,1,3,1,2,2,1,1,3,1,4,5,5,4,1,1,1,3,1,3,1,1,1,1,2,2,5,2,NA,3,1,1,1,1,1,1,3,2,3,4,4,3,3,4,1,1,4,5,3,1,1,2,1,3,4,1,3,6,6,6,6,1,2,1,1,4,5,1,3,4,1,2,3,1,2,3,1,4,1,2,1,2,2,5,3,1,2,2,1,3,1,1,6,5,4,3,2,1
2,1,1,1,2,2,2,3,2,2,1,1,3,1,1,1,3,2,1,1,1,1,3,2,1,2,3,2,2,1,1,4,1,1,4,1,2,1,4,1,2,2,1,2,1,4,3,1,2,1,1,4,2,1,4,1,1,1,4,1,3,1,4,2,1,3,2,1,1,2,1,2,3,1,2,1,2,3,3,4,2,1,3,1,1,2,2,2,1,2,1,3,1,6,3,1,1,1,1,2,3,1,2,2,4,1,1,2,4,2,1,2,5,2,4,2,1,1,3,1,1,2,2,NA,4,5,1,1,1,2,2,2,2,1,3,2,3,2,1,1,2,1,3,1,1,2,1,2,3,1,2,3,2,1,1,1,1,1,2,1,1,2,1,2,1,3,2,3,2,1,2,3,4,2,1,2,2,1,1,3,2,1,2,2,2,1,1,1,1,2,3,4,3,1,4,1,3,1,2,3,4,3,2,2,3,1,2,4,3,3,1,2,6,6,1,2,3,2,4,4,2,2,3,2,3,2,1,2,3,4,3,1,2,1,1,1,4,2,1,2,4,2,1,3,3,4,2,1,1,1,2
6,2,6,2,6,2,6,4,5,5,4,5,3,1,5,6,1,4,2,2,2,4,3,4,1,4,5,3,4,1,4,3,5,4,5,4,5,2,5,1,5,4,5,4,5,2,1,2,4,6,1,6,5,6,5,6,4,3,1,4,3,1,2,4,2,5,5,1,1,1,1,2,2,6,4,5,4,4,5,5,1,1,3,3,1,2,1,3,1,4,4,4,6,6,6,6,1,1,2,4,5,4,5,5,4,1,1,3,3,4,3,3,6,5,6,5,6,4,3,2,3,2,1,3,4,5,1,1,1,2,3,3,1,1,1,1,2,2,1,3,1,1,2,1,1,1,1,1,1,5,4,4,3,3,2,1,1,2,3,3,2,2,1,5,5,3,3,4,1,2,4,2,5,4,3,2,2,1,5,4,3,4,2,4,2,4,2,4,2,4,3,4,4,4,3,3,3,4,3,1,3,2,2,1,3,6,3,6,4,6,4,5,5,4,3,1,2,3,2,1,1,5,4,4,4,5,6,5,6,1,2,1,2,2,3,5,5,4,5,2,3,3,3,4,5,5,3,4,3,4,4
4,2,6,5,4,5,2,5,5,6,3,2,1,4,2,5,6,6,1,3,5,1,1,5,3,6,5,4,1,4,2,4,6,4,1,6,4,2,5,3,1,6,4,2,6,3,5,4,4,4,3,6,2,4,1,5,5,6,2,3,4,2,6,1,3,5,5,3,1,2,3,1,2,4,3,3,5,2,3,5,4,1,6,2,2,6,2,5,6,2,5,5,6,3,4,2,4,6,2,1,5,6,1,3,5,5,2,4,6,1,4,2,5,6,2,4,3,4,6,2,5,5,3,6,3,1,4,1,5,6,3,5,3,4,3,2,6,6,3,2,1,4,5,6,3,5,1,3,2,3,5,3,6,5,2,3,6,5,NA,4,2,5,1,3,3,2,NA,3,5,2,4,5,4,3,2,4,3,2,5,5,6,3,5,1,3,6,4,3,4,5,3,5,1,4,3,2,5,3,4,5,3,5,6,2,3,5,6,3,4,1,3,NA,1,5,6,2,NA,3,4,6,3,5,3,6,1,4,3,4,1,4,5,4,2,3,4,5,3,2,4,1,5,6,4,5,2,1,3,5,3,6,3
3,2,5,2,4,1,1,1,5,5,5,5,5,1,4,4,1,3,3,3,1,5,5,1,1,3,5,5,5,2,2,6,3,3,6,2,1,1,5,1,3,1,5,1,4,4,1,2,1,1,1,6,3,5,4,4,4,2,2,5,5,5,5,5,5,5,5,2,2,2,1,2,1,5,5,5,5,5,5,2,2,2,2,5,1,1,1,5,1,3,1,5,2,6,6,6,1,1,1,3,4,1,1,5,1,1,1,1,5,5,2,5,NA,3,5,2,4,4,4,4,4,4,4,4,4,5,1,1,2,3,3,3,2,2,2,1,2,2,NA,2,2,2,5,2,2,2,2,2,2,4,4,4,5,4,5,5,5,2,2,2,2,2,2,2,2,2,2,2,2,2,3,3,3,3,3,3,3,3,3,3,3,3,3,3,3,3,3,3,4,4,4,4,4,4,4,4,4,4,4,4,4,4,4,4,2,2,2,2,2,2,4,4,4,5,5,5,5,5,5,5,5,5,5,5,5,5,3,4,3,4,4,4,4,4,4,4,4,4,4,4,4,4,4,3,3,3,3,3,3,3,3
1,1,2,2,2,3,3,3,3,4,4,4,4,4,4,4,3,3,3,3,3,3,3,3,3,3,3,3,3,3,5,5,5,5,5,5,5,5,5,5,5,5,5,4,4,4,4,4,4,4,4,4,4,4,4,3,3,3,3,2,2,2,2,2,1,1,1,1,1,6,6,6,6,6,5,5,5,5,5,5,4,4,4,3,3,3,3,3,3,2,2,2,2,2,2,2,2,6,6,6,6,6,6,5,5,5,5,4,4,4,4,4,4,2,2,2,1,3,3,3,3,3,2,2,2,2,2,2,2,1,1,1,1,1,1,1,1,6,6,6,6,5,5,5,5,5,5,4,4,4,4,4,4,4,3,3,3,2,2,2,2,2,4,4,4,4,4,4,4,3,3,3,3,3,3,3,3,2,2,2,2,6,6,6,6,6,5,5,5,5,5,5,4,4,4,4,3,3,3,2,2,2,1,1,1,1,1,3,3,3,3,2,2,2,2,2,1,1,1,1,1,5,5,5,4,4,4,5,5,5,4,4,4,3,3,3,3,2,2,2,3,1,1,1,1,1,2,2,2,2,2
2,1,4,2,3,1,2,3,1,2,2,2,4,1,2,1,3,2,2,2,3,2,3,2,1,2,1,3,2,1,1,4,2,2,5,2,2,1,2,1,3,2,2,1,3,6,3,1,2,3,1,4,1,2,2,3,2,1,4,2,3,2,1,2,1,3,3,2,1,1,1,1,2,2,1,1,2,1,2,1,2,1,2,3,1,2,1,3,1,2,1,2,1,6,2,2,1,2,1,2,6,1,1,2,2,1,1,2,6,5,1,1,3,1,2,1,2,1,1,1,1,3,1,1,1,1,1,1,1,2,3,2,1,1,2,1,2,1,1,2,3,1,3,1,1,2,2,1,3,3,4,3,1,2,1,3,2,1,2,1,2,2,1,2,1,3,1,1,1,2,1,2,6,2,1,2,2,1,1,3,2,1,1,3,2,1,2,2,1,2,2,2,1,1,2,1,2,1,1,3,1,1,1,3,2,1,2,2,2,2,2,2,4,5,2,2,3,1,3,4,3,2,3,1,2,4,1,3,3,2,5,2,3,2,2,2,4,2,3,3,4,3,2,5,3,5,1,2,2,2,1
5,3,5,2,4,3,3,2,3,3,3,2,5,1,3,2,4,3,2,1,1,1,3,1,1,2,1,1,2,1,1,5,2,2,3,1,1,1,2,2,3,3,2,1,2,4,2,3,2,1,1,2,1,2,4,3,2,1,4,2,2,1,4,2,2,3,4,1,3,1,1,4,2,3,3,2,3,2,2,4,2,1,2,5,1,4,1,4,1,4,4,2,2,5,4,2,1,2,1,3,6,1,2,4,3,1,1,2,5,4,2,2,5,2,5,4,3,2,2,2,3,2,2,4,6,5,1,2,1,3,4,4,2,2,2,1,4,3,1,4,3,2,4,1,2,3,2,1,2,3,5,2,3,2,1,3,2,4,2,3,2,3,1,2,4,3,3,2,4,2,2,2,3,2,1,1,1,2,3,5,4,5,2,3,4,3,2,2,4,2,4,3,3,2,4,4,3,2,1,4,3,4,2,3,5,1,4,3,4,5,2,3,5,5,4,3,2,2,3,5,2,1,4,2,4,3,1,2,4,2,4,3,3,2,3,4,5,2,1,3,5,2,3,2,3,5,3,4,3,3,2
