"err","farther","orientation","symposium","theoretical","geographic","skilled","symbolic","jets","heroin","cereal","identifying","gosh","reflects","antique","territories","loses","dislike","transparent","voters","resulted","wherever","goddess","favorites","physicians","neon","compliance","catching","anyhow","prayers","dialing","influenced","evaluated","editorial","tooth","relativity","professors","drake","surplus","enjoys","permanently","admire","bombs","jumped","observer","pardon","prodigy","activate","visions","organize","venue","traditions","plugged","spew","tragedy","brave","bidders","respectively","rookies","assessment","indexes","awarded","ash","seminar","thereafter","twisted","agreements","diplomatic","stare","gallon","curriculum","definitive","shallow","comfort","firearm","continuum","operates","guessing","spacecraft","nicer","fascist","converts","columns","aluminum","compensate","cargo","translator","wax","technological","alike","reportedly","mold","feds","destination","cabin","converting","prospect","summit","terminate","embassy","ants","unstable","treatments","pipeline","surround","rim","obligation","playback","controlling","sore","feminist","constructive","novels","decay","soup","state's","hurts","bacteria","attracted","contention","prop","pursue","reproduced","societies","superb","gig","skates","drinks","men's","populations","throws","float","internally","overnight","identification","obnoxious","sensor","sync","assertions","sarcasm","encounters","duo","morale","compassion","representing","discretion","cocaine","militia","broader","appearing","happier","baking","preserve","appealing","negotiation","consumption","organs","composition","considerations","loser","bounds","bundle","spectacular","unemployment","amendments","certification","neighbors","jade","undergraduate","weed","zoom","rendered","boom","canvas","logically","navigation","civilized","sunny","rejection","distinguish","elaborate","exercises","farmers","noticeable","rendering","withdraw","prototype","ink","regarded","specialize","modest","saves","fantasies","deliberately","reliably","liable","interpret","tribute","understandable","translations","shields","menus","settlement","dangers","diabetes","arrest","socialist","dug","crush","emperor","daddy","hum","weigh","concerts","introductory","tabs","nationally","tubes","investigating","sucking","ebony","grid","coral","tuition","dell","behave","enjoying","quicken","lonely","enhancement","blew","tapped","commercially","projection","kicking","triumph","nirvana","buzz","pose","gambling","penny","horizontal","listened","chorus","subscribed","medication","interfere","immature","circulation","clips"
3,1,1,3,2,1,1,2,1,1,1,2,1,1,4,2,1,2,1,1,2,2,1,2,2,1,4,3,1,2,1,2,2,1,1,1,1,1,2,2,1,3,4,2,1,1,2,2,4,1,3,2,2,3,3,2,1,1,1,1,2,1,1,1,3,2,2,1,2,3,4,2,2,1,1,2,2,2,1,1,4,1,6,3,3,2,2,1,2,1,2,1,1,3,1,2,1,1,2,1,1,2,1,2,1,1,2,1,1,2,1,2,1,1,4,1,1,1,2,3,1,3,2,2,1,1,1,1,1,3,2,2,1,1,2,3,1,5,3,2,1,1,3,3,2,3,3,6,4,2,1,1,2,2,3,3,1,3,3,1,1,1,1,2,1,3,2,1,2,1,2,2,1,1,3,3,4,1,3,3,2,3,1,2,1,1,2,1,2,3,1,1,1,1,2,3,1,2,2,3,2,1,1,1,3,1,3,1,1,2,1,1,5,3,2,1,3,2,2,2,3,1,1,3,1,1,2,2,2,3,1,1,3,3,1,1,2,1,2,1,1,2,2,1,2,3,2,2,3,1
5,3,4,5,5,5,4,4,2,3,3,3,4,3,5,5,3,2,3,1,1,2,3,3,5,3,2,4,3,3,5,2,3,4,2,5,1,2,4,1,2,2,1,4,2,3,3,1,4,3,5,4,5,4,4,2,2,2,3,2,4,2,3,1,2,2,3,5,3,4,2,3,6,5,2,4,5,2,3,4,2,3,4,2,5,5,4,1,4,2,3,2,2,3,4,3,5,5,5,3,1,2,4,2,5,3,4,2,3,4,3,2,5,4,5,3,1,3,4,4,1,2,2,3,2,1,3,4,2,4,3,3,2,2,3,6,1,3,4,2,2,3,4,2,5,4,2,4,3,3,3,5,3,2,4,4,3,4,3,2,3,2,5,4,6,6,4,1,3,1,1,2,1,2,3,4,5,3,2,4,4,NA,2,3,5,2,4,2,3,3,2,1,3,4,5,5,5,4,3,2,4,3,4,4,5,3,4,2,3,3,2,2,4,3,4,2,4,3,4,5,4,2,4,3,1,2,3,2,2,4,2,2,3,4,4,6,2,2,1,5,3,4,2,3,3,3,5,2,4,1
4,1,4,3,2,5,3,6,1,4,5,2,1,2,4,4,4,1,2,2,3,3,3,4,5,4,2,3,3,3,4,3,4,2,1,2,1,3,2,1,1,1,6,1,1,1,5,3,5,1,3,4,2,5,4,2,1,3,2,1,2,3,1,2,4,3,2,1,3,1,6,4,4,1,4,6,3,5,4,3,5,2,5,1,1,1,2,1,3,1,2,1,1,3,1,2,1,1,3,4,1,4,4,5,4,1,3,1,3,3,2,2,1,3,5,5,1,3,3,4,1,5,4,6,2,1,2,2,1,3,2,4,4,5,6,5,1,4,5,3,4,5,5,3,3,3,1,5,4,3,2,1,3,3,5,4,1,3,4,4,4,2,2,2,1,2,6,2,3,1,1,2,1,1,4,2,5,1,2,5,1,4,1,4,3,2,1,3,1,4,1,2,1,3,4,1,1,1,2,3,5,5,2,5,6,1,4,1,1,1,1,1,5,4,2,1,3,4,2,1,1,1,1,5,1,1,2,3,4,2,1,2,5,2,1,5,5,1,4,2,1,2,4,6,4,2,4,5,5,1
5,4,3,4,4,4,2,4,1,4,2,3,2,NA,NA,NA,NA,NA,NA,NA,NA,NA,NA,NA,NA,NA,NA,NA,NA,NA,NA,NA,NA,NA,NA,NA,NA,NA,NA,NA,NA,NA,NA,NA,NA,NA,NA,NA,NA,NA,NA,NA,NA,NA,NA,NA,NA,NA,NA,NA,NA,NA,NA,NA,NA,NA,NA,NA,NA,NA,NA,NA,NA,NA,NA,NA,NA,NA,NA,NA,NA,NA,NA,NA,NA,NA,NA,NA,NA,NA,NA,NA,NA,NA,NA,NA,NA,NA,NA,NA,NA,NA,NA,NA,NA,NA,NA,NA,NA,NA,NA,NA,NA,NA,NA,NA,NA,NA,NA,NA,NA,NA,NA,NA,NA,NA,NA,NA,NA,NA,NA,NA,NA,NA,NA,NA,NA,NA,NA,NA,NA,NA,NA,NA,NA,NA,NA,NA,NA,NA,NA,NA,NA,NA,NA,NA,NA,NA,NA,NA,NA,NA,NA,NA,NA,NA,NA,NA,NA,NA,NA,NA,NA,NA,NA,NA,NA,NA,NA,NA,NA,NA,NA,NA,NA,NA,NA,NA,NA,NA,NA,NA,NA,NA,NA,NA,NA,NA,NA,NA,NA,NA,NA,NA,NA,NA,NA,NA,NA,NA,NA,NA,NA,NA,NA,NA,NA,NA,NA,NA,NA,NA,NA,NA,NA,NA,NA,NA,NA,NA,NA,NA,NA,NA,NA,NA,NA,NA,NA,NA,NA,NA,NA,NA,NA,NA,NA,NA,NA,NA
2,1,2,3,4,1,1,1,1,2,2,1,1,3,2,1,3,2,1,1,3,1,1,2,4,1,2,1,1,2,1,1,3,1,1,2,1,1,1,1,1,2,2,1,2,1,3,1,2,1,3,2,1,3,5,1,1,1,1,3,2,2,1,2,1,1,2,1,1,2,1,1,1,1,2,2,1,2,1,1,1,1,2,2,1,1,1,1,1,1,3,1,1,2,1,1,1,1,1,2,1,1,1,1,2,1,1,1,1,1,1,1,2,2,1,2,1,3,2,1,2,1,1,2,3,1,2,1,1,2,1,1,1,3,1,3,1,2,3,2,1,1,3,1,1,2,2,2,2,1,2,1,1,2,2,2,1,2,1,2,2,1,1,1,1,1,3,2,1,1,1,1,1,2,4,2,2,1,2,4,3,2,1,2,1,1,1,1,1,3,2,1,1,1,3,2,1,4,1,2,2,1,2,3,4,2,2,1,2,1,1,1,4,2,2,1,2,1,2,1,3,2,1,2,1,3,1,1,1,1,1,2,2,2,1,2,2,1,1,2,1,1,3,2,1,1,2,1,1,1
6,1,1,5,1,1,1,1,1,6,4,1,1,1,6,1,2,1,1,1,1,1,NA,1,6,2,1,1,1,1,1,2,3,4,1,3,3,2,1,1,2,1,5,1,1,1,2,1,1,1,6,2,1,3,1,1,2,1,1,1,2,2,1,2,1,1,3,3,1,2,6,1,1,1,1,6,1,5,1,1,6,3,1,5,1,1,1,2,1,1,1,1,2,1,1,1,1,1,1,3,1,1,1,2,1,1,1,1,1,4,1,1,1,1,2,1,1,2,1,6,1,3,1,1,2,1,1,1,1,1,1,1,1,1,2,1,1,6,1,NA,1,1,6,1,1,3,1,6,1,1,1,1,1,1,4,1,1,1,1,1,1,1,1,1,3,2,5,3,2,1,1,1,1,1,1,1,1,1,2,2,2,1,1,1,1,1,3,1,1,3,1,3,1,1,1,1,1,1,1,1,2,6,1,1,3,1,2,1,1,3,1,1,1,1,1,1,1,1,1,1,5,1,3,3,1,1,1,1,1,1,1,1,1,1,1,5,4,1,6,1,1,2,3,3,1,2,2,2,1,2
2,5,2,4,6,6,3,4,1,2,4,2,2,1,3,3,2,1,1,2,2,3,2,2,5,1,4,3,2,1,3,5,2,1,2,1,2,1,1,2,2,1,4,1,2,1,5,3,2,1,3,1,2,1,6,2,3,2,2,1,1,1,2,1,3,3,2,4,2,1,2,4,5,1,3,2,2,4,1,5,6,1,3,3,2,1,1,2,4,2,1,1,1,2,3,2,1,1,2,2,2,3,1,2,1,2,2,2,2,1,2,1,3,2,1,3,1,1,1,2,3,4,2,5,3,2,1,1,2,3,2,1,1,4,2,4,1,3,2,2,1,1,2,2,1,5,2,4,2,1,3,1,2,1,3,2,1,1,4,2,1,1,3,4,1,5,6,1,3,2,1,1,2,1,5,2,2,3,1,2,3,6,1,5,1,2,2,1,1,4,2,1,2,2,3,1,1,3,4,2,4,2,1,5,2,1,5,1,3,2,1,1,5,4,2,1,3,4,2,1,2,2,1,2,1,2,3,3,2,4,2,1,5,2,1,5,2,1,1,2,3,1,2,3,1,2,3,2,5,1
1,1,3,2,2,5,1,1,1,3,4,1,2,2,3,1,2,1,2,1,1,3,1,1,4,3,1,3,1,1,1,4,1,1,2,1,1,3,1,1,1,1,1,1,1,1,3,1,3,1,2,5,1,3,2,1,1,1,1,1,1,1,2,1,3,1,1,1,2,1,4,1,2,1,1,5,1,1,2,3,5,1,5,2,2,1,3,1,6,2,1,1,1,4,1,1,1,1,1,2,1,3,2,4,3,1,4,1,3,1,1,4,2,3,4,1,1,1,2,5,1,6,3,3,2,1,1,2,1,4,3,3,1,3,4,4,1,2,4,1,5,2,5,3,1,4,4,2,3,2,1,1,2,2,5,2,1,4,3,1,4,3,2,1,1,5,5,1,3,1,1,2,1,1,3,4,3,1,4,4,5,6,1,4,1,3,1,2,1,5,2,1,1,2,1,5,1,3,3,5,3,3,3,2,NA,1,3,1,2,2,1,1,3,3,4,1,4,2,1,1,2,1,1,3,1,2,1,3,3,2,1,1,3,3,1,6,1,1,1,1,1,1,3,2,1,3,1,2,4,1
6,5,4,6,6,6,4,6,1,5,5,6,4,5,3,5,2,3,6,4,3,4,5,5,6,3,4,4,3,3,5,5,5,5,3,5,6,4,3,5,5,5,1,1,3,2,2,NA,1,3,4,6,6,6,5,2,5,6,5,6,4,5,6,6,6,6,6,6,2,3,5,5,6,2,2,5,5,5,5,4,6,3,6,6,6,2,5,1,5,2,4,1,1,4,1,5,5,5,4,6,1,4,4,4,2,1,4,2,5,1,4,5,3,1,4,6,4,5,5,5,1,3,6,6,6,1,4,5,6,5,5,6,6,6,6,6,4,6,5,6,6,6,6,6,6,6,6,5,3,4,4,5,1,5,5,4,1,3,4,1,1,2,5,5,5,5,5,4,5,1,1,5,1,2,6,6,6,1,4,5,5,6,1,3,6,2,6,1,3,5,6,2,4,6,6,3,1,4,6,5,6,6,6,2,6,1,5,1,1,1,1,1,6,4,4,1,5,5,4,1,4,1,1,5,1,3,5,5,4,4,1,3,6,6,4,6,5,1,5,4,3,6,6,6,6,2,5,5,4,1
1,1,4,6,2,3,1,4,1,3,4,2,5,1,1,4,3,1,1,1,2,5,1,2,6,1,4,1,1,3,2,5,4,3,2,4,6,3,2,5,2,4,1,5,2,3,5,1,3,5,2,4,1,5,3,2,4,5,2,3,2,5,1,4,3,5,2,4,3,2,4,2,5,2,3,4,1,6,3,1,4,1,2,5,1,1,1,1,4,1,3,1,1,4,1,3,5,2,4,3,1,5,2,4,3,1,4,3,2,1,1,3,1,1,2,3,2,4,1,3,1,4,4,3,1,1,1,1,4,3,1,4,1,3,4,5,1,4,2,3,4,1,3,5,3,6,6,5,3,4,2,4,1,3,5,3,2,4,1,4,3,2,5,3,1,4,6,1,3,1,1,4,1,3,5,3,4,1,3,6,2,4,1,5,1,3,4,1,1,4,1,1,3,5,2,4,3,3,2,3,5,1,2,4,6,1,3,1,1,4,1,1,6,3,5,1,4,1,5,1,3,1,4,4,1,3,1,5,2,1,1,1,4,3,1,4,3,1,1,1,1,3,1,4,2,5,3,2,4,1
1,2,4,6,6,6,3,4,1,4,2,6,1,2,3,6,1,3,5,1,3,4,4,4,6,1,NA,4,1,2,4,5,5,4,1,3,4,1,1,1,5,1,1,1,4,3,3,5,2,4,1,4,3,1,4,1,3,6,1,4,3,3,1,3,5,3,5,NA,1,1,5,5,2,2,1,3,3,4,4,1,4,2,2,6,5,1,4,1,6,1,4,1,1,5,1,4,4,3,3,2,1,4,4,2,3,1,4,3,4,1,4,4,1,1,1,2,1,4,4,4,1,3,6,6,2,1,1,1,1,5,1,1,4,4,6,6,4,1,6,5,6,1,1,5,5,4,2,4,3,3,3,2,2,4,6,5,1,5,6,1,1,1,5,6,6,6,4,1,5,1,1,4,1,1,5,4,4,1,4,5,4,4,2,5,4,3,4,1,3,4,2,1,4,5,3,1,4,2,5,5,1,1,5,2,3,1,4,1,1,3,1,1,1,3,5,1,5,1,5,2,1,1,NA,3,1,1,3,2,2,4,1,1,6,5,2,4,3,1,1,3,2,4,3,1,6,5,4,4,6,1
4,3,2,3,2,3,1,2,3,1,3,2,4,2,3,1,2,4,3,2,1,2,2,2,3,2,NA,2,3,1,2,1,1,1,1,1,1,1,1,1,2,2,1,3,2,1,1,1,1,2,3,4,2,2,3,1,2,3,1,3,4,2,1,2,1,2,4,2,1,1,2,2,1,2,1,1,2,3,4,2,3,1,2,2,1,2,1,2,1,2,1,4,3,4,3,2,1,2,1,1,1,1,2,1,3,2,3,1,2,3,2,3,2,3,2,3,2,1,2,3,2,4,2,1,2,1,1,2,1,2,3,2,2,1,1,1,1,1,1,1,1,1,1,1,2,1,3,1,2,2,3,1,2,3,1,3,2,2,1,2,3,1,2,2,1,2,1,2,3,2,4,2,1,2,3,2,1,2,1,1,1,1,1,1,1,1,1,1,1,3,2,1,2,1,2,2,2,1,2,2,1,1,1,2,4,2,2,3,2,2,2,1,1,1,1,1,1,1,1,1,1,3,1,2,1,2,1,1,1,1,2,1,1,1,3,3,4,2,2,1,2,1,2,1,2,3,2,1,1,1
6,2,2,6,4,2,2,4,1,6,3,2,1,1,6,2,1,1,1,4,1,2,2,2,5,1,5,1,1,1,2,4,4,5,1,4,3,2,2,1,3,2,4,2,2,4,5,1,1,1,5,2,4,5,5,1,6,3,5,3,6,2,1,3,3,3,2,4,5,1,3,4,2,1,1,6,1,3,1,1,6,5,4,6,3,1,NA,1,NA,1,3,1,1,3,1,3,4,3,3,4,1,2,4,1,4,1,6,1,3,1,5,3,3,4,1,1,1,2,4,5,1,4,4,5,4,1,4,1,1,3,5,1,3,1,4,3,1,3,6,5,5,1,3,3,3,4,5,6,4,3,2,2,5,5,6,6,2,6,4,2,2,2,5,4,5,6,2,1,3,1,1,3,1,1,3,4,4,1,3,5,4,2,1,4,6,3,4,1,3,6,2,2,4,5,4,5,3,4,5,4,2,1,3,2,3,1,4,1,1,5,1,1,4,2,5,1,3,1,3,5,6,1,5,4,1,3,4,4,2,3,1,2,5,5,3,6,4,1,4,3,5,2,3,6,5,4,5,2,5,3
2,3,5,6,4,5,2,3,1,3,2,4,1,2,3,5,3,2,4,2,3,3,2,4,5,2,3,2,2,3,2,3,2,3,2,4,3,2,2,3,3,2,2,1,3,2,4,3,3,2,4,2,3,3,4,2,3,5,4,4,3,3,2,3,2,2,3,5,2,1,3,4,2,2,2,3,2,3,4,1,2,2,3,4,3,1,2,1,4,2,3,1,1,3,2,4,3,2,3,4,1,2,3,2,4,1,3,2,4,1,2,3,2,1,1,2,1,3,4,3,1,2,4,3,2,1,3,2,1,3,1,2,3,2,4,5,2,3,2,3,2,2,4,2,3,4,3,5,2,2,1,1,3,4,5,2,1,2,4,1,2,3,3,4,3,3,4,1,3,2,2,3,1,2,3,3,4,1,2,4,3,3,2,3,3,2,4,1,2,3,1,1,3,4,3,2,2,3,4,4,3,2,3,2,4,2,3,1,1,2,2,1,3,3,4,1,3,2,4,3,3,2,3,3,2,1,3,4,2,4,1,2,3,4,2,4,6,1,2,4,3,3,2,4,3,4,5,3,4,1
5,4,4,5,5,6,5,4,3,4,4,4,5,4,4,NA,6,4,3,5,5,5,4,4,6,4,4,5,5,6,6,5,6,5,4,5,3,3,4,3,4,4,5,5,4,4,4,5,6,5,4,4,5,4,3,3,5,4,4,4,5,5,5,4,3,5,6,6,5,4,5,6,5,5,4,6,6,5,6,4,5,5,5,5,4,5,5,5,4,3,4,4,5,5,4,6,5,4,5,4,3,3,2,4,4,4,2,1,5,5,4,4,4,3,5,5,5,5,4,3,6,5,6,6,6,3,4,3,4,5,4,4,5,6,5,4,4,5,4,4,5,6,4,4,6,5,5,4,5,5,5,4,5,3,3,5,5,5,5,6,6,5,3,5,5,5,6,6,5,5,6,5,6,4,5,5,5,5,5,4,5,5,6,5,5,4,4,2,3,4,4,4,5,6,5,5,5,5,6,5,5,4,4,5,5,5,4,5,4,6,6,5,4,4,5,5,5,4,5,5,5,6,5,5,6,5,5,4,4,4,4,5,5,4,6,6,5,5,5,6,4,4,4,5,5,4,6,5,5,4
6,5,1,2,5,5,6,6,5,5,5,1,1,6,6,2,6,1,2,1,1,6,1,5,6,1,6,6,2,6,1,1,1,1,5,6,1,5,1,2,1,1,1,1,1,1,6,5,6,6,6,1,5,5,2,6,2,1,5,5,5,1,5,1,5,6,1,1,6,2,1,1,1,3,5,1,6,6,5,1,6,1,5,2,1,1,1,1,6,1,1,1,1,1,1,1,1,1,1,6,6,5,6,6,6,5,5,5,2,6,1,6,6,6,6,5,5,5,5,1,4,2,2,6,6,2,5,5,5,1,6,6,2,6,1,6,1,6,5,5,1,6,5,1,2,5,6,6,6,6,3,1,5,5,1,5,5,2,3,2,6,6,2,5,2,1,6,2,1,5,5,2,5,1,5,1,2,2,2,6,1,5,2,2,2,6,2,2,5,5,5,5,5,2,5,5,2,5,2,NA,5,5,5,6,2,2,5,3,5,5,1,5,5,3,NA,4,3,3,2,2,1,2,1,5,2,2,1,5,2,2,6,5,5,2,5,5,2,5,2,5,2,5,5,5,5,2,2,2,2,6
4,2,3,4,2,3,2,4,1,2,4,2,3,2,3,4,2,1,2,3,2,4,2,4,6,3,2,3,4,2,4,3,3,2,3,5,3,2,4,2,3,2,3,2,4,2,4,3,4,2,3,2,3,4,2,2,3,2,4,2,3,4,2,3,2,4,2,1,2,3,2,4,3,2,3,4,2,3,1,2,2,3,4,2,3,5,2,3,2,4,4,3,2,4,5,3,2,4,4,2,3,2,4,2,2,2,3,4,2,3,2,4,2,2,3,2,4,2,3,3,2,4,2,5,4,2,3,5,3,2,4,2,3,2,4,NA,2,3,5,4,2,3,4,3,2,4,3,2,3,4,4,5,3,4,2,3,5,4,2,4,2,3,4,3,2,3,NA,4,3,3,2,3,4,3,2,5,4,3,2,3,3,2,3,2,1,3,4,3,2,3,4,2,4,3,2,4,2,NA,3,2,4,4,3,3,2,4,2,3,4,2,2,4,2,2,3,2,4,3,2,3,1,3,2,3,4,3,2,3,5,5,3,1,2,3,2,3,4,3,2,4,5,4,2,3,3,4,2,4,2,3
1,4,2,4,2,2,5,6,1,3,3,4,5,2,4,4,2,4,5,3,2,3,3,4,5,4,3,2,5,4,4,5,3,2,5,3,5,2,6,6,4,4,2,5,4,2,4,3,5,2,6,4,2,2,4,6,3,5,2,3,5,3,5,4,2,2,4,2,4,3,2,2,4,2,NA,3,2,4,4,NA,2,3,3,4,2,4,3,4,2,NA,2,2,4,3,NA,2,3,4,2,3,4,4,2,3,4,2,4,3,4,2,4,2,NA,2,5,3,NA,5,3,2,3,NA,2,5,6,2,3,2,2,5,5,4,NA,3,4,4,5,5,3,2,NA,2,6,4,5,3,NA,3,2,NA,2,3,4,5,3,5,2,4,2,4,3,2,5,4,2,5,4,5,3,5,2,4,3,4,2,2,4,3,NA,4,2,2,NA,3,5,3,5,5,3,NA,5,5,3,5,4,2,2,5,3,5,6,4,2,4,5,5,5,5,5,5,4,4,4,3,2,5,3,5,2,4,3,2,6,3,5,4,4,3,2,4,3,4,2,3,5,4,4,6,4,3,1,3,1,5,3,4,3,4,4,5
1,1,1,1,1,1,1,1,1,1,1,1,1,1,2,1,1,1,1,1,1,1,1,1,3,1,1,3,1,1,1,1,1,1,1,1,1,1,1,1,1,1,2,1,1,1,1,1,3,1,2,1,1,1,1,1,1,1,1,1,1,1,1,1,1,1,1,1,2,1,1,1,1,1,1,1,1,1,1,1,4,1,4,1,1,1,1,1,1,1,1,1,1,4,1,1,1,1,1,1,1,1,1,1,1,1,1,1,1,2,1,1,1,1,2,1,1,1,1,1,1,2,1,2,1,1,1,1,1,4,1,3,1,2,4,4,1,1,4,1,1,1,1,1,1,4,3,4,3,1,1,1,1,1,4,1,1,4,4,2,1,1,1,1,1,4,2,1,3,1,1,1,1,1,2,4,1,1,4,3,1,1,1,1,1,1,1,1,1,3,1,1,2,1,1,1,1,1,1,1,2,1,1,1,1,1,3,1,1,1,1,1,2,1,1,1,4,1,1,1,1,1,1,4,1,1,1,1,1,1,1,1,3,4,1,4,1,1,1,1,1,1,2,2,1,4,1,1,4,1
1,2,3,6,6,5,1,2,1,2,2,3,1,1,2,2,2,1,2,1,2,1,1,1,4,3,4,2,1,2,1,3,3,3,1,4,2,1,1,1,3,1,2,1,1,1,2,1,2,1,2,3,1,1,3,1,1,3,2,3,4,3,1,2,3,1,1,1,1,1,5,2,1,1,1,3,1,1,2,1,5,1,4,4,5,2,1,1,1,1,2,1,1,1,1,1,1,1,1,3,1,1,1,1,1,1,1,1,1,2,3,3,4,2,1,1,1,4,2,3,1,4,2,4,2,1,1,1,1,1,1,3,1,1,4,5,2,3,4,4,2,3,4,2,1,3,2,5,2,1,1,1,1,2,4,3,1,3,2,1,1,1,1,1,1,1,3,1,2,1,1,1,1,3,2,1,4,1,1,3,1,4,1,2,1,1,3,1,1,2,1,1,3,1,1,1,2,3,1,2,3,6,1,1,6,3,3,1,1,1,1,1,5,4,4,1,3,1,2,1,1,1,1,4,1,1,1,1,1,4,1,1,5,1,1,4,2,1,1,1,1,3,5,6,1,1,1,1,3,1
2,1,1,6,1,1,1,1,1,3,1,3,1,1,3,1,1,1,1,1,1,1,1,1,5,1,1,1,1,1,1,1,1,1,1,1,1,1,1,1,1,1,2,1,1,1,2,1,1,1,1,1,1,2,1,1,1,1,3,1,1,1,1,1,1,1,1,1,1,1,1,1,1,1,1,4,1,3,1,1,3,1,4,1,1,1,1,1,3,1,1,1,1,1,1,1,1,1,1,1,1,1,1,1,1,1,1,1,1,1,1,1,1,1,1,1,1,1,1,1,1,1,1,2,1,1,1,1,1,1,1,1,1,1,1,3,1,3,1,1,1,1,1,1,1,3,3,3,2,1,1,1,1,1,1,1,1,1,1,1,1,1,1,1,1,1,3,1,1,1,1,1,1,1,1,1,1,1,1,1,1,1,1,1,1,1,1,1,1,3,1,1,1,1,1,1,1,1,1,1,1,1,1,1,1,1,3,1,1,1,1,1,1,1,1,1,1,1,1,1,1,1,1,1,1,1,1,1,1,1,1,1,1,1,1,3,1,1,1,1,1,1,1,4,1,1,1,1,1,1
1,1,1,2,2,2,1,2,1,2,2,1,1,1,3,1,1,1,1,1,1,1,1,1,3,1,2,1,1,1,1,2,2,1,1,1,1,1,1,1,1,1,2,1,1,1,2,1,3,1,5,1,1,3,1,1,1,1,1,1,1,1,1,1,1,1,1,1,1,1,3,1,1,1,2,2,1,5,1,1,4,1,5,1,1,1,1,1,1,1,1,1,1,1,1,1,1,1,1,1,1,3,1,1,2,1,1,1,1,1,1,1,1,1,1,1,1,1,1,1,1,4,3,2,3,1,1,1,1,1,1,4,1,1,1,4,1,3,1,1,1,1,1,1,1,2,2,4,2,2,1,1,1,1,3,3,1,3,3,1,1,2,1,1,1,1,3,1,1,1,1,1,1,1,2,1,1,1,1,1,1,4,1,2,1,1,2,1,1,4,1,1,1,1,1,1,1,1,1,3,3,4,1,1,3,1,3,1,1,1,1,1,3,1,1,1,1,1,1,1,3,1,1,1,1,1,1,1,1,1,1,1,4,1,1,4,1,1,1,1,1,1,2,2,1,1,1,2,1,1
2,1,3,6,1,5,1,6,1,6,6,5,1,1,5,2,1,1,1,1,2,3,2,5,6,2,2,6,2,6,1,1,1,2,2,2,5,1,1,1,3,1,5,1,1,2,5,2,5,2,5,2,1,6,3,1,1,5,1,1,3,1,4,1,4,1,1,1,5,5,6,2,1,1,1,6,1,5,1,4,4,1,6,4,1,1,1,1,5,1,2,1,1,1,3,1,1,1,1,5,1,1,1,1,3,1,2,1,2,3,2,1,3,4,6,2,4,5,2,1,2,5,1,5,6,1,2,2,2,1,3,6,1,5,3,6,2,6,2,5,2,6,6,1,1,3,6,6,5,4,4,6,4,3,6,3,1,2,2,6,5,1,2,5,1,5,6,1,1,1,1,5,1,3,5,2,6,5,1,4,2,6,1,3,1,1,2,2,1,5,1,3,5,2,5,5,1,4,1,3,5,6,1,5,6,5,3,1,1,3,2,1,6,5,2,1,1,4,1,1,4,1,6,2,2,5,1,4,2,1,3,2,5,2,2,6,5,3,5,3,4,1,6,6,2,2,6,2,2,2
2,2,1,2,1,1,1,1,1,1,1,1,1,1,2,2,4,1,1,1,1,1,1,2,NA,2,2,2,1,2,1,1,1,1,3,1,1,1,1,1,2,1,3,3,1,1,6,1,5,1,2,1,1,5,4,1,1,2,1,1,1,1,1,1,2,1,1,1,1,1,1,5,2,1,1,5,2,2,1,1,6,1,6,6,1,1,1,1,1,1,3,1,1,3,1,1,4,1,1,2,1,1,1,1,1,1,2,1,1,1,5,2,3,1,2,2,2,3,1,4,1,1,1,6,5,1,2,1,2,2,1,1,2,1,1,6,2,3,3,1,2,5,6,1,1,6,2,6,2,1,1,2,2,1,3,2,1,1,1,5,2,2,2,1,1,1,4,1,1,1,1,1,1,3,2,1,3,3,1,1,1,3,1,NA,1,1,1,1,1,2,3,2,6,6,6,2,1,3,1,2,2,6,1,4,4,2,5,1,1,2,1,1,3,1,1,1,3,1,1,1,2,1,1,4,1,1,1,1,2,1,1,1,2,1,1,4,6,2,1,1,2,1,5,5,2,1,1,1,1,1
2,1,3,6,3,3,1,2,1,1,1,2,1,2,4,1,1,1,1,1,1,1,2,3,3,1,1,2,1,2,2,2,3,2,1,2,2,1,1,1,1,1,3,1,1,1,1,1,2,1,3,3,1,3,3,1,1,2,1,2,3,2,1,2,1,1,1,2,1,1,3,2,3,1,1,4,1,3,1,1,4,1,3,1,2,1,1,1,3,1,2,1,1,3,1,2,2,2,1,2,1,1,2,1,2,1,3,1,1,1,2,2,1,1,1,1,1,2,1,3,1,4,2,2,1,1,1,1,1,2,1,2,1,1,2,4,1,4,1,2,2,2,2,2,2,4,3,3,2,2,1,1,2,2,4,3,1,3,3,2,2,2,3,2,NA,3,5,1,3,1,1,1,1,2,2,2,1,1,3,4,2,2,1,2,1,1,2,1,1,1,1,1,2,3,2,2,2,2,2,3,2,2,1,1,2,1,2,1,1,2,1,1,3,2,2,1,2,2,2,1,2,1,1,3,1,1,1,2,2,3,1,1,2,2,1,3,2,1,1,2,2,2,2,2,2,2,2,2,2,1
3,1,5,2,4,3,3,4,1,6,5,5,1,3,5,5,1,1,1,3,1,1,1,3,5,2,3,3,2,2,3,3,4,5,1,4,1,1,4,2,2,3,4,4,2,3,4,3,2,3,4,4,3,2,3,4,5,3,4,3,4,2,1,5,6,3,6,1,3,4,4,4,2,1,4,4,3,3,3,1,6,1,5,5,2,1,3,1,3,3,2,1,2,3,1,4,4,1,1,4,1,4,3,1,2,1,3,4,5,3,4,6,1,3,4,3,2,2,1,5,1,6,3,4,4,3,2,1,1,4,4,3,2,3,4,6,5,6,NA,3,4,2,4,2,2,3,4,3,2,3,4,3,2,3,4,4,3,5,6,2,2,3,4,3,3,5,6,1,6,1,2,4,2,3,3,2,NA,3,5,5,4,4,1,1,2,2,2,1,4,3,3,2,5,5,6,3,2,3,6,5,2,5,1,1,5,1,4,1,3,3,2,NA,3,2,4,4,3,2,5,NA,5,2,4,4,3,2,4,5,4,6,3,2,5,4,2,3,2,2,3,2,4,4,2,4,2,2,4,3,4,1
2,1,2,2,3,3,1,1,1,2,2,2,1,1,2,1,1,1,1,1,1,1,1,2,1,1,1,1,1,2,1,3,2,2,2,1,3,4,1,1,3,1,1,1,1,1,3,1,1,1,1,1,2,1,1,2,3,2,3,2,2,1,2,1,3,1,2,1,2,1,4,2,2,1,1,2,1,2,1,2,4,1,2,1,1,2,2,1,3,2,3,1,1,2,1,1,1,2,1,3,2,1,2,1,2,1,2,1,3,1,1,2,2,2,2,3,1,2,2,2,1,3,1,2,2,1,1,1,1,1,2,2,1,1,2,4,1,4,2,1,2,2,1,2,1,2,3,3,2,1,2,1,1,1,2,2,1,2,2,1,2,2,2,3,1,2,3,1,2,1,2,1,2,1,3,3,2,2,2,3,1,2,1,4,1,3,2,1,1,2,1,1,2,1,2,2,2,1,1,1,2,2,3,1,2,2,2,1,1,1,1,1,3,2,2,1,3,2,1,1,3,1,1,3,1,1,2,1,1,3,1,2,3,1,1,4,1,1,1,1,1,1,1,4,1,1,1,2,3,2
