"wakes","incorporates","gradual","coupling","crystals","tame","sober","compendium","chaotic","observable","elephants","mercenary","invent","useable","meridian","poses","swinging","livestock","addicts","enormously","spiritually","impatient","symmetry","fullest","doubling","admiration","teenager","sled","leftist","cardiac","harp","ceremonial","forgery","artisans","comb","unpack","hound","church's","lined","slowing","immense","rash","sponsoring","earns","counties","modular","circulated","atheists","riot","generalizations","contingent","sedan","rotten","another's","migrated","varieties","undertaking","addict","ordeal","seventies","auditorium","slander","librarians","relying","overheard","coercion","stumped","magnesium","accommodation","scarlet","asserting","wonderfully","tucked","lending","consulate","bachelor","lineage","jewel","hawks","taxable","minion","drawback","oyster","aide","mourning","tester","escort","wits","glove","lava","iodine","enthusiasts","alliances","liquor","spoil","sweater","sophomore","attacker","frontal","aboriginal","archaeologist","articulate","hateful","centurion","obsessed","registrations","angular","impress","calendars","observatory","shove","intermittent","presidency","donated","attain","sewer","hostage","govern","superseded","formidable","battlefield","choking","ions","joins","orchard","harass","shampoo","brotherhood","there'll","staple","castles","rendition","quotas","frenzy","disposition","confronted","tenth","sympathetic","implant","rot","prisons","donor","industrialized","legislators","smoother","occurrence","leagues","enzymes","rectangle","inconsistency","masterpiece","soak","jeopardy","reviewer","detached","predominate","relies","wormhole","alternately","gown","abbreviated","brambles","coefficient","revived","assess","potatoes","deserving","rapist","originating","octave","danced","semi","suppressed","habitat","drought","intolerance","greeting","physiology","domains","contempt","workings","therapeutic","sands","dope","straighten","businessman","unconditional","dew","downright","pledge","ounce","enchanted","thigh","catchy","accompany","gallons","triad","bonsai","sect","doctoral","joker","recurring","vengeance","mirage","protector","redundancy","metabolism","experimentation","floors","manipulating","fraudulent","jaw","stumble","equivalents","uppercut","tribal","leaping","currents","ambush","domino","wads","imprison","handsome","finer","piety","wildly","railroads","coastal","loader","diets","batting","ideological","establishes","kinky","negotiated","gadgets","choir","evacuation","cadence","fanatics","exceptionally","probing","sentiment","arcane","transferring","system's","goggles","reactive","exclusion","diabetic","hobbies"
4,2,2,5,3,2,1,5,4,1,4,4,3,1,5,4,3,3,6,6,4,3,4,4,4,2,2,3,3,2,2,1,5,4,3,3,2,4,3,3,4,5,3,2,2,3,4,3,5,3,3,5,4,4,4,5,NA,3,2,3,3,3,2,5,4,4,4,4,3,5,3,3,5,4,3,4,4,3,1,3,3,4,4,6,4,4,4,3,3,2,1,5,5,4,4,2,3,2,5,4,1,3,5,4,3,4,4,4,2,3,3,3,2,3,1,4,3,5,4,4,4,3,4,5,4,4,3,6,4,4,3,3,3,3,4,3,4,2,2,4,4,3,3,2,2,4,3,4,5,4,2,1,1,3,2,1,2,4,4,4,6,5,4,3,4,4,2,3,5,5,4,3,2,4,4,4,3,2,3,3,3,3,2,3,4,5,3,5,4,4,3,4,3,3,2,6,5,3,1,3,3,3,6,4,3,3,1,6,4,4,3,3,4,4,3,3,3,3,5,4,3,3,4,4,4,3,4,4,5,4,2,3,4,4,4,3,3,4,3,1,1,5,6,4,4,3,4,5,3,2,2
1,4,2,5,2,1,1,3,5,1,4,4,1,1,3,1,1,1,2,4,1,1,3,1,1,1,1,1,2,4,1,1,1,5,3,1,1,1,1,2,2,1,3,4,1,3,1,3,1,1,1,1,1,1,1,2,1,1,1,3,1,1,1,1,1,4,1,3,1,1,1,1,2,1,1,3,2,1,2,1,1,1,2,1,1,1,2,1,1,1,3,3,1,4,1,1,5,1,1,1,6,1,1,4,1,1,1,1,3,2,1,3,1,1,2,1,1,1,2,2,3,1,1,2,1,1,2,1,2,1,3,1,1,2,1,1,1,1,1,1,1,1,3,4,1,1,3,3,2,2,2,1,3,1,1,2,1,1,3,1,2,1,4,1,1,3,1,1,1,2,1,1,2,3,6,1,1,1,1,1,1,3,3,1,1,1,1,1,1,1,2,1,1,1,1,2,3,2,1,1,1,1,3,3,1,1,1,1,1,1,1,1,1,1,1,1,1,1,1,1,2,1,1,1,4,1,1,1,1,1,1,2,2,1,1,1,1,1,3,1,1,1,1,6,1,1,2,1,1,1,2
1,3,NA,5,3,4,1,6,5,1,2,1,1,3,3,1,1,2,2,3,3,4,4,1,1,4,1,1,1,3,1,4,3,5,2,1,1,3,1,1,3,1,1,3,2,5,2,6,1,2,3,1,1,1,2,3,NA,1,1,2,1,2,3,1,1,6,1,3,3,2,1,1,2,1,1,4,2,4,1,1,2,1,4,4,3,1,2,1,NA,1,1,3,2,3,1,2,4,1,1,2,6,2,3,5,2,3,1,1,1,3,2,3,2,1,1,1,2,1,3,1,1,2,1,1,3,1,1,1,5,2,2,3,6,3,2,1,1,2,1,1,2,1,1,2,1,4,3,3,1,1,2,1,3,4,3,1,1,1,1,1,2,1,4,2,3,2,1,2,3,2,1,1,3,1,3,2,2,6,1,1,1,3,1,2,2,3,3,1,1,2,4,1,1,2,2,3,2,6,2,1,1,3,4,3,2,3,3,4,2,3,5,1,1,5,1,1,1,3,1,2,1,3,1,1,5,4,1,3,1,3,1,5,3,2,4,2,6,NA,5,2,4,4,3,1,1,6,3,1,4,1,3
1,1,1,5,1,1,1,4,1,1,1,4,1,5,1,1,1,1,4,4,1,1,1,1,5,1,1,1,1,2,1,1,1,1,6,1,1,1,1,1,1,1,1,3,3,1,1,1,1,1,5,1,1,1,1,6,1,1,1,1,1,1,1,5,1,4,1,1,1,1,1,1,1,1,3,1,4,1,1,1,1,1,5,4,4,1,1,1,1,1,4,1,1,4,1,1,5,1,1,5,6,1,1,3,NA,1,1,1,1,1,4,1,1,1,1,4,1,1,1,1,4,1,1,6,1,1,1,1,1,1,5,4,4,1,1,1,1,1,1,1,1,4,5,1,3,1,4,4,1,1,1,1,4,1,1,1,1,NA,3,6,1,1,4,1,5,1,1,1,1,1,1,2,1,1,6,1,3,6,1,1,3,6,1,1,6,1,4,4,4,2,4,1,6,3,1,1,1,1,1,1,1,1,6,6,1,1,1,2,2,2,1,4,2,2,1,1,4,1,1,1,1,1,1,1,6,NA,1,4,3,4,1,6,1,4,6,1,6,1,1,1,1,1,1,6,1,1,1,1,1,1,1
1,1,1,2,1,2,3,5,1,1,3,1,1,1,1,2,1,1,1,2,3,1,1,1,3,1,1,1,3,1,1,1,1,1,5,1,3,3,1,1,1,1,2,1,1,1,1,1,1,1,4,4,1,2,1,1,1,1,1,1,5,1,1,2,4,6,1,1,1,1,1,3,1,1,3,6,6,1,1,1,5,1,6,6,4,1,1,1,1,1,1,1,1,6,2,4,5,1,1,1,6,1,1,5,1,1,1,1,4,1,1,4,1,1,5,1,1,1,6,2,2,2,1,4,1,1,1,1,5,1,4,1,3,1,1,1,1,1,1,1,1,1,1,1,1,3,5,1,1,1,3,5,5,4,2,1,1,1,3,1,1,1,4,3,2,5,1,5,2,4,2,2,1,1,6,1,1,6,1,1,1,4,1,1,4,1,3,1,3,1,4,1,6,2,1,1,1,3,1,1,1,1,4,6,1,1,2,1,4,1,6,3,1,1,1,1,4,2,1,1,1,1,1,1,6,2,1,4,5,2,1,1,1,1,4,5,5,1,2,1,1,2,1,1,1,2,4,4,2,1,1
1,3,3,5,3,1,1,4,6,2,2,6,3,3,2,1,1,1,2,4,3,4,4,1,3,3,1,2,2,3,1,2,4,6,3,2,2,2,1,1,4,2,3,2,1,3,3,6,4,3,5,4,1,2,3,4,1,2,2,2,3,2,4,4,1,6,2,3,3,3,4,2,2,2,3,4,6,5,4,4,5,1,3,6,2,2,1,2,4,5,6,4,4,5,6,4,5,2,2,2,6,4,2,6,3,3,4,2,2,3,2,3,3,2,4,4,4,3,2,3,1,2,4,2,2,4,1,1,2,2,3,2,3,2,2,1,1,3,1,1,1,2,2,2,1,3,4,4,2,4,2,3,4,4,2,3,3,1,3,4,3,1,4,2,3,1,2,3,3,4,1,2,2,1,5,3,1,3,2,3,1,4,1,1,1,2,1,1,1,3,4,2,5,3,3,3,5,5,4,2,1,5,6,5,2,5,6,3,1,4,6,2,2,4,1,2,1,3,2,NA,2,1,2,2,6,1,1,1,1,2,1,4,2,1,3,3,4,3,3,2,2,4,3,5,2,2,3,2,3,2,3
1,1,2,3,3,1,1,4,4,2,3,4,1,1,2,1,1,1,1,3,3,3,4,1,2,2,1,1,1,1,1,1,2,2,1,1,1,1,1,1,2,1,3,2,2,2,2,3,1,2,2,1,1,1,1,1,1,1,1,2,2,1,1,2,1,3,1,2,2,1,1,1,1,1,1,3,2,1,1,1,1,1,1,2,2,1,1,1,1,1,2,3,3,4,3,2,4,2,1,3,4,2,1,3,3,3,3,1,1,1,2,2,3,1,2,1,1,1,4,2,3,2,2,2,2,1,1,1,2,1,1,2,3,2,1,1,1,3,1,1,1,1,3,2,2,3,4,4,2,4,3,2,3,3,2,2,2,1,1,1,1,2,3,1,1,1,1,1,1,1,1,1,2,1,3,2,1,4,3,3,3,3,1,1,3,3,2,1,1,1,3,2,3,2,1,1,1,5,3,2,1,2,3,5,2,3,2,3,1,1,4,1,1,1,1,1,1,1,1,1,1,1,1,1,1,2,1,2,1,1,1,3,2,2,3,3,3,3,3,1,3,1,1,2,1,1,2,1,2,1,1
1,3,3,3,2,1,1,3,4,3,3,3,2,2,2,1,1,2,1,2,4,4,3,1,1,3,2,1,1,2,1,3,3,3,2,1,1,1,1,2,3,1,3,2,2,3,3,4,3,4,4,1,1,1,2,3,2,2,1,3,4,1,3,2,2,4,2,3,4,1,2,3,2,1,3,2,4,1,1,1,3,2,3,2,3,1,1,1,1,1,4,3,3,3,1,2,3,2,2,3,4,3,1,3,2,3,3,2,2,3,2,3,2,2,2,2,2,1,4,3,3,2,3,2,2,2,2,2,3,2,1,2,4,2,3,2,1,3,2,1,3,1,4,3,2,3,2,4,3,3,2,1,3,2,2,3,2,3,2,1,3,1,3,2,1,2,1,3,4,2,2,1,2,2,2,2,1,5,2,2,2,4,1,1,3,4,3,1,1,3,3,3,2,2,1,2,2,4,1,2,1,2,3,1,2,3,3,4,1,3,1,1,2,3,1,2,3,2,2,1,1,2,2,1,4,3,2,3,3,2,1,5,3,1,3,4,4,2,1,3,3,2,3,1,3,2,1,2,2,3,2
1,5,4,2,1,3,5,2,3,1,4,2,5,2,4,6,2,4,3,1,5,5,2,3,4,2,4,5,2,4,2,6,3,1,3,5,3,2,5,4,1,3,5,2,3,4,2,3,5,1,3,4,1,5,3,2,4,3,1,4,2,4,6,6,NA,5,4,4,5,4,5,3,3,4,5,2,3,2,4,2,3,4,5,4,3,2,1,2,3,4,5,5,3,3,4,3,5,2,3,4,2,4,2,5,4,3,5,6,4,3,4,2,3,4,5,3,2,5,4,2,5,4,2,3,2,4,5,4,3,6,3,1,5,3,2,4,2,4,3,5,2,5,2,3,2,5,4,2,6,3,4,5,6,2,5,4,2,6,5,2,3,5,2,3,5,3,2,6,4,3,4,3,5,2,4,2,5,4,3,5,3,5,2,3,2,4,4,3,6,3,4,2,5,2,6,4,3,3,6,2,3,4,6,2,5,4,2,4,6,3,2,4,6,2,4,1,6,2,5,4,2,3,4,2,5,1,4,1,4,5,3,2,4,6,5,2,4,5,2,4,2,5,4,3,4,2,6,4,6,4,6
1,1,1,4,3,1,1,1,5,1,6,2,1,1,1,1,1,1,2,3,1,2,3,1,3,1,1,1,1,1,1,2,1,1,2,1,1,1,1,1,1,1,1,3,1,1,1,3,1,1,2,1,1,1,1,2,1,2,1,1,1,1,1,1,1,3,1,1,1,1,2,2,1,1,1,1,2,1,1,1,1,1,3,3,1,1,1,1,1,1,1,2,1,1,1,1,6,1,1,3,3,1,1,1,1,3,1,1,1,2,1,3,3,1,1,3,1,1,3,2,1,1,1,1,3,1,1,1,3,1,4,4,4,1,3,1,1,3,1,1,1,1,1,3,1,3,3,1,1,3,1,4,4,2,2,2,3,1,1,5,3,1,3,2,1,1,1,1,3,1,1,1,3,1,4,1,1,6,2,2,1,5,1,1,3,1,1,1,1,3,1,3,2,1,1,1,3,6,1,1,1,1,4,3,2,1,1,1,1,1,4,1,1,1,1,1,1,1,1,4,1,1,1,1,4,1,1,1,1,1,1,4,1,6,1,4,6,1,1,1,1,1,1,6,1,1,1,1,4,1,1
1,2,2,3,4,1,1,1,4,1,3,4,1,2,1,2,1,1,2,2,3,4,2,1,2,1,2,1,1,1,1,1,3,3,5,1,2,2,1,1,2,1,5,4,2,3,1,3,1,1,3,2,1,2,2,4,1,3,2,2,3,1,4,1,2,4,1,2,1,2,3,2,1,1,2,4,3,2,3,1,1,1,3,4,3,1,3,1,2,1,4,1,2,4,1,1,3,1,1,3,6,3,1,4,1,3,3,1,2,2,2,1,3,1,1,3,3,3,4,1,2,2,2,2,3,1,1,1,1,1,3,1,3,3,2,1,2,2,1,1,2,2,1,2,2,2,4,2,1,2,2,1,3,2,3,3,3,2,2,2,2,1,4,1,1,1,1,3,1,3,1,2,3,3,4,2,1,5,3,1,1,4,1,2,3,2,2,2,2,4,3,4,5,5,3,2,2,4,3,2,1,1,4,3,1,2,3,2,3,2,3,1,1,3,1,2,1,1,2,1,1,1,2,1,4,1,3,3,1,2,1,3,2,1,3,3,4,3,2,2,2,3,1,3,1,2,1,1,1,3,1
1,1,3,4,6,1,1,5,4,1,5,2,1,1,2,1,1,1,2,5,4,4,3,1,6,6,1,3,1,3,1,6,4,6,4,1,3,3,2,1,1,1,1,3,2,4,4,6,5,2,4,6,3,4,3,5,2,2,1,6,6,1,6,1,1,NA,4,3,4,2,2,2,3,3,6,6,6,6,5,1,5,1,5,5,3,1,4,1,2,1,4,6,4,6,2,3,5,1,4,6,6,3,1,5,4,3,3,1,4,1,2,1,3,1,1,6,4,3,3,3,3,1,2,3,6,4,1,2,4,2,4,3,5,6,3,4,2,6,1,2,3,4,6,6,3,4,6,5,3,2,2,4,6,4,3,2,1,5,4,6,5,4,3,4,4,6,1,2,3,5,4,5,3,2,5,1,1,5,2,1,2,4,1,2,4,2,1,1,1,4,5,2,3,2,1,1,5,6,3,4,1,2,5,6,1,3,6,3,1,1,5,1,3,6,1,1,4,5,1,4,4,3,3,4,6,1,2,5,2,1,2,2,1,5,6,6,6,3,2,1,1,1,5,1,1,3,6,1,1,3,5
1,6,2,4,2,1,1,6,4,4,5,6,2,3,3,1,2,2,2,5,5,5,5,2,3,4,2,1,4,4,1,5,3,6,1,1,1,2,1,1,4,1,4,1,3,3,4,5,1,5,6,3,1,2,3,3,3,1,1,4,4,2,4,2,1,5,1,4,4,2,3,3,2,2,2,2,3,1,1,2,1,2,1,2,3,1,1,1,1,1,3,5,5,3,2,2,4,2,1,5,5,5,1,6,4,4,2,2,2,4,1,5,3,2,1,1,2,1,5,5,1,2,1,1,4,2,1,1,5,1,2,4,4,2,3,3,4,4,1,1,2,1,5,5,4,4,2,2,1,5,4,1,1,3,3,3,2,1,4,1,4,5,4,3,3,3,3,1,4,1,2,1,4,1,3,1,1,6,2,1,2,4,1,1,2,1,3,1,1,1,1,3,1,1,3,2,2,6,2,4,1,3,6,5,4,6,5,5,1,4,6,1,2,5,1,1,1,1,2,2,1,1,1,1,4,4,2,2,2,1,1,5,5,2,4,3,4,2,2,1,3,1,4,4,3,4,2,1,3,1,1
1,1,2,2,3,2,1,1,3,2,4,3,1,2,1,1,1,2,2,1,2,2,3,2,3,1,1,1,1,2,1,4,3,2,4,1,1,1,1,1,2,1,1,3,2,3,2,3,1,2,1,1,2,1,1,2,1,2,1,3,1,1,1,2,2,3,1,1,2,1,2,2,1,1,2,2,1,3,2,1,3,1,4,3,3,1,1,1,2,1,2,2,2,3,1,2,4,2,1,2,5,1,1,3,2,1,1,2,1,1,1,1,2,1,2,2,3,1,2,3,2,2,1,2,2,2,1,1,2,2,2,1,2,1,1,1,1,3,1,1,1,2,2,3,2,3,3,4,3,2,2,2,5,2,2,4,2,1,1,2,2,1,1,1,2,2,1,2,2,2,3,1,2,1,4,2,2,3,2,2,1,3,1,1,3,2,2,1,3,3,1,1,2,1,2,2,1,4,1,1,1,2,3,3,2,2,2,1,2,1,2,1,2,1,2,1,1,1,1,1,1,2,2,1,1,1,2,1,1,1,2,2,1,1,3,2,3,2,3,1,2,1,1,2,2,2,2,1,1,1,2
2,1,1,3,5,1,1,3,1,1,4,3,1,4,1,1,1,1,4,1,3,1,5,1,4,3,1,1,1,1,2,3,3,1,2,1,3,1,1,1,1,1,2,3,1,1,2,5,4,1,1,3,2,1,1,2,1,4,1,2,1,1,5,3,2,6,1,2,3,2,2,2,2,4,2,2,1,3,3,2,2,2,2,1,3,1,5,3,1,2,1,3,1,1,1,1,3,1,2,6,1,1,1,3,1,1,1,1,2,1,1,1,1,1,1,2,2,1,1,1,1,1,3,1,1,1,1,1,3,1,1,1,1,1,1,1,1,2,2,2,1,1,1,1,1,3,1,4,1,1,2,1,1,3,1,1,1,2,1,1,1,1,3,4,1,1,2,2,2,1,1,1,1,3,5,1,1,2,1,3,1,NA,1,1,1,1,1,1,1,5,2,1,1,4,3,1,1,4,3,1,1,1,3,1,3,1,2,NA,3,2,2,1,1,2,1,1,3,1,1,1,4,3,1,1,2,1,3,2,1,2,2,1,2,2,2,NA,1,1,2,3,1,1,1,2,3,2,2,5,2,2,2
1,1,2,2,2,1,1,1,3,2,4,2,1,2,3,1,1,4,2,3,4,2,2,1,4,4,3,1,2,3,2,2,4,1,5,2,2,4,2,3,2,3,2,1,2,2,4,5,2,5,3,1,2,4,2,2,2,2,2,5,5,2,2,3,5,6,1,1,1,1,1,1,1,1,1,5,2,3,NA,3,2,2,NA,NA,NA,NA,2,1,1,1,3,NA,NA,5,2,NA,NA,NA,NA,NA,NA,NA,NA,NA,NA,NA,NA,NA,NA,NA,NA,NA,NA,NA,NA,NA,NA,NA,NA,NA,NA,NA,NA,NA,NA,NA,NA,NA,NA,NA,3,NA,NA,NA,NA,NA,NA,NA,NA,NA,NA,NA,NA,NA,NA,NA,NA,NA,NA,NA,NA,NA,NA,NA,NA,NA,NA,NA,NA,NA,NA,NA,NA,NA,NA,NA,NA,NA,NA,NA,NA,NA,NA,NA,NA,NA,NA,NA,NA,NA,NA,NA,NA,NA,NA,NA,NA,NA,NA,NA,NA,NA,NA,NA,NA,NA,NA,NA,NA,NA,NA,NA,NA,NA,NA,NA,NA,NA,NA,NA,NA,NA,NA,NA,NA,NA,NA,NA,NA,NA,NA,NA,NA,NA,NA,NA,NA,NA,NA,NA,NA,NA,NA,NA,NA,NA,NA,NA,NA,NA,NA,NA,NA,NA,NA,NA,NA,NA,NA,NA,NA
1,1,1,1,2,2,1,1,1,1,1,1,1,1,1,1,1,1,1,1,1,2,1,1,1,1,2,1,1,1,1,1,2,1,1,1,1,4,1,1,1,1,1,1,1,1,1,1,1,1,2,1,1,1,1,2,1,1,1,1,1,1,1,1,1,2,2,1,1,1,1,1,1,1,1,1,2,2,1,1,1,1,1,1,2,1,1,1,2,1,1,1,1,1,1,1,3,1,1,2,2,1,1,1,1,2,2,1,1,1,2,1,1,1,1,1,2,2,1,1,1,2,1,1,2,1,1,1,1,1,1,1,1,1,1,1,1,2,1,1,1,1,1,2,1,1,3,1,2,1,1,1,1,1,2,1,1,1,1,2,1,1,1,1,1,1,2,2,2,1,1,1,1,1,2,1,1,3,1,1,2,1,1,1,2,1,1,1,2,2,1,2,3,2,1,1,1,2,1,1,1,1,2,2,1,1,1,1,1,1,1,1,1,1,1,1,2,1,1,2,1,2,1,1,3,2,1,2,1,1,1,2,1,1,1,1,3,1,1,1,1,1,1,2,1,1,2,1,2,1,1
1,1,1,2,2,1,1,3,5,1,6,3,2,2,1,1,1,1,3,2,1,3,1,1,4,1,1,1,2,1,2,1,3,1,6,1,5,1,2,1,1,1,1,1,5,2,1,2,3,1,3,4,1,3,1,1,1,2,3,3,2,1,1,4,2,5,1,2,1,2,4,1,3,1,1,1,1,2,3,1,1,1,2,5,1,1,3,2,1,1,2,2,1,5,2,3,5,1,1,3,4,3,2,3,1,1,3,2,2,1,1,2,1,1,1,1,1,3,3,2,1,1,1,1,4,3,2,1,2,1,3,2,2,1,1,1,3,2,1,1,1,3,2,2,1,1,4,3,1,1,2,1,2,1,1,1,2,1,2,3,1,1,2,1,6,5,2,3,2,3,1,2,1,3,6,2,1,3,1,2,1,2,1,1,5,1,1,6,1,2,4,1,6,1,1,1,3,4,4,2,1,1,2,5,1,3,2,1,1,2,3,2,1,2,1,1,1,1,1,1,2,2,1,1,4,2,1,1,1,2,1,1,1,1,3,2,2,1,3,2,3,5,4,4,1,2,1,1,2,2,1
1,3,4,3,3,1,1,4,4,2,4,4,2,2,3,1,1,1,2,3,2,3,4,1,4,2,1,1,2,2,1,3,3,5,5,1,2,2,1,1,2,1,2,1,2,3,2,4,2,1,3,1,1,1,2,3,1,1,1,3,4,1,2,1,1,6,1,3,2,1,2,1,1,1,3,4,1,2,1,1,2,1,4,3,2,1,4,1,1,1,3,4,3,5,2,1,5,2,1,2,3,2,1,3,3,2,4,1,1,2,2,2,2,1,2,3,1,1,3,2,2,2,2,1,2,3,1,1,2,1,5,3,5,2,2,2,1,4,1,1,1,1,2,3,2,2,1,3,2,3,2,1,2,2,1,3,2,1,4,1,2,1,4,1,1,1,2,1,3,1,1,1,3,2,5,3,1,6,2,3,1,6,1,1,4,4,3,1,1,2,2,2,4,1,2,2,4,5,1,2,1,2,2,3,1,2,3,2,1,2,3,1,1,4,1,1,1,2,1,2,1,1,1,1,3,1,1,2,2,2,1,3,2,1,4,2,3,3,3,2,3,1,2,2,3,2,2,2,4,3,2
1,1,1,1,1,1,1,1,1,1,5,1,1,1,1,1,1,1,2,1,1,1,1,1,1,1,1,1,1,1,1,1,2,1,1,1,1,1,1,1,1,1,1,1,1,2,1,1,1,1,3,1,1,1,1,2,1,1,1,1,1,1,4,1,1,5,1,1,1,1,1,1,1,1,1,3,1,1,1,1,1,1,1,3,1,1,1,1,1,1,1,1,1,3,1,1,6,1,1,1,6,1,1,1,1,1,1,1,1,1,1,1,1,1,1,1,1,1,4,1,1,1,1,1,6,1,1,1,2,2,3,1,1,1,1,1,1,1,1,1,1,1,1,3,1,1,2,1,1,1,1,1,4,1,1,1,1,1,1,1,1,1,1,1,1,1,1,1,1,1,1,1,1,1,1,1,1,5,1,4,1,4,1,1,1,1,1,1,1,1,1,1,1,1,1,1,1,5,1,1,1,1,4,2,1,1,1,1,1,1,1,1,1,1,1,1,1,1,1,1,6,1,1,1,6,1,1,1,1,1,1,1,1,1,1,6,6,1,1,1,1,1,1,1,1,1,1,1,1,1,1
1,2,1,3,4,2,2,2,5,1,4,3,1,3,2,3,2,1,1,4,2,3,5,1,3,2,4,1,2,2,1,6,4,2,4,1,2,1,3,1,3,1,4,5,3,2,4,4,2,5,4,2,1,2,3,4,4,2,2,5,6,3,5,2,3,6,2,6,5,2,3,3,4,3,5,6,5,4,6,3,5,2,5,2,5,1,5,1,2,1,5,6,4,6,2,5,6,3,2,5,6,5,4,4,5,6,2,3,2,4,2,5,6,3,1,2,1,5,4,5,6,4,2,4,6,2,2,3,4,3,6,5,4,5,6,2,1,1,3,1,4,2,5,3,4,5,6,6,6,5,6,5,6,5,6,6,1,2,3,4,2,6,5,3,1,4,3,2,3,5,6,1,2,4,6,6,3,6,5,3,5,5,1,3,6,5,5,1,5,4,4,6,6,2,1,1,3,4,1,1,2,4,6,6,1,6,2,6,1,6,4,4,4,6,3,1,4,2,1,3,3,5,4,3,4,4,6,5,4,2,4,4,5,3,6,5,6,5,5,3,6,6,2,3,5,4,3,4,5,5,4
1,1,2,3,2,1,1,1,6,1,4,1,1,3,2,1,1,1,1,1,1,3,4,1,3,1,1,1,1,1,1,1,3,1,4,1,3,1,4,1,1,1,1,1,1,2,1,1,1,1,3,1,1,1,1,3,1,1,1,1,1,1,1,1,1,6,1,3,2,1,1,1,1,1,1,1,3,3,1,1,4,1,1,1,3,1,1,1,3,1,1,1,1,1,1,1,4,1,1,3,6,1,1,3,1,1,1,1,1,1,1,1,1,1,1,1,1,1,1,1,4,3,3,5,2,1,1,1,1,2,3,1,3,1,1,1,1,1,1,1,1,1,1,3,1,3,1,1,1,1,1,4,3,1,1,1,1,1,1,4,3,1,5,2,1,1,1,4,1,1,3,2,1,1,6,1,1,6,1,1,1,2,2,2,4,1,1,1,4,3,3,2,2,3,2,1,1,6,1,1,1,1,3,3,1,1,1,2,2,1,1,1,1,2,1,2,1,1,1,1,3,3,2,1,4,4,3,3,3,1,1,1,1,2,1,1,6,1,2,1,1,3,1,1,1,5,2,1,1,1,1
1,1,1,2,2,1,1,3,3,1,2,1,1,2,1,1,1,1,2,2,2,1,3,1,1,1,1,1,1,1,1,1,2,1,2,1,1,1,1,1,2,1,1,1,1,1,1,1,1,1,1,1,2,1,1,2,1,1,2,2,2,1,1,2,2,2,1,1,2,2,2,1,1,1,1,2,2,3,3,1,2,1,3,3,2,1,1,1,1,1,2,2,1,3,1,2,2,1,2,3,6,2,1,1,2,1,1,1,1,1,2,2,3,1,2,1,1,1,3,1,1,1,1,2,1,2,1,1,2,1,3,3,1,1,1,1,2,2,1,1,2,2,1,1,1,2,2,3,1,1,2,2,3,NA,2,1,2,1,1,1,2,1,2,1,1,1,1,1,1,2,1,1,2,1,2,1,1,6,2,1,1,6,1,1,3,1,2,2,2,2,2,2,2,2,1,1,1,2,3,1,1,1,3,4,1,1,1,2,1,1,3,1,1,2,1,1,2,1,1,1,1,1,1,1,2,1,2,2,2,2,1,4,1,1,3,3,2,2,2,2,3,1,1,1,1,1,1,1,2,2,1
3,2,4,1,2,1,2,3,2,1,3,2,1,4,2,4,2,1,3,2,5,2,3,1,2,3,3,2,4,2,3,2,1,4,3,2,3,2,1,4,2,2,3,2,1,4,3,2,5,4,2,3,3,2,1,4,2,3,1,3,2,4,2,3,1,3,2,2,4,3,2,2,3,2,4,3,4,2,3,2,3,1,3,4,2,4,4,3,2,4,2,3,1,2,4,2,3,2,5,2,1,4,2,5,3,2,3,1,3,2,4,3,5,3,2,3,1,2,1,3,2,4,3,1,3,2,3,1,3,2,2,1,4,3,5,4,2,3,1,3,2,3,2,4,2,3,1,2,3,4,2,5,2,3,2,1,4,2,3,5,4,3,2,3,1,3,2,5,3,2,4,2,4,1,5,2,3,1,2,4,3,1,5,3,2,3,2,5,4,2,1,3,2,4,3,2,5,3,2,4,3,2,4,3,5,2,3,2,5,3,2,2,1,3,5,4,2,3,1,2,2,4,2,2,4,3,2,4,3,2,5,3,2,3,1,2,3,2,4,3,2,3,3,2,1,2,2,3,2,4,2
1,1,3,2,4,1,1,6,5,3,2,3,1,2,5,1,5,1,2,5,4,4,5,2,3,1,1,1,1,2,1,4,3,2,1,1,2,4,1,3,1,1,4,1,3,4,5,1,4,6,6,1,1,4,2,5,3,1,2,4,6,1,4,4,3,2,1,5,4,1,3,5,1,1,3,4,5,3,4,2,3,1,4,3,4,1,1,1,1,1,3,6,6,5,3,1,4,2,1,5,6,3,1,5,2,3,4,1,1,4,1,4,3,1,4,1,2,1,3,4,5,1,2,3,2,1,3,4,2,1,2,3,4,1,3,2,1,4,1,1,3,2,5,5,1,4,3,4,1,NA,NA,NA,4,5,2,4,1,1,3,1,4,3,6,2,3,2,4,1,3,1,1,1,4,1,6,2,1,6,2,1,2,3,1,1,5,4,3,2,5,2,4,2,5,3,5,1,3,4,1,4,2,3,5,2,4,3,2,5,1,3,5,1,1,4,1,2,4,3,1,2,1,2,1,1,3,3,2,1,1,1,2,5,6,1,3,1,4,3,1,1,5,2,1,1,2,5,2,3,4,4,2
1,1,1,3,1,1,1,1,1,1,1,1,1,1,1,1,1,2,1,3,3,2,1,1,1,1,1,1,1,1,1,1,1,1,1,1,1,1,1,1,1,1,1,1,1,1,1,1,1,1,1,1,1,1,1,1,1,1,1,1,1,1,1,1,1,1,1,1,2,2,2,1,2,1,2,2,2,1,1,1,1,1,1,4,3,1,1,1,1,1,1,1,1,4,1,1,1,1,1,1,6,1,2,1,1,1,1,1,1,1,2,1,1,1,1,1,1,1,3,1,2,1,1,2,1,1,1,1,2,2,1,1,1,1,1,1,1,1,1,1,1,1,1,1,1,2,2,1,1,1,1,1,1,1,1,1,1,1,1,1,1,1,1,1,1,3,1,1,1,1,1,1,1,1,1,1,2,5,1,1,1,4,1,1,4,1,1,1,1,4,1,1,4,1,1,1,1,4,1,1,1,1,4,3,1,1,1,1,1,1,1,1,2,1,1,1,3,1,1,1,1,1,1,1,3,NA,1,1,1,3,1,1,1,1,1,1,1,1,1,1,1,1,1,1,1,1,1,1,1,1,1
2,4,3,4,3,1,2,3,5,2,3,4,2,3,4,2,4,3,3,4,4,3,4,2,3,2,2,1,2,3,1,2,2,4,1,2,2,4,2,3,4,1,3,2,3,3,3,4,2,3,3,2,1,3,3,5,2,3,2,3,5,3,2,3,2,4,3,5,4,3,2,5,3,3,4,2,4,2,2,2,4,3,5,6,4,3,2,2,1,1,5,3,4,4,4,3,2,3,2,5,6,3,2,4,3,4,3,1,2,3,2,4,3,2,4,2,2,3,3,3,3,2,3,2,4,2,1,3,5,4,2,3,4,2,5,2,2,3,2,1,3,2,5,3,3,4,6,4,3,4,5,3,5,5,3,4,3,3,5,1,3,4,5,3,2,3,3,1,3,2,3,1,2,3,5,3,2,4,4,3,2,6,2,1,4,4,5,1,3,3,4,2,3,2,4,2,1,3,1,4,2,3,4,3,3,5,3,5,2,3,4,1,4,3,4,3,3,2,1,1,1,3,2,1,4,2,4,3,3,2,2,5,3,2,4,3,4,3,2,2,5,2,3,2,4,3,3,4,3,4,2
1,2,1,1,1,1,2,5,4,2,4,5,2,3,2,2,1,1,1,1,5,6,1,2,3,4,2,1,2,3,1,2,3,3,1,2,1,3,1,1,2,1,1,1,2,1,3,2,3,5,3,2,1,1,2,5,1,1,1,2,1,1,2,1,3,6,1,3,4,2,2,1,1,1,2,4,2,3,2,2,3,1,3,2,2,1,3,1,1,1,4,2,2,5,1,3,2,1,2,4,6,2,2,2,3,5,3,1,1,3,1,2,2,1,1,1,2,1,3,1,1,3,4,2,5,2,3,2,3,2,5,5,2,2,4,2,1,3,1,1,1,2,5,6,2,4,2,2,1,5,3,NA,1,2,5,2,3,2,1,1,4,1,6,2,1,3,2,4,3,1,3,2,3,2,5,4,3,5,3,4,1,6,1,3,4,1,6,2,4,5,2,4,3,5,2,1,3,5,1,3,2,3,5,2,1,3,3,4,2,3,5,1,1,4,1,1,3,2,1,2,1,1,3,1,5,2,3,3,1,1,2,5,3,1,6,3,5,6,2,2,5,2,3,4,1,2,1,3,2,3,1
