"concludes","racks","spraying","statutory","approximation","feminine","inflammatory","calculus","patented","flock","legions","zipped","daughter's","compounds","betting","corona","brandy","psychedelic","awakened","city's","primate","stein","lent","saints","villain","originals","ancestor","dinosaur","braves","heartbeat","talisman","echoed","optimist","pursued","sequential","lithium","practitioner","transforms","flop","urged","racer","modeled","pitiful","murderers","variance","elevated","emphasized","horrid","buffet","shooters","infringe","organizers","inconvenience","victories","disappointing","establishments","rightly","deficits","hourglass","abdomen","ugh","fiend","eighteen","swung","posed","obsession","stocking","team's","hostility","precautions","solids","furnace","waiter","suffix","crisp","composers","pleasing","incest","delivers","dictatorship","whomever","advertisers","wiser","formulas","titanium","geometric","shovel","rulebook","harassed","soaking","necks","scrape","physiological","astounding","enthusiasm","yawn","sensed","economist","ankles","succeeding","fists","centralized","honors","unrestricted","microbiology","resumed","smack","horsepower","reactor","handicapped","hazel","instantaneous","shortage","textbook","raced","collars","noticeably","freeing","intriguing","coexist","gracious","tablespoons","earnest","heroism","assistants","welcomes","deepest","shading","shin","screams","farce","gifted","blight","cipher","correctness","surcharge","integers","tongues","elitist","crook","entertain","provinces","gypsies","severed","idiocy","vibrating","polio","interplay","taller","popped","kitten","slaughter","intending","snapshots","court's","pillars","biotechnology","dreadful","apex","preamble","verbatim","ultraviolet","cornerstone","optimum","intrusion","characterized","operative","composing","parrot","helpless","recursive","limbs","spank","ox","shines","overpriced","surprises","resorting","worldly","morrow","rejecting","fertilizer","feared","commenting","retrieved","companions","generalization","headlines","overlook","offenses","misconception","showcase","ample","hardness","registering","credited","monument","intimidation","philosophies","ware","candles","mustard","stumbled","whipping","informing","contradictory","sails","emptiness","oceans","glide","ant","zombies","valves","mace","shortened","decidedly","proposes","cheerfully","crippled","coyote","squat","drafts","grouped","dissolve","moot","awe","rite","saliva","menace","spaceship","cunning","resentment","corrosion","dangling","crushing","permissible","panthers","unify","caption","commensurate","appreciative","recycle","queer","replacements","wraps","bordered","distrust","prostitutes","perverted","equinox","monks","speeches","asses","patched","shopper","constraint","obstacles","buddies","ethic","triggered","discomfort"
1,1,3,3,3,3,2,NA,1,1,5,3,6,6,2,1,1,4,3,1,1,3,1,5,5,3,1,4,1,2,3,6,3,6,6,6,6,4,3,4,2,1,2,1,5,1,6,1,4,4,5,1,6,4,6,1,6,1,6,5,6,4,6,1,1,3,4,4,1,5,1,1,2,2,2,2,3,1,1,1,5,3,1,1,6,6,2,2,2,2,1,1,6,6,4,5,1,1,1,1,1,1,1,1,1,1,1,1,2,1,1,6,1,1,1,1,3,1,5,3,1,1,1,3,1,1,1,1,1,3,1,1,1,5,1,4,1,5,5,1,1,5,1,2,4,3,3,3,1,1,1,4,2,1,6,1,5,2,6,4,5,4,5,3,3,5,4,5,1,5,2,4,4,1,NA,2,2,2,2,3,2,2,5,5,2,5,5,3,5,3,3,5,NA,3,3,5,3,5,3,4,2,3,6,3,4,5,3,4,4,5,5,4,4,2,5,3,4,4,4,6,4,3,6,2,3,3,3,4,5,3,3,2,3,3,3,3,2,1,6,4,4,1,5,4,3,3,2,5,5,2,1,3,2,1,2,3,4,2,5,4,1
5,4,4,3,3,3,4,2,2,3,2,3,2,3,2,4,5,4,3,3,5,4,3,4,4,3,3,3,4,4,3,2,6,6,6,6,4,4,3,2,3,3,5,3,4,2,5,3,5,4,5,5,4,4,4,4,4,3,2,2,4,4,3,4,4,3,4,3,4,4,3,4,4,3,4,3,4,3,4,3,4,3,4,3,4,3,4,3,5,NA,2,5,5,2,2,3,3,4,4,2,4,2,4,6,5,5,2,2,3,5,2,4,4,2,3,2,4,2,2,3,3,3,5,5,3,4,4,3,2,2,3,3,3,4,4,2,6,6,2,4,2,4,3,2,3,3,2,4,6,4,2,6,4,4,4,3,6,4,5,5,3,4,4,4,2,4,2,5,2,4,2,4,3,4,3,5,5,4,5,4,4,3,5,3,5,2,1,2,3,2,6,6,4,5,4,5,2,3,4,3,2,4,2,5,3,2,1,6,6,4,6,3,4,3,4,1,1,6,5,4,5,5,4,4,4,3,3,2,3,5,4,3,4,2,3,3,4,3,4,4,2,5,3,5,3,4,4,3,4,4,3,4,3,3,4,4,5,4,4,4,3
1,1,1,4,1,1,1,1,1,1,4,1,5,1,1,1,1,5,1,1,1,1,1,1,1,4,5,1,1,1,1,6,1,2,6,1,5,1,1,4,1,1,1,1,1,2,5,2,4,1,5,1,1,1,1,1,1,4,1,1,1,1,5,1,1,4,1,1,1,1,1,3,1,1,1,1,2,4,1,5,1,2,1,2,3,1,2,1,1,1,1,2,6,1,3,1,1,1,4,6,1,1,1,1,1,1,1,4,4,2,2,3,4,1,1,1,2,2,3,3,6,5,3,3,1,1,2,3,3,1,3,1,2,1,1,5,5,5,1,1,1,1,1,1,4,1,1,1,1,1,1,6,1,4,1,1,6,1,1,1,1,2,1,1,2,1,1,1,1,1,1,1,1,1,3,4,1,1,1,1,5,2,2,1,2,1,1,1,1,1,4,2,1,1,2,1,1,1,3,1,1,1,1,1,1,2,1,1,4,1,1,1,1,1,1,2,1,3,1,1,1,1,1,1,1,1,1,1,3,3,1,1,1,1,1,1,1,1,4,4,4,6,2,4,1,1,1,2,1,5,1,1,2,4,1,1,1,1,3,1,1
3,5,4,5,5,6,5,6,5,5,5,5,6,6,4,4,4,4,4,5,5,5,5,2,2,3,1,3,3,3,3,3,2,3,3,5,3,3,2,2,3,3,3,3,3,3,2,3,3,3,3,3,3,3,3,2,2,2,2,2,1,2,2,2,2,2,2,3,3,3,3,3,2,2,3,2,2,2,3,3,3,4,3,3,3,3,2,3,2,2,2,3,2,3,3,3,3,3,2,2,2,2,2,4,3,4,3,3,3,3,3,2,3,2,2,2,3,3,2,2,3,2,2,3,3,4,4,4,4,4,3,3,3,2,2,3,3,3,3,2,2,2,2,3,2,4,3,5,3,3,3,3,2,2,3,2,2,2,2,2,2,2,2,1,1,1,1,1,1,2,3,2,2,2,3,3,3,3,3,3,4,4,4,4,4,3,3,3,3,4,3,3,4,4,3,3,4,4,3,3,3,3,2,3,2,2,2,2,2,2,2,2,2,3,3,3,3,3,2,3,3,3,3,3,3,3,4,4,3,3,3,3,3,3,3,3,2,2,3,3,4,5,6,5,6,5,4,5,4,4,3,3,3,3,3,3,3,3,3,3,3
1,1,1,2,1,1,1,2,1,1,3,1,5,1,1,2,1,3,2,4,1,3,1,2,3,4,4,3,2,2,3,4,1,3,3,2,3,1,1,4,4,2,3,2,4,1,5,3,6,1,4,2,5,3,2,2,1,5,5,1,5,4,5,2,2,2,1,1,1,5,1,2,1,1,1,1,1,4,1,2,4,3,2,4,4,5,1,2,3,1,1,2,6,3,3,1,1,1,3,6,5,NA,NA,NA,NA,NA,NA,NA,NA,NA,NA,NA,NA,NA,NA,NA,NA,NA,NA,NA,NA,NA,NA,NA,NA,NA,NA,NA,NA,NA,NA,NA,NA,NA,NA,NA,NA,NA,NA,NA,NA,NA,NA,NA,NA,NA,NA,NA,NA,NA,NA,NA,NA,NA,NA,NA,NA,NA,NA,NA,NA,NA,NA,NA,NA,NA,NA,NA,NA,NA,NA,NA,NA,NA,NA,NA,NA,NA,NA,NA,NA,NA,NA,NA,NA,NA,NA,NA,NA,NA,NA,NA,NA,NA,NA,NA,NA,NA,NA,NA,NA,NA,NA,NA,NA,NA,NA,NA,NA,NA,NA,NA,NA,NA,NA,NA,NA,NA,NA,NA,NA,NA,NA,NA,NA,NA,NA,NA,NA,NA,NA,NA,NA,NA,NA,NA,NA,NA,NA,NA,NA,NA,NA,NA,NA,NA,NA,NA,NA,NA,NA,NA,NA,NA,NA,NA,NA,NA,NA,NA,NA
2,1,1,3,2,2,2,2,3,3,4,1,2,1,1,1,1,6,2,1,1,3,1,2,2,2,3,4,1,2,1,3,1,3,1,1,2,1,1,1,1,1,2,2,1,1,2,1,5,1,1,1,4,2,2,2,1,3,1,4,1,3,4,1,1,2,1,1,1,3,1,2,1,1,1,1,2,2,1,3,2,4,4,1,1,1,2,1,2,1,1,2,6,4,4,2,2,2,2,2,1,1,2,1,3,1,1,1,2,1,1,3,1,1,1,2,2,1,4,1,4,1,1,1,1,1,1,1,1,1,2,1,1,4,1,2,1,5,1,1,1,1,4,2,3,1,5,1,3,1,1,3,1,1,1,2,2,2,1,1,1,1,1,3,2,1,1,1,1,1,1,1,1,1,2,1,3,1,2,2,1,2,2,2,3,1,1,1,1,1,4,1,2,1,3,1,1,1,5,1,1,1,1,2,1,1,1,1,5,1,1,3,1,2,2,1,2,2,1,4,1,1,2,3,1,1,1,1,1,1,1,1,3,1,1,4,1,4,1,3,3,4,3,1,2,1,1,3,1,3,1,1,1,1,1,1,4,1,1,1,3
2,1,1,2,4,4,2,2,1,1,6,2,6,5,1,2,1,6,4,2,2,3,2,2,3,5,5,3,2,3,1,5,2,4,2,1,4,1,1,5,3,2,1,2,4,2,4,1,5,2,5,1,3,2,3,3,5,6,4,1,4,6,6,1,2,3,1,2,2,6,1,5,2,1,1,1,2,5,1,4,5,2,2,3,2,4,2,3,4,3,1,3,6,3,3,1,2,2,2,4,1,3,6,1,5,2,1,3,1,2,3,4,5,1,2,2,2,3,6,1,2,2,3,5,2,3,2,2,1,2,4,1,5,6,2,5,5,6,4,2,2,4,6,2,4,2,4,1,2,1,1,6,1,2,4,2,6,2,3,1,5,3,2,2,3,5,2,2,2,1,2,1,1,1,2,2,3,2,1,2,1,3,2,2,3,2,4,2,1,3,5,2,2,1,5,1,2,2,6,2,2,1,2,4,1,2,3,2,6,1,1,2,2,1,2,4,2,2,3,6,2,1,2,2,1,2,1,3,5,5,1,1,6,1,1,1,3,6,5,4,6,4,2,1,6,2,1,2,3,2,1,1,1,2,1,2,3,2,1,2,1
3,4,3,3,NA,4,4,4,4,4,3,3,3,3,3,3,3,3,4,4,4,4,4,4,4,3,3,3,3,3,3,3,3,3,3,3,3,3,3,3,3,3,4,4,4,4,4,4,4,4,3,3,3,3,3,3,3,3,3,3,3,3,3,4,4,4,4,4,4,4,4,4,4,4,4,4,4,4,4,4,4,4,4,4,4,3,3,3,3,3,3,3,3,NA,3,3,3,3,3,3,3,4,4,4,4,4,4,4,3,3,3,3,3,3,3,3,3,4,4,4,4,4,4,4,4,4,3,3,3,3,3,3,3,3,3,3,3,4,4,4,4,4,4,4,4,3,3,3,3,3,3,3,3,3,3,3,3,3,3,3,3,3,4,4,4,4,4,4,4,4,4,4,4,4,4,4,4,4,4,4,4,4,4,3,3,3,3,3,3,3,3,3,3,3,3,3,3,3,3,3,3,3,3,4,4,4,4,4,4,4,4,4,4,4,4,4,4,4,4,4,4,3,3,3,3,3,3,3,3,3,4,4,4,4,4,4,4,4,4,4,4,NA,4,4,3,3,3,3,3,3,3,4,4,4,4,4,4,4,4,4,4
1,1,1,3,2,2,1,1,1,1,3,1,6,1,1,1,1,6,1,2,1,3,1,2,4,2,3,4,1,5,1,3,1,2,6,1,6,1,1,3,2,2,1,1,2,1,5,1,5,1,1,1,5,2,2,1,5,2,3,2,4,5,6,2,1,4,1,1,1,5,1,2,1,1,1,2,1,1,1,1,3,2,1,2,2,3,1,1,1,1,1,1,6,2,2,1,1,1,3,4,1,3,2,2,3,2,1,1,1,1,2,4,2,1,2,1,4,1,5,3,3,2,3,2,1,2,1,2,1,2,1,2,5,6,1,1,4,6,2,1,3,2,2,3,4,2,2,1,2,1,1,5,1,1,2,3,4,2,1,2,2,2,1,1,3,4,2,2,2,1,2,3,1,1,2,1,2,1,2,1,2,3,2,1,3,2,5,2,2,1,5,2,1,1,2,1,1,2,3,1,2,1,2,3,2,3,1,1,5,1,1,2,3,1,2,2,1,2,3,6,5,2,2,1,1,1,1,2,1,1,1,1,4,2,2,1,2,3,4,3,6,2,3,5,3,3,2,2,1,4,1,1,1,3,1,4,2,1,1,2,2
2,1,2,6,2,2,1,1,1,1,4,1,5,1,1,1,1,6,3,1,1,5,1,2,5,5,6,5,1,4,3,5,2,6,6,3,5,3,1,4,3,2,5,2,2,2,4,1,6,2,6,2,5,4,3,3,2,3,4,2,6,2,5,1,1,3,2,1,2,6,2,5,4,2,1,3,4,6,2,3,5,4,5,3,2,4,3,5,2,3,1,2,6,3,5,1,3,2,3,5,1,5,5,3,4,5,1,3,5,2,6,5,2,4,5,3,5,3,5,2,3,2,2,5,2,5,3,4,1,3,2,2,5,6,2,1,5,6,5,1,4,6,6,6,6,5,1,1,1,1,1,5,3,1,3,1,6,5,1,4,6,3,2,2,3,5,4,2,1,2,4,5,1,1,2,4,2,1,2,1,2,2,5,2,3,2,5,2,1,2,3,2,1,2,6,3,3,3,5,1,4,5,2,5,3,3,2,4,4,1,1,2,1,1,2,2,4,3,3,6,3,1,5,5,1,4,1,3,4,4,2,3,3,2,4,4,3,3,6,4,5,6,5,4,2,3,2,4,2,5,2,2,2,4,2,3,5,2,1,2,3
6,1,1,5,6,6,2,3,4,1,3,1,5,2,1,1,1,6,5,3,2,1,1,1,1,2,2,3,1,1,1,3,3,1,4,1,5,4,1,4,1,1,1,2,1,1,3,1,1,1,2,1,2,1,1,2,1,4,1,3,3,1,1,1,1,1,1,1,1,1,1,1,1,1,1,1,1,1,1,2,1,1,1,1,2,2,1,1,1,1,1,1,3,1,1,1,1,2,1,1,1,1,1,1,1,3,1,1,1,1,1,5,1,1,1,1,1,1,4,4,1,1,1,1,1,1,1,1,1,1,1,1,1,2,2,1,2,2,1,1,1,1,2,1,3,1,1,1,1,1,1,2,1,1,1,1,2,1,1,1,3,1,1,1,1,2,1,1,1,1,1,1,1,1,1,1,1,1,1,1,1,2,1,1,1,2,1,1,1,1,1,1,1,1,2,1,1,1,3,1,1,1,1,2,1,1,1,2,3,1,1,1,1,1,1,2,1,1,1,2,2,1,1,2,1,1,1,2,1,1,2,2,2,1,1,1,1,1,2,2,1,1,1,1,3,1,1,1,2,1,1,1,1,1,1,1,1,1,1,1,1
1,1,1,2,4,2,2,2,2,2,2,2,2,1,1,1,1,4,2,1,1,1,1,1,4,1,1,4,1,4,1,1,1,1,1,1,1,1,1,1,1,1,1,1,1,1,1,1,1,1,1,1,1,1,1,1,1,1,1,1,1,1,1,1,1,1,1,1,1,4,1,4,1,1,1,3,1,1,1,4,4,4,1,1,1,1,3,1,1,1,1,1,4,3,4,1,1,1,1,1,1,1,1,4,1,3,1,1,1,1,1,3,1,1,1,1,3,1,1,1,1,1,1,3,1,1,1,1,1,1,1,1,1,1,1,1,2,4,4,3,1,2,2,3,2,2,2,2,2,2,2,4,2,3,2,2,3,3,1,1,3,3,1,1,3,1,1,1,1,1,1,1,1,1,1,1,1,1,1,1,1,1,1,1,1,1,3,1,1,1,1,1,1,1,1,1,1,3,3,1,1,3,1,1,1,4,1,1,1,1,1,1,1,1,2,2,1,1,1,6,1,1,1,1,1,1,2,2,2,1,1,1,1,1,1,1,1,2,3,4,3,2,2,2,2,2,2,3,2,3,2,2,2,3,3,2,2,1,1,1,2
1,3,4,1,3,2,2,3,5,1,1,2,3,4,4,4,5,2,4,2,1,4,3,2,3,4,4,5,3,2,4,3,2,3,2,3,2,4,5,4,3,4,3,2,2,3,4,3,2,2,2,3,4,2,3,3,2,2,4,4,2,4,1,2,3,3,1,4,2,3,4,6,5,2,3,2,5,1,2,5,5,1,2,6,3,2,4,5,1,4,5,2,6,2,3,3,2,2,3,2,4,4,2,4,1,5,3,5,4,1,3,6,4,4,2,2,6,3,4,1,1,4,3,4,6,2,3,4,2,5,2,4,6,3,5,5,2,6,6,3,4,6,1,4,3,4,3,2,5,5,2,5,6,2,2,4,4,1,6,5,4,2,3,4,2,4,3,2,3,2,3,5,4,1,1,2,2,3,2,1,1,3,2,3,5,5,3,5,3,5,2,1,1,6,3,6,5,5,6,6,3,1,5,4,3,3,4,4,2,2,4,2,NA,2,4,3,3,6,3,6,2,1,6,1,2,4,3,6,3,6,6,3,2,2,6,3,6,3,4,2,3,2,2,3,1,3,2,5,5,3,3,4,2,3,1,4,2,3,3,5,4
1,1,1,1,1,1,1,2,1,1,3,1,6,3,1,3,1,6,3,1,3,6,1,6,6,1,1,6,3,6,1,6,1,6,4,1,1,3,1,2,4,1,1,1,3,3,6,1,3,1,1,3,3,3,1,1,6,1,3,1,6,4,6,1,2,1,1,3,1,1,1,1,3,1,1,2,3,1,1,1,6,2,2,3,6,3,3,2,1,3,1,3,6,2,1,1,1,1,1,6,1,2,1,1,4,4,1,3,3,3,2,2,3,2,3,1,2,2,4,1,3,3,3,1,1,2,1,2,1,3,1,1,6,6,2,1,1,3,5,2,3,1,6,1,3,3,3,1,1,1,1,6,1,1,2,1,6,3,2,2,3,4,3,1,3,6,1,1,3,1,3,5,1,1,3,3,4,4,4,3,1,2,2,1,2,3,4,2,2,2,1,1,1,2,1,1,3,2,6,1,2,1,2,6,1,1,2,3,2,2,1,2,1,2,1,3,3,2,2,6,1,1,2,2,2,2,3,3,NA,1,1,1,3,1,1,2,1,2,2,2,3,3,1,2,3,2,1,2,1,3,1,1,2,6,2,3,2,3,1,2,2
4,3,4,2,NA,5,2,4,6,6,6,1,4,1,1,1,1,6,6,3,1,5,1,2,5,4,5,2,1,1,3,6,3,5,6,6,3,2,1,4,2,3,5,4,2,4,6,5,3,1,6,3,5,3,1,4,3,6,4,5,6,4,4,3,2,3,4,5,2,3,4,5,NA,4,3,5,2,4,4,5,3,6,4,5,1,4,5,2,1,4,1,6,6,3,5,4,2,5,NA,3,1,4,3,5,6,6,5,1,2,4,3,3,5,2,3,3,3,2,4,5,3,4,2,6,6,5,2,3,1,4,1,3,4,5,3,2,5,6,4,1,5,2,3,4,2,5,4,NA,3,2,2,6,2,4,3,3,1,5,4,6,6,5,4,5,3,5,3,4,3,2,6,5,1,4,2,5,6,3,4,3,1,3,5,2,4,6,6,4,2,2,5,3,3,4,2,6,4,5,6,5,5,3,2,5,5,3,2,4,3,2,1,2,4,3,5,6,4,2,3,6,2,1,1,2,1,3,2,4,5,4,3,5,3,4,1,4,1,1,6,6,5,4,1,3,2,4,1,5,4,6,2,1,1,3,NA,3,4,1,1,1,3
2,1,3,2,3,3,1,2,2,1,3,2,3,2,1,1,1,4,3,2,2,2,1,2,3,1,3,2,2,4,1,3,1,3,3,2,3,1,1,2,2,1,1,3,3,2,4,1,2,1,2,1,3,2,2,1,2,2,3,1,4,3,4,1,2,3,2,2,1,4,1,3,3,1,1,2,4,2,2,2,1,1,1,2,2,2,3,2,1,2,1,2,5,2,3,5,2,1,3,3,1,3,4,2,3,2,1,3,1,1,1,4,3,2,2,3,3,2,2,1,4,2,4,1,1,3,2,3,2,2,3,1,2,5,1,3,2,4,2,1,2,2,3,1,2,2,1,2,1,1,1,3,1,2,1,1,2,3,1,2,3,2,1,1,3,2,1,2,1,1,2,1,1,1,2,3,4,2,2,1,1,3,2,1,3,3,2,2,1,1,3,4,2,1,2,1,1,2,3,2,2,1,1,1,1,1,2,1,3,3,1,2,1,2,1,4,3,2,1,4,5,1,2,1,2,3,2,1,2,2,1,1,3,1,3,2,2,1,3,2,4,4,4,3,1,1,1,2,1,2,1,3,1,3,2,3,3,2,2,1,1
3,1,1,4,4,3,4,3,4,1,4,2,5,1,3,2,1,6,4,1,3,4,1,1,3,4,3,1,2,1,1,3,3,3,4,4,5,4,1,2,1,2,3,3,3,4,4,3,2,2,4,3,4,3,4,5,3,3,1,3,1,4,4,2,2,3,2,1,2,4,2,3,3,2,1,3,3,2,3,4,4,3,2,2,4,4,3,3,4,2,2,2,4,4,4,2,2,3,2,3,1,3,2,4,4,4,1,1,1,1,1,4,3,1,1,2,4,3,4,3,4,1,3,2,4,4,2,3,1,2,1,1,1,4,3,3,1,2,2,2,4,4,4,3,4,4,4,4,2,2,1,3,3,1,1,1,4,3,1,3,4,4,4,4,4,4,4,4,1,1,4,3,2,1,1,1,3,3,3,4,3,4,3,4,4,4,4,1,1,3,3,1,3,1,4,3,3,4,4,1,2,2,3,4,4,4,1,4,5,1,1,3,3,2,3,3,3,1,3,3,3,1,2,3,1,1,1,3,3,4,2,2,4,3,3,4,2,1,4,5,3,1,2,3,2,3,3,3,3,4,2,2,1,2,1,3,4,3,1,3,2
1,1,1,2,1,4,1,3,1,1,3,1,5,2,1,2,1,4,4,5,2,2,1,3,4,1,1,3,2,3,1,4,1,3,5,1,1,1,1,3,2,1,2,3,4,1,3,1,2,1,3,1,3,1,2,1,4,1,3,1,1,4,5,1,1,1,1,3,1,3,1,3,4,1,1,2,3,1,1,3,4,1,2,1,1,1,1,3,1,3,1,1,5,5,3,1,1,1,3,1,1,1,1,1,3,1,1,2,3,1,2,3,3,1,1,1,4,3,4,3,4,3,4,5,1,1,1,1,1,1,1,1,3,4,1,1,1,6,6,1,3,1,4,1,3,3,1,1,1,1,1,5,1,3,4,1,4,3,1,3,4,4,1,1,1,2,1,1,1,1,1,2,1,1,2,3,3,1,4,3,1,1,3,1,4,1,1,3,1,1,1,3,1,1,1,1,1,1,3,1,1,1,1,1,2,3,4,1,3,4,1,1,1,2,2,4,3,3,2,5,3,4,4,2,1,1,1,2,3,1,1,1,5,4,1,1,1,3,3,1,3,4,5,2,1,1,1,2,2,5,1,1,1,1,1,2,1,1,1,1,1
6,6,6,6,6,6,6,6,6,6,6,6,6,6,6,6,6,6,5,4,3,5,1,2,5,2,2,2,4,2,3,5,2,3,4,6,2,2,3,3,1,4,3,5,5,2,2,3,4,2,4,3,4,4,3,2,2,5,3,5,5,3,4,4,2,2,3,4,5,4,3,2,3,4,3,2,4,3,4,2,4,3,3,4,5,3,2,2,2,3,3,1,2,4,4,5,4,4,3,4,3,2,3,4,3,4,4,5,5,2,4,5,3,5,5,4,4,3,3,3,4,5,5,5,3,3,3,2,2,2,5,3,4,3,3,3,3,6,4,4,5,6,5,4,5,6,5,4,4,4,5,6,3,2,5,5,5,3,1,4,4,4,3,3,4,4,6,4,3,5,5,4,4,1,2,2,3,3,5,4,4,3,3,3,3,4,4,5,5,3,3,3,4,5,5,5,5,5,5,5,5,5,5,5,4,5,5,5,4,5,5,5,5,4,5,3,5,5,5,4,5,3,4,3,4,5,5,4,3,4,5,5,3,5,3,3,3,3,3,5,5,5,5,3,5,5,4,4,4,4,4,5,5,3,5,6,6,6,6,6,6
2,1,1,4,4,2,2,3,3,1,3,1,1,1,1,1,1,4,1,2,1,2,3,2,1,1,1,1,2,1,3,3,2,2,4,4,1,1,1,1,1,1,1,1,1,2,2,2,2,1,5,4,4,4,3,2,1,3,1,1,1,3,1,1,1,1,1,1,2,2,1,1,1,1,1,2,2,1,1,2,2,2,1,1,1,1,1,1,1,1,1,1,4,4,4,1,1,2,1,3,3,1,1,2,2,1,1,1,1,3,2,3,1,1,1,2,1,1,2,1,1,1,3,3,1,1,1,1,2,1,3,1,2,2,1,2,2,1,3,2,1,2,3,2,2,1,2,1,1,1,1,2,1,1,1,1,1,1,1,1,1,1,1,2,2,1,1,1,1,1,2,1,2,1,1,1,1,1,1,1,1,1,1,1,1,1,2,1,1,1,2,1,1,1,1,1,1,2,3,2,1,1,2,2,1,2,1,1,1,1,1,1,1,1,1,2,1,1,2,2,1,1,1,1,2,1,1,1,2,1,1,1,3,1,1,2,1,1,1,4,1,1,2,1,1,2,1,2,2,3,1,1,1,1,1,1,1,1,1,1,1
1,3,5,3,6,3,5,2,4,6,3,2,3,4,2,4,3,4,5,4,4,3,6,5,2,2,5,3,2,4,2,4,5,3,2,5,3,6,3,4,4,4,6,2,3,4,5,3,NA,4,2,5,6,1,4,3,2,4,3,5,2,2,4,5,3,6,3,3,4,6,2,5,5,2,5,3,NA,2,4,NA,5,6,2,3,5,4,2,5,2,5,3,2,5,3,4,1,4,3,6,4,2,4,5,2,4,2,5,2,4,2,4,2,4,5,2,3,4,4,2,5,2,3,2,4,3,5,3,2,6,2,5,3,1,4,2,5,2,4,5,1,4,4,1,5,4,3,2,4,3,2,4,3,2,4,3,4,2,6,3,2,4,5,2,4,6,6,3,4,5,4,6,3,5,1,2,6,1,3,6,4,3,5,1,3,5,3,5,2,4,2,5,3,4,2,3,4,2,4,3,1,5,4,2,5,4,2,5,3,4,2,4,3,3,5,4,2,4,2,5,2,4,3,4,5,3,4,3,5,3,2,5,3,5,3,5,3,4,3,5,1,5,3,5,3,5,3,5,3,2,1,4,6,4,3,4,5,3,5,2,4,5
1,1,1,3,3,1,1,1,4,1,5,1,4,1,1,1,1,4,1,1,1,1,1,1,1,1,1,1,1,1,1,4,1,3,2,1,3,1,1,1,1,1,1,1,1,1,3,1,5,1,1,1,1,1,1,1,1,4,1,2,2,3,1,1,1,1,1,1,1,2,1,1,1,4,1,1,1,3,1,1,1,1,1,1,1,3,1,1,1,1,1,1,4,2,3,2,1,1,1,1,1,1,3,1,1,1,1,1,1,1,3,2,3,1,1,1,1,1,5,3,1,1,3,3,1,1,1,1,1,1,3,1,1,4,1,1,4,5,1,1,1,1,4,1,3,1,4,1,1,1,1,4,1,1,1,1,3,1,3,3,4,1,1,1,1,1,1,1,1,1,1,3,1,3,1,1,1,1,1,4,3,3,1,1,1,2,3,1,1,1,2,1,1,1,2,1,4,3,4,1,1,1,1,3,1,3,1,1,3,1,1,3,2,1,1,4,1,1,1,5,1,1,1,1,3,3,3,2,3,1,1,2,5,1,1,2,1,1,1,4,1,3,3,1,1,1,1,2,1,4,2,1,1,1,1,1,1,1,2,1,1
1,3,1,1,1,1,1,1,1,3,1,1,1,1,1,2,3,1,1,3,1,6,4,1,1,1,1,1,3,1,1,1,1,1,1,1,1,1,4,1,2,1,1,1,1,1,1,1,3,1,1,1,1,1,1,1,3,3,1,1,2,3,1,4,1,2,2,2,NA,2,2,2,2,1,1,1,1,1,2,2,2,2,5,2,2,2,3,1,1,3,3,2,1,1,1,1,1,1,1,2,4,2,1,1,1,1,1,1,1,1,3,1,1,1,3,NA,2,2,1,2,1,1,1,1,1,2,1,2,3,1,3,4,3,1,1,1,1,1,3,3,1,1,1,1,1,1,1,1,1,2,1,1,1,1,6,1,1,1,4,3,1,1,1,1,1,1,1,1,2,1,4,4,5,6,1,1,1,1,1,3,1,1,NA,2,2,1,1,1,1,3,1,1,3,2,2,2,1,1,1,4,3,2,3,2,2,2,6,2,1,1,3,1,1,1,1,1,1,1,1,1,1,1,1,3,3,3,3,4,3,1,3,1,1,1,1,1,2,4,2,1,1,1,1,1,3,1,1,1,1,1,1,1,1,1,1,1,1,1,2,1,2
1,1,1,5,5,3,3,2,1,1,3,3,5,3,NA,2,2,5,3,2,1,3,1,NA,3,3,2,3,1,2,3,5,2,1,4,4,5,3,1,2,1,3,3,2,2,1,5,2,4,1,2,3,5,3,2,5,3,2,3,2,4,3,4,2,1,3,2,3,2,4,1,2,3,2,1,3,2,1,3,4,3,4,1,2,3,3,1,2,4,3,1,3,3,4,2,2,2,3,1,3,2,3,2,4,5,2,1,3,3,4,1,5,4,1,2,2,4,3,5,2,2,4,5,3,2,1,2,3,1,2,3,2,4,5,4,5,4,4,3,1,3,3,5,3,4,3,1,2,3,2,3,5,2,3,3,2,5,3,1,3,4,5,2,2,3,5,3,2,1,1,2,3,1,1,2,3,3,2,3,1,2,2,3,3,4,4,5,3,1,3,4,3,1,2,5,4,3,4,5,1,2,1,3,2,3,5,1,3,4,1,1,2,2,1,3,5,3,3,2,3,1,2,3,2,1,1,1,2,3,3,1,3,2,3,2,4,3,1,2,4,5,2,1,3,1,3,4,3,3,2,1,2,1,3,2,3,2,1,2,4,3
3,3,4,4,3,4,4,3,3,3,4,3,3,3,3,4,3,5,3,3,3,4,4,3,3,3,2,3,3,1,2,2,3,3,3,4,3,3,1,3,1,3,3,3,4,4,4,3,3,3,3,3,4,3,3,3,3,4,1,3,2,4,3,1,1,2,3,3,3,3,4,3,4,4,4,4,3,3,3,2,3,3,2,3,3,3,2,1,3,3,3,4,5,4,5,5,3,3,3,3,2,3,3,3,3,3,1,1,2,2,3,3,3,1,1,3,4,4,4,4,4,3,5,3,3,3,3,3,2,2,4,1,2,4,3,3,3,4,3,3,3,3,4,3,4,3,3,1,1,1,2,2,3,3,3,3,3,3,3,3,5,4,1,4,4,4,4,3,3,3,3,3,3,3,3,2,3,3,3,3,3,3,2,3,3,3,3,1,1,3,3,1,4,3,3,3,3,3,4,3,3,3,3,3,3,3,3,3,3,3,1,3,3,3,3,4,4,2,2,5,4,3,3,3,1,3,3,4,4,1,3,3,3,3,3,4,3,4,3,4,3,3,3,3,3,3,3,3,3,5,2,3,4,3,3,3,3,3,4,3,3
2,1,1,3,3,2,2,3,3,1,3,1,2,2,1,1,4,6,3,1,1,2,1,2,4,2,2,2,1,2,2,2,3,4,5,5,5,4,1,2,1,1,1,1,4,3,5,2,5,2,2,3,2,1,2,3,3,3,3,2,1,2,4,2,2,2,3,3,2,2,1,2,1,3,1,1,2,2,3,3,3,2,1,1,1,2,2,2,1,1,2,1,4,3,4,NA,NA,NA,NA,NA,NA,NA,NA,NA,NA,NA,NA,NA,NA,NA,NA,NA,NA,NA,NA,NA,NA,NA,NA,NA,NA,NA,NA,NA,NA,NA,NA,NA,NA,NA,NA,NA,NA,NA,NA,NA,NA,NA,NA,NA,NA,NA,NA,NA,NA,NA,NA,NA,NA,NA,NA,NA,NA,NA,NA,NA,NA,NA,NA,NA,NA,NA,NA,NA,NA,NA,NA,NA,NA,NA,NA,NA,NA,NA,NA,NA,NA,NA,NA,NA,NA,NA,NA,NA,NA,NA,NA,NA,NA,NA,NA,NA,NA,NA,NA,NA,NA,NA,NA,NA,NA,NA,NA,NA,NA,NA,NA,NA,NA,NA,NA,NA,NA,NA,NA,NA,NA,NA,NA,NA,NA,NA,NA,NA,NA,NA,NA,NA,NA,NA,NA,NA,NA,NA,NA,NA,NA,NA,NA,NA,NA,NA,NA,NA,NA,NA,NA,NA,NA,NA,NA,NA,NA,NA,NA,NA,NA,NA,NA,NA,NA
