"stunt","plaintiff","peasants","tensions","brushed","pounding","champs","efficacy","boogie","sofa","furnished","parentheses","tomatoes","lapse","derogatory","airplanes","weaker","finch","shocks","watchers","monte","alteration","terrified","voyage","strangely","sterile","brewers","lotion","nominated","straits","catastrophe","tasted","knit","arcades","psyche","tackle","specifying","safest","manifest","criterion","forestry","ascend","melting","embraced","spout","hears","agony","prosecutor","speedway","resembles","graduating","polo","provisional","motto","outcomes","quitting","rehearsal","coordinating","gasp","motions","assemble","dumping","regimes","vine","knobs","managerial","calmly","expresses","athletes","disturbed","espresso","adhere","steward","satisfying","dripping","nerves","prepares","minerals","hides","estimation","subsystem","reinforce","jointly","ludicrous","fumes","economists","depended","mum","axiom","draper","transported","wheelchair","zealot","vicinity","offender","acoustics","brawl","resign","experimented","tidbits","correlated","fallacy","tunnels","households","vibration","multiplication","viva","weighing","glucose","mails","accidental","financed","supermarket","shutter","priming","prohibiting","retribution","costing","wisp","flick","juxtapose","islanders","horizontally","scarecrow","diver","culprit","beeps","recalls","occurrences","agreeing","fragmentation","dependant","reel","toxicity","freeway","gesture","tarot","paints","creations","motivations","dye","lei","purposely","yank","flipper","cages","tabernacle","liaison","alongside","offhand","overflow","raids","laps","embarrassment","resistors","merry","devote","reverend","bookshelf","lessen","secured","submissive","fragmented","kicker","eventual","relieve","actresses","scientifically","irons","directs","contender","baroque","parenthood","brackets","ruler","mercer","bribe","waits","strengthen","attractions","markup","boon","sweeping","traced","farming","unnamed","blasted","lowly","tangled","penetrate","laces","flown","imminent","repetition","lieu","coarse","expelled","coolant","brace","replaces","achievements","beep","illuminated","commando","inward","congressmen","indoors","robbery","hazards","countered","spies","portrayal","humane","busted","fibers","aperture","respecting","raining","peers","troop","hitch","abstraction","pier","manufactures","sleeps","compartment","runaway","reckon","peril","maverick","policeman","ogress","onyx","comprise","toddler","admits","deceive","births","flex","garner","hooking","outlaw","secretariat","spokes","towels","silos","constellation","honeymoon","transcendental","poorer"
1,2,3,6,1,1,3,3,1,1,1,3,1,1,1,1,2,1,1,3,5,3,1,3,5,3,1,3,1,1,6,1,6,1,6,1,4,1,1,6,1,6,1,2,1,2,1,1,1,1,2,1,4,2,1,1,3,2,1,3,1,1,6,2,6,3,1,1,4,1,2,1,1,2,1,1,3,2,1,1,4,1,1,4,2,1,1,1,6,1,1,1,6,5,1,6,3,5,1,1,1,3,1,1,4,3,3,6,1,1,6,5,1,4,1,1,4,1,1,1,1,6,1,1,1,2,1,1,1,1,1,1,1,2,1,6,4,2,4,4,6,6,2,5,1,6,6,6,1,1,1,2,1,2,2,1,1,1,1,1,4,1,1,1,5,4,1,5,5,2,1,6,6,1,5,4,3,2,1,4,1,1,1,3,1,1,1,1,1,3,1,1,1,4,6,5,1,1,4,4,4,1,4,1,1,1,1,1,1,1,2,1,5,NA,1,4,1,3,1,1,1,4,6,4,1,1,1,1,1,1,4,5,6,3,1,1,4,1,1,1,3,1,1,1,4,5,4,1,1,1
1,3,4,4,3,1,2,4,1,1,1,3,2,3,2,3,1,2,2,3,5,3,4,3,5,5,5,3,2,3,4,4,5,2,5,1,5,2,1,5,4,5,1,3,1,1,2,2,1,2,2,1,2,1,1,1,3,2,1,2,2,1,5,4,6,3,2,1,3,3,2,5,4,3,2,4,3,4,3,4,5,3,3,5,5,3,2,1,5,3,2,4,5,4,2,4,1,5,3,2,4,4,2,2,2,1,1,5,3,2,5,3,1,3,1,1,3,1,1,1,6,4,3,3,3,4,1,1,3,2,3,3,1,4,2,4,1,1,3,4,4,4,5,2,2,3,3,6,3,2,3,4,1,4,3,1,3,3,2,4,2,2,2,1,4,3,3,5,1,1,2,5,3,3,2,4,2,1,5,3,2,1,3,3,1,2,1,2,2,1,1,1,3,3,6,3,2,1,1,3,4,1,3,1,2,1,1,2,3,3,2,4,3,2,1,5,2,2,1,1,2,3,2,4,1,2,1,3,4,2,3,3,6,2,1,1,3,2,1,3,2,1,4,3,2,1,4,2,5,3
1,3,3,3,2,3,3,6,2,1,3,2,2,1,1,2,2,1,2,2,1,3,1,4,3,1,1,2,1,2,3,1,5,3,6,1,3,2,1,2,1,2,1,2,3,3,1,2,2,1,2,1,3,1,2,1,3,4,1,2,1,1,4,2,4,3,1,1,3,1,1,2,1,1,1,2,3,1,2,2,1,2,2,2,2,1,1,1,3,1,1,5,3,2,1,2,4,4,1,1,2,5,1,3,2,2,1,4,2,3,3,4,1,2,1,1,2,1,1,1,1,3,2,2,1,1,2,1,3,2,2,1,2,2,2,2,1,3,2,2,4,6,2,1,1,2,1,6,2,1,3,3,1,2,1,2,2,1,4,1,2,1,1,1,2,3,1,4,2,1,1,2,2,1,1,2,2,2,4,2,1,1,3,2,2,2,1,1,2,2,2,1,1,3,3,3,1,2,2,2,4,2,1,1,1,1,2,1,1,3,2,1,2,1,1,2,2,2,2,2,1,2,3,2,2,1,1,1,1,1,3,2,3,2,1,1,2,2,1,1,3,2,4,2,1,1,2,3,3,2
1,3,2,1,1,2,1,3,2,2,3,4,3,2,3,1,1,1,2,3,4,3,2,2,1,2,2,3,2,1,5,2,3,2,1,1,2,1,2,3,3,2,1,1,2,1,2,3,1,1,2,1,2,1,1,2,1,2,1,1,3,1,4,1,2,4,1,2,2,3,4,2,3,2,1,1,1,2,1,2,1,2,1,4,2,2,2,1,4,2,1,1,5,3,1,3,2,2,3,1,1,2,1,1,2,3,2,3,2,1,1,2,1,1,2,2,3,1,1,1,2,4,3,1,2,1,1,1,3,2,4,1,2,2,1,2,4,1,3,3,2,5,3,1,1,1,6,3,1,1,1,1,1,3,2,1,2,1,1,1,2,1,1,1,3,1,3,2,1,1,1,4,2,1,2,4,1,1,2,1,1,1,2,1,2,1,1,2,3,1,1,1,2,1,4,1,3,2,1,2,3,1,3,1,2,2,2,1,4,1,1,2,2,2,1,4,2,1,1,1,3,2,2,3,1,2,2,3,2,3,2,1,4,2,1,2,2,3,1,1,2,1,4,1,2,5,5,1,3,4
1,3,2,1,1,1,1,3,2,1,1,4,1,2,6,1,1,1,1,1,2,3,4,6,1,2,4,1,2,1,6,1,1,1,4,1,2,1,1,2,1,1,1,2,1,1,1,3,1,1,1,1,3,2,1,1,1,1,1,1,2,NA,3,2,2,3,2,2,2,3,4,5,4,3,2,1,1,1,1,1,3,4,2,4,1,3,2,1,2,1,1,1,6,6,5,4,3,2,3,2,2,2,3,NA,2,3,3,3,2,1,1,2,2,1,2,1,1,2,2,1,6,5,4,3,1,1,1,1,4,4,5,3,1,1,1,2,3,1,1,4,2,3,2,1,1,1,4,6,1,1,1,1,1,4,3,1,1,4,2,2,3,3,1,2,4,2,3,2,3,2,1,2,2,3,4,3,2,2,2,3,2,2,3,2,2,1,2,1,2,3,3,4,4,4,5,5,3,2,2,2,3,3,1,1,1,1,1,1,1,2,2,2,4,4,3,2,3,2,2,1,1,2,2,2,3,3,2,2,3,2,2,1,1,2,1,2,1,3,1,2,1,1,3,2,2,2,1,1,6,1
5,4,3,2,2,2,3,3,3,3,3,3,3,3,3,3,3,3,3,3,3,3,3,3,3,3,3,3,3,3,3,3,3,3,3,3,3,3,3,3,3,3,3,3,3,3,3,3,3,3,3,3,3,3,3,3,3,3,3,3,3,3,3,3,3,3,3,3,3,3,3,3,3,3,3,3,3,3,3,3,3,3,3,3,3,3,3,3,3,3,3,3,3,3,3,3,3,3,3,3,3,3,3,3,3,3,3,3,3,3,3,3,3,3,3,3,3,3,3,3,3,3,3,3,3,3,3,3,3,3,3,3,3,3,3,3,3,3,3,3,3,3,3,3,3,3,3,3,3,3,3,3,3,3,3,3,3,3,3,3,3,3,3,3,3,3,3,3,3,3,3,3,3,3,3,3,3,3,3,3,3,3,3,3,3,3,3,3,3,3,3,3,3,3,3,3,3,3,3,3,3,3,3,3,3,3,3,3,3,3,3,3,3,3,3,3,3,3,3,3,3,3,3,3,3,3,3,3,3,3,3,3,3,3,3,3,3,3,3,3,3,3,3,3,3,3,3,3,3,3
1,4,4,3,2,2,1,5,1,1,1,3,1,2,3,1,2,1,1,2,1,1,3,1,2,3,2,1,1,1,4,1,5,1,3,1,1,1,1,2,3,4,1,1,3,3,2,1,1,1,2,1,3,1,1,1,2,1,1,2,1,1,3,1,3,3,2,1,1,1,1,1,1,1,1,2,3,1,1,1,1,1,1,2,2,2,1,1,2,1,1,1,3,4,1,6,2,2,1,1,1,1,1,1,2,1,1,3,1,1,1,3,1,1,2,1,1,3,1,1,1,4,1,1,1,1,1,1,2,1,2,1,1,3,1,1,3,3,2,1,1,5,1,1,1,3,1,6,1,1,1,3,1,1,1,1,1,2,1,1,1,1,1,1,2,2,1,3,2,1,1,5,1,2,1,2,1,2,1,1,1,1,1,3,1,3,1,1,3,3,2,1,1,1,6,5,1,1,1,1,3,1,2,1,1,1,1,1,2,2,3,3,1,2,3,4,2,4,1,1,1,2,3,3,1,2,1,1,2,2,1,2,5,2,1,1,3,2,1,1,2,1,3,1,3,4,2,1,4,2
1,2,2,2,2,2,2,2,2,1,1,1,2,2,2,2,2,2,2,2,1,1,2,1,1,1,1,2,3,3,3,3,3,3,4,4,4,4,4,3,2,1,1,1,1,2,2,2,2,2,2,1,1,1,1,1,2,1,1,1,2,2,2,2,2,2,1,1,1,1,1,1,2,2,2,2,2,1,1,1,1,1,1,2,2,2,2,2,3,2,2,1,1,1,1,1,2,2,2,2,2,2,2,2,1,1,1,1,1,2,2,2,2,2,2,3,2,3,3,3,2,2,2,2,2,2,2,2,1,1,1,1,1,1,2,2,2,2,2,2,2,2,1,1,1,1,1,1,2,2,2,2,2,1,1,1,1,1,2,2,2,2,2,2,3,3,3,3,3,3,3,3,3,3,3,3,3,3,3,3,3,3,3,3,3,3,2,2,2,2,2,2,2,1,1,1,1,1,1,1,2,2,2,2,2,2,2,2,2,2,2,2,2,2,2,2,1,1,1,2,2,2,2,2,2,2,2,2,2,2,2,1,1,1,1,1,1,1,2,2,2,2,2,2,2,2,1,1,1,1
1,1,3,3,1,1,1,2,1,1,1,2,1,2,2,1,1,1,1,1,3,2,1,3,1,4,1,3,1,1,3,2,1,2,3,2,1,1,1,2,2,3,1,1,1,1,1,2,1,3,2,1,2,1,1,1,3,4,1,3,3,1,4,2,1,3,1,1,3,2,1,1,4,1,1,3,1,1,2,2,1,1,1,3,2,1,1,1,2,1,1,1,6,1,1,2,1,1,1,1,1,2,1,1,1,2,1,3,1,1,2,1,1,1,1,2,2,1,1,1,3,2,3,1,1,2,1,1,3,1,2,1,1,3,1,2,3,1,2,2,1,1,2,1,1,2,4,6,1,1,1,1,1,3,3,2,1,3,1,1,1,1,1,1,2,3,1,3,1,1,1,6,1,1,2,1,1,1,3,2,1,1,1,1,1,1,1,1,2,1,1,1,1,2,3,3,1,1,1,1,3,1,3,2,1,1,1,2,1,2,1,2,2,1,1,6,1,1,1,1,1,2,3,3,1,1,1,2,3,3,2,3,4,3,1,1,3,1,1,1,1,1,3,1,1,3,2,1,4,3
1,5,5,5,3,3,4,6,2,2,5,6,5,2,5,2,5,1,1,4,2,6,5,2,3,4,5,5,5,5,6,1,1,4,6,3,5,4,5,6,5,6,1,2,1,1,5,4,2,4,4,1,5,1,2,4,5,5,1,3,5,2,5,2,4,5,3,4,2,5,2,5,3,4,2,2,2,5,1,4,3,2,5,3,2,5,2,1,5,2,2,5,2,3,5,5,2,2,5,2,3,1,2,4,5,4,1,2,4,2,4,2,5,2,2,5,3,1,1,1,6,4,6,2,1,5,1,2,5,5,5,5,1,4,1,4,5,3,5,5,5,5,4,1,4,1,6,6,5,1,5,1,1,5,3,3,2,4,5,5,4,5,NA,1,5,5,4,5,1,2,2,6,5,2,2,5,1,2,5,4,2,1,5,2,2,4,5,2,2,4,2,4,5,4,6,4,3,1,1,1,4,1,4,2,1,3,1,2,2,2,4,4,4,2,3,5,4,4,2,5,4,4,5,4,2,5,4,3,2,4,3,5,6,2,3,3,5,1,1,3,2,2,1,2,3,1,5,1,6,6
1,2,1,2,1,1,1,3,1,2,1,4,2,3,4,1,1,1,1,1,3,2,1,4,1,2,1,4,1,2,4,1,5,1,3,1,4,1,2,3,3,3,1,1,1,1,2,1,1,2,1,1,1,1,1,1,1,1,2,1,1,1,3,1,3,2,1,2,3,1,2,2,2,2,1,1,1,2,1,3,1,1,1,3,1,1,1,1,4,2,1,1,3,4,1,3,2,4,2,2,3,3,1,1,1,1,2,1,2,1,2,1,1,2,2,3,3,1,2,1,1,3,1,1,1,2,1,1,1,1,3,1,1,2,1,1,3,1,1,1,1,3,1,1,1,1,2,5,1,1,1,2,1,1,2,1,2,3,1,1,1,1,2,1,1,1,2,1,2,1,1,3,1,1,1,2,1,1,1,1,1,1,1,1,1,2,1,2,1,2,1,2,3,1,4,3,2,3,1,2,3,1,1,1,1,2,1,1,1,2,1,2,1,1,1,3,1,1,2,2,1,1,2,1,1,1,1,2,2,3,2,3,5,3,1,1,2,1,1,1,1,1,3,1,1,3,2,1,4,2
1,2,3,4,5,6,5,4,3,2,1,2,3,4,5,6,5,4,3,2,1,2,3,4,5,6,5,4,3,2,1,2,3,4,5,6,5,4,3,2,1,2,3,4,5,6,5,4,3,2,1,2,3,4,5,6,5,4,3,2,1,2,3,4,5,6,5,4,3,2,1,2,3,4,5,6,5,4,3,2,1,2,3,4,5,6,5,4,3,2,1,2,3,4,5,6,5,4,3,2,1,2,3,4,5,6,5,4,3,2,1,2,3,4,5,6,5,4,3,2,1,2,3,4,5,6,5,4,3,2,1,2,3,4,5,6,5,4,3,2,1,2,3,4,5,6,5,4,3,2,1,2,3,4,5,6,5,4,3,2,1,2,3,4,5,6,5,4,3,2,1,2,3,4,5,6,5,4,3,2,1,2,3,4,5,6,5,4,3,2,1,2,3,4,5,6,5,4,3,2,1,2,3,4,5,6,5,4,3,2,1,2,3,4,5,6,5,4,3,2,1,2,3,4,5,6,5,4,3,3,1,4,3,2,3,4,5,3,2,1,2,4,2,3,5,2,1,6,6,1
1,1,6,1,1,3,1,1,1,1,1,1,3,1,1,3,3,2,1,1,4,1,1,1,3,3,6,6,1,1,1,1,6,1,2,1,1,2,1,1,1,1,2,1,6,1,1,1,1,1,1,1,1,1,1,1,1,1,1,6,1,1,6,1,1,3,1,1,3,1,1,3,1,1,1,3,1,1,1,1,1,1,1,1,1,1,1,1,1,1,1,4,1,4,1,1,6,6,1,1,1,5,1,1,5,3,1,6,1,6,6,4,1,1,1,1,4,1,1,1,1,6,1,1,1,1,1,1,1,1,1,1,1,4,1,1,1,1,3,2,6,6,1,1,1,1,1,3,1,1,1,2,1,1,1,6,1,1,1,1,1,1,1,2,1,4,4,1,1,1,1,1,1,1,1,1,1,4,4,4,1,1,1,5,1,1,1,1,5,3,6,2,2,4,6,3,1,1,4,1,1,1,1,1,1,1,1,1,1,1,1,1,1,1,1,3,1,1,1,1,1,3,1,3,1,1,1,1,1,1,1,1,5,1,1,1,1,4,1,1,1,1,1,1,3,1,1,1,1,4
NA,NA,NA,NA,4,3,NA,NA,NA,NA,NA,NA,NA,NA,NA,NA,NA,NA,NA,NA,NA,NA,NA,NA,NA,NA,NA,NA,NA,NA,NA,NA,NA,NA,NA,NA,NA,NA,NA,NA,NA,NA,NA,NA,NA,NA,NA,NA,NA,NA,NA,NA,NA,NA,NA,NA,NA,NA,NA,NA,NA,NA,NA,NA,NA,NA,NA,NA,NA,NA,NA,NA,NA,NA,NA,NA,NA,NA,NA,NA,NA,NA,NA,NA,NA,NA,NA,NA,NA,NA,NA,NA,NA,NA,NA,NA,NA,NA,NA,NA,NA,NA,NA,NA,NA,NA,NA,NA,NA,NA,NA,NA,NA,NA,NA,NA,NA,NA,NA,NA,NA,NA,NA,NA,NA,NA,NA,NA,NA,NA,NA,NA,NA,NA,NA,NA,NA,NA,NA,NA,NA,NA,NA,NA,NA,NA,NA,NA,NA,NA,NA,NA,NA,NA,NA,NA,NA,NA,NA,NA,NA,NA,NA,NA,NA,NA,NA,NA,NA,NA,NA,NA,NA,NA,NA,NA,NA,NA,NA,NA,NA,NA,NA,NA,NA,NA,NA,NA,NA,NA,NA,NA,NA,NA,NA,NA,NA,NA,NA,NA,NA,NA,NA,NA,NA,NA,NA,NA,NA,NA,NA,NA,NA,NA,NA,NA,NA,NA,NA,NA,NA,NA,NA,NA,NA,NA,NA,NA,NA,NA,NA,NA,NA,NA,NA,NA,NA,NA,NA,NA,NA,NA,NA,NA,NA,2,NA,NA,NA,NA
2,2,2,4,4,2,3,6,6,3,1,4,1,3,6,4,2,3,4,2,4,1,1,4,4,4,4,2,1,3,2,1,1,1,5,1,5,2,1,6,1,6,1,1,3,3,2,1,1,1,1,4,1,4,1,1,1,5,5,4,1,1,6,3,3,1,2,1,1,2,1,3,3,1,1,4,1,1,1,1,1,4,3,5,4,1,1,1,4,2,1,1,5,5,1,6,6,3,1,1,2,2,1,2,1,1,3,3,3,5,3,4,3,3,4,1,1,1,2,2,2,3,3,5,6,5,4,2,1,3,1,1,6,6,4,3,5,4,2,4,NA,3,3,3,4,1,3,5,5,3,5,3,NA,3,2,3,3,4,4,4,3,3,1,2,NA,3,4,5,4,3,NA,4,6,5,5,5,1,1,NA,2,1,1,NA,4,3,4,3,5,2,2,5,3,NA,4,2,4,3,5,4,4,1,1,3,3,2,2,4,4,1,4,1,3,3,3,3,2,2,3,4,3,4,1,4,3,4,1,1,3,6,4,4,6,2,1,2,1,3,4,3,NA,4,5,5,6,3,4,5,6,6,6
1,1,1,1,1,1,1,3,1,1,1,5,1,1,1,1,1,1,1,1,6,1,1,5,1,5,1,1,1,1,1,1,4,1,5,1,1,1,1,1,1,5,1,1,1,1,1,1,1,1,1,1,2,1,1,1,1,2,2,1,1,1,5,1,5,5,1,1,1,1,1,1,1,1,1,1,1,1,1,1,1,4,4,1,1,1,1,1,1,1,1,1,5,1,1,1,1,1,1,1,1,1,1,1,1,1,1,1,1,1,1,1,1,1,1,1,1,1,1,1,1,1,1,1,1,1,1,1,1,1,1,1,1,2,1,1,6,1,5,1,1,5,1,1,1,1,3,5,1,1,1,1,1,1,1,1,1,1,1,1,1,1,1,1,1,1,1,1,1,1,1,1,1,1,1,1,1,1,1,1,1,1,1,1,1,1,1,1,1,1,1,1,1,1,6,1,1,1,1,1,1,1,1,1,1,1,1,1,1,1,1,1,1,1,5,1,1,1,1,1,1,1,4,1,1,1,1,1,4,1,1,1,5,1,1,1,1,1,1,1,1,1,1,1,1,1,1,1,1,1
1,1,2,1,1,2,4,1,4,2,2,1,4,5,1,1,2,1,2,1,6,3,1,6,1,1,1,1,1,5,1,1,3,1,4,3,5,1,1,1,3,3,2,3,1,1,4,1,1,1,1,3,1,1,1,1,1,1,5,2,4,2,6,1,5,6,3,1,4,3,1,1,6,1,1,1,1,1,1,4,4,3,2,6,2,1,5,1,3,2,4,1,6,4,3,6,1,6,1,3,1,5,1,2,1,1,4,5,1,6,1,1,1,1,1,1,1,5,3,1,5,1,2,2,1,1,6,1,5,1,4,1,5,1,1,1,4,1,1,4,6,6,1,1,1,2,2,1,1,2,1,1,1,2,3,6,2,2,1,2,3,3,2,1,3,2,2,2,3,2,2,3,1,2,1,3,2,2,2,1,1,1,1,1,1,2,4,3,2,1,1,1,2,2,4,6,2,1,1,1,1,2,1,2,1,2,2,3,3,2,4,4,4,3,2,2,2,2,2,2,1,2,1,1,1,1,1,2,1,2,2,1,4,3,5,5,2,2,2,2,1,1,1,2,2,2,3,2,1,4
2,1,2,2,2,3,3,3,3,3,4,4,4,4,4,3,3,3,3,3,3,3,3,3,3,2,2,3,2,3,3,3,3,4,4,4,4,4,4,5,5,5,6,6,6,6,5,4,5,4,4,4,4,5,4,5,4,5,4,3,3,2,3,3,3,3,3,3,3,3,2,2,2,3,3,3,3,4,5,5,5,4,3,3,3,3,2,2,2,2,2,2,2,2,2,3,3,3,3,3,3,3,3,4,4,4,4,4,3,3,3,3,3,3,3,4,4,4,4,4,4,4,4,4,3,3,3,3,3,2,2,2,2,2,2,2,4,5,6,6,6,6,6,2,2,2,3,3,3,3,3,3,3,3,3,4,4,4,4,4,4,4,4,4,1,2,1,1,1,1,1,1,1,1,1,1,1,1,1,1,1,1,2,2,2,2,2,2,2,2,3,3,3,3,4,4,4,4,3,3,3,3,3,3,3,3,2,2,2,2,2,2,2,2,2,2,2,2,3,3,3,3,3,3,4,4,4,4,4,4,4,5,5,5,5,5,4,4,4,4,4,4,4,4,4,5,6,6,6,6
1,3,3,5,1,4,1,2,2,1,1,4,2,1,1,2,3,1,1,2,2,3,1,3,3,4,1,3,1,2,5,1,2,1,4,1,5,1,1,3,1,4,1,3,2,2,1,1,1,2,1,1,3,1,2,1,3,4,1,2,1,1,4,1,3,2,1,1,3,1,1,1,1,2,1,2,1,1,1,3,1,3,2,4,1,4,1,1,2,1,1,2,4,4,1,5,1,3,1,1,1,3,1,1,2,2,1,4,1,1,2,3,1,2,1,1,3,1,1,1,4,3,1,1,1,1,1,1,2,1,2,1,1,3,1,3,4,1,3,1,2,3,1,1,1,1,3,4,1,1,1,1,1,1,1,1,1,1,1,1,2,1,1,1,1,2,1,3,1,1,1,4,1,1,1,3,1,1,2,2,1,1,1,2,1,1,1,1,1,1,2,1,2,3,4,2,1,1,1,1,2,1,1,1,1,1,1,1,1,2,3,2,1,1,1,2,1,1,1,1,1,2,3,2,1,1,1,1,1,1,3,2,4,1,1,1,2,1,1,1,1,1,2,1,1,3,2,1,4,1
1,1,1,1,1,1,1,1,1,1,1,2,1,1,1,1,1,1,1,1,2,1,1,2,3,2,1,1,1,1,2,1,1,1,4,1,1,1,1,2,1,1,1,1,1,1,1,1,1,3,1,1,3,1,1,1,3,1,1,1,3,1,2,1,1,1,1,1,1,1,1,1,1,1,1,1,1,1,2,1,1,1,1,1,1,1,1,1,1,1,1,1,1,1,1,1,1,5,1,1,1,1,1,1,1,1,1,6,1,1,1,1,1,1,1,1,1,1,1,1,1,6,1,1,1,1,1,1,1,1,1,1,1,1,1,1,1,1,1,1,1,6,1,1,1,1,1,2,1,1,1,1,1,2,1,1,1,1,1,1,1,1,1,1,1,1,1,3,1,1,1,6,1,1,1,1,1,1,1,1,1,1,1,1,1,1,1,1,6,1,1,1,1,1,5,4,1,1,1,1,3,1,1,1,1,1,1,1,1,1,1,1,1,1,1,1,1,1,1,1,1,1,3,2,1,1,1,1,1,1,1,1,3,1,1,1,2,1,1,1,2,1,1,1,1,1,1,1,3,2
2,5,4,4,5,1,1,6,2,2,1,5,4,1,3,1,2,1,1,1,3,2,2,1,2,1,4,4,2,3,5,1,3,1,6,1,3,1,1,6,1,4,1,3,2,1,1,1,1,1,3,3,2,1,1,1,2,3,1,3,1,1,4,1,1,6,1,3,2,4,2,4,1,2,2,1,1,1,1,2,1,2,3,4,1,3,3,1,6,1,2,4,1,2,NA,3,2,1,NA,3,3,4,1,4,3,4,6,5,1,1,2,1,1,1,1,1,1,1,1,1,6,1,3,1,1,1,1,2,1,2,2,1,3,1,2,2,3,2,1,3,6,6,3,1,1,1,2,6,1,1,1,1,1,3,2,4,1,5,1,1,1,1,1,1,6,3,2,6,1,1,1,6,1,1,1,5,1,3,1,1,1,1,2,1,3,1,2,1,1,3,1,1,1,1,6,3,2,3,2,4,2,1,4,3,1,1,1,1,1,1,4,2,4,1,1,2,1,4,1,1,1,1,2,3,2,3,4,2,2,4,2,3,4,2,2,2,4,1,1,4,1,2,5,1,1,1,4,1,6,2
1,2,1,2,1,1,1,3,1,1,1,1,2,3,2,1,1,1,1,1,2,1,1,1,1,1,1,1,1,2,3,1,4,1,4,1,1,1,1,2,1,3,1,1,1,1,1,2,1,1,1,1,1,1,1,1,2,1,1,1,1,1,3,1,2,4,1,1,1,1,1,2,1,1,1,1,1,1,1,1,1,2,1,1,1,1,1,1,3,1,1,1,3,1,1,1,1,1,1,1,1,1,1,1,1,1,1,3,1,1,3,1,1,1,1,2,1,1,1,1,4,1,1,1,1,1,1,1,1,1,1,1,1,1,1,3,1,1,1,1,2,3,1,1,1,1,4,5,1,1,1,3,1,1,1,1,1,1,1,1,1,1,1,1,1,1,2,3,1,1,1,3,1,1,1,1,1,2,4,1,1,1,1,1,1,1,1,1,1,1,1,1,3,1,4,2,1,1,1,1,2,1,1,1,1,1,1,1,1,1,1,1,1,1,1,2,1,1,1,1,1,1,2,1,1,1,1,1,1,1,3,1,4,1,1,1,2,1,1,1,1,1,2,1,1,1,1,1,4,1
2,4,3,2,1,1,1,4,1,1,1,6,2,2,4,1,1,1,1,1,3,2,1,3,4,5,2,4,1,1,6,2,5,3,3,2,4,3,5,2,2,3,1,3,5,3,2,1,1,4,3,1,3,4,1,1,2,3,1,3,1,1,1,1,4,4,1,1,4,2,2,2,1,2,1,4,2,2,3,1,4,5,4,4,3,3,3,3,6,3,2,1,6,4,2,4,4,5,4,2,2,5,3,3,2,2,5,6,4,3,2,3,1,1,1,5,3,1,1,1,2,6,4,2,3,2,1,1,2,2,3,2,2,3,1,2,1,1,1,2,1,5,2,1,1,3,6,6,2,1,1,3,1,NA,3,1,1,5,2,1,1,2,2,2,2,3,2,5,5,2,2,6,1,2,2,5,1,1,1,3,1,1,1,3,1,1,1,3,2,3,2,2,1,2,6,3,3,1,1,4,5,1,4,1,1,2,1,2,1,2,2,4,2,1,1,3,2,1,1,1,1,3,1,2,1,2,1,3,5,1,3,5,6,3,2,2,1,1,1,2,1,1,5,2,3,3,4,1,5,2
2,3,3,4,3,3,2,4,3,2,5,4,2,2,3,1,3,3,5,4,6,6,3,3,1,3,2,4,3,3,6,5,1,6,2,3,2,4,3,4,2,4,3,3,3,2,3,2,2,6,3,3,1,2,4,3,1,3,6,5,4,2,2,3,3,5,1,3,2,4,2,5,1,3,3,4,3,3,1,3,5,2,4,3,2,3,4,3,1,3,5,5,3,2,5,5,3,2,2,3,1,4,1,2,4,2,3,2,4,2,4,3,4,2,1,3,3,4,5,3,4,2,1,3,4,4,3,2,4,1,2,3,3,4,2,1,5,1,4,2,3,3,5,2,1,3,4,4,4,5,1,3,2,2,2,2,4,3,3,5,3,2,1,3,5,3,3,3,4,5,1,3,3,5,2,3,3,2,1,4,3,3,6,5,3,4,3,5,3,3,1,4,4,3,5,3,2,3,3,6,5,2,1,3,3,4,4,5,2,2,1,3,3,3,4,3,4,1,3,2,2,5,5,3,5,3,4,2,1,3,3,3,4,5,2,4,1,2,3,3,4,2,3,2,2,1,3,4,3,4
1,6,6,4,3,4,2,6,5,2,2,5,3,6,2,1,1,1,1,1,6,3,1,4,5,6,6,3,2,6,6,3,5,5,6,4,6,4,1,6,3,6,2,5,6,4,4,3,1,4,5,3,2,4,2,4,6,2,4,5,5,2,6,3,5,6,5,3,5,6,3,2,2,4,1,2,5,5,1,4,4,6,3,6,4,6,2,1,6,6,2,2,6,6,5,6,3,5,6,2,2,6,4,6,3,6,1,6,3,5,6,3,1,4,6,5,5,3,5,2,6,6,6,3,2,3,2,2,5,4,2,2,5,6,1,5,6,4,5,3,5,5,6,2,5,6,6,6,2,3,3,6,1,6,4,4,2,4,3,3,4,5,2,4,5,5,5,6,5,2,4,6,3,5,4,5,3,4,5,5,1,3,4,4,2,2,2,4,2,2,4,5,4,6,6,6,3,5,5,4,5,2,4,3,3,3,2,4,4,5,6,6,5,2,3,6,3,2,4,3,2,4,6,5,3,2,2,4,6,6,6,4,5,6,4,4,5,3,1,5,3,2,6,2,4,6,5,2,6,5
1,4,4,4,1,1,1,5,3,1,1,5,1,1,1,1,1,1,1,3,6,4,1,4,3,3,2,5,1,1,5,1,1,2,1,1,1,1,1,6,5,6,1,1,1,1,4,1,1,1,1,1,5,4,1,1,1,1,1,4,1,1,6,1,5,6,4,1,4,1,6,5,4,1,1,1,1,1,1,1,3,5,3,6,4,5,3,4,6,5,1,2,6,3,1,6,5,1,1,1,2,2,4,1,4,2,4,2,1,1,1,3,1,1,1,1,1,3,2,3,6,6,4,4,4,4,1,1,1,1,2,1,1,4,1,1,6,1,3,1,4,6,3,1,2,4,6,6,1,1,NA,4,1,5,3,2,6,6,2,3,4,5,4,1,4,4,4,3,1,1,NA,6,1,1,4,5,4,1,1,1,1,1,1,1,1,5,1,1,1,4,6,6,5,2,6,6,1,5,1,NA,6,1,1,1,1,1,1,1,1,1,6,5,5,1,4,6,1,1,1,1,1,5,4,1,1,1,3,4,3,5,2,6,6,3,1,1,1,1,1,1,1,1,6,1,1,5,4,1,6,1
3,5,5,5,5,4,3,5,5,5,4,5,5,4,4,3,4,3,4,3,4,4,4,4,4,4,4,5,4,5,5,5,5,5,5,5,5,5,5,6,5,4,4,4,4,4,4,4,3,4,4,3,4,4,3,4,4,3,4,4,4,4,4,4,3,4,4,4,4,4,5,5,4,5,4,4,3,4,4,4,4,5,5,5,5,5,4,4,4,4,4,4,4,3,4,4,4,4,4,3,4,4,3,3,3,4,3,4,4,4,4,5,3,3,4,4,4,4,4,3,4,4,4,3,3,3,3,3,4,3,4,3,3,4,3,4,3,4,3,4,3,5,4,2,2,3,4,5,4,2,2,4,4,5,5,4,3,4,3,3,4,4,4,3,5,5,5,5,4,3,4,4,4,3,2,2,3,4,4,4,2,3,2,3,3,3,3,4,4,4,4,4,4,4,4,4,3,2,3,3,4,2,3,3,2,4,2,3,3,3,4,3,3,2,3,4,3,4,2,3,2,3,4,3,3,2,2,2,3,3,3,2,3,3,3,2,3,3,3,2,3,2,4,3,4,4,4,3,4,4
1,3,2,2,1,2,1,2,2,1,1,2,1,2,1,1,1,1,1,1,2,1,1,1,1,1,1,1,1,2,2,1,2,1,2,1,2,1,1,2,1,2,1,1,1,1,1,1,1,1,1,1,2,3,1,1,2,4,1,1,3,1,5,1,2,1,1,1,1,1,1,1,2,1,1,1,1,1,1,1,1,2,1,3,1,1,1,1,3,1,1,1,3,1,1,1,4,2,1,1,1,2,1,1,1,1,2,3,1,1,1,1,1,1,2,1,1,1,1,1,2,3,1,1,1,1,1,1,2,1,1,2,1,1,1,1,2,1,1,1,4,5,1,1,1,1,1,5,1,1,1,1,1,1,1,2,2,3,1,3,1,1,2,1,2,2,1,1,4,3,3,5,1,1,1,2,1,1,4,1,1,2,2,2,1,1,1,2,2,1,1,2,3,1,5,4,2,2,1,1,3,1,3,1,2,1,3,2,1,3,1,1,3,1,1,1,1,2,1,2,1,1,3,3,1,1,1,3,3,1,1,3,4,3,1,1,2,2,1,1,1,2,2,2,3,1,1,2,2,2
1,5,4,3,3,2,2,5,2,1,2,4,2,3,2,2,2,2,3,2,1,1,4,5,3,3,1,3,2,2,3,2,5,5,5,2,4,2,3,5,3,4,2,3,3,3,2,1,1,2,2,1,4,3,1,3,3,2,2,3,3,1,2,2,3,2,2,3,3,3,2,1,5,3,1,2,2,2,2,2,2,3,3,4,2,3,2,1,5,2,1,1,3,4,2,3,2,2,3,1,3,4,3,1,2,2,3,3,2,1,2,3,1,3,2,2,2,2,2,1,4,5,4,4,1,1,2,1,5,2,2,2,1,2,1,2,2,3,2,3,4,5,2,3,2,2,2,4,1,1,1,3,2,3,2,5,3,3,1,3,2,4,2,1,2,4,3,3,3,3,2,5,1,3,1,1,3,2,4,3,1,2,2,3,1,2,2,4,4,3,2,4,3,3,2,3,4,3,2,3,5,2,4,3,2,4,2,3,2,4,3,3,3,2,2,3,2,2,3,3,3,2,2,2,2,1,1,2,3,3,1,2,6,2,3,2,4,3,1,1,1,2,4,3,2,1,3,2,2,2
