"fugitive","clubhouse","foolishness","rallying","tortures","expeditions","despicable","intruders","pebbles","petit","refuted","marries","fondness","lass","frivolous","wildfire","prevalence","extradition","rump","burp","milestones","horrified","alters","disseminated","shady","abysmal","fortitude","cow's","ingenious","lexical","sweetie","boasts","eyebrow","garments","illuminate","certify","secretaries","humbled","swears","capped","bumping","airfield","smugglers","impolite","propensity","contestant","movable","constituent","quack","enumerated","deduce","swelled","invoices","spacer","excused","immunology","carbide","bulky","lids","quantify","seagull","undergraduates","outset","acetate","wham","gowns","insertions","pretends","liens","bestiality","relayed","taker","pearls","assimilation","erected","aeronautical","alligator","monograph","parachutes","honk","lancer","reviving","inhibits","advancements","springing","dud","homicidal","discus","eminently","runways","terrorize","solstice","afloat","casket","whirl","braided","plowed","taxis","pessimist","avarice","steels","overdone","knockout","netting","virtuoso","mistaking","wept","bonnet","fresco","consequential","foxglove","purportedly","transverse","cleaver","concave","surrendering","vindictive","entitle","oink","gnawing","admirer","elliptical","trampling","untie","liberal's","brain's","undeniably","upshot","where'd","cortisone","wrecking","blooded","clobber","gunk","horticulture","droplets","vacancy","attainment","catered","worsen","liquidity","acrobatics","barometer","maids","disorganized","conduction","shaven","endgame","seasoning","espoused","sobs","oaths","dissipated","spook","occidental","phoney","mules","hick","urethra","germs","scandalous","backdoor","distaste","precedes","pranks","cymbal","doings","triumphant","speedily","golfing","degeneration","shredder","intravenous","ulterior","slugger","lawns","tomcat","spineless","clutched","plowing","council's","definable","correspondingly","mouthed","groundhog","fertilizers","ousted","conjure","jabber","uplifting","sunbeam","diabolical","interpretive","airless","inscribe","mica","excitedly","overpowering","symbolize","quicksilver","transpired","rapier","bullies","rind","interiors","whimpering","ewe","tattered","nitrates","elaboration","redheaded","microcosm","transsexual","spurred","cumin","overtake","bonkers","mousse","condoned","presumptuous","profane","guaranty","nominating","rectal","uptake","nigh","forsake","depressions","carney","weirdo","imprecise","lapses","placid","subversion","watchmen","serfs","blissful","cleft","affliction","hermit","conquests","repaid","frothing","gawk","fledgling","disoriented","fornication","granular","humanly","landslide","lethality"
2,2,1,1,2,3,2,1,1,3,2,3,1,1,5,2,3,3,1,1,1,2,1,2,2,3,1,2,4,1,1,3,5,1,2,1,1,2,2,1,1,4,1,1,1,1,2,5,1,1,2,1,3,1,1,2,3,1,1,1,3,2,2,4,1,1,2,1,4,5,1,1,3,2,1,5,2,5,3,1,1,1,2,2,1,1,3,1,1,1,1,2,3,1,2,4,2,4,2,5,1,2,5,1,6,1,1,2,1,4,2,3,2,2,1,1,1,1,4,5,1,1,1,2,1,3,1,1,2,1,1,4,1,1,3,1,NA,4,2,1,2,1,1,4,1,1,1,1,2,5,1,3,1,1,1,3,1,1,2,2,3,2,1,4,1,5,1,4,1,1,1,1,4,3,1,2,1,2,1,1,5,3,2,4,2,1,2,4,1,1,2,3,1,2,1,1,2,1,1,1,2,4,1,1,2,1,3,1,1,1,3,1,4,1,2,1,1,6,3,4,1,3,1,1,1,3,1,2,1,4,5,2,2,2,1,1,1,1,2,1,1,2,1,1,1,2,1,1,2,1,1
6,2,4,2,3,6,6,4,3,3,2,3,1,1,5,1,4,3,1,1,3,4,1,2,1,4,2,1,3,2,2,3,3,2,5,2,4,3,3,1,1,6,1,6,2,3,3,6,4,6,3,2,5,2,5,6,2,1,1,4,4,3,3,4,1,1,3,2,2,4,2,2,5,5,3,6,5,3,6,1,3,3,4,6,2,1,4,1,6,1,3,3,3,2,4,4,2,3,2,4,1,3,6,1,5,2,1,1,1,5,3,4,4,3,3,1,4,4,6,4,4,3,3,4,1,4,3,2,4,4,5,6,4,1,3,1,2,5,5,3,3,2,3,3,6,6,4,3,6,6,1,2,3,3,6,4,2,1,6,1,5,3,3,5,1,3,1,6,3,2,6,3,6,5,1,1,1,3,3,2,5,5,6,3,3,5,2,3,1,2,3,6,6,4,4,1,4,2,3,6,6,3,3,1,4,3,1,5,5,4,3,6,6,2,2,3,1,6,5,6,3,3,5,1,2,1,2,5,3,5,3,1,2,4,3,1,1,1,3,1,6,3,1,1,6,6,6,4,3,3,4
4,1,3,3,5,6,4,4,2,4,5,3,2,1,5,3,5,4,1,1,5,4,4,6,1,5,5,1,6,4,1,2,1,3,4,3,2,3,1,1,2,3,4,2,6,4,2,6,1,6,2,2,2,1,1,5,2,1,1,3,2,4,2,4,1,1,4,2,5,6,2,1,1,5,3,6,4,5,4,1,4,3,3,4,5,1,4,5,5,3,3,5,1,1,2,4,3,3,4,4,2,2,3,3,4,4,1,2,2,5,5,5,5,3,4,4,4,2,1,3,2,3,3,1,3,3,4,3,3,5,4,2,2,1,6,2,2,3,2,1,2,4,4,1,3,3,2,3,3,4,1,1,4,1,4,3,1,1,4,1,3,3,2,3,2,3,3,3,3,3,4,4,6,2,3,1,1,3,4,2,2,2,4,2,3,3,3,3,3,2,2,3,4,1,3,1,1,3,3,3,4,3,2,3,4,3,4,4,5,3,3,6,4,3,3,2,2,4,3,5,5,4,4,3,2,3,3,4,4,1,4,4,4,3,3,3,2,3,4,2,4,2,4,1,5,5,5,5,3,3,4
5,2,5,4,4,3,4,5,4,4,3,5,5,3,5,4,5,5,4,4,5,3,4,4,5,5,6,5,5,4,3,4,4,3,4,5,4,3,5,5,3,5,3,4,5,3,4,4,3,3,5,5,3,5,3,NA,5,4,4,4,3,4,4,5,3,5,5,3,3,4,4,2,5,4,2,4,NA,4,3,4,5,2,4,4,2,4,2,5,3,5,4,3,5,5,5,1,3,4,3,6,2,5,4,3,5,3,4,2,4,4,3,3,5,3,4,3,3,4,3,5,3,4,5,2,4,4,NA,3,5,3,4,2,2,5,3,2,3,3,4,5,5,4,4,4,3,5,3,5,3,2,5,3,4,4,3,5,3,4,3,5,3,4,3,5,3,5,3,5,3,5,3,4,4,3,4,4,4,3,5,4,3,4,3,3,3,5,3,5,3,3,5,2,3,5,5,4,3,4,4,4,3,5,3,4,4,4,3,4,4,2,5,3,4,2,3,3,5,3,3,2,3,4,3,2,2,4,2,3,4,3,4,5,4,5,NA,3,4,2,4,2,1,4,4,4,3,6,3,3,4,3,5
5,1,1,1,3,2,1,4,1,3,6,1,1,1,5,6,5,4,1,1,5,6,1,1,6,4,4,1,6,1,3,6,3,1,3,6,4,6,3,1,1,5,1,2,1,1,4,6,1,1,5,3,4,3,6,6,6,5,1,4,2,3,1,6,1,1,2,1,6,2,2,6,3,3,1,1,1,3,4,1,3,2,1,2,1,1,3,1,1,1,3,4,6,1,1,2,3,6,1,6,1,3,3,1,2,3,1,1,1,2,2,2,2,4,3,1,3,3,1,6,2,1,1,3,1,2,6,3,3,6,3,3,1,1,4,1,1,2,2,1,2,1,1,1,3,2,1,2,1,6,1,2,1,1,3,6,6,1,3,4,3,1,3,6,1,6,1,5,1,1,4,2,3,2,1,1,1,3,6,1,3,2,4,6,1,1,2,3,1,1,1,3,1,3,6,1,3,1,1,1,3,1,2,6,1,3,6,3,6,3,3,6,1,4,3,3,1,6,5,4,3,4,1,1,6,6,4,1,2,1,6,1,3,1,3,1,1,1,2,1,1,1,1,3,3,1,5,1,3,2,1
3,4,3,4,2,3,2,1,2,3,3,4,3,6,1,3,2,3,3,5,1,5,3,2,3,6,4,3,5,3,2,4,3,5,6,3,1,6,3,1,6,3,1,3,5,1,3,3,2,4,3,2,5,3,6,3,4,3,4,3,6,3,1,3,3,5,3,3,6,2,6,3,4,1,3,4,3,5,5,3,3,2,3,4,3,2,3,6,3,5,3,2,6,2,3,5,3,3,3,5,5,5,6,3,2,6,5,3,5,2,3,2,3,2,3,3,1,1,3,3,5,3,2,3,2,3,4,5,4,3,3,5,1,2,3,6,5,2,6,4,2,6,3,2,6,6,3,6,3,3,4,2,3,2,3,3,3,5,1,3,4,2,5,3,5,3,1,3,3,2,5,2,3,2,3,3,6,5,3,5,3,2,3,5,5,5,3,4,3,1,3,3,5,3,5,3,2,2,3,3,3,5,4,5,2,4,3,5,3,5,2,5,5,1,3,5,5,1,3,1,3,6,6,3,5,1,3,5,2,6,3,3,2,5,2,3,5,3,3,2,4,3,3,4,3,2,5,3,5,3,3
4,3,5,3,5,5,4,4,3,4,5,3,5,4,3,4,3,2,1,3,NA,4,1,5,3,4,2,3,4,3,4,2,4,2,4,3,3,4,2,3,3,2,4,3,5,2,5,3,4,3,4,3,5,4,3,5,4,4,2,5,2,3,4,2,3,2,5,2,4,4,4,2,4,4,4,5,4,4,3,2,2,2,2,3,3,1,4,4,3,4,4,3,4,4,3,NA,3,2,4,3,4,3,2,4,2,3,2,3,1,2,3,4,2,2,6,5,3,4,1,4,2,4,3,4,4,2,3,2,4,3,4,2,3,4,2,4,2,3,4,3,4,2,4,3,2,2,4,3,4,2,3,3,2,2,2,4,3,2,4,2,4,2,4,3,4,2,3,4,5,1,3,4,3,3,2,5,3,4,2,4,3,2,4,3,5,4,3,4,3,4,2,4,3,1,2,3,NA,4,NA,3,5,4,5,5,3,4,1,3,4,4,5,3,4,3,2,3,4,2,3,4,3,4,3,4,3,2,3,4,3,2,3,4,3,3,5,6,3,5,3,5,4,2,2,4,3,5,2,3,3,4,5
NA,NA,NA,NA,NA,2,5,3,1,1,1,5,2,3,6,1,1,3,1,1,1,4,2,6,3,5,4,1,4,6,1,3,1,2,1,1,1,1,1,4,2,1,5,4,5,2,1,5,2,6,6,6,6,3,2,5,5,2,2,5,3,4,2,5,3,1,1,1,3,5,5,1,2,5,5,5,5,4,3,2,2,2,4,4,4,1,3,3,3,3,3,4,4,3,4,4,5,2,6,6,1,6,2,3,3,3,1,4,2,5,2,6,6,6,6,6,6,6,1,5,3,3,2,2,3,4,5,5,5,5,5,4,4,4,6,6,6,6,6,3,4,4,5,5,5,5,3,2,3,4,2,4,5,1,4,4,2,2,4,3,4,1,1,3,1,3,2,4,4,2,4,4,5,5,5,5,5,6,6,6,6,6,6,6,6,6,6,6,6,6,4,4,4,4,4,3,3,3,4,4,3,NA,1,3,3,4,2,3,3,5,3,5,3,5,2,4,2,4,4,6,6,6,3,4,1,4,2,5,3,4,4,4,NA,3,4,5,2,4,2,3,4,3,6,1,4,5,6,5,5,1,6
3,4,1,2,2,3,2,2,1,1,2,3,1,1,4,2,3,3,1,1,2,2,1,1,2,5,3,3,5,1,2,2,4,1,1,NA,3,2,3,1,1,4,1,2,2,1,2,5,3,3,3,1,3,1,1,1,1,1,1,2,2,3,2,3,2,1,2,1,3,3,3,1,3,3,2,6,1,4,5,1,1,2,1,3,2,1,2,1,2,1,3,3,3,1,2,2,1,2,1,4,1,1,2,1,5,3,1,1,1,5,3,3,3,3,3,3,3,1,1,3,3,3,3,3,3,3,3,1,3,3,3,1,1,1,2,2,2,2,NA,1,3,1,1,1,1,1,1,1,2,4,1,2,2,1,3,3,1,1,4,1,2,1,2,3,1,4,1,3,1,1,2,1,3,3,1,1,1,1,1,1,2,2,2,2,2,3,2,2,1,1,2,3,3,1,NA,3,2,1,2,2,2,2,1,1,1,1,1,NA,1,2,2,1,2,1,5,1,1,4,2,3,1,3,2,1,1,3,2,NA,1,NA,3,1,1,NA,NA,NA,1,1,NA,1,4,2,3,2,4,5,2,1,1,1,2
2,2,2,1,2,3,1,1,1,4,2,1,1,1,3,1,3,3,1,1,2,2,1,4,1,3,2,1,3,4,1,1,1,1,2,1,2,1,1,1,1,1,NA,2,2,2,1,5,2,3,2,1,2,1,1,3,1,1,1,2,1,1,1,4,1,1,2,1,2,3,1,1,1,2,1,3,1,1,2,1,1,2,2,2,1,1,1,1,4,1,1,1,NA,1,1,1,1,1,2,3,1,NA,1,1,4,1,1,1,2,3,1,4,3,2,2,1,3,1,1,2,1,3,1,1,1,1,2,1,1,4,1,1,1,1,3,1,2,2,2,1,2,2,2,1,2,1,1,1,1,3,1,1,3,1,2,1,1,1,3,1,2,1,1,1,1,1,1,1,1,1,3,1,3,2,1,1,1,1,1,1,1,2,3,2,2,3,1,1,1,1,1,3,2,1,1,1,2,1,1,1,2,2,1,1,2,2,1,2,2,2,2,2,3,2,1,1,1,4,2,4,2,2,2,2,1,1,2,2,2,1,3,2,3,3,1,2,2,1,2,1,2,1,3,1,3,3,3,4,3,2,3
5,5,5,5,5,5,5,6,6,4,4,3,4,1,4,2,3,4,1,5,1,2,2,2,1,6,2,1,5,5,1,1,1,1,2,2,3,3,3,3,3,1,5,2,3,2,1,2,1,4,1,4,1,3,2,2,3,2,1,2,3,2,1,2,1,1,4,2,2,6,2,1,1,6,4,5,4,4,1,1,1,4,2,3,3,1,4,1,6,1,3,5,1,1,4,2,2,1,5,3,2,1,1,1,5,5,1,1,1,5,1,4,4,6,2,5,5,1,6,6,3,6,2,2,5,1,2,2,3,2,5,2,2,3,4,1,3,5,5,2,2,4,2,2,2,2,1,1,2,6,1,3,4,4,5,2,5,1,5,1,3,1,1,4,2,5,1,5,5,5,4,3,4,4,4,5,2,2,3,1,3,3,3,4,1,3,1,2,5,5,5,4,4,2,4,3,4,5,5,4,5,5,4,2,4,2,5,3,2,1,1,4,4,2,3,1,2,2,2,3,1,3,4,5,1,1,1,2,2,3,3,4,2,3,1,2,1,2,3,1,1,1,3,2,4,1,2,2,3,4,4
4,1,2,3,3,3,5,3,2,5,5,2,2,2,5,1,3,4,2,2,1,4,3,3,3,6,3,1,6,5,1,2,1,1,4,2,2,2,3,2,2,1,2,2,4,4,1,5,5,6,4,2,1,1,3,5,2,2,1,3,2,2,2,2,2,2,3,2,5,2,2,1,3,3,3,6,2,2,5,1,1,2,2,2,1,2,5,5,5,1,1,3,1,1,3,2,2,2,4,5,1,1,1,1,5,1,2,1,2,5,1,5,2,2,1,2,3,3,3,5,4,4,3,1,2,1,2,1,1,1,4,1,1,1,3,2,4,2,2,2,3,3,3,2,2,2,2,1,2,6,2,5,3,2,5,5,4,1,4,2,4,1,2,4,1,3,2,4,2,2,2,2,4,3,2,3,1,1,2,2,4,2,3,3,1,3,4,5,4,1,1,6,3,1,2,6,3,2,3,1,2,4,2,3,2,2,5,2,2,2,1,5,3,3,4,1,2,4,3,3,2,6,3,3,1,4,1,2,2,2,3,2,5,2,1,5,1,2,2,2,3,1,2,4,2,2,2,3,2,1,4
3,1,2,3,2,3,3,2,2,2,3,2,2,2,4,1,3,3,1,1,1,1,2,3,1,3,3,1,3,3,1,2,1,2,1,1,3,1,2,2,1,2,2,2,2,2,1,2,2,5,5,2,2,2,2,6,3,1,1,1,1,2,1,3,2,2,2,1,3,3,2,1,1,1,1,5,2,2,2,1,3,2,1,1,1,1,2,2,4,1,1,4,2,2,1,1,1,NA,3,2,2,1,1,1,3,2,2,2,2,3,1,3,3,2,1,2,2,2,2,4,2,2,2,NA,1,1,3,1,2,3,2,1,2,1,2,2,2,2,2,2,2,4,3,1,1,2,1,1,1,3,1,1,3,1,4,3,1,1,2,1,1,1,2,3,1,2,1,3,1,1,3,2,4,3,3,2,1,1,2,2,2,2,3,2,1,2,2,3,3,2,2,3,2,2,3,3,2,1,1,2,3,3,1,1,3,1,2,3,2,3,2,4,3,3,3,2,2,2,3,3,3,2,2,2,1,2,2,1,2,1,3,3,2,3,1,1,1,2,3,2,1,1,2,2,3,2,3,3,1,1,2
2,1,1,1,2,1,1,1,1,2,1,1,1,1,1,1,1,1,1,1,1,1,1,3,2,1,1,1,2,1,1,1,4,1,2,1,2,2,2,1,1,6,1,1,2,1,2,3,4,1,1,1,2,2,2,3,5,1,1,5,1,2,1,1,1,1,1,1,5,6,1,1,1,3,2,4,1,1,2,1,1,1,1,1,1,1,3,1,3,1,1,2,1,1,1,1,1,2,1,3,1,1,1,1,4,1,1,1,1,4,1,4,1,1,1,1,1,1,1,1,3,1,1,1,1,1,1,1,1,1,1,1,1,1,2,1,1,2,1,2,3,1,1,1,2,1,1,1,1,1,1,1,1,1,3,3,1,1,6,1,2,1,1,1,1,3,1,1,1,1,1,1,5,1,1,1,1,2,1,2,1,2,2,2,2,1,3,1,1,1,NA,3,1,1,1,5,1,1,1,NA,1,5,1,5,1,1,6,1,1,1,1,1,1,1,5,1,1,5,1,3,1,1,1,1,1,1,1,2,3,6,2,1,3,1,1,1,1,1,1,1,1,1,1,1,2,2,1,3,1,1,2
6,3,2,3,2,3,2,2,1,2,1,1,1,1,2,1,2,3,1,1,2,1,1,3,1,3,3,1,3,2,2,3,3,1,4,4,4,2,2,1,1,1,2,3,3,2,2,4,2,1,1,1,1,1,1,4,1,1,1,4,1,2,1,3,2,1,2,1,2,3,1,1,4,3,3,5,1,3,3,1,1,1,1,1,3,1,3,1,3,1,2,3,2,1,1,2,2,3,1,2,1,1,4,1,3,1,1,1,1,5,1,3,1,1,1,3,1,1,2,4,2,2,3,2,1,1,2,1,2,1,3,2,2,1,2,1,3,3,3,2,3,3,2,2,1,1,3,1,1,1,1,3,3,1,2,4,3,1,3,3,2,1,1,3,1,2,1,4,2,1,4,2,4,3,1,1,1,2,3,3,4,3,3,2,2,3,4,4,2,3,2,3,2,1,1,1,3,3,3,2,2,3,2,1,4,3,4,1,2,3,2,3,3,2,3,1,1,3,2,4,2,5,2,1,1,2,1,2,2,2,3,2,3,2,2,1,1,2,3,1,3,1,1,2,3,2,1,2,1,1,2
2,1,2,1,2,2,4,2,2,2,2,2,1,1,2,1,2,2,1,1,1,2,1,2,1,3,2,1,1,2,1,1,1,1,2,1,2,1,1,1,1,1,2,1,3,1,1,3,1,2,1,1,3,1,4,1,3,1,1,2,1,2,1,2,2,1,1,1,1,5,1,1,1,3,1,5,1,3,3,1,1,1,1,2,1,1,3,4,3,1,2,3,1,2,3,1,1,4,4,1,1,1,1,1,4,1,3,1,4,5,1,3,4,3,1,1,1,1,1,1,1,4,1,2,1,1,3,1,4,1,3,1,1,1,1,1,3,1,2,3,4,4,4,1,3,1,1,1,1,5,1,3,3,1,4,3,1,1,4,1,2,1,3,3,1,1,1,3,1,1,1,1,2,2,1,3,1,2,3,2,2,1,4,1,1,3,2,1,1,2,1,2,1,3,2,1,3,1,3,2,1,3,3,1,2,1,5,1,3,2,1,4,5,2,2,1,2,5,2,4,1,2,1,3,1,4,1,2,1,1,4,2,3,2,3,2,3,1,4,2,2,1,4,4,3,3,2,3,1,2,4
3,2,1,2,2,3,1,2,2,6,3,3,2,1,3,2,2,4,1,1,4,4,1,3,3,6,3,2,5,3,3,3,2,1,2,4,3,2,4,1,2,4,3,3,4,2,5,6,3,4,4,3,5,2,4,5,4,2,1,2,2,2,3,4,2,1,4,1,2,2,3,2,3,4,1,5,2,3,2,1,2,1,1,3,3,1,4,1,2,1,3,4,2,1,2,2,3,2,1,3,1,3,4,2,5,2,1,1,1,4,2,2,1,2,3,2,3,2,4,3,2,2,2,3,2,3,4,1,4,4,2,3,1,1,2,1,3,2,2,2,3,1,2,3,2,3,4,1,2,4,1,2,3,2,5,4,2,1,3,2,3,1,2,5,2,4,4,3,2,1,2,1,2,3,1,1,1,4,3,3,4,3,4,5,2,3,4,2,1,2,1,3,3,1,2,4,4,3,3,2,2,4,3,2,5,3,1,2,3,5,4,4,3,1,1,2,1,4,4,6,3,5,3,1,3,6,5,3,2,4,4,2,5,5,4,1,1,1,3,1,4,4,4,1,3,3,4,4,4,2,5
4,1,1,1,1,3,4,2,1,3,4,4,2,3,4,1,4,4,1,1,1,2,1,3,1,6,2,1,3,2,1,1,1,1,1,1,1,1,3,1,3,1,4,1,2,1,1,4,1,3,3,1,1,1,2,3,4,1,1,2,2,1,1,6,4,3,1,2,5,6,4,1,1,5,4,5,4,5,5,2,4,3,4,4,5,1,4,6,5,1,3,5,2,1,4,1,3,5,3,6,1,3,3,1,5,1,1,5,4,5,1,4,3,1,2,1,5,2,5,4,5,4,2,1,3,4,4,1,3,4,4,2,1,2,5,1,6,6,3,1,4,5,2,2,1,1,4,1,1,5,1,4,5,2,5,1,1,1,6,5,4,1,3,5,1,6,1,5,2,3,3,1,6,5,1,1,3,2,4,1,1,4,5,2,2,3,4,2,1,1,1,4,1,1,1,4,1,2,3,1,1,5,4,4,2,3,5,2,3,1,1,6,4,2,4,1,1,4,3,5,4,5,2,5,1,6,1,1,4,1,1,2,5,1,1,1,1,5,1,2,3,1,1,1,4,4,4,2,1,1,3
1,1,2,3,2,1,1,1,1,3,3,2,1,2,4,1,2,1,1,1,1,1,1,4,1,6,1,1,3,1,1,3,1,1,2,1,2,3,1,1,1,1,1,1,2,1,3,3,1,2,2,1,1,1,2,3,2,1,NA,2,1,1,1,4,2,1,3,1,4,1,1,1,2,1,3,2,2,1,3,1,1,1,4,1,1,2,3,1,2,1,2,3,1,1,2,2,1,1,1,3,3,1,4,2,4,1,1,1,1,4,1,2,1,3,1,1,1,2,3,4,3,4,1,2,1,1,2,1,1,3,3,2,4,1,4,1,5,1,4,1,5,1,1,2,1,2,3,1,1,3,1,4,4,1,3,2,1,1,6,1,1,1,1,3,1,6,2,3,2,1,1,3,5,5,1,2,1,1,2,1,1,1,4,2,1,1,2,1,1,1,1,3,1,1,1,1,1,1,3,1,1,2,1,1,2,3,3,2,2,1,1,3,1,1,1,1,1,4,1,6,1,2,1,1,1,3,1,1,2,1,2,NA,1,1,1,3,1,1,2,1,2,1,1,2,4,1,5,4,1,1,3
3,4,3,2,1,2,2,2,2,2,3,3,4,5,5,6,5,6,5,6,5,5,5,5,6,5,6,5,5,5,5,6,5,5,6,5,5,5,6,5,5,5,6,6,5,5,6,6,6,6,5,5,6,6,5,6,5,5,5,5,5,5,6,4,4,5,6,5,6,5,6,5,4,4,4,4,5,4,4,4,5,6,6,6,6,5,4,4,5,5,5,5,5,6,6,5,5,5,5,5,5,5,6,6,5,5,5,4,3,4,4,4,5,6,5,5,5,5,5,4,4,5,5,6,6,5,5,5,4,5,5,5,5,5,4,3,3,3,4,4,4,5,5,4,4,5,5,5,5,4,5,6,6,6,6,5,5,4,5,5,6,6,6,6,6,6,6,6,5,5,4,4,5,4,4,4,4,4,4,4,4,5,5,5,5,4,4,5,5,4,4,5,5,5,5,5,5,5,4,4,5,5,6,6,6,5,5,4,4,5,5,5,5,5,5,4,4,4,4,5,5,6,6,5,5,5,5,6,5,5,6,6,5,6,5,4,5,5,5,5,4,5,6,6,5,5,5,5,5,5,5
2,1,1,1,2,2,1,1,1,2,1,1,1,1,2,1,2,3,1,1,1,2,1,2,1,3,2,1,3,2,1,1,1,1,2,2,1,1,1,1,1,1,1,2,2,2,1,3,2,3,3,1,2,1,1,2,2,1,1,1,1,2,1,3,1,1,3,1,3,3,2,1,1,3,2,4,2,4,5,1,2,3,1,3,2,1,3,1,1,1,2,3,1,1,2,1,1,1,2,3,1,1,1,1,4,2,1,1,1,4,1,2,2,1,1,2,2,1,1,1,1,2,1,2,1,2,2,1,1,1,2,2,1,1,3,1,3,3,2,2,3,3,2,1,1,3,1,1,3,2,1,3,1,1,2,3,3,1,6,2,2,1,2,2,1,2,2,3,1,1,2,1,4,3,1,1,1,2,2,1,3,2,2,3,3,2,3,4,1,2,1,3,2,2,2,2,3,2,2,3,3,4,2,1,2,2,1,1,3,3,2,6,4,2,3,3,1,3,3,4,3,4,3,3,2,4,2,2,1,3,2,1,1,2,2,1,NA,1,NA,1,3,2,3,1,5,4,4,3,3,1,3
2,3,2,2,3,2,2,1,1,3,1,4,2,5,6,3,2,1,1,1,2,3,4,4,3,5,2,4,6,2,1,2,3,1,2,3,2,1,4,1,1,5,2,4,3,1,2,3,4,2,3,4,2,3,1,5,2,1,2,4,2,3,5,6,5,5,2,1,4,3,2,1,3,2,4,6,3,4,NA,3,2,2,3,1,2,2,3,3,4,2,2,5,3,2,3,2,4,2,1,5,2,4,5,2,6,1,4,5,5,3,2,4,1,3,2,4,2,3,4,5,2,3,2,4,3,3,3,2,4,5,6,4,3,1,3,2,3,2,3,4,3,2,2,3,2,1,1,1,3,4,2,4,5,1,3,5,2,1,4,3,4,1,2,3,1,5,2,4,1,2,3,1,4,2,1,3,2,4,2,4,5,2,4,3,3,2,3,4,2,3,3,2,4,4,3,5,2,3,4,1,2,3,4,5,2,5,6,4,3,3,4,5,3,3,4,2,1,6,3,5,2,4,3,2,1,4,2,2,3,3,4,5,4,3,2,2,1,1,3,3,4,2,5,4,6,4,3,4,2,1,3
1,3,1,2,2,2,1,1,1,1,1,3,1,1,4,1,1,3,1,1,1,3,1,1,1,2,1,2,3,1,2,1,3,1,1,2,2,1,2,1,1,3,1,1,1,1,2,1,2,1,1,1,3,1,1,1,1,1,1,4,1,2,1,1,3,3,3,1,3,1,3,1,2,2,1,4,1,2,3,1,1,2,1,1,1,1,1,1,1,2,1,1,2,1,2,1,2,2,1,1,1,1,2,1,1,2,1,1,1,3,1,1,1,2,1,1,1,1,2,3,1,1,1,3,1,3,1,3,3,1,2,3,1,1,2,1,1,1,1,1,2,1,1,3,1,3,1,1,2,3,1,3,1,3,1,6,1,1,1,1,4,3,1,1,1,3,3,3,1,2,3,3,3,1,1,2,1,1,2,2,4,1,1,3,3,1,2,1,1,1,2,1,1,1,1,1,3,2,1,3,1,3,2,1,1,2,3,1,1,4,1,1,5,1,1,1,1,3,1,6,1,6,1,1,1,4,1,6,3,5,1,1,1,4,3,1,1,1,3,1,5,3,1,3,4,1,1,1,1,1,1
