"disobedience","reinforcing","floated","examiner","proofread","fellowships","closeness","pedestal","knoll","memos","messengers","lathe","excursion","skipper","desks","stifle","headlight","alternator","confronting","chemists","customer's","dwarfs","spills","painters","upheaval","inflicting","analyzes","tanker","obsessive","garb","perennial","poignant","outskirts","complexes","unwise","stabilization","drone","ostensibly","humming","abominable","sprays","comfy","pianist","comical","inventive","tanned","cuisine","uterus","pave","biweekly","exemplified","heirs","almond","prophetic","debilitating","bickering","serf","dean's","zeal","mediation","slab","time's","chimney","puny","winnings","crater","junta","sheriff's","edible","ovation","nominee","recharge","minimizing","pontifical","superiors","cheesecake","pong","sissy","geese","solemn","enclosing","hurl","haggard","orchestral","eyepiece","cot","stalking","penetrated","deductive","unwed","giggles","impunity","hilt","irritate","ideologies","gait","piled","curtains","refunded","hypotheses","dotted","inductive","swans","snowing","sniffing","pacing","regaining","mistrust","union's","jockey","popcorn","annotation","draining","elevate","barbs","tasteful","breakaway","midget","rancid","retaliation","recite","transcendence","sharper","partake","disregarded","collusion","experimentally","comets","vacancies","undress","dilution","duchess","induces","ascension","atonement","arson","crummy","insecurity","opportunistic","anguish","hark","allotted","unloaded","stabbed","stoop","scribble","rehearsals","pathfinder","gratification","mane","cringe","euphemism","sidewinder","luxurious","worshiping","jagged","oncoming","tenderness","roommates","phrasing","vineyard","speculating","unjustified","unintended","plaster","foes","locales","galore","whosoever","sonar","fillings","pronouncements","heightened","companionship","paraphrasing","twinkle","growling","observance","lindy","salesmen","countrymen","snatch","askew","sailboat","bushy","mimic","bird's","relieving","vents","lemons","denouncing","fink","spores","surpass","veg","ruse","sparked","cheering","imposes","commissioners","brow","meats","nervously","clustered","craving","trombonist","thumbnail","army's","mattered","denominations","hogs","soils","budgetary","tangential","appreciating","barony","disciplinary","neurotic","assembling","dictators","plaid","bookshop","dearest","hoard","jig","principally","fractions","insides","fruitless","arrivals","heterosexuality","irrigation","novelist","dolly","contiguous","lander","tacky","deteriorate","reminders","loins","overflowing","erroneously","abject","interception","cutoff","leaped","grinder","diminishing","pursuits","emerges","centipede"
3,3,5,2,3,2,2,1,5,3,2,4,3,1,1,2,5,4,3,3,2,1,1,3,2,2,4,2,1,1,2,6,2,1,2,5,2,1,2,1,2,2,2,1,2,2,4,4,3,2,3,6,1,4,2,2,1,3,2,4,1,2,4,2,2,2,2,1,2,4,1,3,2,3,2,3,2,1,2,3,2,1,1,3,4,1,4,2,2,1,3,3,1,2,4,3,3,4,1,2,1,2,1,3,3,2,4,1,2,1,1,4,3,2,1,3,3,3,1,5,2,2,1,2,1,2,1,1,2,1,4,1,2,3,2,1,2,1,2,4,1,1,3,2,1,3,4,2,4,2,4,6,3,5,2,4,3,1,2,5,3,3,2,1,1,3,4,5,5,1,2,3,6,2,5,2,4,1,2,3,3,2,1,2,1,1,3,4,1,1,3,1,2,1,1,2,2,3,2,3,1,2,3,2,3,4,4,1,2,5,1,3,3,4,2,2,1,4,2,2,1,1,3,4,1,1,4,2,3,2,1,4,1,1,4,1,1,3,2,4,2,4,1,4,1,3,3,1,4,2,2
5,4,3,2,4,3,4,3,4,5,5,3,4,3,2,1,2,1,3,2,3,4,2,3,2,3,4,3,4,3,6,5,6,5,3,4,3,2,3,2,3,4,5,4,3,4,5,5,5,4,4,3,4,3,4,3,4,3,1,2,1,2,1,3,2,3,4,4,5,3,5,4,6,5,6,4,2,3,2,3,1,3,2,4,3,4,6,5,6,4,3,4,3,5,4,5,5,6,6,5,3,4,2,3,5,4,1,5,4,5,4,5,3,4,2,3,2,1,1,2,3,5,4,5,6,4,2,4,2,5,4,6,2,4,4,2,3,2,3,5,4,6,5,6,4,5,3,2,3,2,4,3,4,3,5,4,6,4,5,3,4,2,4,5,5,3,5,3,4,4,3,4,2,1,1,2,1,3,2,4,5,3,5,5,4,5,4,6,6,5,6,4,3,2,2,3,1,3,4,2,3,1,3,5,6,3,4,2,3,1,4,4,5,3,4,2,3,2,4,3,4,1,6,5,6,4,5,6,6,4,3,4,3,5,6,4,5,3,2,3,1,3,2,3,2,4,5,6,5,3,1
2,2,2,2,3,2,2,2,4,1,2,3,3,1,1,2,4,1,2,3,1,1,1,2,3,2,3,1,1,1,2,5,2,2,1,3,1,2,1,3,1,1,1,1,1,2,3,2,1,1,1,4,2,3,2,2,1,2,2,3,1,1,1,3,2,1,1,2,2,3,1,2,3,2,2,1,2,1,1,2,2,1,1,3,4,1,2,1,1,1,2,3,1,1,2,2,2,2,1,2,1,1,1,2,2,2,3,1,3,1,1,2,2,1,1,2,2,2,2,3,2,3,2,1,2,3,2,1,2,1,3,1,2,3,2,1,1,2,2,4,1,1,2,1,1,2,2,2,3,1,2,5,2,3,2,1,2,1,1,3,4,2,2,1,1,3,1,1,2,1,2,3,4,2,3,1,2,1,1,1,3,1,2,3,2,1,1,2,1,1,2,1,2,1,2,2,2,2,1,3,2,2,2,2,2,3,3,2,2,3,1,2,3,6,4,2,4,4,2,1,4,2,2,2,1,2,2,2,3,1,3,3,1,1,3,1,1,2,2,3,2,4,1,2,1,2,2,2,3,2,2
5,4,3,3,4,1,1,1,3,1,2,3,3,2,1,2,2,3,2,3,1,1,1,2,3,1,3,1,1,1,3,4,1,2,1,3,2,5,1,2,1,1,1,1,1,1,3,1,1,2,3,5,1,2,2,2,1,1,1,3,1,1,1,1,1,2,2,1,1,2,1,2,1,2,3,2,1,1,2,1,1,1,1,3,2,1,1,4,2,1,1,2,1,2,4,1,2,2,1,2,1,2,1,1,1,2,2,1,3,1,1,2,2,1,1,2,2,2,2,3,2,4,2,1,1,2,1,1,3,1,2,2,2,3,2,1,1,1,1,2,1,1,2,1,1,1,3,1,3,2,2,6,2,2,2,1,1,1,1,2,3,2,3,1,1,3,3,3,1,1,1,4,3,2,2,2,1,1,2,1,1,1,1,2,1,1,1,2,1,1,3,1,2,1,1,2,1,1,1,2,1,2,2,1,1,1,2,1,1,2,1,2,2,3,3,1,2,3,1,2,2,1,2,2,1,2,2,1,2,1,2,2,1,1,3,1,1,4,1,2,1,4,2,3,1,2,1,1,3,1,2
2,1,1,1,1,1,1,1,5,1,1,6,2,1,1,2,1,1,1,1,1,3,1,1,1,1,1,1,1,1,1,6,1,1,1,2,1,2,1,1,1,1,1,1,1,1,3,2,1,1,1,4,1,3,1,1,2,1,1,2,1,1,1,2,1,1,3,1,1,2,1,1,1,2,1,1,1,1,2,3,1,1,2,2,1,1,1,1,1,1,1,1,1,1,2,2,1,1,1,2,1,1,1,1,1,1,1,1,1,2,1,2,1,1,1,1,1,3,1,2,2,3,1,1,1,2,1,1,3,1,2,2,3,3,1,1,1,1,1,2,1,1,1,1,1,1,2,1,2,1,2,5,1,4,1,1,1,1,1,3,1,1,1,1,1,1,3,2,3,1,1,4,4,1,4,1,1,2,1,1,1,1,3,1,2,1,1,1,1,1,3,2,2,1,3,3,1,1,1,4,1,1,2,1,1,1,1,1,1,2,1,2,3,4,1,2,1,3,1,1,5,1,1,2,1,1,3,1,1,1,4,2,1,1,4,1,1,2,1,2,1,4,2,2,1,1,1,1,2,2,3
2,1,1,1,2,2,1,1,4,1,1,4,3,1,1,2,4,1,1,2,1,1,1,3,2,1,2,1,1,1,2,4,1,1,1,1,1,1,1,1,1,1,2,1,1,1,4,2,1,1,4,6,1,3,1,1,1,2,2,2,1,1,3,1,1,1,4,3,1,2,2,1,1,1,1,1,1,1,1,3,1,1,1,3,2,1,1,1,1,1,1,1,1,1,2,1,1,1,1,1,1,1,1,1,1,1,1,1,3,1,1,1,1,3,1,1,2,4,1,1,1,2,2,1,1,3,1,1,3,1,1,2,1,3,2,1,1,1,1,1,1,1,1,1,1,1,2,1,3,1,1,4,1,1,1,1,1,1,1,1,1,1,1,1,1,1,1,1,3,2,1,4,4,1,2,1,1,1,1,1,1,1,1,1,2,1,1,2,1,1,3,1,1,1,1,1,1,1,1,3,1,1,4,1,1,2,1,1,1,2,1,1,1,2,4,1,1,2,1,1,3,1,1,2,1,1,1,1,2,1,1,1,1,1,1,1,1,3,1,4,1,2,1,2,1,1,1,1,2,1,1
2,1,1,1,1,1,2,3,3,2,2,3,3,2,2,4,2,3,2,2,1,3,1,2,2,3,4,2,2,1,3,5,3,2,1,2,3,4,2,3,1,3,2,2,3,2,4,4,3,2,3,4,3,4,3,2,3,2,3,2,1,2,3,5,3,4,5,2,2,3,4,2,2,3,4,3,4,1,3,4,1,2,3,3,2,1,2,4,2,1,2,2,2,3,2,3,2,1,2,3,1,2,2,1,2,2,1,1,2,3,1,2,1,2,1,1,2,3,3,2,3,3,2,2,2,3,NA,1,2,1,2,3,3,2,4,2,1,1,2,3,2,2,1,1,1,1,2,1,2,3,2,4,2,3,1,2,1,2,1,3,1,1,2,2,NA,3,3,3,2,2,1,2,3,1,2,2,1,2,1,1,2,1,2,1,1,1,1,1,1,1,2,1,1,1,2,2,1,1,1,1,2,1,1,1,1,3,2,1,1,1,1,1,2,3,1,2,2,2,1,2,1,1,1,2,1,2,1,1,1,1,3,2,2,1,2,1,1,2,1,2,2,3,2,2,1,1,1,2,2,1,2
1,1,1,1,1,1,1,1,1,1,1,1,1,1,1,1,1,1,1,1,1,5,1,1,1,1,1,1,1,1,1,2,1,1,1,1,1,1,1,1,1,1,2,1,1,1,4,5,1,1,1,1,1,1,1,1,1,1,1,1,1,1,1,1,1,1,3,1,1,1,1,1,1,1,1,1,1,1,1,3,1,1,1,2,1,1,1,1,1,1,1,1,1,1,1,1,1,1,1,1,1,1,1,1,1,1,1,1,1,1,1,1,1,1,1,1,1,1,1,1,3,4,1,1,1,1,1,1,1,1,1,1,1,1,1,2,1,1,1,1,1,1,1,1,1,1,1,1,1,1,1,1,1,1,1,1,1,1,1,4,1,1,1,1,1,1,4,1,1,1,1,1,1,3,5,1,1,1,1,1,1,1,1,1,1,1,1,1,1,1,1,1,1,1,1,1,1,1,1,2,1,1,1,1,1,1,1,1,1,1,1,1,2,1,1,1,1,4,1,1,5,1,1,1,1,1,1,1,1,1,1,1,1,1,1,1,1,1,1,1,1,1,1,1,1,1,1,1,1,1,1
3,3,3,3,3,3,3,3,3,3,3,3,3,3,3,3,3,3,3,3,3,3,3,3,3,3,3,3,3,2,4,3,2,4,3,4,3,6,2,3,4,1,3,5,3,1,6,3,1,2,1,1,1,3,3,4,5,6,5,4,3,2,1,2,3,4,NA,5,5,4,1,2,3,3,3,4,5,NA,3,3,1,1,1,2,1,2,2,3,4,4,1,4,3,3,2,1,NA,NA,NA,NA,NA,NA,NA,NA,NA,NA,NA,NA,NA,NA,NA,NA,NA,NA,NA,NA,NA,NA,NA,NA,NA,NA,NA,NA,NA,NA,NA,NA,NA,NA,NA,NA,NA,NA,NA,NA,NA,NA,NA,NA,NA,NA,NA,NA,NA,NA,NA,NA,NA,NA,NA,NA,NA,NA,NA,NA,NA,NA,NA,NA,NA,NA,NA,NA,NA,NA,NA,NA,NA,NA,NA,NA,NA,NA,NA,NA,NA,NA,NA,NA,NA,NA,NA,NA,NA,NA,NA,NA,NA,NA,NA,NA,NA,NA,NA,NA,NA,NA,NA,NA,NA,NA,NA,NA,NA,NA,NA,NA,NA,NA,NA,NA,NA,NA,NA,NA,NA,NA,NA,NA,NA,NA,NA,NA,NA,NA,NA,NA,NA,NA,NA,NA,NA,NA,NA,NA,NA,NA,NA,NA,NA,NA,NA,NA,NA,NA,NA,NA,NA,NA,NA
5,4,3,4,5,2,2,3,5,1,2,4,5,3,2,2,1,2,1,3,4,4,2,3,3,4,5,2,2,2,5,5,3,2,1,3,2,4,2,NA,1,1,5,2,2,1,6,3,2,2,3,5,2,5,3,2,1,1,3,3,1,1,4,4,NA,2,3,3,2,NA,2,1,1,1,1,2,1,1,3,6,2,1,3,4,1,1,3,2,3,3,2,2,2,4,5,2,3,3,3,NA,2,3,1,2,2,4,2,1,2,1,1,4,2,3,2,3,3,5,3,6,4,5,1,1,2,2,4,1,4,2,3,2,2,3,3,2,4,3,3,4,3,2,2,3,3,3,4,4,3,2,1,2,3,2,3,4,1,4,2,4,3,2,4,5,3,3,1,3,2,4,2,5,5,4,1,3,1,4,3,2,2,1,5,2,1,1,1,3,1,1,2,3,2,3,2,4,3,2,2,3,1,1,3,2,2,3,2,1,1,4,1,3,6,6,2,5,2,4,2,2,5,2,1,3,1,4,1,1,1,2,5,4,4,1,4,2,1,3,1,3,3,5,2,3,1,2,2,4,2,2,4
3,3,4,2,2,3,3,3,2,2,3,3,3,3,2,3,4,4,4,3,2,2,3,4,4,4,3,4,2,3,3,2,3,4,5,5,5,4,3,3,3,3,3,4,4,4,4,4,3,2,2,3,3,3,4,4,3,2,4,3,3,4,4,3,3,4,4,3,4,3,3,4,4,3,3,4,4,4,2,3,4,4,5,4,2,3,4,4,4,5,5,5,4,3,2,3,3,4,5,1,3,2,4,3,5,4,5,3,3,2,4,4,3,2,6,3,5,2,4,3,6,2,4,1,5,3,6,3,3,4,4,5,5,4,4,5,5,3,3,4,4,3,3,2,3,3,4,5,4,2,3,3,5,5,4,3,3,3,2,1,2,2,3,4,5,4,4,3,3,2,2,3,2,5,3,5,5,4,3,3,4,5,3,4,3,3,2,3,4,4,4,4,4,4,4,4,3,3,3,3,3,3,3,3,2,1,1,3,4,5,6,6,5,4,3,1,3,4,5,3,3,3,4,2,4,3,2,3,4,5,NA,6,3,2,3,4,3,4,5,5,5,4,3,3,2,4,3,3,4,4,4
6,NA,2,3,2,1,3,4,6,3,2,6,6,2,5,4,2,3,3,4,5,3,2,2,6,2,4,4,5,2,5,6,4,4,2,4,3,6,2,4,3,1,1,1,4,5,6,4,3,5,5,6,1,6,6,4,4,4,5,4,1,4,3,5,3,3,2,3,5,6,6,5,5,6,4,5,5,4,5,6,4,2,4,6,4,1,5,6,5,4,4,3,2,5,4,3,3,4,4,5,4,3,2,4,4,4,6,3,5,6,1,5,3,4,1,4,4,6,5,6,4,6,4,5,4,5,6,2,6,3,4,6,5,6,6,4,3,4,4,5,3,4,4,5,4,4,6,5,3,4,5,6,6,6,4,5,4,4,3,4,4,5,4,4,4,4,5,6,6,4,5,6,6,4,5,4,3,4,1,3,1,4,5,4,1,1,4,5,1,1,4,1,4,2,3,4,4,4,2,4,3,4,4,5,4,4,3,2,4,6,1,3,5,6,6,4,5,6,4,3,1,3,3,5,1,3,4,4,5,4,4,5,1,2,6,4,3,6,4,5,4,6,4,5,4,3,3,4,5,5,6
6,6,6,6,6,5,4,6,5,5,6,6,6,6,6,6,6,5,6,6,5,5,6,6,5,5,6,6,4,4,4,5,6,6,6,5,5,5,5,6,5,5,4,4,5,4,5,4,2,4,6,6,4,4,4,3,5,4,3,2,5,3,2,3,5,6,6,5,4,3,3,2,4,4,3,2,6,5,5,5,6,5,4,4,4,3,5,4,4,4,3,3,5,5,4,4,5,6,5,4,5,5,3,2,6,4,3,2,6,5,3,1,6,4,3,1,6,4,2,1,6,5,3,2,2,2,5,5,6,5,6,6,4,5,4,5,5,6,4,4,3,3,6,5,4,2,2,6,4,6,NA,2,3,4,4,5,6,6,5,3,1,2,6,6,5,4,6,5,3,6,3,3,2,5,3,1,6,4,3,6,4,2,6,1,3,1,6,5,3,6,5,3,6,3,2,6,4,2,6,4,2,6,4,3,1,6,4,1,1,6,5,3,1,6,4,3,6,6,4,3,1,6,5,3,1,6,4,2,1,6,NA,3,1,6,4,3,6,1,2,1,6,6,6,3,4,4,4,4,3,5,4
2,1,1,1,1,1,1,1,4,3,1,3,2,1,1,2,5,2,2,2,2,1,1,2,2,1,2,1,1,1,2,3,2,2,2,3,1,2,3,3,1,2,2,1,1,2,3,2,2,2,2,5,1,5,3,2,2,2,2,3,1,1,1,2,1,2,5,2,2,4,2,2,2,1,2,2,2,1,1,4,2,1,2,4,4,2,2,2,2,1,2,2,1,2,3,2,2,2,2,2,2,2,2,2,2,4,2,1,3,1,1,3,2,2,1,2,3,4,3,2,3,5,1,2,2,2,1,2,3,2,3,2,3,5,2,1,1,1,2,1,1,1,2,2,1,2,2,2,3,2,4,5,3,2,3,2,2,1,2,4,5,3,2,2,1,2,3,3,4,1,2,3,5,3,5,2,3,4,2,3,2,4,2,3,2,2,1,3,1,1,2,1,2,1,3,2,2,2,2,4,1,2,2,2,2,3,4,1,2,2,1,2,4,4,4,3,6,4,3,1,3,2,2,2,1,2,2,2,2,2,3,2,1,1,2,1,2,3,2,3,3,4,3,4,2,3,2,3,2,2,4
2,3,1,2,4,3,4,2,6,1,3,5,4,3,1,2,6,3,2,1,4,6,2,3,2,4,3,1,4,2,5,6,1,3,4,2,5,6,4,3,2,1,1,1,2,4,6,3,1,2,4,3,1,6,3,2,1,1,3,5,2,2,5,1,3,1,4,5,2,4,5,2,4,2,3,4,5,1,3,6,2,2,4,6,5,1,1,3,2,1,2,4,1,3,2,1,4,2,3,5,2,1,1,2,3,5,2,3,4,1,1,4,3,5,1,2,3,1,4,3,5,4,5,1,3,4,5,1,3,4,5,2,3,6,4,3,1,3,4,6,2,3,4,2,3,5,2,1,4,2,3,6,1,5,3,1,2,1,4,6,1,3,4,3,1,2,3,2,5,4,2,3,6,3,5,1,2,4,1,5,2,3,1,2,2,1,2,3,2,4,2,1,3,2,3,1,1,2,3,3,4,1,3,2,3,4,3,1,2,5,1,2,2,4,3,2,3,1,4,1,5,2,3,2,1,3,4,2,3,2,4,3,1,2,5,2,1,2,1,4,2,5,1,4,2,1,1,2,3,2,1
4,3,3,3,2,3,2,4,4,3,4,4,4,2,2,2,3,4,4,4,3,5,3,3,5,4,3,2,4,1,5,6,3,3,3,3,1,6,3,4,3,1,3,1,3,1,3,3,1,4,4,3,3,3,3,3,2,3,3,4,1,2,4,3,3,3,3,3,2,4,4,3,3,3,3,3,1,1,2,3,3,1,5,5,4,1,3,3,2,3,3,3,3,3,5,3,3,3,3,4,3,3,3,3,3,3,3,3,3,3,2,4,3,3,2,3,3,4,3,5,3,5,3,3,2,4,4,3,3,1,3,3,3,5,5,3,3,3,3,5,2,3,1,2,1,2,3,3,3,1,2,6,5,6,3,2,2,3,3,3,3,4,2,2,2,3,4,2,4,3,2,5,4,3,3,2,3,3,3,3,3,3,2,2,2,1,1,3,1,2,4,2,3,3,1,4,3,3,4,3,2,3,3,3,3,4,3,2,3,4,1,1,3,5,4,5,4,4,3,3,3,1,2,3,4,3,3,3,3,3,4,4,4,1,4,3,3,4,3,3,3,6,3,3,3,3,3,3,3,3,3
1,6,3,2,2,5,2,1,1,2,4,2,5,4,2,2,1,5,6,6,4,4,1,3,1,4,6,2,5,1,1,4,4,2,2,5,6,2,1,6,1,6,6,5,6,1,2,4,3,2,2,2,1,1,6,5,2,1,4,3,2,2,6,4,5,4,2,3,1,5,1,3,1,5,6,3,2,2,2,3,4,1,2,3,1,6,2,2,5,1,4,4,2,2,2,1,3,3,2,5,1,6,5,3,2,2,6,2,3,4,2,3,1,1,2,1,2,5,6,3,1,3,1,5,2,4,3,3,5,1,4,NA,2,1,1,2,3,3,4,1,1,2,2,4,3,2,1,6,6,1,2,1,3,4,3,3,5,6,1,3,3,3,1,1,2,1,4,4,6,2,2,NA,3,1,2,3,6,4,4,1,1,2,2,2,6,6,3,3,5,2,4,NA,4,3,3,2,3,1,1,3,2,2,2,2,2,2,1,1,1,6,4,3,1,2,6,1,4,4,3,NA,3,1,1,1,4,NA,6,6,1,3,NA,5,2,1,3,2,NA,3,4,4,1,2,4,5,3,2,2,3,1,1,4
4,1,1,1,1,2,1,1,5,1,1,4,2,1,1,1,1,1,1,1,1,3,1,1,4,1,1,1,3,1,2,4,1,1,1,1,1,4,1,3,1,1,1,1,1,1,4,3,1,1,1,4,3,2,1,1,2,1,1,1,1,1,1,3,1,1,3,1,1,2,1,1,1,1,3,1,1,1,1,4,1,1,1,3,1,1,1,1,1,1,1,2,1,1,2,1,1,1,1,2,1,2,1,1,1,1,1,2,3,1,1,2,1,1,1,1,1,3,2,1,1,5,1,1,1,1,2,1,4,1,1,3,1,4,1,1,1,2,1,3,1,1,1,1,1,2,5,2,1,1,2,4,1,4,2,1,1,1,1,3,1,1,1,1,1,1,2,1,3,1,1,5,4,3,4,1,1,1,1,1,1,3,1,1,2,1,1,2,1,1,3,1,1,1,1,1,1,1,1,4,1,1,2,1,1,5,4,2,1,1,1,1,1,4,4,1,5,4,2,1,2,1,1,1,1,4,3,1,1,1,4,2,1,1,4,1,1,3,1,3,1,5,1,2,1,1,1,2,1,1,1
1,1,1,1,1,1,1,5,5,5,1,4,2,1,1,5,1,1,1,2,1,3,1,1,5,1,4,1,1,1,5,6,1,1,1,1,1,5,1,2,1,1,1,1,1,1,5,3,1,1,4,4,1,1,1,1,1,NA,3,1,1,1,1,2,1,1,1,1,1,1,1,1,1,4,1,1,1,1,1,4,1,1,1,4,2,1,1,1,2,2,1,1,1,1,5,4,1,1,1,5,1,1,1,1,1,1,1,1,1,1,1,1,1,1,1,1,2,1,1,1,1,6,1,1,1,2,2,1,4,1,1,2,1,5,1,1,1,1,2,4,1,1,1,1,1,1,2,1,3,1,1,6,1,6,1,1,1,1,1,4,1,2,1,1,1,NA,4,4,1,1,1,5,1,4,4,1,1,1,1,1,1,1,1,1,1,1,1,1,1,1,1,1,1,1,1,1,1,1,1,5,1,1,1,2,1,4,5,1,1,4,1,1,2,4,4,2,4,4,1,1,1,1,1,2,1,3,1,1,1,1,3,1,1,1,4,1,1,4,1,2,1,4,1,1,1,1,1,3,4,1,3
6,4,6,5,3,5,6,2,1,2,6,2,4,2,1,2,5,1,4,2,5,1,1,5,4,6,5,1,6,1,6,2,5,6,2,6,2,4,1,4,2,1,5,1,4,2,6,2,1,5,1,2,6,2,4,6,2,1,2,6,1,2,5,2,NA,NA,2,5,2,4,2,5,6,3,5,2,1,2,NA,5,3,1,6,5,4,1,5,6,4,3,4,5,1,6,5,1,2,6,3,5,2,5,1,6,5,2,4,5,2,4,5,6,4,2,1,5,6,1,3,4,1,6,3,6,4,6,1,2,6,1,5,1,4,6,2,1,2,6,5,1,2,6,5,6,2,4,6,5,6,1,2,6,6,5,3,4,2,4,5,3,1,6,5,3,2,1,4,1,4,1,3,6,6,5,4,2,4,5,2,1,5,2,1,2,3,1,2,1,1,6,5,1,2,3,1,1,4,5,3,6,1,2,6,5,4,6,3,1,4,6,1,1,5,6,6,1,6,4,5,6,2,1,6,5,1,6,1,1,2,1,6,1,5,1,5,3,1,6,6,1,6,6,5,6,1,6,5,6,6,5,6
2,1,2,1,2,1,2,3,4,1,1,3,1,1,1,3,2,1,1,3,1,1,1,2,2,1,2,1,1,1,1,2,1,1,1,1,2,1,1,2,1,1,1,1,1,1,3,2,2,2,1,3,1,3,1,1,1,1,1,2,1,2,2,4,1,1,5,1,2,3,1,1,1,1,1,3,1,1,2,4,1,1,1,3,3,1,1,1,2,1,1,3,1,1,3,3,3,2,1,2,1,1,1,1,1,3,1,1,3,1,1,1,1,1,1,1,1,3,1,1,2,2,1,1,1,1,1,1,3,1,2,2,2,3,2,1,1,1,1,1,1,1,1,1,1,1,2,1,1,2,3,3,3,2,1,1,1,1,2,2,3,1,1,1,1,1,1,2,3,1,1,2,3,1,1,1,1,1,1,2,2,1,1,2,2,1,1,3,1,1,2,1,2,1,1,2,1,1,2,1,2,1,1,2,2,2,1,1,1,1,1,2,3,3,1,1,1,2,1,1,4,1,1,3,1,1,1,2,1,2,1,1,1,1,2,1,1,1,1,2,1,2,1,1,1,3,2,NA,1,1,2
5,4,2,3,4,4,3,1,3,1,4,5,4,1,1,3,5,4,2,4,2,3,1,3,4,3,4,2,2,1,3,4,4,4,3,5,2,2,2,4,3,2,2,1,3,2,5,2,2,4,5,3,1,5,4,2,1,2,2,5,1,2,3,2,4,3,5,4,4,5,2,4,5,1,4,5,1,2,3,5,5,1,1,6,6,1,4,4,3,1,3,5,1,4,5,2,2,4,5,5,1,5,1,4,3,4,5,1,5,4,5,5,5,4,1,4,5,4,4,5,4,5,3,5,4,5,5,1,5,1,5,4,4,5,5,1,2,4,4,5,1,4,4,2,2,3,5,5,4,3,3,5,4,5,5,1,3,2,4,4,4,3,4,1,1,3,4,5,4,3,4,5,5,5,4,3,4,4,2,5,5,4,2,3,4,1,2,4,1,1,4,1,4,1,1,3,2,4,4,5,3,3,4,2,3,2,5,2,4,5,1,3,5,5,5,4,5,3,3,2,4,4,4,3,1,3,3,4,4,3,3,4,1,2,5,2,2,5,4,4,3,5,1,5,2,3,3,4,5,5,5
5,3,4,2,2,3,2,4,5,4,2,5,4,4,2,3,2,4,3,3,3,2,4,2,5,4,3,2,2,4,4,2,1,2,1,3,2,6,4,6,4,2,4,3,2,2,3,3,3,1,4,6,4,3,2,3,6,4,6,3,4,3,5,5,4,4,3,2,1,5,5,2,2,3,2,5,4,1,2,3,4,3,2,1,3,4,3,1,4,2,5,4,3,2,3,4,5,2,3,3,2,3,3,3,3,4,5,5,5,3,2,4,2,4,6,NA,1,2,4,3,2,3,1,2,4,2,5,4,2,2,5,4,2,2,3,3,5,3,2,2,4,3,5,4,2,3,4,2,5,4,3,6,4,3,4,5,3,2,3,5,1,3,1,2,4,2,NA,4,2,4,4,3,3,2,3,5,6,3,3,1,NA,3,2,4,2,2,3,5,2,2,4,4,3,2,2,1,1,4,4,2,5,4,5,3,2,4,4,2,2,3,3,4,4,5,5,5,5,5,4,3,2,3,2,4,2,2,3,2,5,5,4,3,2,3,2,2,3,2,4,4,3,5,5,4,1,2,2,2,3,5,5
1,1,1,1,1,1,1,1,5,3,1,3,3,1,1,1,5,2,1,3,1,1,1,1,2,1,3,1,2,1,2,6,1,1,1,2,1,3,1,3,1,3,2,1,1,1,5,3,1,1,2,4,1,1,1,1,1,1,1,1,1,1,3,2,1,1,5,2,1,2,2,1,1,4,2,1,1,1,1,4,4,1,3,4,5,1,1,1,1,1,1,4,1,2,4,4,1,3,1,5,1,1,2,1,1,1,1,1,2,1,1,1,1,1,1,1,1,3,3,1,1,1,1,1,1,4,3,3,4,1,2,4,1,4,1,2,1,2,2,4,1,1,1,1,1,1,4,2,2,1,4,5,1,4,3,2,2,1,1,2,4,1,1,1,1,1,4,4,3,3,1,2,5,4,4,1,1,3,3,1,3,1,4,1,1,1,1,3,1,1,2,3,1,1,3,2,1,1,1,1,1,1,3,1,1,3,3,1,1,2,1,1,5,6,3,4,4,3,2,2,5,1,1,2,1,4,2,1,2,2,3,3,3,1,4,1,1,3,2,1,1,5,3,2,1,1,1,2,3,1,2
5,2,1,5,2,1,1,2,1,1,1,2,5,1,1,3,1,1,1,3,2,5,1,2,4,2,3,2,4,1,5,5,2,1,2,1,1,4,1,3,1,2,4,2,1,1,3,2,1,3,2,5,1,5,2,2,3,4,4,1,2,2,2,3,1,2,1,2,3,5,3,1,5,6,5,2,2,1,2,4,3,2,1,3,2,1,4,5,5,2,1,5,3,3,2,4,5,1,2,3,1,4,2,2,1,2,3,2,2,2,1,3,2,2,1,2,3,1,2,4,1,6,2,3,2,3,3,2,4,2,1,5,3,6,4,2,3,2,2,5,2,1,2,3,1,1,3,1,3,2,1,6,2,4,2,2,1,3,1,2,4,2,4,2,3,6,2,4,2,3,2,4,5,4,1,1,1,2,4,2,3,2,2,2,1,3,1,2,2,2,4,1,2,1,3,4,2,3,2,5,2,4,5,4,2,3,2,1,4,4,1,3,2,4,3,2,4,5,5,2,2,2,3,3,2,4,2,1,1,2,4,5,3,1,3,2,1,5,2,4,1,5,2,4,2,1,1,4,2,2,2
1,1,1,1,1,2,2,2,2,2,2,2,2,2,2,3,3,3,3,3,3,3,2,2,2,2,2,2,2,2,2,4,4,4,4,4,4,4,4,4,4,4,4,3,3,3,3,3,2,2,2,2,2,1,1,1,1,5,5,5,5,5,5,5,5,5,5,5,5,5,4,4,4,4,4,4,4,4,4,3,3,3,3,3,3,3,2,2,2,2,2,2,2,2,1,1,1,1,1,1,1,1,5,5,5,5,5,5,5,4,4,4,4,4,4,3,3,3,3,3,3,3,3,3,3,2,2,2,2,2,2,1,1,1,1,1,1,1,1,1,1,1,1,1,1,1,1,1,1,1,1,3,4,4,4,4,4,4,4,4,4,5,5,5,5,5,5,5,2,2,2,2,2,2,2,2,2,2,2,2,2,2,5,5,5,5,5,5,5,5,5,5,4,4,4,4,4,4,4,4,4,4,4,4,4,4,3,3,3,3,3,3,3,3,3,3,3,3,3,3,3,3,3,2,2,2,2,2,2,2,2,2,2,2,2,2,1,1,1,1,1,1,1,1,1,1,1,1,1,1,1
6,2,2,1,1,1,1,1,6,1,1,2,1,1,1,3,1,1,1,1,1,NA,1,1,2,1,1,1,1,1,1,6,1,1,1,1,1,1,1,1,1,1,3,1,1,1,4,3,2,1,1,5,1,5,1,1,1,1,1,1,1,1,1,1,1,3,1,1,1,1,1,NA,1,1,1,1,1,1,2,4,1,3,1,1,1,1,1,1,1,1,1,1,1,1,1,3,3,1,1,3,1,1,1,1,1,1,2,1,3,1,1,1,1,1,1,1,1,1,6,1,6,6,1,1,1,1,1,1,6,1,3,1,6,6,1,1,1,1,1,3,1,1,1,1,1,1,5,1,1,2,2,6,1,2,1,1,1,1,1,5,3,1,1,1,1,4,5,3,1,3,1,3,2,1,5,2,1,6,1,1,1,1,1,2,1,1,1,2,1,1,2,1,3,1,1,1,1,1,1,1,1,1,3,1,1,4,1,1,1,1,1,1,1,2,6,3,6,3,1,1,6,1,2,2,2,1,1,1,1,1,1,1,1,1,6,1,1,1,1,3,1,4,1,6,1,1,1,1,1,3,6
