"bedrock","willpower","posh","overpaid","litany","pocketbook","extinguish","nationalized","instrumentals","gab","gazelle","defying","newfound","corral","delinquent","croup","secretarial","inhibitions","grandchild","exclaim","firemen","calipers","perished","truckers","jarring","qualitatively","warmup","culpable","epitaph","epicenter","megaphone","ineffectual","pricks","boulders","claptrap","contagion","extinguisher","secretion","bramble","symbiosis","dredge","incognito","barbarism","ungrateful","unbridled","pagoda","feudalism","flippant","contentment","counterattack","typology","forester","hillbilly","churn","timetables","swiped","sandbox","follies","argon","centrifugal","grist","dynasties","infuriated","mythic","compensatory","afield","environs","distillation","heave","bailing","yolk","milder","oppressors","prowl","crankshaft","herewith","stylist","chanter","lags","cornmeal","ditty","alibi","sisterhood","begotten","flooring","indulged","subspecies","inkling","babbled","indisputable","radioactivity","upstart","overcast","disengage","disjointed","tracers","vertebrate","pernicious","refueling","piecemeal","eclipsed","fumbled","rattles","tractors","cutlass","chum","rout","billiards","grisly","seaman","neared","dismisses","impish","meaty","snowblind","appraised","streptococcus","siesta","carpenter's","internalized","progesterone","congruent","toothpick","bikinis","discernment","mainstay","lapped","jabs","diffused","reaffirm","takings","concealment","vitally","checkup","diversions","ushered","barium","insinuating","convene","lifeguard","stashed","epileptic","forehand","impatience","torsion","psychosomatic","selectivity","composer's","catastrophes","mayonnaise","renovated","bask","wedged","carelessness","modernism","geometrical","frenzied","recast","eagle's","irrevocably","repelled","curtailed","infertile","riddance","slipstream","bystander","wiretap","nightline","lobbied","skillfully","contraband","disenfranchised","insemination","fateful","glamorous","internationalist","detonated","amoral","voiceless","colic","betrays","infinitesimal","dodged","irreparable","xenophobia","sequenced","concedes","cleat","irrevocable","worshiped","vindicated","silvery","crawler","headstone","avocado","foodstuffs","woodwind","deepen","emigrate","bagpipe","fluently","excellency","preconceptions","acutely","banishing","outputting","gumbo","laxative","lengthen","underpaid","aggressiveness","demean","dispensing","dispensation","repatriation","salami","fabled","divinely","alerting","perforated","petitioner","cupid","wallow","slurp","abut","snazzy","waitresses","fumbling","reassemble","outage","oblong","shocker","ambivalent","incumbents","seawater","downer","equalize","overestimate","climatology","olden","stuffy","residences","hallelujah","evening's","loathsome","melodrama","unofficially","neurology","deliberation","monocle"
4,3,5,5,3,3,1,5,2,4,3,6,2,3,2,1,5,NA,6,3,3,5,2,4,4,5,NA,1,4,2,5,3,3,4,3,1,5,6,1,1,4,2,6,3,4,2,3,4,6,5,2,3,5,3,4,5,1,3,6,6,5,2,3,2,NA,1,3,NA,4,5,2,2,4,5,2,5,1,4,3,4,3,4,5,2,4,6,NA,5,4,3,5,4,5,NA,6,5,5,5,3,2,3,3,6,4,5,3,5,2,2,4,4,6,2,2,4,4,6,5,1,1,3,4,4,2,5,6,3,2,1,4,5,6,2,1,4,5,6,3,6,3,5,2,5,2,4,5,3,1,4,6,2,NA,6,3,6,2,4,5,1,2,1,6,4,3,5,1,6,3,4,6,2,4,5,2,1,6,1,4,4,6,3,4,4,4,5,6,5,3,2,3,4,5,2,2,2,2,2,5,NA,4,4,6,6,1,1,4,5,2,5,6,1,5,5,4,3,5,2,6,2,3,4,2,4,5,6,2,4,2,5,2,5,6,5,6,6,6,6,4,2,3,4,3,4,3,3,2,4,4,NA,2
1,1,1,1,1,1,4,3,1,1,2,5,2,2,4,2,3,1,1,1,1,2,2,1,4,1,1,1,5,1,1,5,2,2,1,4,5,5,5,4,4,2,2,2,2,5,5,2,2,1,4,1,1,2,1,1,1,3,3,6,5,2,4,4,1,4,6,1,2,4,1,1,1,5,2,5,2,3,1,1,1,4,1,1,1,3,3,2,4,3,1,1,1,4,4,1,2,2,5,5,5,5,5,1,1,3,1,3,1,1,1,1,3,1,4,2,2,2,2,3,6,5,1,3,1,1,1,1,1,2,3,3,4,3,3,3,3,4,3,2,2,2,2,2,2,3,4,4,4,3,4,4,2,2,4,4,5,1,4,5,2,2,2,6,4,4,3,3,4,2,2,3,3,3,2,2,3,4,4,2,2,5,5,5,5,2,2,1,1,3,3,3,3,3,3,3,2,2,2,2,1,2,2,2,5,3,1,1,5,2,2,2,2,2,2,2,3,3,3,4,4,4,3,1,1,3,1,1,1,1,5,NA,5,5,1,3,1,1,2,2,2,4,4,2,2,2,3,2,3,4
4,3,3,4,2,1,3,4,3,5,4,3,3,2,3,4,2,4,2,4,3,2,3,2,2,5,3,4,1,3,3,3,1,4,4,2,4,3,1,3,2,2,3,4,2,3,5,2,3,4,1,4,4,2,4,3,4,2,3,2,4,4,3,3,4,2,3,5,3,2,4,3,4,2,2,5,3,2,3,2,1,2,2,4,4,4,2,3,3,3,2,4,4,3,3,2,2,3,3,5,2,4,5,2,4,4,2,3,3,3,5,2,2,4,2,3,3,1,3,1,2,4,2,4,4,2,2,3,3,6,6,2,4,2,2,3,2,2,3,2,3,2,1,3,1,3,5,5,3,2,3,3,3,2,4,3,3,2,3,5,3,2,4,3,4,2,4,3,2,1,4,3,2,4,3,2,3,5,3,2,3,4,4,2,3,3,5,2,3,3,4,3,3,5,2,4,3,3,1,3,5,3,2,4,4,2,3,4,3,5,3,3,3,2,4,3,4,2,5,5,4,2,4,3,3,3,4,3,2,3,4,2,5,4,3,3,3,4,2,3,5,3,2,4,2,4,2,3,2,3
1,1,1,1,2,1,2,3,1,1,2,1,2,2,3,4,2,2,1,2,1,3,3,1,3,5,2,5,6,5,4,3,1,3,1,5,3,6,3,4,4,2,3,2,3,3,5,2,2,2,3,3,1,3,1,2,1,2,3,5,4,4,4,3,6,2,NA,2,3,3,6,3,2,1,3,3,2,1,1,3,1,3,2,3,4,4,5,2,1,6,6,1,1,5,4,2,6,6,4,4,3,2,2,1,3,2,3,2,2,3,3,3,3,4,1,3,6,4,3,3,5,6,2,3,5,4,1,1,2,2,1,3,4,1,4,3,3,4,6,5,2,3,3,6,4,5,3,3,6,6,5,1,2,3,2,2,2,2,4,5,5,3,5,4,3,3,2,4,3,3,4,6,6,4,6,6,4,6,3,3,2,6,3,3,6,4,6,4,6,4,4,3,4,2,3,1,2,3,4,1,3,3,4,4,3,3,1,4,4,3,3,3,3,3,5,6,5,4,2,4,4,3,4,4,3,2,4,2,2,4,2,1,3,6,3,3,4,4,4,3,2,3,6,5,5,5,6,6,5,6
2,2,1,3,5,2,4,4,4,1,3,2,2,5,5,4,5,4,1,1,2,4,2,2,1,5,2,5,5,4,2,4,1,3,2,6,3,4,1,4,2,4,2,3,2,3,4,2,2,2,2,3,1,1,3,2,2,2,2,3,2,2,3,2,5,2,5,2,1,1,2,1,3,1,2,2,2,2,1,3,2,4,2,2,2,2,5,2,1,4,2,1,1,2,1,1,2,4,2,2,2,2,2,2,2,1,3,2,2,2,2,2,2,1,2,2,6,2,1,3,4,3,1,2,4,2,2,2,2,2,2,4,2,2,3,2,4,4,2,3,2,4,3,5,5,6,3,2,5,3,2,1,2,3,2,2,4,2,1,5,2,2,2,2,2,1,NA,1,1,2,3,5,5,2,3,2,2,2,2,4,2,5,2,2,6,2,2,1,4,2,4,1,1,1,2,1,2,2,2,2,4,3,4,1,2,2,1,3,2,2,3,1,2,4,5,1,1,1,1,1,1,2,1,1,1,1,4,1,1,1,2,1,4,4,1,1,1,2,3,1,2,2,4,1,2,1,1,1,2,1
1,1,2,1,5,1,3,4,2,3,1,4,1,5,4,4,3,2,1,1,1,3,3,1,4,5,1,4,2,2,1,3,1,3,1,3,4,3,1,2,2,3,2,2,4,2,3,1,2,4,3,1,1,2,1,3,1,5,2,3,4,4,2,3,4,5,3,2,5,2,5,1,2,1,1,3,2,2,1,1,2,4,1,3,4,4,2,2,1,3,2,1,1,3,1,2,3,6,4,1,3,2,1,2,4,2,5,3,3,1,2,2,1,3,1,2,5,1,1,2,5,3,1,3,4,1,3,1,1,2,2,4,2,1,3,4,4,2,1,3,1,3,1,4,4,6,2,1,6,5,3,1,4,3,3,3,4,1,4,5,3,3,2,1,1,1,1,4,3,2,1,3,3,1,4,4,3,3,3,4,2,6,4,3,6,4,3,2,4,3,3,2,2,1,1,1,1,1,2,1,2,2,3,2,2,1,2,1,2,1,4,3,2,3,5,3,3,2,2,1,3,2,3,3,4,2,3,2,4,3,5,2,4,4,3,3,5,4,3,1,1,3,6,2,5,2,3,4,2,3
3,2,2,2,5,2,5,4,3,2,4,5,3,5,6,6,6,4,3,3,2,6,4,3,4,5,2,5,6,4,3,5,3,5,3,6,3,4,4,5,5,4,4,3,6,6,6,4,4,3,5,4,4,3,3,2,2,4,4,5,6,4,4,3,4,4,6,4,5,3,2,2,3,4,2,5,2,3,3,2,3,4,1,3,2,3,2,2,2,4,4,3,2,4,4,3,5,6,4,3,4,3,2,3,4,2,2,3,3,2,2,2,4,3,2,4,6,3,3,3,5,5,3,3,5,5,4,3,2,4,3,4,4,2,3,3,5,6,5,3,3,4,4,3,5,5,5,4,5,5,3,2,2,2,4,5,3,3,4,5,3,3,3,4,3,4,3,4,4,3,3,3,6,3,5,4,4,4,3,4,3,6,3,3,6,4,6,3,5,3,4,4,3,1,3,1,2,2,4,2,4,3,5,4,3,2,2,3,4,3,4,5,3,4,6,5,5,4,3,6,4,2,3,3,6,3,5,3,3,3,5,2,6,6,2,3,5,4,5,3,3,4,5,3,5,3,3,5,4,6
1,1,1,6,1,1,2,1,1,1,6,1,1,1,3,6,4,1,1,1,1,6,2,1,1,6,1,3,6,1,1,1,1,1,1,6,1,1,1,6,1,1,2,1,1,1,2,1,1,1,6,NA,1,1,1,1,1,1,1,6,1,2,1,1,1,1,NA,1,1,1,1,1,1,1,1,1,1,1,1,1,1,1,1,1,1,1,1,1,1,1,1,1,1,6,1,1,1,6,NA,1,1,1,1,1,1,1,1,1,1,1,1,2,2,1,1,6,NA,4,1,NA,3,1,NA,1,1,1,1,1,1,1,1,1,1,1,1,1,1,1,1,1,1,1,1,1,1,2,NA,2,6,1,NA,1,1,NA,1,1,1,1,1,NA,1,1,NA,1,1,1,1,1,1,1,1,1,1,1,1,1,1,1,1,1,1,3,1,1,6,1,1,1,6,1,1,1,NA,NA,1,1,1,1,4,1,1,2,2,2,2,2,2,2,2,1,1,1,3,3,4,3,NA,3,1,2,2,1,2,1,2,1,1,1,NA,1,1,1,1,1,1,1,1,1,1,1,1,1,1,1,1,6,1,1,1,1
1,1,3,1,4,1,6,2,3,1,4,3,4,5,5,2,2,4,1,2,1,4,3,1,3,4,1,2,6,3,1,2,2,2,1,5,5,4,3,6,6,6,3,2,3,6,2,2,3,1,3,2,1,2,1,1,1,4,5,6,5,3,3,4,4,6,6,3,4,1,2,1,3,2,2,3,3,2,2,1,2,5,1,2,1,3,3,1,1,3,2,1,1,3,3,2,6,5,2,1,3,2,1,2,3,2,4,6,4,1,2,2,5,1,1,3,6,6,2,3,6,6,1,4,3,1,3,2,3,2,2,4,5,1,2,5,6,6,4,1,2,6,1,3,4,4,3,3,6,6,3,2,3,3,4,4,4,3,2,6,4,3,4,4,1,2,1,1,2,2,3,3,4,2,5,3,4,4,1,4,3,5,2,3,6,3,3,3,4,2,4,2,1,1,5,1,1,1,3,1,2,2,4,3,2,1,2,3,1,1,1,2,2,3,4,5,2,2,1,5,3,3,2,1,5,1,3,1,1,1,6,1,3,5,1,1,2,1,4,3,1,2,5,1,2,3,1,3,2,5
1,1,1,1,5,1,2,3,2,1,1,1,1,3,4,3,5,6,1,2,1,5,2,1,1,6,1,4,6,1,1,2,1,1,1,2,3,5,1,5,2,6,4,1,6,4,6,3,1,1,2,1,1,1,1,1,1,2,1,5,1,2,6,5,3,1,4,4,1,2,1,2,3,1,1,3,4,1,1,1,1,5,1,1,1,3,1,1,1,5,1,1,1,1,1,1,6,6,3,1,6,1,3,1,1,1,5,1,1,1,1,1,2,1,1,3,5,1,1,1,6,4,1,5,2,1,1,1,1,1,1,1,3,1,3,4,6,5,1,1,2,5,2,4,6,6,6,6,6,6,5,1,2,1,1,1,1,1,3,6,4,4,3,4,2,4,2,1,1,2,3,6,4,1,2,5,3,3,1,4,2,6,2,4,6,4,3,2,1,2,6,1,1,1,2,2,2,1,1,5,3,5,1,3,1,2,2,3,1,5,3,3,2,4,2,6,1,1,1,6,4,6,1,1,1,1,1,1,1,2,5,1,5,6,1,1,2,1,2,1,1,1,6,1,5,1,4,5,2,5
1,1,2,2,2,2,4,3,3,1,3,2,2,2,4,4,4,4,1,2,1,3,2,1,2,5,1,2,6,3,2,5,1,3,1,6,5,4,3,6,3,3,3,2,2,3,4,1,3,2,3,3,1,2,1,1,1,2,2,4,1,2,3,3,3,3,4,3,2,2,1,1,2,2,2,2,2,1,1,1,2,2,2,2,2,2,2,2,2,3,3,1,1,2,2,1,4,4,3,3,3,2,1,1,2,2,2,2,1,2,1,2,2,1,1,2,6,3,2,3,4,4,1,2,3,3,1,1,2,2,1,3,3,1,3,2,2,3,1,2,2,3,1,3,3,3,3,2,6,6,3,1,2,2,3,3,3,1,2,4,3,3,3,3,2,1,1,1,2,1,2,3,3,1,2,3,2,1,1,2,1,6,2,2,6,4,2,1,2,2,2,1,1,1,1,1,1,1,2,1,2,3,3,2,2,2,1,2,2,1,3,2,2,2,4,5,1,2,1,3,3,1,1,1,1,1,2,1,2,2,2,1,3,4,2,1,2,2,2,1,1,2,6,2,3,2,3,3,3,3
3,4,5,5,4,5,5,4,3,3,1,2,1,4,5,5,4,5,3,2,4,5,3,5,4,1,5,4,5,5,4,3,3,3,5,4,4,5,4,5,4,3,4,5,4,4,3,1,5,4,4,4,4,5,4,3,5,5,4,4,5,5,4,4,5,4,4,4,3,5,3,4,5,5,5,5,3,3,5,5,5,6,4,4,4,5,5,5,4,5,4,3,3,1,5,4,5,6,6,NA,3,4,5,5,5,6,4,4,4,3,4,4,4,4,4,5,NA,3,5,5,6,4,5,4,5,4,4,5,4,5,5,5,5,5,5,5,4,5,5,5,5,5,6,5,4,4,5,5,5,3,5,4,5,5,NA,NA,NA,NA,NA,NA,NA,NA,NA,NA,NA,NA,NA,NA,NA,NA,NA,NA,NA,NA,NA,NA,NA,NA,NA,NA,NA,NA,NA,NA,NA,NA,NA,NA,NA,NA,NA,NA,NA,NA,NA,NA,NA,NA,NA,NA,NA,NA,NA,NA,NA,NA,NA,NA,NA,NA,NA,NA,NA,NA,NA,NA,NA,NA,NA,NA,NA,NA,NA,NA,NA,NA,NA,NA,NA,NA,NA,NA,NA,NA,NA,NA,NA,NA,NA,NA,NA,NA,NA,NA,NA,NA,NA,NA,NA,NA
1,1,4,2,5,3,3,4,2,2,3,3,2,4,4,3,3,3,2,2,1,6,5,2,4,3,2,3,2,3,1,2,3,3,2,4,4,6,2,3,2,1,5,4,3,6,6,5,3,3,5,5,5,4,3,2,2,3,4,3,2,3,2,5,3,6,6,4,3,2,1,3,2,3,2,3,2,2,1,3,2,5,1,4,2,3,3,2,2,3,5,1,1,2,2,3,5,6,4,3,2,2,3,1,5,4,3,2,3,2,3,3,2,3,4,4,5,5,2,3,5,3,2,5,3,2,3,1,2,3,4,5,3,2,3,2,3,4,2,3,3,2,2,3,4,3,6,5,5,5,4,3,2,2,3,4,5,4,2,3,4,5,4,2,3,2,1,3,4,3,2,4,6,3,3,4,2,3,2,4,3,5,2,3,4,4,3,2,3,4,4,3,2,2,3,1,1,1,2,2,3,4,4,4,3,3,2,4,2,2,3,5,2,3,3,2,1,2,3,3,2,2,1,1,2,3,4,3,3,2,4,2,3,3,2,2,4,3,1,2,3,3,2,2,3,4,4,5,5,5
1,1,1,1,1,1,6,2,2,1,6,2,1,2,4,3,2,2,1,1,1,4,4,1,2,1,1,4,6,1,1,3,1,6,1,6,2,6,1,3,6,1,3,1,2,1,3,1,1,3,3,2,1,1,1,3,1,3,1,5,1,3,1,1,2,3,1,2,6,3,1,1,2,2,1,3,2,2,1,3,1,6,1,1,1,3,6,2,2,3,2,1,1,4,3,3,6,6,5,6,2,2,4,2,1,1,4,4,2,4,4,1,1,4,1,3,6,2,2,2,2,2,1,2,4,1,1,1,1,1,1,1,2,1,3,2,3,2,4,3,1,2,1,6,6,6,2,NA,6,6,2,1,5,1,2,2,2,1,3,2,3,3,4,3,4,1,1,1,2,2,2,2,4,3,3,6,2,2,3,1,1,2,6,1,6,2,5,1,2,2,2,3,2,1,1,1,1,1,1,1,2,3,5,3,2,2,2,2,6,3,2,3,2,5,5,2,3,3,1,3,6,6,2,1,2,2,3,2,2,3,2,3,2,2,2,2,3,NA,3,1,2,6,6,2,3,1,3,4,3,3
1,1,1,1,2,1,2,3,1,1,3,4,1,1,1,1,2,2,1,1,1,2,1,1,1,1,1,1,2,1,1,2,1,1,1,3,3,2,1,2,2,1,1,1,3,1,3,1,1,1,2,1,1,2,1,2,1,3,1,2,1,3,2,4,1,1,1,1,1,1,6,3,1,2,1,1,3,1,1,1,1,4,1,1,1,4,3,1,3,4,2,1,1,3,NA,3,6,6,3,1,1,3,1,1,1,1,4,1,1,2,3,1,1,2,1,2,5,3,1,1,1,1,1,2,1,1,2,1,1,1,1,1,1,1,2,1,3,1,2,1,1,2,1,6,5,6,1,1,6,3,1,1,6,1,1,1,2,1,3,2,2,2,1,1,2,1,3,4,5,1,1,2,2,1,1,2,4,2,4,4,1,2,2,2,6,5,2,1,2,1,1,1,1,1,2,1,1,1,1,1,5,2,4,5,1,1,1,2,2,1,1,1,1,2,2,4,4,4,1,1,6,2,1,1,1,1,1,1,1,1,2,2,1,NA,1,1,2,1,3,1,1,2,6,1,4,1,5,5,1,2
1,1,2,1,3,1,6,4,1,1,4,2,1,2,4,3,3,5,1,1,1,3,5,1,3,5,1,4,6,3,1,6,1,5,1,6,6,6,4,2,3,2,6,3,6,5,6,3,1,4,6,1,1,5,5,4,2,3,3,6,4,6,6,5,6,1,4,6,5,1,5,4,4,6,3,1,1,1,1,2,1,4,1,3,1,6,6,2,1,6,4,1,1,6,4,1,6,6,4,5,6,3,NA,1,1,6,5,6,6,5,4,4,6,1,2,5,6,6,2,3,6,5,3,6,6,2,3,1,4,1,3,3,6,1,6,6,5,3,6,5,3,6,1,6,5,6,2,3,5,1,2,1,2,1,3,4,4,1,6,6,3,5,5,5,1,4,3,6,6,3,2,6,2,1,2,6,5,3,1,3,2,6,6,3,6,6,6,3,6,5,4,3,1,2,3,1,1,1,5,2,1,2,6,6,1,3,1,2,5,1,1,3,4,5,6,6,5,4,2,6,6,2,4,1,2,1,3,1,1,5,3,1,6,2,6,3,4,2,4,1,1,1,5,1,5,1,4,6,5,3
1,1,1,1,2,1,3,1,1,1,2,2,1,1,2,1,3,3,2,1,1,1,1,1,1,3,1,1,3,2,1,1,1,2,1,3,3,2,1,4,2,4,4,2,3,5,5,2,2,2,4,1,1,1,2,1,1,2,2,3,1,2,2,3,3,2,2,2,2,2,2,1,1,1,3,3,2,1,1,1,1,1,2,2,2,2,3,2,2,4,3,2,2,3,2,1,4,5,3,2,2,2,1,1,1,1,2,3,2,1,2,2,1,1,1,2,6,2,1,2,6,2,1,2,3,1,1,1,2,2,1,3,2,1,2,1,2,4,2,3,1,5,3,3,3,6,2,2,4,4,3,2,2,2,3,3,2,1,2,5,2,3,3,2,2,1,2,2,2,2,3,4,3,1,4,3,2,2,2,3,3,6,2,3,6,4,3,2,6,3,4,2,1,2,3,2,1,2,3,1,3,3,3,1,2,2,1,2,3,2,4,3,3,4,4,3,2,2,2,4,4,1,3,2,2,3,3,3,4,2,3,2,5,3,2,1,3,2,3,3,2,4,6,3,4,3,4,6,5,5
4,3,3,2,3,2,2,2,4,2,2,4,3,3,3,3,3,3,3,4,6,3,1,3,3,1,5,3,4,3,2,3,3,2,3,3,5,3,5,3,2,1,1,2,4,5,3,3,2,3,4,2,4,NA,3,5,2,2,2,2,1,2,4,4,5,4,3,3,3,1,2,3,5,3,4,5,3,NA,5,3,4,4,2,3,3,NA,2,3,1,3,3,NA,5,3,4,3,4,2,5,2,NA,4,3,3,6,3,4,4,3,5,5,6,6,3,4,3,3,4,2,4,2,3,2,4,3,5,3,6,4,4,3,3,3,2,2,3,6,4,3,6,3,3,3,2,2,2,6,6,4,4,3,3,3,2,2,2,6,6,5,4,3,1,2,2,3,4,4,3,3,2,4,4,3,3,2,2,3,3,1,1,2,2,3,4,3,4,4,4,4,4,2,2,2,3,3,1,2,3,2,3,4,3,5,5,5,4,4,3,3,2,2,1,2,2,2,4,4,3,3,3,3,5,6,6,5,4,3,6,3,3,5,6,5,4,3,3,4,3,2,5,5,5,5,4,3,3,1,3,3,3
1,1,1,1,1,1,3,2,1,1,1,1,1,2,2,3,2,2,3,3,1,2,1,1,1,1,1,1,3,2,1,1,1,2,1,2,2,2,1,3,2,1,1,1,1,1,3,NA,1,2,2,1,1,1,1,1,1,3,1,3,1,2,2,2,1,1,2,1,1,3,1,2,1,1,1,1,1,1,1,1,1,3,1,1,2,1,1,1,1,1,1,1,1,1,1,1,6,4,3,1,1,1,1,1,1,1,2,4,1,1,1,1,1,1,1,1,3,2,2,1,3,2,1,2,4,1,1,1,1,1,1,3,2,1,3,1,2,3,1,1,1,1,1,1,2,3,1,1,5,4,1,1,1,1,1,1,1,1,1,1,2,3,3,1,1,2,1,5,1,1,1,1,1,1,1,1,1,1,1,3,1,1,1,1,1,1,1,1,1,1,1,1,1,1,1,1,1,1,1,1,1,1,1,1,1,1,1,1,4,1,1,1,1,1,3,1,1,1,1,2,1,1,1,1,3,1,1,1,1,1,1,1,1,1,1,1,1,1,1,1,1,1,6,1,1,1,2,3,1,1
1,1,2,1,2,1,4,3,3,1,2,1,1,2,4,3,3,4,3,3,1,1,3,1,2,4,1,5,6,3,3,4,1,3,1,4,4,4,3,5,5,4,4,1,2,3,4,1,2,1,2,2,1,1,1,1,1,1,1,3,1,3,2,2,4,3,3,3,2,1,4,1,2,1,1,1,3,1,1,1,1,5,1,1,1,3,4,1,1,3,1,1,1,2,1,1,3,6,5,3,2,2,1,1,1,1,2,5,1,1,2,1,1,1,1,3,6,5,1,3,4,3,1,1,3,1,1,1,2,3,1,4,2,1,2,2,3,3,3,4,2,4,2,4,3,4,3,2,4,5,3,1,2,1,2,2,1,1,4,4,1,1,1,1,1,1,1,2,1,1,1,4,4,1,3,4,3,2,3,4,1,5,4,3,6,5,3,1,4,1,2,1,1,2,4,1,1,1,1,1,3,3,3,2,1,1,1,3,3,2,3,1,2,2,3,4,2,3,1,2,4,2,2,1,1,1,2,2,4,3,2,1,3,3,1,1,2,1,3,1,1,4,6,3,4,2,3,5,3,2
1,1,1,2,3,2,4,3,3,1,3,2,2,2,3,2,4,3,2,2,1,3,2,2,2,3,1,3,4,3,2,5,2,4,2,3,5,3,2,4,2,2,2,2,2,3,3,2,2,2,2,2,1,1,1,1,1,3,2,3,2,4,4,3,2,2,2,2,3,3,1,1,1,1,3,3,3,2,1,1,1,2,1,2,2,2,3,2,2,4,4,2,2,3,3,2,3,5,4,3,3,3,2,2,2,1,2,4,2,3,3,2,2,2,2,3,4,4,2,2,3,4,3,2,4,3,1,1,3,3,2,3,2,2,3,3,3,4,3,3,2,2,2,4,3,5,3,3,4,4,2,1,3,3,3,4,2,1,3,3,2,3,3,2,3,2,2,2,3,2,2,3,2,2,4,3,2,1,3,1,2,4,2,2,5,4,3,3,4,2,3,3,3,2,3,2,2,2,4,2,3,2,3,2,2,2,1,2,3,2,2,2,3,3,4,2,3,3,2,3,5,2,1,1,1,2,3,2,2,2,3,2,3,3,4,2,3,2,3,2,2,2,4,2,3,2,2,3,3,4
1,1,1,2,3,1,4,4,2,1,1,1,1,2,4,3,2,3,1,3,1,1,1,1,3,3,1,3,6,1,6,3,1,3,1,2,2,3,3,2,2,2,3,1,2,1,4,1,1,3,3,2,1,1,1,1,1,3,2,1,1,3,3,2,1,1,3,5,3,3,1,2,3,2,1,1,2,1,1,2,3,3,1,1,1,2,5,1,3,4,2,1,1,5,3,3,3,6,4,3,2,3,1,2,1,1,3,3,1,1,3,1,1,3,1,4,6,3,1,2,4,3,1,3,5,1,1,1,2,3,1,4,2,1,3,3,2,4,3,3,1,3,1,4,3,6,2,1,6,3,3,1,2,1,2,2,2,1,4,2,1,2,2,1,3,2,1,5,2,1,2,3,2,1,4,4,3,2,3,2,1,4,3,4,6,4,5,3,3,2,3,2,1,3,2,1,1,1,3,1,4,3,4,3,2,1,1,2,3,3,1,3,1,3,5,4,3,4,1,3,4,1,2,1,3,4,3,2,2,2,3,1,3,4,1,1,4,2,4,1,1,2,4,2,4,2,3,5,3,3
1,1,1,1,3,1,3,1,1,1,1,1,1,1,3,5,6,6,1,1,1,5,1,1,1,1,5,5,5,1,1,1,1,4,1,4,1,4,3,4,1,1,1,1,3,1,5,5,1,1,5,1,1,1,1,1,1,1,1,5,3,1,1,1,5,5,5,1,1,1,5,3,1,1,1,3,1,1,1,1,1,1,1,1,1,1,1,1,1,1,1,1,1,1,1,1,1,4,1,4,1,1,1,1,1,1,3,1,1,1,1,1,1,1,1,1,4,1,1,1,4,1,1,1,1,1,1,1,1,1,1,1,1,1,1,1,1,1,1,1,1,1,1,1,4,4,1,1,1,1,1,1,1,1,1,1,1,1,1,1,1,1,1,1,1,1,1,1,1,1,1,4,4,1,1,1,1,1,1,1,1,5,1,1,6,1,1,1,3,1,3,1,1,1,1,1,1,1,1,1,1,1,1,1,1,1,1,1,1,1,1,1,1,1,1,1,1,1,1,3,1,1,1,1,3,1,1,1,1,1,1,1,1,1,1,1,1,1,1,1,1,1,6,1,1,1,1,4,1,4
1,1,1,1,1,1,1,3,1,1,5,2,1,1,5,2,6,6,1,1,1,4,3,1,1,6,1,5,5,4,2,6,1,2,1,5,4,3,4,5,4,1,5,1,4,5,5,4,1,6,5,2,1,1,2,1,1,6,1,5,1,6,4,5,6,2,4,4,4,2,1,2,1,1,2,1,4,1,1,1,1,3,1,1,2,3,4,1,3,NA,3,5,6,NA,NA,5,2,5,6,4,6,4,1,1,1,1,1,5,3,1,4,5,1,1,1,4,6,5,4,6,4,2,5,1,6,NA,4,1,4,4,5,6,3,5,5,6,4,4,3,NA,5,4,NA,5,5,5,3,5,6,4,3,1,2,2,4,3,2,1,5,5,3,NA,3,2,1,4,1,4,2,2,2,4,5,1,3,6,6,3,4,2,6,4,5,5,6,6,6,1,6,4,4,6,2,1,5,1,1,1,3,1,3,5,5,3,1,1,1,3,6,1,4,2,1,5,5,2,4,5,5,6,6,4,2,1,1,3,4,5,5,2,3,1,6,NA,4,3,5,6,5,6,5,4,5,6,5,2,4,6,5,4
1,1,NA,1,NA,1,NA,NA,NA,NA,6,NA,1,NA,6,4,6,NA,1,1,1,NA,NA,NA,1,NA,1,NA,NA,1,1,NA,NA,NA,1,6,6,4,5,6,4,5,4,1,2,3,4,2,1,1,3,1,2,2,1,2,1,5,1,5,2,5,4,2,3,1,5,3,2,2,6,2,4,6,1,1,5,3,1,1,2,4,1,1,NA,3,1,2,3,4,1,1,1,1,1,2,1,5,4,1,5,3,3,3,1,1,2,4,2,1,4,1,3,2,1,5,5,5,3,2,3,2,1,4,1,1,2,3,2,1,1,1,3,1,2,3,3,2,3,1,2,1,1,2,2,5,4,2,6,5,2,1,2,1,3,2,5,1,4,6,1,4,5,3,1,1,1,1,5,3,1,6,5,1,2,5,3,2,1,4,2,5,4,4,6,5,3,2,2,1,4,3,2,1,5,1,1,4,3,1,5,2,4,2,3,1,1,3,4,1,3,1,NA,2,6,6,4,3,4,3,2,3,4,2,2,3,2,5,2,1,2,3,3,2,1,3,2,1,2,3,3,2,3,2,5,1,2,5,4,2
1,1,1,1,1,1,1,1,1,1,1,1,1,1,1,1,1,1,2,1,1,1,1,1,2,1,1,1,1,1,1,1,1,3,1,5,3,3,1,1,1,1,1,1,4,1,1,1,1,1,3,1,1,3,1,1,1,1,1,1,3,3,1,3,1,1,1,4,1,1,1,1,1,1,1,1,1,3,1,1,1,3,1,1,1,4,5,1,3,1,1,1,1,1,1,3,1,3,1,1,1,3,1,1,1,1,1,1,1,1,1,1,1,1,1,1,2,3,1,1,5,1,1,1,6,1,3,1,1,3,1,4,3,1,1,3,1,1,1,1,2,1,1,3,4,1,1,1,1,1,1,1,4,1,1,3,3,1,1,3,3,2,2,1,1,1,1,1,1,1,1,2,2,1,1,1,1,1,1,1,1,3,3,1,4,3,2,1,2,1,1,1,1,1,1,1,1,1,1,1,2,1,1,1,1,1,1,3,1,1,1,1,1,1,4,1,2,1,1,1,1,1,1,1,1,2,1,1,1,1,1,1,1,1,1,1,1,1,1,1,1,NA,4,1,1,1,1,1,1,3
1,1,1,2,1,1,5,4,1,1,1,1,1,1,4,6,1,1,1,1,1,3,4,4,1,5,1,2,6,1,3,2,2,1,1,3,2,1,1,1,3,1,1,1,1,1,4,1,1,3,1,1,1,1,1,1,1,1,1,1,1,4,2,4,2,5,5,3,4,1,5,1,1,3,1,2,4,1,1,1,1,4,1,1,3,1,1,1,2,1,1,1,1,1,1,1,6,6,1,4,1,1,3,1,2,1,5,1,1,1,1,1,1,1,1,1,4,1,1,1,3,1,1,1,1,1,1,1,1,1,1,1,3,1,1,2,1,5,1,3,1,3,1,1,1,6,2,6,6,6,1,1,4,1,1,1,1,1,1,4,1,1,1,1,1,1,1,1,1,1,1,1,1,1,5,1,4,4,3,1,1,6,6,3,6,5,1,1,1,1,1,1,4,1,1,1,1,1,1,1,1,3,2,1,1,1,1,1,5,1,1,3,1,1,1,2,1,1,1,4,4,1,1,1,1,1,1,1,1,1,3,3,1,5,1,1,5,1,3,1,1,1,6,1,5,1,1,6,1,2
