"stalling","stamina","sauces","chipping","cuffs","lactose","bonanza","resists","golfer","wildest","grandpa","tumors","vowels","chatter","crochet","damning","swoop","rubble","equatorial","accumulating","justifications","hummingbird","bothersome","gobs","luger","sorority","gent","shuts","hubby","dentists","sentencing","suggestive","eleventh","maelstrom","lodges","bazooka","disruptive","disgruntled","carte","attrition","repositories","laundering","pitchers","symptomatic","deferred","quaint","freebie","mosquito","individualism","destroyers","jazzy","fester","organization's","magnification","tidy","disarm","unscientific","platoon","incite","sheik","golly","acquires","concordance","madly","predecessors","acme","anomalous","harvesting","tantrums","compulsive","purported","adapting","blackout","needn't","woven","composites","bedding","formative","narrowly","persisted","inferences","leaflet","forfeit","lofty","clutching","absolutes","hikes","hinder","redirecting","wither","binds","syringe","reluctance","slanderous","posit","professionalism","illegitimate","lotto","harbinger","omnibus","candidacy","inventories","keel","banners","eccentric","overwritten","slapping","mounds","pretentious","skimmer","intrinsically","procreation","tagging","licensee","egghead","shalom","discouraging","manageable","swivel","tulip","trite","hinges","stony","incense","jubilee","depraved","presumes","clapping","occupancy","propositions","traitors","participates","waxing","portraying","airways","lessened","regenerate","hydrocarbons","farthest","illustrating","treachery","perceptive","accreditation","sheen","morphine","governance","silenced","cogent","recreated","muses","enlist","implanted","saucers","soluble","discrepancy","flattened","rouse","compromises","concentrates","corny","henceforth","conspicuous","carving","enactment","moon's","hovering","stinging","independents","turd","staging","rapture","syllables","yip","cutters","patio","godhead","rarer","typeface","denounced","examinations","underwent","fused","department's","smallish","homeowners","shouts","vaccinate","negligent","squarely","rime","embodied","marketable","singleton","colder","ballads","capacitance","smut","irresistible","idiom","drifting","revolves","primers","emu","sightseeing","restrain","polyurethane","penetrating","humiliating","remover","unilaterally","ejaculation","cursing","humiliate","generously","puzzling","mucking","nouns","apocalyptic","preferring","fungus","dares","butchered","switchboard","drones","reckoning","bourgeoisie","academically","pathway","corporation's","cheered","postpone","circumference","specimen","acquitted","orphaned","parenthesis","pep","essentials","housekeeping","approximated","neutrality","dislikes","prominence","superintendent","supervising","incessant","princes","grieve","winger","conspire","arbiter"
1,1,6,1,5,2,2,2,1,1,1,3,2,4,4,2,1,3,3,2,5,1,3,1,3,2,2,4,2,1,3,4,3,2,4,1,1,4,3,5,3,3,4,5,2,6,3,4,3,1,1,1,3,3,2,2,3,2,2,3,1,4,4,1,3,2,6,1,2,3,3,1,3,2,1,4,1,2,2,1,4,5,4,2,4,4,2,1,1,4,2,5,4,4,4,4,6,2,4,5,5,3,3,1,3,2,1,4,5,2,2,5,1,5,6,3,5,6,3,1,3,5,2,6,1,4,4,1,6,6,5,5,1,2,2,4,1,1,3,2,6,3,6,1,6,3,4,3,3,1,1,1,5,6,3,NA,4,3,3,1,3,5,1,3,1,3,3,2,2,4,3,6,2,1,3,4,2,5,5,4,2,3,2,2,4,5,3,3,6,3,5,2,4,1,5,6,2,3,6,2,3,1,2,5,3,5,NA,4,2,3,4,2,4,3,1,2,6,5,1,1,3,4,3,3,2,6,1,1,5,3,2,3,2,3,6,2,1,2,3,2,3,2,4,1,NA,3,4,5,4,2,2
1,2,3,2,1,4,3,3,3,1,1,3,3,1,5,4,1,1,5,4,3,3,3,4,5,4,2,2,1,3,3,3,3,5,5,5,3,3,4,5,5,3,4,3,2,4,1,5,2,3,1,1,4,3,1,1,3,3,4,5,2,5,3,3,6,3,5,2,1,2,5,2,1,2,2,3,2,1,2,2,3,4,4,2,2,5,2,2,3,4,1,6,3,3,4,3,4,2,5,5,3,3,2,1,3,2,1,1,5,3,4,2,2,5,3,5,3,3,4,1,2,2,1,3,4,4,3,2,4,4,2,3,3,4,2,3,3,2,4,3,4,5,5,2,3,4,3,2,2,4,2,1,3,4,4,3,6,3,3,1,3,5,2,3,2,3,3,3,3,2,1,3,3,2,2,4,2,3,3,4,3,3,3,1,3,3,5,5,3,1,3,2,3,1,3,5,2,3,2,3,3,2,2,3,2,6,3,3,2,4,4,2,3,3,3,4,4,4,3,2,1,4,3,2,3,6,3,2,3,3,1,2,3,4,4,4,1,3,2,2,3,1,3,3,3,4,2,3,2,2,5
1,1,2,1,3,2,2,1,2,1,1,2,3,1,5,4,2,1,2,4,2,1,1,1,3,3,1,1,1,2,1,3,3,6,3,1,2,2,3,4,2,4,3,5,2,4,1,3,2,1,2,1,3,4,1,1,3,1,3,4,1,3,4,1,4,2,3,1,1,1,3,2,1,2,4,1,1,1,2,2,3,4,5,2,3,3,1,2,1,4,1,4,3,2,3,1,5,1,5,6,5,3,2,1,4,1,1,1,5,1,3,1,1,4,1,2,2,4,3,1,3,4,1,3,4,2,3,1,5,2,1,1,2,1,2,4,1,3,2,1,4,2,3,1,3,2,3,5,1,4,1,1,3,3,5,1,4,3,3,1,2,4,1,2,1,1,4,2,1,2,2,4,1,1,2,1,2,1,3,2,1,3,1,3,1,1,4,3,1,2,1,1,1,1,2,5,1,4,1,1,2,1,1,1,1,4,1,2,1,3,2,1,4,3,2,1,2,1,3,2,1,2,1,1,1,6,1,1,1,1,1,2,1,3,2,3,1,4,1,3,2,1,4,1,2,4,1,3,2,1,1
1,1,4,1,1,2,4,1,1,1,1,3,3,1,5,4,1,1,1,1,1,1,1,1,1,3,1,1,1,1,1,1,1,4,1,2,1,1,4,1,4,4,1,1,1,1,1,4,3,2,1,1,1,1,1,1,1,1,1,4,1,3,2,1,4,1,4,1,1,1,1,1,1,2,1,1,1,1,1,1,3,1,5,1,1,1,1,1,1,1,1,4,2,3,3,1,2,1,1,2,4,3,1,1,4,1,1,1,1,1,4,3,1,5,1,1,2,2,1,1,1,1,1,1,1,1,1,1,5,1,1,1,1,1,1,1,1,1,1,1,1,1,4,1,4,1,1,3,1,1,1,1,5,1,1,1,4,1,1,1,1,4,1,1,1,1,1,1,1,1,1,4,1,1,5,1,1,1,1,1,1,1,1,1,1,1,3,4,1,1,1,1,1,1,4,5,1,3,3,1,1,1,1,1,1,4,1,1,1,1,1,1,1,1,1,1,3,5,1,1,1,1,1,1,1,6,1,1,1,1,NA,1,1,1,1,5,1,3,1,1,4,1,1,1,1,4,1,3,1,1,2
2,1,2,1,1,1,1,1,1,3,1,2,3,2,5,4,2,2,3,2,1,2,2,3,3,1,2,2,1,2,3,4,2,4,3,1,1,2,2,5,3,4,1,1,3,4,2,2,1,2,1,3,1,4,3,1,2,1,3,5,2,5,3,1,2,1,2,2,3,2,4,1,1,3,3,4,2,4,3,2,1,1,3,3,4,3,2,3,2,4,3,4,2,3,2,1,2,1,2,2,5,4,1,1,6,4,2,3,4,3,6,3,2,6,1,1,2,2,NA,NA,3,2,2,3,2,3,4,3,2,2,4,1,3,5,4,3,3,1,2,5,6,5,2,2,3,1,3,4,2,4,1,1,3,2,2,1,5,3,2,1,2,5,1,1,2,1,2,4,1,3,2,3,1,1,2,1,2,1,3,1,4,2,1,2,4,2,5,2,3,2,NA,1,3,3,1,5,1,3,2,3,1,3,2,2,1,2,4,5,1,2,3,1,2,3,2,2,6,3,4,1,2,3,2,2,2,6,5,1,2,1,2,5,3,1,4,2,4,NA,2,1,5,2,5,1,1,4,2,4,3,4,5
1,1,2,1,1,1,3,1,1,1,1,1,1,1,3,2,1,1,3,1,3,2,2,1,1,1,1,1,1,1,3,2,1,4,2,1,1,3,2,1,3,3,1,2,2,2,2,5,2,1,1,1,3,3,2,1,2,1,2,2,1,1,3,1,3,2,1,1,1,1,2,1,1,2,NA,2,1,1,2,1,2,2,2,1,1,2,1,1,2,1,1,2,2,1,1,2,2,1,2,2,2,2,1,2,2,2,1,2,3,1,2,3,1,2,2,1,3,3,1,1,1,2,1,3,2,2,3,1,3,2,2,2,2,3,2,2,2,1,1,2,2,3,3,1,3,3,3,3,3,2,1,1,2,2,3,2,3,3,3,2,2,3,1,1,1,1,1,2,1,2,1,3,1,1,1,1,2,2,3,2,1,1,1,1,2,2,1,2,2,1,1,1,1,1,2,3,1,1,2,1,1,2,1,1,2,4,2,2,1,2,1,1,2,1,1,1,2,3,2,1,2,1,1,1,1,6,NA,1,2,1,2,3,3,3,3,2,1,2,1,2,2,1,2,2,1,3,2,2,2,2,3
1,2,2,1,2,2,5,3,2,1,1,1,2,3,5,3,1,1,5,4,5,2,1,1,3,2,3,1,2,4,4,3,5,6,3,3,2,3,2,2,4,3,2,5,3,2,2,5,3,2,1,1,3,2,1,1,2,1,1,4,1,2,4,1,3,5,4,2,1,2,2,1,1,4,2,1,2,3,1,2,2,1,4,1,2,1,2,2,1,2,1,5,3,2,4,2,4,1,5,3,2,2,1,1,2,1,1,1,2,1,3,2,1,4,1,4,1,2,1,1,2,1,1,3,1,2,1,1,2,1,1,1,1,2,1,1,1,2,4,1,2,1,5,1,4,1,2,2,4,1,2,1,2,1,5,1,4,1,2,1,4,6,1,3,1,2,4,1,2,1,4,6,1,1,2,1,1,1,3,2,1,1,2,1,3,1,2,4,1,4,2,2,1,1,3,5,1,2,1,2,1,1,1,1,1,6,4,3,1,2,5,3,2,3,1,3,4,6,2,1,1,2,1,4,2,6,2,1,2,4,1,5,2,3,5,3,1,2,2,4,6,1,3,2,3,4,2,3,2,2,2
1,1,1,1,1,1,1,1,2,1,1,1,1,1,4,5,1,1,2,1,1,1,1,1,2,1,1,1,1,1,1,1,1,4,3,1,1,1,2,1,1,1,1,1,1,3,1,4,1,1,1,1,4,1,1,1,3,1,1,4,1,1,1,1,4,1,1,1,1,1,1,1,1,3,1,1,1,1,1,1,2,1,3,1,4,1,1,1,1,1,1,4,1,1,1,1,1,1,1,1,1,1,1,1,1,4,1,1,1,1,1,1,1,5,1,2,3,1,1,2,1,1,1,1,1,1,1,1,1,1,1,1,1,1,1,1,1,1,1,1,1,1,1,1,1,1,1,4,1,1,1,1,1,1,1,1,1,1,1,1,2,4,1,1,1,1,1,1,1,1,1,1,1,1,1,1,1,1,1,1,1,1,1,1,1,1,5,1,1,1,1,1,1,1,1,1,1,1,1,1,1,1,3,4,1,1,1,1,1,1,1,1,1,3,1,1,1,1,1,1,1,3,1,1,1,5,1,1,1,1,1,1,1,1,1,1,1,3,1,1,1,1,1,1,1,1,4,4,4,1,5
1,1,2,1,1,1,2,NA,1,1,1,1,1,1,3,1,1,1,4,1,1,1,1,1,3,1,1,1,1,1,NA,1,1,4,4,1,1,1,4,6,4,1,1,5,1,1,1,5,1,1,1,1,1,1,1,1,1,1,1,3,1,1,4,1,1,6,3,1,1,1,4,1,1,2,1,1,1,1,1,1,1,5,3,1,1,1,1,1,1,1,1,4,2,4,1,1,1,1,5,6,1,1,1,1,1,1,1,1,1,1,2,1,1,1,1,2,1,1,1,1,2,1,1,1,1,1,1,1,4,1,1,1,1,1,1,1,1,1,1,1,1,1,3,1,4,1,1,1,1,1,1,1,1,4,1,1,3,1,1,1,1,2,1,1,1,1,1,1,1,1,1,2,1,1,2,1,3,1,1,1,1,1,1,1,1,1,1,1,1,1,1,1,1,1,1,5,1,1,5,1,1,1,1,1,1,4,1,1,1,5,1,1,1,1,1,1,4,4,1,1,1,1,1,1,1,6,1,1,1,1,1,1,1,1,1,5,1,1,1,1,1,1,1,1,1,3,1,1,1,1,4
3,2,3,2,1,5,6,2,2,3,1,3,2,2,5,4,2,2,5,3,2,2,1,1,2,2,1,1,2,3,2,2,2,4,2,6,2,2,2,5,4,4,3,2,2,5,5,6,2,2,6,4,2,2,3,1,1,4,5,5,3,2,5,2,3,4,4,2,3,2,4,2,1,4,1,3,3,2,2,3,3,3,3,2,2,1,1,1,2,4,1,5,2,3,2,3,4,2,4,5,4,3,3,2,5,5,3,3,4,2,4,2,1,5,2,6,4,1,3,1,4,2,1,3,6,4,2,2,3,2,2,2,4,3,1,5,2,3,2,4,4,2,4,5,5,2,2,3,2,2,5,2,5,3,2,2,5,2,3,4,4,2,3,2,1,2,2,2,1,1,3,4,2,2,2,3,6,3,2,2,1,2,1,1,3,3,3,3,3,4,5,2,3,3,4,3,2,3,2,3,3,2,3,2,3,3,1,3,5,NA,2,3,1,4,2,2,2,2,4,3,2,NA,3,NA,3,6,4,NA,2,3,2,2,4,3,2,5,1,2,3,5,3,4,2,3,4,4,2,1,4,5,6
4,3,4,5,4,3,2,3,4,4,3,3,3,3,4,5,4,3,3,4,5,5,4,3,2,3,4,5,4,3,2,3,4,4,5,5,4,3,2,6,5,4,3,3,3,4,5,5,4,3,5,3,5,4,5,3,5,4,6,5,4,3,4,5,5,4,4,4,3,4,5,4,3,4,5,4,3,4,4,5,5,4,5,5,5,4,3,2,3,4,5,6,5,5,4,3,4,5,4,3,4,5,6,5,4,3,4,5,4,3,2,3,4,5,6,6,5,4,3,4,5,4,3,4,5,4,4,5,5,5,5,5,5,4,3,2,4,4,5,4,3,2,3,4,5,6,6,6,6,6,6,6,5,4,4,5,5,4,3,3,4,5,4,4,3,4,5,3,5,3,5,4,3,3,3,3,4,5,6,6,5,4,3,4,5,4,3,4,5,4,3,4,5,6,5,4,3,4,5,4,3,4,5,4,3,4,5,4,4,3,5,4,3,5,4,3,4,5,4,3,4,5,4,3,4,5,6,5,4,3,3,3,3,6,6,6,6,6,5,5,4,5,5,4,4,4,5,6,6,5,5
2,3,3,2,1,3,2,4,4,2,1,4,4,2,4,4,2,3,4,3,2,2,3,1,1,3,1,2,3,2,2,4,4,2,2,6,5,4,2,3,5,4,4,5,3,4,2,4,2,3,1,3,2,3,1,2,4,5,3,4,1,3,2,1,2,3,4,3,2,3,2,5,1,3,2,5,2,4,2,4,3,4,2,4,4,3,2,3,2,5,NA,3,5,4,2,5,4,1,3,5,3,2,1,3,5,3,2,3,4,6,3,6,2,4,2,6,3,4,3,1,3,2,1,3,4,3,4,2,3,4,4,2,3,3,2,3,4,1,2,3,4,3,3,4,3,5,4,2,2,3,1,1,4,5,3,2,4,3,4,1,5,3,3,4,2,4,1,2,1,3,3,4,1,4,1,1,1,4,3,4,3,2,4,6,3,2,5,6,2,3,5,2,4,1,4,5,2,4,6,3,4,2,2,4,3,2,5,3,1,3,4,1,4,2,4,3,3,5,4,1,1,3,4,1,5,4,3,1,3,6,3,5,3,2,3,4,1,6,5,5,4,1,2,3,4,5,2,4,1,4,6
1,2,3,1,1,1,1,1,1,1,1,2,2,1,2,2,1,1,3,4,3,1,3,1,3,3,2,1,1,1,2,3,3,3,3,1,2,2,3,3,4,2,3,1,2,3,2,2,3,2,1,1,3,3,2,1,2,1,1,2,2,3,2,1,2,2,3,2,2,2,1,1,1,2,2,2,1,3,1,1,3,2,2,1,2,3,2,1,2,1,2,2,1,1,2,1,2,2,2,1,2,1,1,1,3,3,1,1,3,1,2,2,1,3,1,2,2,3,1,2,1,3,1,1,2,1,1,1,2,2,1,3,1,2,1,1,3,2,1,1,2,2,4,1,2,1,1,3,2,2,1,1,1,3,2,2,3,2,2,1,2,3,2,1,1,2,2,3,1,2,2,3,1,1,2,2,3,1,2,3,2,2,1,1,3,1,3,2,2,1,3,2,2,1,1,3,3,3,3,1,2,3,2,1,1,5,2,3,2,3,3,1,2,3,2,1,1,2,2,2,2,3,2,2,2,6,2,1,2,3,3,2,2,1,2,4,1,3,2,3,2,2,2,3,3,3,1,2,2,1,3
1,1,3,1,1,1,1,1,1,1,1,1,1,2,3,3,2,1,4,4,2,1,2,1,1,1,1,2,1,1,2,2,3,3,2,1,1,2,3,3,2,2,4,2,2,3,4,2,2,1,1,1,1,1,1,1,3,2,2,4,1,2,1,1,3,1,2,1,1,1,1,1,1,2,1,2,1,1,3,1,2,2,5,1,3,1,1,1,1,1,1,4,1,2,1,1,1,1,3,3,3,2,1,1,3,3,1,2,3,1,2,1,1,3,1,1,3,2,1,1,2,1,1,4,3,1,1,1,1,3,2,2,1,1,1,1,1,2,2,1,4,1,1,1,3,1,2,3,1,2,1,1,2,2,1,1,2,1,1,1,3,3,1,1,1,2,1,1,1,1,2,2,1,1,1,2,1,2,2,1,1,2,1,1,1,2,3,1,2,1,2,1,2,1,1,3,1,2,1,1,1,1,1,2,3,6,1,1,1,5,1,1,2,2,2,1,2,1,1,1,1,3,2,1,1,6,1,1,1,1,1,2,3,3,3,3,1,2,1,2,3,2,1,1,1,4,2,3,1,2,1
1,1,4,1,1,1,1,1,1,1,1,1,1,1,5,3,1,1,1,1,1,1,1,1,4,1,1,1,1,1,3,1,1,3,1,1,1,1,4,1,1,2,1,1,1,1,1,5,1,1,1,1,1,1,3,1,5,1,6,5,1,2,1,1,3,1,2,1,1,1,1,1,1,2,1,1,1,1,1,1,1,1,5,1,1,1,1,1,1,1,1,2,1,1,1,1,1,1,1,5,1,1,1,1,6,1,1,1,1,1,1,1,1,6,1,2,1,1,1,1,1,1,1,4,1,1,1,1,1,1,1,1,1,1,1,1,1,1,1,1,1,1,1,1,2,1,3,5,1,1,1,1,3,1,1,1,2,1,1,1,1,3,1,1,1,1,1,1,1,4,1,1,1,1,1,1,1,1,1,1,1,3,1,1,1,3,6,1,2,1,1,1,1,1,1,1,1,1,1,1,1,1,1,1,1,1,1,1,1,4,1,1,1,1,1,1,1,1,1,1,1,1,1,1,1,6,1,1,1,1,1,3,3,1,1,3,1,1,1,1,3,1,1,1,1,3,1,4,1,1,4
1,2,4,2,1,4,2,2,3,2,1,1,1,2,4,5,2,1,6,6,5,4,4,1,2,2,1,1,1,3,4,4,5,6,3,2,1,2,1,3,4,2,3,4,1,4,1,5,3,1,1,1,3,3,2,1,4,1,3,3,1,5,6,1,2,1,4,2,2,2,3,1,1,2,3,2,1,3,4,2,3,3,5,1,3,2,1,2,2,1,1,4,3,2,3,5,5,1,3,5,4,3,1,1,4,3,2,2,4,2,5,3,1,5,2,1,3,3,1,1,1,2,2,4,2,3,2,1,3,4,3,3,1,1,2,1,3,5,1,1,3,4,4,1,4,3,2,3,2,2,1,2,3,4,4,2,3,3,5,1,4,4,1,2,1,2,3,2,1,4,3,3,1,1,1,1,1,3,4,4,1,3,2,1,2,2,4,4,3,1,3,3,2,1,2,6,1,2,3,NA,1,1,1,3,2,6,2,2,1,4,3,1,2,3,1,1,2,3,2,1,2,4,2,1,2,6,2,1,3,1,2,4,3,4,4,3,1,5,2,4,3,4,4,3,2,5,4,5,3,4,3
2,4,5,1,2,2,5,2,1,1,1,2,5,2,6,4,1,5,2,3,2,3,2,1,2,3,5,2,1,3,2,4,5,5,2,1,1,1,6,1,6,5,2,5,5,6,2,6,4,1,2,2,3,4,1,1,6,1,1,6,2,2,6,2,5,3,6,5,3,3,5,2,1,6,2,2,2,1,1,1,2,2,6,2,1,1,1,1,1,1,1,6,5,1,1,2,3,1,6,6,6,2,2,2,5,2,2,1,4,1,6,2,2,5,1,6,2,2,1,1,2,2,2,1,2,5,2,2,1,6,2,2,1,2,2,5,4,4,1,3,1,3,4,1,6,2,2,6,1,4,1,2,2,2,5,2,2,4,2,1,1,4,2,1,2,2,1,2,1,3,2,5,2,1,1,3,4,5,3,5,2,2,2,2,3,1,3,5,2,3,4,2,4,2,6,6,1,2,6,2,1,2,4,2,2,6,1,2,1,4,5,2,1,3,2,2,4,6,4,6,1,6,3,2,1,6,4,1,3,1,2,5,4,5,4,6,1,5,4,5,4,2,3,4,4,5,1,5,5,2,4
3,2,2,4,2,2,5,4,2,2,1,1,3,1,6,5,3,3,6,4,1,1,1,1,5,1,2,2,1,1,2,2,1,5,3,1,1,1,4,4,5,4,2,2,3,1,4,3,1,1,1,1,1,1,3,1,1,1,3,3,2,3,1,1,3,2,4,1,1,1,3,1,1,3,2,1,2,1,1,1,1,1,5,2,2,1,1,1,1,1,1,5,1,1,3,1,1,1,5,5,6,2,2,1,5,1,1,2,2,1,5,4,1,6,6,6,5,5,5,5,5,3,3,2,4,1,1,1,4,2,1,2,1,1,1,1,3,2,1,3,4,2,3,2,5,3,2,2,3,5,4,3,4,5,2,2,5,5,4,2,4,5,2,4,2,1,1,1,5,3,4,5,1,1,1,4,3,3,4,1,2,3,1,3,2,2,4,4,4,3,2,1,2,1,5,5,2,2,5,1,1,3,1,1,1,6,2,5,2,5,6,5,5,4,3,3,4,3,3,4,4,5,3,2,2,6,2,2,2,2,1,1,1,4,5,2,4,6,2,2,4,2,2,2,2,4,4,2,2,2,2
1,1,3,1,1,2,2,1,4,1,1,3,2,1,6,2,1,1,6,3,2,1,1,1,6,3,4,1,1,1,2,2,5,6,3,2,2,2,5,2,4,5,2,3,2,1,4,5,5,3,1,1,2,2,3,1,3,1,1,4,1,3,5,2,4,5,6,2,3,2,5,1,1,5,3,2,1,1,1,1,2,1,4,1,1,2,1,1,2,1,1,3,1,2,4,2,3,1,5,6,5,2,1,1,4,1,1,2,3,1,5,5,1,5,2,5,2,1,1,1,2,1,1,5,5,3,4,1,3,2,1,1,1,2,1,3,1,2,1,1,2,1,5,1,5,5,1,6,2,2,1,1,3,4,3,1,3,1,1,1,2,6,2,4,1,1,1,1,1,2,5,6,2,1,1,3,2,4,5,2,1,1,1,1,1,1,2,4,4,3,2,2,2,1,1,6,1,4,4,1,3,1,1,1,1,6,3,4,2,5,4,2,3,3,1,1,1,4,3,1,1,1,1,1,2,6,1,1,1,1,1,4,5,1,5,6,1,2,1,2,4,1,3,4,3,5,4,4,3,3,3
3,2,3,2,1,3,4,2,4,3,1,2,2,2,5,3,2,2,4,3,2,2,2,1,3,3,2,1,1,1,2,2,2,4,3,3,2,2,2,3,3,4,3,4,3,5,2,5,3,1,1,1,3,3,2,1,3,2,2,4,1,3,3,1,3,3,4,2,2,1,2,2,2,5,2,2,1,2,2,2,2,3,4,2,2,2,1,2,2,2,1,4,2,3,2,2,3,2,4,4,3,2,2,2,3,3,2,2,NA,2,3,4,3,5,3,4,5,3,2,2,2,2,2,3,3,2,3,2,3,3,3,2,3,2,3,2,2,3,3,2,4,2,3,3,3,3,3,3,3,2,1,2,4,3,3,2,3,3,3,2,3,4,1,2,1,2,2,2,1,2,2,5,1,1,4,2,1,3,2,3,1,2,2,2,3,2,3,3,4,3,2,2,2,1,2,4,1,3,3,1,2,2,3,3,2,6,2,3,2,4,4,2,3,3,3,2,3,5,2,2,1,3,2,1,2,6,2,1,2,2,1,2,2,3,2,4,1,1,2,3,3,1,2,2,2,3,2,5,2,2,3
1,3,2,1,1,1,3,2,4,2,2,2,2,1,4,1,1,1,4,1,1,1,1,1,1,2,3,2,3,4,3,3,2,6,4,3,NA,2,3,1,5,2,3,2,2,5,1,6,5,4,2,4,2,4,2,5,1,3,2,NA,3,4,NA,1,6,3,3,1,2,5,3,3,2,3,3,5,3,2,4,1,2,5,1,4,1,1,1,1,2,2,4,1,1,2,2,5,4,4,5,2,2,3,1,2,2,3,1,1,1,3,4,NA,3,1,2,2,3,5,4,1,NA,NA,1,NA,2,1,3,1,4,2,2,1,2,1,1,3,3,1,2,2,5,3,2,4,1,4,4,4,2,3,5,1,3,5,5,4,1,3,4,1,3,6,2,6,1,2,6,4,1,2,4,3,1,1,2,1,4,3,3,2,1,1,3,2,4,3,1,3,3,2,1,4,4,3,2,4,1,3,2,2,5,1,3,2,3,2,1,1,4,NA,3,6,2,6,1,2,4,1,3,1,1,3,NA,1,2,1,6,5,2,1,NA,2,1,3,3,2,1,5,6,4,1,1,2,1,4,4,2,NA,3,1,2
2,4,2,4,2,2,4,3,1,1,3,5,4,4,1,5,5,5,3,1,3,4,4,3,3,4,5,2,2,3,3,3,5,3,3,3,4,2,4,5,4,3,4,4,3,3,4,3,4,4,3,2,3,3,3,4,4,NA,2,2,4,2,1,1,3,1,4,3,3,2,2,2,3,NA,3,3,1,2,2,2,3,2,1,2,3,3,4,3,3,3,3,3,4,2,2,4,5,3,2,4,4,3,4,4,4,NA,3,5,4,3,4,2,3,4,5,4,3,2,2,1,3,5,6,6,5,4,3,4,3,3,3,3,4,3,1,2,3,5,NA,6,3,1,1,2,3,4,4,6,6,6,4,3,3,1,NA,1,2,3,4,6,6,3,5,3,2,5,5,4,NA,3,4,4,3,2,3,3,5,4,3,4,2,4,1,2,1,4,5,3,4,4,3,4,4,2,1,2,3,6,5,4,4,3,2,4,5,5,5,4,NA,3,5,5,5,2,4,NA,1,5,2,6,4,4,3,2,2,5,5,2,4,5,4,4,4,2,3,6,6,4,2,2,5,5,3,3,3,3,4,2,5,3,3
2,3,4,3,4,3,4,5,4,3,4,5,4,4,3,4,4,4,5,3,3,4,5,4,3,4,3,3,4,4,3,5,4,3,5,5,4,4,3,3,4,5,4,3,4,4,5,4,3,4,5,3,3,4,5,4,3,4,5,4,3,4,4,4,5,3,3,3,4,4,5,4,3,4,4,4,4,3,5,3,3,4,5,4,3,4,5,4,3,4,5,4,3,4,4,3,4,5,3,3,4,5,4,3,4,5,4,3,5,4,3,3,4,5,4,3,4,5,4,3,3,3,4,5,4,3,4,5,4,3,4,5,5,4,3,3,3,4,4,5,5,4,4,3,3,4,5,5,4,4,3,3,4,3,NA,4,5,4,3,4,5,5,4,3,4,4,5,4,4,4,3,3,4,3,4,5,4,3,4,5,4,3,4,5,4,4,5,5,4,4,3,5,5,4,4,4,5,5,4,5,3,4,4,4,5,4,3,4,5,4,3,4,5,4,4,3,3,4,5,4,4,3,3,4,5,5,4,3,4,5,4,3,5,4,4,4,5,4,4,5,3,5,3,4,4,5,4,4,4,3,4
4,4,4,3,4,2,5,2,1,1,3,2,5,3,3,2,3,2,6,6,5,6,5,3,4,4,1,1,1,2,3,3,3,6,3,4,3,2,3,2,6,3,4,3,3,4,4,3,3,3,3,3,4,4,5,1,1,1,1,4,1,1,3,2,4,3,6,2,3,3,3,1,1,5,3,4,1,2,3,3,3,5,3,2,2,4,3,3,2,4,2,3,4,4,5,5,4,1,3,3,3,4,5,5,3,3,2,3,4,4,5,2,4,3,3,1,1,1,2,2,3,4,6,2,2,2,3,3,3,2,3,5,5,3,2,1,1,2,3,4,5,5,4,2,5,4,5,3,3,3,3,2,1,3,4,3,4,2,5,3,5,5,2,3,3,3,4,3,5,4,5,6,5,4,5,5,3,6,5,4,5,4,1,5,4,6,5,4,4,5,3,6,4,5,1,2,1,2,2,3,2,3,4,2,3,3,4,4,3,2,1,1,1,1,1,2,3,4,1,1,1,2,5,3,3,4,3,2,4,4,2,4,3,4,3,5,5,5,2,5,3,5,3,5,4,5,4,5,6,2,4
2,3,2,2,1,3,4,3,2,2,1,2,4,2,6,3,2,2,5,4,6,4,2,1,3,3,3,2,3,2,4,4,6,6,5,5,3,4,3,4,5,6,3,4,2,4,3,5,6,4,2,2,3,3,1,2,4,3,2,4,3,3,5,1,4,3,5,2,3,3,4,2,1,3,3,2,2,4,1,3,6,4,5,3,6,4,3,2,4,3,1,3,5,4,2,6,5,2,4,3,4,4,2,2,5,3,4,3,6,2,6,5,3,4,2,3,4,2,3,2,3,4,2,NA,3,3,4,1,4,5,4,6,3,2,3,4,3,5,2,3,3,4,5,2,6,4,3,4,1,2,1,3,4,5,5,3,4,2,4,3,5,6,2,3,1,2,4,3,2,5,4,3,2,3,4,2,3,3,6,5,1,2,4,3,2,2,5,5,3,2,4,4,4,1,3,6,2,4,3,1,3,1,2,4,2,6,3,4,NA,5,6,1,2,NA,2,4,3,5,2,3,2,6,3,2,4,6,2,3,5,2,3,5,3,6,5,4,1,4,2,5,5,1,4,2,5,4,4,2,2,3,3
1,1,4,2,1,5,4,3,1,4,3,1,5,6,6,6,1,2,5,2,5,1,2,1,3,2,3,4,1,NA,4,3,6,6,5,1,1,2,5,5,6,2,3,4,3,6,4,5,4,3,1,1,3,1,1,2,4,3,5,6,1,5,5,1,4,5,5,NA,2,3,2,3,2,4,5,2,3,2,4,3,4,2,6,1,2,5,3,4,5,1,1,6,4,5,5,5,4,1,1,3,4,3,1,1,6,4,1,5,5,2,6,2,1,6,1,6,3,3,4,1,2,5,1,6,1,3,5,1,3,4,3,1,5,1,4,3,3,6,2,2,5,5,5,5,6,3,NA,5,1,3,2,4,5,5,4,1,6,1,4,1,4,6,1,3,2,3,2,4,1,1,4,5,6,1,1,1,5,4,5,4,3,2,3,1,2,1,2,3,5,1,2,1,2,1,1,4,1,3,1,1,4,NA,1,3,4,6,5,4,3,4,3,2,2,5,2,3,5,4,1,3,1,4,3,2,2,6,1,2,3,5,1,6,3,4,6,5,1,6,5,4,6,4,4,4,5,6,3,5,1,3,2
