"antidote","subtracting","characterizes","dissimilar","toxin","culprits","peyote","hurdles","photographing","wickedness","cheerleaders","amply","trailed","stinger","corning","soundness","unalienable","tenderly","horned","figurines","effecting","disclaim","mambo","colloquial","inescapable","earring","hangers","allusion","kitchens","shadowed","acknowledgments","catechism","prognosis","sweeter","conglomerate","tautology","howls","idly","grunting","magnolia","foothill","docile","cordial","derision","diligence","shivered","dupe","candlelight","propriety","foundation's","aches","fanaticism","staining","superceded","automaton","huts","subtraction","vascular","bucked","peddle","lemonade","espy","retentive","recited","annexation","squirted","inflamed","waistband","rambler","existent","goldmine","rote","regatta","inconsiderate","sickle","kaboom","waging","evacuated","flopped","borrows","undid","ringer","dripped","lunchtime","corrosive","unlicensed","seventeenth","unimpressed","uncomfortably","disillusioned","supplicant","yeasts","duplicity","fraternal","springtime","riser","caterpillar","ensue","afterthought","zooms","reindeer","mutiny","forefinger","ascribed","purposeful","bankroll","suffixes","lectured","ascertained","ambience","articulation","multilateral","sermons","rages","frail","cosmopolitan","crabs","ugliness","saws","underlining","slop","lovable","spillover","determinations","defaulted","reagents","gratifying","parcels","totem","slaughtering","rhapsody","billboards","demolish","jigsaw","assignee","froth","testimonial","relapse","varnish","molesting","facetious","belligerent","foothills","aback","normative","fawn","torches","eczema","vigilance","extinguished","snotty","insures","obfuscation","contemplation","closeout","lunacy","discord","chimpanzee","sandpaper","decorate","tugging","looming","acetone","delirium","ulcer","undercoat","diaphragm","glimmer","pilgrims","outfield","amiss","untenable","impel","reams","wayside","glaucoma","gardeners","vixen","disbelieve","opiate","decisively","trapper","indoctrinated","inhibited","drenched","regenerating","peed","roving","incriminating","joked","incendiary","patronage","misinterpret","serene","maturing","collaborated","leathers","pundits","diocese","vulture","mutter","strengthens","piling","stately","designates","hoar","reassurance","embarked","watermelon","differentiated","uninitiated","criminality","unwritten","kiosk","luxuries","purist","inflexible","patted","manna","unduly","coasts","dissipate","dinky","gob","jellyfish","pinging","catnip","realty","boar","overcame","undeveloped","leisurely","dunes","foundry","cramp","descends","stardust","undetectable","mastermind","phosphorus","reeling","consonants","bloodshot","discounting","castration","malignant","arousing","teaser","atrophy","mommy's","suffrage","senor","backhand","fabricate","characterizations","baboon","lukewarm","raiser","turbines","crawls","whirlpool","parlance","postman","phonograph","bear's","mesmeric","tropics","roofs"
1,1,3,3,1,1,6,1,2,1,1,3,1,1,1,1,2,1,1,3,2,1,2,6,1,1,1,2,1,1,4,6,2,1,2,3,1,2,1,2,1,4,4,5,5,2,1,1,2,1,3,2,1,2,2,1,2,2,1,1,1,3,2,2,3,2,2,1,1,1,1,1,3,1,1,1,2,3,1,1,1,2,1,1,3,2,2,1,1,1,2,1,3,2,1,1,2,2,2,1,4,3,1,3,1,1,2,1,6,5,4,4,3,1,1,2,1,1,1,1,1,2,1,2,2,4,2,2,1,4,3,1,1,1,3,1,2,1,2,1,6,3,1,2,1,1,1,4,1,1,1,3,6,2,1,2,1,2,1,1,1,1,4,2,1,1,4,1,1,2,1,3,2,1,1,3,1,2,2,2,2,1,2,1,1,2,1,1,2,1,3,2,1,2,1,1,2,1,6,3,1,3,1,1,2,2,3,1,1,3,4,3,2,3,2,1,1,1,2,3,2,2,1,1,2,1,1,1,1,1,2,4,1,1,1,3,1,1,1,5,1,2,1,2,3,2,1,1,3,1,3,2,1,2,3,1,1,1,1,1,3,3,1,4,1,3,2,1
2,3,4,4,3,6,6,5,4,5,4,4,3,2,3,3,4,4,2,3,2,1,3,3,4,2,2,1,3,4,6,6,5,4,6,6,5,4,2,3,1,3,1,3,2,3,2,1,5,3,2,4,4,6,3,1,3,1,4,5,2,3,3,4,5,4,2,2,3,3,1,2,6,3,6,5,4,2,3,2,1,1,2,2,2,1,4,2,3,3,2,6,4,1,3,1,2,4,3,1,4,6,4,5,3,3,6,2,5,5,1,3,4,3,4,5,1,3,3,2,4,3,2,1,2,5,4,3,6,6,6,4,3,6,5,6,4,3,5,4,6,6,4,3,2,5,3,6,3,3,3,4,5,3,3,6,4,6,1,1,2,2,1,3,2,1,6,4,5,2,3,3,2,6,1,5,4,4,2,5,4,3,5,5,5,4,3,3,2,4,5,5,3,2,1,2,3,3,6,3,2,6,3,4,6,4,4,3,1,5,5,4,3,6,5,1,4,2,3,3,2,3,4,2,3,5,1,4,2,3,3,5,1,4,1,4,1,5,1,6,4,6,4,2,3,6,2,2,5,4,5,4,2,1,6,4,NA,1,3,6,6,4,1,3,2,5,4,1
5,4,4,4,2,4,5,3,3,2,2,3,2,2,2,2,4,2,2,3,3,3,4,5,4,2,2,2,2,2,2,6,5,1,5,6,3,3,1,6,3,4,3,4,5,3,4,3,5,2,2,2,2,3,5,1,3,3,1,1,1,1,1,1,4,1,1,1,3,1,1,5,5,4,1,3,1,1,1,1,1,1,1,1,1,1,3,2,2,2,4,1,3,2,1,1,1,1,1,1,1,4,3,5,1,1,1,1,3,3,3,3,2,1,1,3,1,1,1,1,1,1,1,2,2,5,4,4,4,3,5,2,1,1,1,1,1,1,1,1,6,3,3,2,3,1,1,1,4,3,1,1,6,5,1,4,2,1,1,1,1,1,4,5,3,1,3,1,1,1,1,1,1,3,1,4,1,1,1,3,3,1,3,2,1,1,1,1,2,1,5,1,1,3,1,2,1,4,4,1,1,1,1,1,1,1,1,1,1,1,3,1,1,3,3,3,2,2,4,3,1,3,1,1,1,1,1,1,1,1,1,1,2,2,1,1,1,1,1,3,1,3,1,2,2,2,1,1,3,1,4,3,1,3,3,1,1,1,3,1,1,4,1,3,1,4,1,1
6,6,6,6,3,5,6,3,6,6,4,6,3,1,6,1,6,3,3,3,4,3,1,6,5,6,2,5,3,5,6,6,3,6,6,6,1,3,3,1,1,4,6,5,5,6,1,3,4,2,3,2,5,6,6,1,1,5,2,3,1,6,5,2,6,6,3,1,6,6,1,5,6,2,6,1,5,3,3,6,1,1,5,2,6,3,6,3,5,5,6,6,3,3,1,1,1,6,5,6,3,6,3,6,4,1,6,2,6,6,6,4,2,1,1,5,2,3,5,1,1,1,4,5,6,6,3,6,6,4,6,1,1,2,6,1,4,1,3,1,6,6,4,5,5,6,2,6,6,3,3,6,6,2,2,3,5,6,2,1,3,6,3,6,1,1,6,1,3,2,5,5,3,6,2,6,5,5,1,6,2,4,6,6,6,6,1,3,3,1,6,5,3,1,1,5,6,6,6,3,2,5,4,1,3,3,5,4,1,5,5,4,2,5,5,2,3,1,5,3,1,6,5,3,4,6,2,3,1,2,3,5,1,6,1,4,4,2,2,6,5,6,3,3,6,6,1,2,6,1,5,3,1,5,4,4,1,5,1,1,5,6,1,2,1,5,1,3
1,2,2,4,3,3,2,3,2,3,3,3,2,4,3,2,3,4,3,3,3,5,3,2,5,3,2,5,3,1,3,2,5,3,2,3,4,3,2,4,4,2,3,NA,4,4,2,3,2,2,4,4,4,3,2,4,3,2,4,2,4,2,4,3,3,3,3,2,3,5,2,2,4,2,4,4,4,2,3,4,2,4,2,3,4,2,4,3,4,3,4,2,4,3,4,3,3,2,4,3,4,3,2,3,2,3,4,2,4,4,3,4,2,3,3,2,3,4,3,1,4,5,3,3,4,4,2,4,4,3,2,3,3,3,4,2,4,4,4,2,2,3,3,3,4,3,4,4,3,3,3,4,4,3,3,3,2,4,4,2,3,2,2,4,2,2,4,4,2,2,3,4,4,3,2,4,2,4,2,3,4,3,3,4,4,2,3,4,3,4,1,4,4,2,4,2,4,4,4,2,6,4,5,4,5,3,5,3,3,4,3,3,3,4,3,4,3,4,3,4,4,3,4,2,4,4,4,4,4,3,2,4,4,2,3,2,4,3,4,3,4,4,2,4,4,2,4,3,3,3,4,4,2,3,3,5,2,4,4,2,5,4,6,2,4,5,4,2
3,1,3,1,3,3,5,3,4,2,5,2,5,2,3,5,2,5,2,5,2,5,2,5,2,5,4,2,2,4,1,4,2,4,2,2,4,1,2,4,2,4,2,4,2,5,2,4,2,3,1,3,1,2,1,1,4,4,1,3,3,1,4,4,2,1,3,1,3,1,1,3,1,4,1,3,1,3,1,3,2,1,3,1,1,1,2,1,1,4,1,3,1,4,1,2,4,2,1,5,1,4,2,4,3,1,5,1,2,3,1,3,1,3,1,1,3,1,1,1,4,1,1,1,3,1,1,3,1,2,1,2,4,1,4,4,1,1,1,1,2,1,2,1,2,2,2,1,1,3,2,4,2,4,2,4,2,3,3,2,2,2,3,2,4,2,2,5,5,2,3,5,4,3,2,2,5,3,4,4,3,2,4,3,2,2,4,4,2,2,5,1,4,2,5,3,3,2,5,3,2,4,2,4,2,2,4,2,4,4,2,5,2,4,2,2,4,3,5,3,2,4,3,4,2,1,4,4,2,4,2,2,5,2,4,2,5,2,6,2,3,5,2,5,2,5,2,4,2,5,2,4,1,5,1,5,5,1,2,1,5,2,1,5,1,2,1,2
3,2,3,3,2,3,4,3,4,3,2,3,4,3,3,3,3,3,3,4,3,3,2,6,3,5,2,5,2,4,5,6,6,1,6,6,1,4,2,4,1,4,4,4,5,3,3,2,3,3,3,4,4,3,4,1,3,3,2,1,2,3,3,3,4,3,3,2,3,3,1,2,4,3,3,3,2,3,2,2,1,2,2,1,4,4,4,4,4,4,5,4,5,5,3,2,3,3,2,1,4,3,2,4,2,2,4,2,4,5,5,3,3,2,3,4,1,2,1,3,1,2,2,4,2,4,3,3,4,4,6,3,2,3,6,3,4,3,4,4,6,4,3,2,3,3,2,6,4,4,2,2,6,3,2,2,2,4,2,2,1,1,3,4,5,2,6,1,3,2,2,2,3,2,1,5,3,4,2,3,3,2,4,3,2,4,1,2,3,1,3,4,4,4,3,4,3,4,6,2,2,3,2,2,2,3,3,3,2,4,3,3,3,6,4,4,3,3,2,2,1,4,2,1,2,3,2,2,2,2,3,4,2,3,2,3,2,3,3,5,2,5,3,3,4,5,3,3,4,2,3,3,2,4,5,2,2,3,4,2,5,5,2,4,2,5,1,1
1,1,3,1,1,1,2,1,3,1,1,1,1,1,1,1,2,1,1,3,1,1,2,4,3,1,1,2,3,3,3,3,1,1,2,2,1,3,1,1,1,3,3,3,2,3,2,1,1,3,2,2,1,1,2,1,1,1,1,1,1,1,1,1,2,1,1,1,1,1,1,1,1,1,1,1,1,1,1,2,1,1,1,1,1,2,1,1,1,1,2,1,2,1,1,1,1,1,2,1,1,1,1,1,2,1,1,2,3,3,1,1,1,1,1,2,1,2,1,1,1,1,1,1,1,3,1,2,1,3,3,1,1,1,3,1,1,1,1,1,4,2,2,1,1,1,1,2,3,1,1,2,3,1,1,1,1,1,1,1,1,1,2,1,1,1,4,1,1,1,1,3,1,1,1,1,1,1,2,1,1,1,1,1,1,1,1,1,1,1,1,1,1,1,1,1,2,1,2,1,1,1,1,1,1,1,1,1,1,1,1,1,1,2,1,1,1,1,1,1,1,1,1,1,1,1,1,1,1,1,1,2,1,1,1,2,1,1,1,2,1,1,1,1,1,1,1,1,2,1,1,2,1,1,2,1,1,1,1,1,2,2,1,2,1,1,1,1
5,2,2,4,1,2,5,2,2,2,1,5,1,1,2,1,4,1,1,5,1,4,4,6,2,1,1,2,2,1,3,6,3,1,6,6,1,1,1,4,1,3,1,6,4,1,1,1,5,1,1,6,1,5,5,1,1,1,1,1,1,2,1,1,3,1,2,1,1,1,1,1,2,1,1,2,1,1,1,1,1,1,1,1,2,1,3,1,1,4,1,1,1,1,1,1,1,1,1,1,2,2,1,1,1,1,1,1,6,6,4,4,4,1,1,4,1,1,1,1,1,1,1,1,1,5,1,1,3,1,5,1,1,1,4,1,1,1,1,1,6,1,1,4,1,1,1,5,3,2,1,1,6,4,1,5,1,3,1,1,1,1,5,1,1,1,6,1,1,1,1,5,1,2,1,5,1,2,1,5,2,2,5,2,1,3,2,3,2,3,2,1,2,2,2,1,1,4,2,2,1,1,1,1,2,3,1,1,1,4,1,1,1,1,1,1,1,1,1,1,1,1,1,1,1,1,1,5,1,1,1,1,1,4,1,3,1,1,1,4,1,5,1,1,1,5,1,1,1,1,1,1,1,1,1,1,1,2,2,1,1,1,1,2,1,5,1,1
1,2,2,2,2,2,3,3,2,3,3,2,4,2,2,2,4,3,3,2,3,3,4,4,3,2,3,2,2,3,2,3,2,2,6,3,3,2,1,2,1,4,6,6,1,1,1,2,2,2,6,2,1,2,4,2,4,2,2,4,1,1,2,3,1,1,6,6,1,1,1,3,2,2,5,1,1,5,1,1,5,1,1,1,1,5,1,3,1,1,2,1,2,1,6,1,1,1,5,1,1,1,1,1,2,1,3,1,1,1,1,6,6,1,4,1,4,5,1,4,2,1,1,1,1,2,1,5,1,5,1,1,6,4,3,1,1,1,1,1,1,1,2,2,2,6,4,1,1,1,1,1,1,6,5,6,1,6,1,1,6,5,1,1,2,6,6,3,1,1,1,1,3,3,3,6,5,5,3,1,3,4,1,1,1,3,3,2,1,4,1,3,5,5,1,1,1,5,5,1,1,4,1,1,1,1,3,2,1,1,5,2,1,1,5,1,4,5,3,1,1,1,4,3,1,1,2,5,1,3,2,5,4,1,5,1,3,2,1,5,1,4,1,2,1,4,2,5,1,1,1,1,4,1,1,4,1,1,3,6,4,1,2,1,3,2,2,1
3,3,4,1,3,3,2,4,5,5,5,3,2,4,1,2,3,4,5,5,4,2,3,3,2,6,2,4,3,3,4,4,2,5,3,4,1,3,3,4,3,2,1,3,4,4,2,4,4,2,3,3,3,2,4,2,4,3,3,4,2,3,3,3,1,2,3,4,5,6,5,4,2,1,1,3,5,2,1,6,3,1,5,2,5,4,5,2,4,2,1,3,4,4,1,3,4,3,5,2,3,6,2,5,3,3,4,4,3,2,2,4,3,2,4,5,5,3,2,4,2,1,3,4,3,3,2,4,1,3,4,5,6,5,4,3,2,1,2,3,4,5,6,5,4,3,2,1,4,4,4,2,4,3,2,1,3,4,5,2,3,1,3,5,3,4,3,2,5,2,2,5,4,1,4,5,6,4,5,2,2,4,3,2,2,3,4,2,4,4,2,2,3,4,3,3,2,2,4,3,3,4,2,5,3,2,1,2,3,4,5,6,5,4,3,2,1,2,3,2,3,2,4,2,5,3,1,2,4,3,2,3,2,5,3,2,4,4,5,1,4,3,4,3,3,4,4,4,4,4,3,2,1,3,3,2,3,4,2,3,1,5,3,2,4,3,3,2
4,2,5,4,1,2,6,3,4,2,4,5,5,1,1,3,6,3,1,5,2,5,1,5,2,1,1,4,3,NA,6,6,4,2,6,6,1,2,1,1,1,3,3,3,5,2,3,1,3,4,4,4,3,6,5,1,2,3,1,2,2,2,3,3,4,3,1,3,2,2,1,1,1,3,3,1,2,3,1,2,1,1,1,1,3,4,4,2,3,3,3,3,4,2,1,1,2,3,2,1,4,3,3,3,3,1,2,2,3,5,3,4,2,2,2,2,1,3,1,3,1,2,1,4,4,4,2,3,2,4,6,3,1,1,4,2,2,2,2,2,6,4,1,2,2,2,2,3,5,4,2,3,5,2,3,4,1,3,1,2,1,1,5,5,4,3,3,3,4,3,1,NA,1,3,2,5,2,1,4,5,5,1,4,5,2,5,2,1,2,1,5,5,2,2,3,1,3,2,6,2,2,6,3,2,3,4,5,1,1,4,4,3,3,3,4,4,2,1,1,3,3,3,2,NA,1,1,1,2,2,1,2,4,2,5,1,3,1,4,1,5,2,4,1,5,6,5,4,3,3,3,4,4,1,3,5,2,1,3,3,2,3,4,1,5,3,3,1,1
4,4,5,5,5,5,5,5,5,5,5,5,4,4,4,4,NA,4,4,4,4,4,4,4,4,4,4,4,4,4,6,6,6,5,5,5,5,2,5,2,2,2,2,2,2,2,NA,2,NA,3,NA,3,3,3,3,3,3,3,2,2,4,4,4,4,4,4,4,NA,4,4,4,4,4,4,4,4,4,4,4,3,3,NA,3,3,3,5,5,NA,5,5,5,5,5,5,5,5,5,5,5,2,2,2,2,2,2,2,NA,4,4,4,4,4,NA,4,4,4,4,4,4,4,NA,5,3,3,NA,3,3,3,3,3,4,4,4,4,4,4,4,4,4,3,3,3,3,4,4,4,4,4,NA,4,NA,5,5,5,5,5,5,5,NA,5,5,5,NA,5,5,NA,4,4,4,4,NA,5,5,5,5,4,5,5,5,2,3,3,3,3,3,3,3,3,3,3,3,3,3,3,3,3,4,4,4,3,3,3,3,3,3,3,3,3,3,3,3,3,3,3,3,3,3,4,4,4,4,3,3,3,3,3,3,3,3,5,5,5,5,5,5,5,5,5,5,5,5,5,5,5,5,5,5,NA,5,5,5,5,5,5,5,5,5,5,5,5,5,5,5,5,5,5,5,2
5,4,6,6,5,6,6,3,5,6,5,4,4,5,5,6,6,3,4,5,4,3,5,6,5,5,4,2,2,3,4,6,6,3,6,6,5,6,6,6,5,6,6,6,6,5,6,5,6,4,5,6,5,6,6,2,4,5,3,3,4,5,5,4,6,5,5,6,5,6,5,6,6,5,5,5,4,5,4,3,4,4,4,5,6,6,6,5,5,5,5,6,6,6,6,5,6,6,6,5,5,6,6,5,5,5,5,4,6,5,6,6,6,5,3,4,2,4,2,4,2,4,4,5,4,5,5,5,3,6,6,5,5,6,6,5,6,4,5,5,6,6,5,6,5,4,5,6,5,6,3,5,4,6,6,6,5,5,6,3,4,5,6,6,5,5,6,4,3,6,4,3,3,5,4,6,5,6,6,5,6,5,6,6,5,5,2,4,5,4,5,4,5,6,5,6,6,6,6,5,6,5,3,4,5,6,5,6,5,5,6,6,4,5,6,6,5,4,6,5,5,6,5,2,4,5,5,6,5,4,6,5,5,6,5,6,5,5,6,6,5,6,5,6,5,6,6,5,6,5,4,3,5,5,6,5,5,6,4,3,5,6,5,5,4,5,5,6
5,3,4,5,6,4,6,5,3,4,2,5,4,2,3,5,6,5,3,5,4,5,6,6,5,5,4,5,4,6,6,6,6,5,6,6,4,5,3,5,2,4,5,6,6,5,6,3,5,6,5,4,5,5,5,3,4,5,4,6,5,5,4,5,4,5,5,4,5,6,4,5,5,4,5,4,5,6,5,4,2,5,5,4,6,6,5,5,3,6,5,4,5,4,5,5,6,5,4,5,5,6,4,5,5,4,6,5,5,6,4,5,6,5,4,5,4,5,3,4,5,4,5,5,6,6,5,6,6,4,6,5,4,5,6,4,3,5,5,5,6,6,6,3,4,3,4,5,6,6,5,3,6,6,4,5,5,6,4,5,3,5,5,6,3,5,6,4,3,5,3,5,3,4,5,6,3,6,5,5,6,6,6,4,5,6,5,5,6,5,6,6,4,6,6,5,4,5,6,6,6,6,4,5,5,6,6,4,5,4,6,5,3,5,6,6,6,6,5,6,5,5,4,5,3,3,4,3,5,4,6,5,2,6,5,4,5,5,3,5,5,6,5,2,6,5,5,4,5,6,6,5,3,6,6,6,5,4,5,5,6,5,3,6,5,5,3,5
1,1,1,3,1,1,2,1,3,1,2,1,2,1,1,2,1,1,1,3,1,1,1,3,1,1,1,2,1,2,3,2,1,2,4,6,1,4,1,1,3,4,1,1,1,2,1,1,1,2,4,1,1,4,2,1,3,1,1,2,1,3,1,3,1,1,1,1,2,1,1,3,1,1,2,1,1,1,2,3,1,1,1,1,3,1,2,NA,1,3,1,3,2,2,1,2,1,4,1,2,4,1,1,2,1,1,3,1,4,1,1,3,1,1,1,2,1,1,1,1,1,1,1,1,3,5,1,1,1,6,1,1,1,1,4,1,1,3,1,1,6,3,2,1,1,1,1,4,1,2,1,1,3,3,1,1,2,1,1,3,1,1,1,1,3,1,3,1,1,1,1,1,1,3,1,1,1,1,1,2,4,1,1,1,1,1,1,1,1,1,3,3,1,2,3,1,2,1,1,1,2,1,1,1,2,1,3,1,1,4,4,1,2,1,1,4,1,1,1,1,1,1,1,1,1,1,2,1,2,1,1,3,1,1,1,4,1,1,1,6,1,1,1,1,3,1,1,1,5,2,3,1,1,1,5,1,1,2,1,1,3,3,1,5,1,1,1,1
1,1,5,2,2,3,6,3,2,2,2,3,3,1,2,4,3,2,3,4,2,1,2,3,4,1,3,3,2,1,3,5,3,2,4,4,4,5,1,3,1,3,4,4,3,4,5,5,3,3,5,4,3,4,4,3,3,2,3,4,1,4,5,4,5,4,4,2,3,2,1,3,1,1,4,1,3,2,3,2,2,3,3,2,3,2,1,3,2,3,2,4,4,3,3,3,2,5,4,1,1,3,1,3,1,1,1,1,4,3,3,1,2,3,1,2,1,1,1,1,3,4,3,3,4,4,4,5,5,4,3,2,3,1,6,1,2,3,1,1,6,4,1,5,3,1,2,3,4,3,4,5,6,4,1,4,1,1,1,1,1,1,4,4,5,3,6,1,1,2,4,4,3,4,1,3,2,1,1,3,5,2,3,3,4,4,1,2,3,4,5,5,3,3,4,3,5,3,4,3,2,3,4,4,3,4,4,3,3,4,5,4,1,4,2,3,3,2,2,4,5,3,5,3,3,4,1,3,5,5,4,5,5,5,1,4,1,4,1,5,1,1,1,1,5,5,3,3,4,3,2,5,1,3,6,1,3,3,1,5,1,2,1,3,3,4,3,1
3,4,4,3,2,4,3,3,4,3,2,2,3,2,3,3,2,2,2,3,2,2,3,2,2,4,3,3,2,3,3,2,2,3,3,3,2,2,2,2,3,2,2,3,2,2,4,3,2,2,3,2,3,2,2,2,2,2,2,3,3,3,4,4,4,3,3,2,2,3,2,3,2,4,2,3,2,3,3,3,3,3,3,3,3,3,3,3,3,3,3,3,3,3,3,3,3,3,2,2,2,2,2,2,2,2,1,1,1,1,1,3,4,5,3,2,3,3,3,2,2,3,4,1,2,2,2,3,3,3,2,3,2,2,2,3,2,2,4,5,3,2,3,3,2,2,2,3,2,2,1,2,2,2,4,3,3,2,2,3,1,1,2,2,3,3,2,3,3,2,3,2,2,2,2,2,2,2,2,2,2,2,2,2,3,3,NA,4,4,4,4,3,3,3,3,3,3,2,2,2,2,2,2,3,3,3,3,2,2,2,2,2,3,3,3,3,3,3,3,2,2,2,2,2,1,2,3,4,4,4,3,3,3,3,3,3,3,2,2,2,2,2,2,2,2,2,2,2,2,2,3,3,3,3,3,3,3,3,3,3,3,3,3,3,3,3,3,3
4,4,4,3,1,4,4,4,4,5,4,3,4,4,3,3,4,4,4,3,4,3,4,NA,4,4,3,3,2,2,5,4,4,3,4,3,4,4,4,3,4,3,3,3,3,3,3,4,4,5,5,4,4,4,4,1,3,3,4,4,4,1,2,2,4,4,4,5,5,4,4,4,4,5,1,5,5,4,4,4,1,5,4,4,4,4,5,3,4,3,4,4,4,3,3,3,4,4,4,4,3,4,3,4,4,3,3,3,4,4,4,4,3,3,4,4,4,4,3,3,3,4,4,3,3,3,4,4,4,3,5,4,4,4,3,3,4,4,4,3,3,3,4,4,3,3,4,4,3,3,3,3,3,4,4,3,4,4,3,3,3,3,4,3,3,3,3,4,4,3,3,3,4,4,5,5,5,5,6,5,5,5,3,5,4,3,3,4,3,3,4,4,4,3,3,4,4,4,3,3,4,4,4,3,4,4,4,3,3,3,3,4,4,3,5,3,4,4,4,2,3,3,1,1,3,3,4,4,4,4,3,3,1,4,1,4,4,5,5,5,4,5,4,4,4,4,4,5,5,4,4,3,3,4,3,4,1,4,3,3,4,4,4,3,3,5,1,1
4,1,3,1,3,1,4,4,4,1,1,2,2,1,1,2,4,4,4,3,1,2,1,6,5,1,1,2,3,3,6,6,5,2,4,5,3,3,1,2,1,3,2,4,4,2,2,3,4,5,2,3,2,4,4,1,2,3,2,3,3,2,NA,2,3,3,3,4,3,4,4,4,2,4,3,1,1,3,2,2,1,1,1,2,4,4,4,5,5,5,3,3,4,4,5,4,3,3,4,2,3,3,4,3,4,2,3,3,5,5,5,4,2,3,4,5,1,3,NA,3,4,4,2,4,4,3,3,4,3,5,6,2,1,1,4,1,3,4,1,2,6,5,1,1,2,2,1,5,5,5,1,2,6,6,3,2,1,2,2,3,1,1,5,5,4,5,6,2,2,4,1,2,1,1,2,5,2,4,5,5,5,1,5,2,2,2,2,3,4,4,5,5,4,5,4,4,3,3,5,NA,1,3,3,4,5,2,3,2,1,3,3,4,2,2,4,2,4,1,1,4,2,5,2,1,2,1,1,3,4,4,2,5,5,2,3,5,1,5,1,3,3,2,2,2,5,5,5,4,5,4,4,4,1,3,6,5,2,1,3,2,4,4,4,3,2,2,3,1
2,1,1,3,2,1,3,2,1,1,1,4,2,1,2,1,3,2,1,3,3,2,1,3,4,1,1,3,3,1,4,1,1,3,3,3,1,2,1,1,1,3,3,2,2,1,4,1,2,3,3,3,1,2,1,1,1,2,3,1,1,2,1,1,3,3,1,1,1,2,1,1,3,1,1,1,1,2,2,1,1,1,2,1,2,3,2,1,3,3,2,1,1,3,1,1,3,2,1,1,1,3,1,4,3,1,4,3,4,5,2,2,1,1,1,2,1,3,1,3,1,2,1,1,3,2,1,1,1,2,4,1,1,1,5,1,2,1,1,2,5,3,1,1,2,1,2,4,3,2,2,1,3,2,1,2,1,1,1,1,1,1,3,2,1,1,6,1,1,1,1,3,2,1,1,4,1,1,1,2,3,1,2,2,2,3,1,1,2,3,3,3,2,4,1,2,3,2,4,2,1,3,2,1,1,1,3,1,1,3,3,2,1,2,3,3,2,1,1,2,2,3,1,1,1,1,1,2,1,1,1,4,1,2,1,3,1,3,1,4,2,3,1,1,1,3,4,3,3,1,4,1,1,3,4,3,1,1,2,1,1,3,1,3,1,2,1,1
2,2,5,1,1,1,3,3,6,1,1,3,2,1,1,1,3,3,1,3,1,1,4,6,5,5,1,3,1,NA,NA,2,NA,NA,NA,NA,NA,NA,NA,NA,NA,NA,NA,NA,NA,NA,NA,NA,NA,NA,NA,NA,NA,NA,NA,NA,NA,NA,NA,NA,NA,NA,NA,NA,NA,NA,NA,NA,NA,NA,NA,NA,NA,NA,NA,NA,NA,NA,NA,NA,NA,NA,NA,NA,NA,NA,NA,NA,NA,NA,NA,NA,NA,NA,NA,NA,NA,NA,NA,NA,NA,NA,NA,NA,NA,NA,NA,NA,NA,NA,NA,NA,NA,NA,NA,NA,NA,NA,NA,NA,NA,NA,NA,NA,NA,NA,NA,NA,NA,NA,NA,NA,NA,NA,NA,NA,NA,NA,NA,NA,NA,NA,NA,NA,NA,NA,NA,NA,NA,NA,NA,NA,NA,NA,NA,NA,NA,NA,NA,NA,NA,NA,NA,NA,NA,NA,NA,NA,NA,NA,NA,NA,NA,NA,NA,NA,NA,NA,NA,NA,NA,NA,NA,NA,NA,NA,NA,NA,NA,NA,NA,NA,NA,NA,NA,NA,NA,NA,NA,NA,NA,NA,NA,NA,NA,NA,NA,NA,NA,NA,NA,NA,NA,NA,NA,NA,NA,NA,NA,NA,NA,NA,NA,NA,NA,NA,NA,NA,NA,NA,NA,NA,NA,NA,NA,NA,NA,NA,NA,NA,NA,NA,NA,NA,NA,NA,NA,NA,NA,NA,NA,NA,NA,NA,NA,NA,NA,NA,NA,3,NA,3,4,NA,4,3,4,4
2,2,2,1,1,1,2,1,2,2,1,1,1,1,2,2,3,1,1,2,1,2,2,3,3,2,1,2,2,1,2,4,3,1,3,4,1,2,1,1,1,2,3,3,2,1,1,1,3,3,1,4,2,3,3,1,2,2,1,1,1,3,2,2,3,2,2,2,1,2,1,3,3,2,1,1,2,2,1,1,1,1,2,1,2,2,2,1,2,2,2,2,2,2,1,1,2,1,2,1,2,2,1,2,2,1,2,1,3,2,2,3,1,1,2,3,1,2,1,2,1,2,1,2,2,3,2,2,2,3,3,2,2,2,3,2,2,2,2,2,3,3,1,2,2,1,2,3,2,3,2,2,4,4,2,2,2,2,2,2,1,1,3,2,2,1,4,1,2,1,2,3,2,3,2,4,3,2,2,2,2,1,2,2,2,2,2,2,2,2,3,3,3,2,2,2,2,2,3,2,1,2,2,2,2,2,2,2,1,2,2,2,2,2,2,2,2,1,1,2,1,2,1,1,1,3,2,2,1,1,2,2,1,2,1,2,1,2,2,2,1,2,1,2,2,3,2,1,3,1,2,2,1,2,3,1,1,1,2,1,2,2,1,2,1,2,1,2
4,3,2,1,4,5,4,5,2,3,4,5,4,3,2,2,2,2,3,5,5,5,3,2,NA,3,4,4,3,2,4,2,1,1,1,4,1,3,4,3,3,4,2,3,1,1,1,6,6,6,2,3,4,3,NA,2,4,6,3,5,3,1,3,3,3,3,4,4,4,2,2,2,5,5,5,1,1,2,3,4,3,3,2,1,2,3,3,3,4,5,5,5,4,3,3,4,3,3,4,3,2,5,3,2,4,2,3,3,3,5,2,2,2,3,5,4,5,4,3,2,2,2,2,3,4,5,6,6,6,4,2,2,3,4,5,4,3,2,2,2,3,4,5,4,3,3,3,3,2,3,5,5,3,2,3,2,2,2,5,5,5,2,2,2,4,4,4,3,3,3,5,5,5,1,1,1,2,3,4,5,4,4,5,5,3,5,3,2,3,5,2,2,4,4,4,3,2,4,3,4,2,4,3,3,5,3,NA,6,2,2,1,2,4,3,3,4,5,3,4,2,1,2,1,1,2,1,1,2,1,1,2,6,6,5,6,6,5,6,6,5,3,3,3,3,3,3,3,1,1,2,1,1,2,1,1,2,3,3,4,4,4,3,3,4,2,5,3,3
1,3,4,4,3,3,3,3,3,3,1,1,1,1,1,1,1,1,5,5,5,5,5,5,5,5,5,3,3,3,3,3,3,3,3,3,4,4,4,2,2,2,2,2,2,2,2,3,3,3,3,4,4,4,4,4,4,4,4,4,4,3,3,3,3,3,3,3,3,3,4,4,4,2,2,2,2,2,2,2,2,2,2,2,2,2,2,2,2,2,2,2,2,5,5,5,5,5,5,5,5,5,5,3,3,3,3,3,3,NA,4,3,3,3,5,5,5,4,4,2,4,3,2,3,4,3,2,5,4,4,4,6,4,4,4,4,4,4,3,3,4,3,3,2,2,2,1,1,NA,1,6,6,6,6,6,6,6,6,6,2,2,2,2,3,2,3,3,2,2,3,2,2,2,2,NA,5,5,5,5,5,5,5,5,5,5,5,5,5,5,4,1,1,1,1,6,6,6,6,6,6,6,6,6,6,6,4,4,4,4,4,4,4,4,4,4,4,2,3,2,2,5,2,5,1,1,5,1,1,1,3,2,2,2,2,4,2,4,4,4,4,4,2,2,2,2,2,2,4,4,4,4,4,4,4,4,4,4,2,3,NA,4,4,2,2,3,4,5,6
5,3,6,5,4,5,6,4,5,6,2,4,1,1,1,4,6,3,2,5,2,2,3,6,6,3,2,5,3,1,6,6,6,1,6,6,3,5,2,1,3,6,6,5,4,3,3,4,6,2,4,6,2,6,6,5,1,2,1,2,2,1,2,4,3,4,3,2,1,1,1,1,5,3,4,1,6,5,1,1,1,1,1,1,5,6,5,3,1,5,3,5,6,2,1,4,3,1,2,1,1,3,1,1,1,1,1,1,6,5,4,4,3,1,2,3,2,1,1,1,1,1,1,1,1,1,NA,NA,NA,NA,NA,NA,NA,NA,NA,NA,NA,NA,NA,NA,NA,NA,NA,NA,NA,NA,NA,NA,NA,NA,NA,NA,NA,NA,NA,NA,NA,NA,NA,NA,NA,NA,NA,NA,NA,NA,NA,NA,NA,NA,NA,NA,NA,NA,NA,NA,NA,NA,NA,NA,NA,NA,NA,NA,NA,NA,NA,NA,NA,NA,NA,NA,NA,NA,NA,NA,NA,NA,NA,NA,NA,NA,NA,NA,NA,NA,NA,NA,NA,NA,NA,NA,NA,NA,NA,NA,NA,NA,NA,NA,NA,NA,NA,NA,NA,NA,NA,NA,NA,NA,NA,NA,NA,NA,1,4,1,1,2,4,1,2,1,2,3,2,1,1,4,1,3,2,1,1,4,1,1,1,4,2,4,5,2,4,2,3,1,1
3,5,5,4,4,3,2,4,5,5,4,2,4,3,3,3,6,5,5,5,5,5,3,6,6,2,3,4,3,4,2,3,4,5,6,6,1,2,4,3,3,2,4,3,3,3,2,4,4,4,4,4,4,4,3,3,3,5,2,2,4,3,4,5,5,4,4,4,4,5,4,2,5,5,4,6,4,5,5,4,3,3,4,4,4,5,4,3,3,5,4,4,3,4,5,6,5,4,3,2,2,4,4,5,5,4,4,4,4,4,3,3,3,3,2,NA,4,5,4,5,5,4,3,3,3,4,3,4,3,4,3,4,3,4,3,3,4,5,5,5,5,5,4,5,5,4,5,6,5,6,6,5,4,5,5,5,4,5,NA,5,3,2,3,5,5,5,4,4,4,5,4,5,4,4,3,3,3,3,5,4,5,4,5,4,5,4,5,4,5,4,5,4,5,5,5,4,4,4,4,5,5,5,5,5,4,4,4,4,5,4,5,4,5,4,4,3,4,4,5,4,5,4,5,4,5,4,5,5,4,4,5,4,4,4,4,5,5,4,5,5,4,4,3,3,4,4,4,4,3,4,3,4,4,5,5,4,4,4,5,5,5,5,5,4,4,3,3,3
