"decides","flew","grandfather","canon","weakness","eleven","accompanied","discusses","similarities","fountain","bless","brook","specializing","muscular","composed","burns","sponsorship","activated","queue","dude","backed","tolerate","bash","deciding","ape","storyline","missiles","messed","spake","abstracts","simplest","lucid","bicycle","khan","shifted","grind","wore","nerve","blessed","obtaining","kicks","courage","cynical","estimates","moose","borne","tempted","extensively","increasingly","rumor","recover","player's","jury","clockwork","presidents","incorporate","traditionally","compliant","raped","petty","locking","sanctions","additionally","allegedly","insure","deaf","sensation","ours","intentionally","ruby","treats","lap","hereby","owns","prominent","sweep","tactical","pressures","fatal","pornography","norm","mortal","computation","satisfy","precursor","packing","socially","asset","reinstall","consuming","feminism","standpoint","relatives","lastly","plaza","agricultural","relevance","attitudes","cite","pockets","shed","electromagnetic","peninsula","basalt","excuses","mystic","applause","arrange","surrounded","bogus","veterans","achievement","enlightened","priced","succeeded","morally","viewpoint","slaves","coordinates","cookie","occurring","sterling","bites","dressing","potentially","arbor","boiling","holidays","illustrate","chunk","complained","commercials","barge","habits","palm","erection","guild","counted","depressed","dough","wombat","halfway","elementary","backward","grasp","tear","crushed","dramatic","hassle","demons","folders","toss","ghosts","plates","maiden","controversial","zoo","mature","meal","enchantment","filtering","suspension","hiring","tourist","generous","sexually","rig","sap","prophet","solving","ministers","violates","paths","psi","laboratories","bean","pioneer","compute","subsidies","slipped","deemed","billions","affiliation","trailer","discharge","minus","smallest","elephant","liability","warn","template","drama","raven","logging","extends","accent","sunglasses","spray","reservations","distributors","provision","panic","spy","photographs","philosophical","joystick","sponsors","beside","wrestling","wished","miracle","pertaining","lurking","scales","tale","secondly","chamber","regime","clinic","directors","perceive","stroke","hoped","noises","carbon","offset","irrational","stupidity","pierce","loyal","proposing","spouse","affirmative","anal","exotic","captured","apology","deserved","interpreter","shaped","notably","significance","shining","fever","geometry","builds","bayou","lieutenant","stellar","seizure"
1,1,1,1,1,1,3,4,1,3,1,1,1,4,2,2,5,2,6,2,4,6,1,1,1,1,6,2,6,1,1,1,6,2,6,1,5,3,1,1,6,1,1,4,6,1,1,1,4,2,1,1,1,1,1,3,6,1,5,1,1,4,6,1,6,4,5,5,4,1,5,1,6,1,1,3,3,1,2,1,1,1,4,2,6,1,6,1,2,1,1,1,2,1,1,1,1,1,6,1,6,1,1,2,3,1,2,6,1,1,3,5,5,1,6,6,2,2,5,1,2,1,2,1,1,6,1,1,5,6,3,5,6,1,1,4,5,4,1,6,1,5,1,1,1,1,6,1,3,5,1,1,1,5,6,6,1,6,4,5,3,2,1,1,3,1,1,1,6,1,1,6,5,6,1,6,4,6,6,6,3,1,3,2,3,1,1,4,1,1,2,1,1,1,1,6,1,4,5,1,1,1,5,6,6,1,1,3,3,4,2,1,1,3,3,1,6,6,1,1,6,3,1,1,1,1,5,1,1,1,1,6,1,5,1,1,4,4,1,6,1,2,6,3,5,6,6,6,1,5
2,1,1,1,2,2,2,1,1,3,1,1,5,2,2,1,2,1,6,2,2,3,1,3,2,1,6,3,3,2,4,4,5,4,2,2,2,3,4,3,1,4,6,2,1,3,3,4,6,3,2,2,2,3,4,4,6,4,3,2,3,5,6,4,4,4,4,3,5,2,3,1,3,2,4,2,3,3,2,5,2,1,4,2,3,2,4,2,3,2,3,2,3,2,2,3,3,2,1,1,1,4,5,2,3,5,4,2,4,1,2,4,6,3,5,1,2,3,2,1,3,2,2,1,5,1,3,2,3,1,3,2,3,1,1,3,3,2,2,6,1,2,1,1,1,3,3,3,4,2,1,1,6,3,3,6,1,3,2,1,2,4,3,3,3,4,1,1,5,1,2,3,1,4,2,2,3,3,1,3,3,1,3,2,1,3,1,4,3,1,2,1,2,1,5,5,1,1,4,3,3,1,1,6,6,1,2,3,6,3,4,3,1,3,4,2,3,6,1,1,6,2,3,3,1,1,5,2,4,2,3,4,3,3,5,2,3,5,2,2,1,3,3,1,2,3,4,4,2,4
3,1,2,1,1,3,2,1,2,2,1,1,2,2,1,1,1,1,6,6,1,1,1,1,6,1,1,1,4,2,1,4,1,6,1,1,1,1,1,1,1,3,5,1,1,5,3,2,2,1,1,1,3,1,1,1,1,2,5,2,1,3,1,1,1,1,1,1,1,1,2,1,1,1,1,2,1,1,1,3,1,1,1,1,1,1,2,3,1,1,2,1,1,1,1,1,1,1,1,1,1,1,4,6,1,4,1,1,1,2,1,1,2,1,3,1,1,1,1,4,1,1,1,1,1,4,3,1,1,1,1,1,6,1,1,2,4,1,1,6,5,1,1,1,2,1,1,1,1,1,1,1,4,1,2,2,1,1,1,1,1,1,2,2,1,3,1,1,4,1,1,1,1,6,2,1,1,2,4,1,4,3,2,1,1,1,1,6,2,1,1,1,1,1,1,1,1,1,1,1,3,1,6,6,3,1,1,1,3,2,2,2,3,2,1,2,1,1,1,1,1,1,1,2,1,1,1,1,2,1,1,1,1,1,6,1,2,1,3,2,2,2,2,1,2,3,6,5,1,6
3,1,2,1,2,3,3,2,1,2,1,1,3,3,1,1,2,2,6,2,1,2,1,3,1,1,4,2,1,2,2,3,2,4,1,1,1,1,1,2,1,2,2,2,1,2,1,2,2,1,2,1,1,2,1,2,2,1,3,2,2,2,1,3,2,1,1,1,2,2,1,1,2,1,3,1,2,2,4,2,1,2,2,2,3,2,3,2,2,1,1,1,3,1,2,1,2,1,1,1,2,2,3,2,3,2,3,3,2,3,2,4,2,3,2,1,1,3,1,1,3,2,1,1,1,2,2,2,2,1,1,4,3,1,1,3,2,2,3,1,2,1,2,1,2,3,1,3,2,2,1,1,2,1,2,2,1,2,1,2,1,2,2,4,2,1,1,1,3,2,1,1,2,6,3,1,2,4,3,2,1,1,2,1,1,3,1,2,2,1,2,1,2,2,1,1,1,1,2,2,1,2,3,1,4,2,2,1,2,1,2,3,2,1,1,2,3,6,2,1,2,1,2,2,1,1,2,2,3,1,2,1,2,3,2,1,1,2,2,2,2,3,3,2,1,2,5,5,2,4
2,2,2,2,2,2,1,2,1,1,1,1,3,2,2,1,2,2,6,1,1,1,1,1,1,1,1,1,1,1,1,6,6,6,1,1,1,1,1,1,1,6,6,1,5,6,5,4,4,1,1,1,1,1,1,1,1,1,1,1,1,4,1,1,1,1,1,1,1,1,1,1,5,1,1,1,1,1,1,1,1,1,3,1,1,1,1,1,1,1,1,1,1,1,1,1,5,1,5,1,1,5,4,5,1,1,1,1,1,1,1,1,1,1,5,1,1,1,5,1,1,1,1,1,1,4,1,1,1,1,1,1,1,1,6,3,5,1,1,6,5,1,1,1,1,4,1,1,1,1,1,1,6,1,1,4,1,1,1,5,4,1,1,1,1,1,1,1,5,1,1,1,1,6,3,1,1,1,3,1,1,1,1,1,1,1,1,4,1,1,1,1,1,1,3,4,2,1,1,1,1,1,1,1,5,1,3,1,5,2,2,1,2,1,1,1,1,6,1,1,1,1,1,1,1,1,1,1,1,1,1,1,1,1,1,1,2,1,3,1,1,4,1,1,3,1,5,5,1,5
2,2,3,2,3,1,3,2,3,4,1,1,4,5,2,1,3,4,6,1,1,3,1,3,2,3,4,3,2,3,3,3,4,2,3,2,4,3,2,3,1,4,4,3,3,2,4,4,4,3,2,3,2,3,2,3,4,4,2,1,2,3,3,3,2,2,2,3,3,2,2,1,3,1,3,2,3,3,2,4,2,2,3,2,4,2,3,3,4,3,2,3,3,2,1,4,4,3,2,2,2,5,5,5,3,4,4,3,3,3,3,4,4,3,3,3,2,2,4,2,3,3,2,3,3,2,2,3,2,2,3,4,2,3,1,4,4,3,3,4,4,3,4,3,2,2,3,4,2,2,2,1,3,3,3,4,1,3,1,4,4,4,3,5,3,3,1,1,3,3,3,4,1,1,4,1,3,3,4,3,3,4,4,3,4,2,3,3,4,1,3,2,2,3,3,4,3,2,3,4,3,2,1,3,5,5,3,3,4,3,4,4,4,3,2,3,3,5,3,4,3,3,3,3,3,3,4,3,4,3,3,4,4,2,4,3,3,3,4,3,3,4,3,2,3,3,5,5,3,4
2,2,1,1,1,1,1,1,1,1,1,1,3,1,3,1,1,2,6,3,2,1,1,1,2,1,3,1,3,1,1,2,2,2,1,1,2,2,1,1,1,3,1,2,1,2,1,1,1,1,1,1,1,1,1,2,2,1,1,1,1,2,2,1,2,4,2,3,2,1,2,1,3,2,1,1,1,2,2,1,1,1,1,1,2,1,3,1,1,1,1,1,2,1,1,2,2,2,2,1,1,1,1,1,2,1,3,2,1,1,1,2,6,2,4,1,3,1,3,2,2,1,2,1,2,1,1,1,2,1,2,3,3,1,1,2,4,1,1,6,1,1,1,1,1,1,2,1,3,1,1,1,3,2,1,2,1,2,1,1,1,2,1,3,3,3,1,1,1,1,1,2,1,2,3,3,1,2,2,1,2,1,2,1,3,1,1,2,1,1,2,1,2,1,1,1,1,1,2,1,2,1,1,2,3,1,2,2,3,2,2,1,1,2,2,1,1,1,1,1,2,2,2,2,1,1,2,1,1,1,1,4,1,1,1,3,1,2,1,2,1,3,1,1,1,3,3,6,1,5
5,1,6,2,5,1,6,5,5,1,1,1,6,3,1,1,6,2,1,1,1,6,1,4,1,6,1,1,1,6,6,2,6,1,1,1,1,1,4,6,1,6,6,6,1,1,6,6,6,1,6,6,1,6,6,6,6,2,1,1,4,6,6,6,4,1,5,2,6,2,3,1,6,2,4,1,6,6,3,6,1,3,6,5,6,1,5,2,6,6,6,6,6,2,5,6,3,3,2,2,1,6,6,6,4,4,3,3,5,2,6,6,2,2,6,3,6,2,6,4,5,6,2,3,6,1,3,6,6,2,4,6,2,6,1,3,2,6,6,1,2,6,6,6,1,1,3,6,2,6,3,1,4,2,6,6,1,6,2,6,6,6,6,4,6,6,1,1,5,4,6,5,1,6,6,1,6,2,6,2,3,6,6,2,6,5,3,6,6,1,6,1,1,2,5,5,6,2,6,6,6,2,1,6,6,5,6,6,4,2,6,6,4,2,1,6,5,6,4,5,6,2,3,5,5,6,6,6,2,2,6,1,6,6,6,3,5,4,6,3,6,6,3,2,6,3,6,6,4,6
2,1,1,1,1,1,1,1,1,2,1,1,2,1,1,1,1,1,4,1,1,1,1,1,1,1,2,1,1,1,2,2,2,2,1,1,1,1,2,2,1,2,2,1,1,2,1,1,1,1,1,1,2,1,1,1,2,1,1,1,1,2,1,1,2,3,1,2,1,1,1,1,3,1,1,1,1,2,1,2,1,1,2,2,1,1,2,1,1,1,1,2,1,1,2,2,1,2,2,1,1,1,1,1,1,1,2,2,2,1,1,2,2,1,2,1,2,1,2,1,1,1,1,1,2,1,2,1,1,1,1,2,1,1,1,2,2,1,1,2,1,1,1,1,1,2,1,1,1,1,1,1,2,1,1,2,1,3,2,1,1,2,1,2,1,1,1,1,3,1,1,1,1,4,1,1,1,1,2,1,1,2,1,1,1,1,1,3,1,1,1,1,1,1,1,3,1,1,1,2,2,1,2,2,2,1,1,1,3,1,1,1,1,1,1,1,1,3,1,1,2,1,1,1,1,1,3,1,2,1,1,2,1,1,1,2,2,1,1,2,2,2,1,1,2,1,3,3,1,4
3,1,1,1,4,1,3,1,2,4,1,4,5,1,2,1,2,1,6,4,1,2,2,5,6,3,4,5,6,1,1,4,5,2,1,2,1,1,1,4,1,6,5,3,3,1,1,1,3,1,1,1,1,1,1,1,2,3,4,1,1,3,3,2,3,3,4,6,4,3,6,1,4,3,1,3,1,1,3,2,1,1,3,2,1,1,3,1,3,3,1,2,1,1,1,1,1,1,3,1,3,1,1,1,3,1,3,5,6,5,4,6,6,5,6,2,6,5,5,4,1,1,4,1,4,5,6,1,3,4,5,6,5,1,3,4,1,4,1,4,1,1,2,3,1,4,6,1,5,4,3,1,6,5,5,2,4,4,5,3,1,3,4,2,3,3,1,1,4,1,1,4,5,6,6,5,3,5,4,3,5,1,5,1,6,2,2,5,3,3,3,2,2,1,1,3,1,1,3,2,3,1,2,6,6,1,1,3,3,5,3,6,1,3,2,1,3,3,1,1,5,4,4,6,5,1,5,3,6,1,3,4,1,2,1,3,3,3,1,5,5,5,6,3,2,1,6,6,2,6
2,3,1,3,2,1,1,1,1,2,1,1,2,1,1,1,2,2,6,1,1,2,1,1,1,2,2,1,1,1,1,1,3,5,1,1,1,2,1,2,1,1,4,1,1,1,1,2,2,1,1,1,1,1,2,2,3,2,1,1,1,1,1,3,1,1,1,1,1,1,1,1,2,1,1,1,1,1,1,2,1,1,2,1,1,1,1,1,6,1,1,1,1,1,1,2,2,2,3,1,1,2,2,1,2,5,1,1,1,1,1,2,1,1,1,1,1,1,1,1,1,1,1,1,1,3,1,1,2,NA,1,1,1,1,1,1,1,1,1,1,2,1,1,1,1,1,2,1,2,1,1,1,1,1,3,5,1,1,1,1,1,1,1,3,1,1,1,1,3,1,1,1,1,1,3,1,3,1,5,1,1,1,1,1,1,1,1,1,1,1,1,1,1,1,1,3,1,1,2,2,3,1,3,1,2,1,1,3,4,1,2,1,3,2,1,1,2,1,1,2,2,1,2,1,3,1,1,2,2,2,1,3,1,1,1,1,1,1,1,1,1,1,1,1,2,1,6,6,1,3
4,1,1,1,2,1,2,3,2,1,1,1,4,2,1,1,1,1,6,1,1,1,1,4,1,1,3,1,2,1,2,5,6,6,1,2,1,1,2,2,1,3,6,3,1,1,3,3,5,3,1,NA,2,1,1,1,4,2,3,1,1,5,5,5,2,2,4,1,5,1,1,1,3,1,2,1,1,2,1,5,1,1,5,2,2,1,5,1,4,3,4,1,2,NA,2,1,3,1,6,1,1,2,1,5,4,3,2,4,1,3,1,6,5,5,6,1,1,2,1,1,1,2,1,1,5,2,3,1,2,5,2,5,1,1,1,6,3,1,1,6,1,1,1,1,1,3,1,1,1,2,1,1,5,1,3,6,1,2,1,5,2,5,2,1,2,1,1,1,6,2,1,3,3,6,2,1,4,1,2,1,3,2,6,2,6,2,1,3,2,1,1,1,1,1,1,4,1,1,6,2,1,1,1,5,5,1,1,3,6,5,3,3,1,3,1,3,3,6,1,2,3,1,3,2,1,1,6,1,5,2,2,1,NA,1,1,2,6,2,1,3,2,5,2,1,2,2,6,6,1,5
2,5,1,2,4,3,2,3,3,2,1,5,3,2,3,1,3,2,6,1,NA,3,1,NA,5,1,2,3,6,3,4,3,2,4,3,2,1,3,2,3,2,2,5,2,3,2,3,4,3,2,2,4,2,1,1,4,2,4,3,3,2,2,3,4,2,4,2,2,1,3,2,1,3,2,4,2,4,3,2,4,2,1,4,3,4,1,2,3,2,3,4,2,3,2,4,3,4,2,4,4,2,5,4,6,6,6,3,3,4,2,3,4,4,2,3,2,3,2,4,2,3,2,1,4,2,3,2,3,2,3,4,2,4,2,4,3,5,3,2,5,6,1,3,1,5,1,2,3,5,2,3,1,4,1,2,4,1,2,1,5,3,4,2,2,4,3,1,2,4,3,2,4,2,6,4,1,4,2,6,3,2,2,2,1,3,1,1,5,2,1,3,2,1,3,2,6,1,1,3,4,2,3,1,3,6,1,2,2,5,5,2,1,1,2,3,2,2,6,1,1,2,1,5,2,3,1,2,3,5,1,3,2,2,3,4,2,3,2,3,2,4,3,4,2,6,3,6,3,3,6
1,1,1,1,1,1,1,2,2,3,1,2,1,1,2,1,1,2,6,1,1,2,1,1,2,1,4,1,1,3,2,1,2,4,1,1,3,2,1,1,1,2,3,2,1,1,1,2,2,1,1,3,2,1,1,2,2,1,2,1,1,2,3,4,2,1,2,4,2,1,1,1,2,1,1,1,1,2,1,2,1,1,1,1,2,1,2,1,1,1,2,1,2,1,1,3,2,1,1,1,1,5,3,1,3,2,1,1,1,2,1,3,2,1,1,1,1,1,3,1,2,1,1,1,1,2,1,1,1,1,2,1,1,1,1,3,1,1,1,6,2,1,2,1,1,2,1,1,2,1,2,1,3,1,1,1,1,3,1,2,1,2,1,3,2,1,1,1,3,1,1,2,1,1,3,1,1,1,1,1,1,1,1,1,2,1,2,1,1,1,1,1,1,2,2,1,2,1,2,2,1,1,1,3,4,1,1,1,2,1,1,1,1,1,1,3,2,4,1,1,2,1,1,1,1,1,1,1,1,1,2,3,3,1,1,1,2,1,2,1,3,3,1,1,1,1,6,6,2,3
2,3,2,2,3,1,2,2,3,3,1,2,3,2,2,2,2,2,5,3,2,2,1,2,3,2,3,2,2,3,2,2,3,2,2,2,3,2,3,3,2,3,3,3,2,3,3,2,2,2,2,2,2,3,3,3,3,2,2,1,2,2,3,3,3,3,3,2,3,2,3,1,3,2,3,1,2,3,2,2,1,1,2,2,2,2,2,1,2,2,2,2,2,1,1,2,2,2,2,1,1,2,1,2,2,1,3,2,2,1,2,2,2,2,2,1,1,2,2,2,3,2,2,3,3,1,2,1,2,1,2,2,2,1,1,2,3,2,2,3,3,2,1,1,2,3,2,2,2,1,2,1,3,2,2,3,1,2,3,2,2,2,2,3,3,2,1,1,2,1,2,2,1,4,3,3,2,2,2,2,2,2,2,2,2,2,1,2,2,1,2,1,2,2,2,2,1,1,2,2,2,1,1,2,2,1,2,2,2,2,2,2,2,2,2,1,2,3,1,2,2,2,2,1,2,1,2,1,2,2,1,2,2,2,1,2,2,2,2,2,2,2,2,2,2,3,3,3,2,3
3,2,3,5,3,4,5,4,2,4,5,5,2,2,3,2,4,4,3,NA,2,2,5,3,3,5,5,2,2,3,5,4,1,1,2,4,4,4,2,2,3,4,4,5,2,3,5,1,2,4,4,2,4,5,2,3,4,3,1,2,3,5,4,4,2,3,4,4,4,3,2,3,4,5,4,2,2,NA,3,3,4,3,2,3,4,5,3,3,4,6,5,4,2,2,4,4,2,3,4,3,4,4,1,2,3,4,5,2,2,3,5,5,4,2,3,6,6,5,NA,2,4,2,5,4,2,2,4,3,4,5,2,3,6,5,2,3,4,3,2,3,4,4,3,4,5,5,4,2,3,3,4,2,3,4,5,3,1,2,3,3,3,4,5,2,2,3,4,5,2,3,3,4,5,2,2,3,5,5,4,2,3,4,5,2,2,3,5,4,2,3,5,3,4,5,3,5,2,3,6,5,4,2,4,5,4,2,3,5,4,2,3,4,5,2,3,4,5,2,3,4,2,3,4,5,3,2,3,4,2,3,5,3,3,4,5,2,3,4,5,4,2,3,4,5,2,3,4,2,3,4
1,1,1,3,3,2,1,1,2,1,1,1,3,2,1,4,2,2,6,4,4,3,1,1,3,1,1,2,1,1,1,1,4,3,1,2,3,1,3,1,3,4,3,4,4,6,2,2,3,3,3,5,5,4,3,1,3,2,5,4,2,1,2,2,1,5,2,6,3,3,5,1,3,4,3,2,2,4,5,4,3,2,2,2,3,2,5,2,1,2,2,3,4,2,2,2,2,2,3,2,2,2,4,5,3,5,2,5,2,2,2,5,3,2,2,2,4,2,3,3,2,3,2,2,2,2,4,4,4,2,5,2,5,2,5,2,6,5,2,6,3,4,1,3,2,2,5,2,1,4,2,3,5,4,5,2,1,2,3,4,3,2,4,4,2,2,3,1,6,2,2,4,3,4,2,3,2,3,4,5,2,3,3,4,3,2,4,5,2,4,2,2,4,2,2,6,2,5,2,2,4,3,5,5,5,3,2,3,3,4,3,2,3,4,2,2,3,5,3,2,2,2,2,2,2,2,2,2,4,2,2,4,3,3,2,2,4,3,2,5,3,3,3,2,4,4,6,5,2,4
3,2,1,2,1,3,4,1,5,3,2,1,1,3,1,1,2,2,6,5,1,1,1,2,2,1,5,2,4,5,2,1,3,6,3,5,5,3,4,1,3,4,1,1,3,3,1,1,1,1,1,2,3,2,1,1,2,1,4,2,1,3,2,2,1,5,6,4,2,2,1,1,1,3,1,2,2,1,4,5,1,2,2,1,1,1,2,1,2,1,2,1,1,1,2,1,2,1,5,1,4,2,2,3,1,1,4,5,1,1,1,2,1,2,6,3,2,1,5,2,2,1,4,2,4,2,1,1,1,2,2,2,2,1,4,2,6,1,1,5,1,1,1,1,1,2,2,1,4,1,1,1,2,1,3,4,1,1,2,1,2,1,6,1,2,5,1,1,3,1,1,4,1,6,3,2,6,1,6,3,5,4,2,1,1,1,2,2,4,2,1,3,1,1,1,4,2,1,2,2,1,1,2,3,6,1,1,1,4,1,2,1,1,2,3,1,1,6,2,1,3,1,4,3,1,1,1,1,4,1,1,2,2,1,4,1,5,1,1,1,5,4,4,1,6,1,6,6,1,5
1,1,1,1,1,1,2,1,1,3,1,2,2,2,2,1,1,2,4,2,1,2,1,1,1,1,3,1,2,2,1,2,1,2,1,1,2,1,1,2,1,3,3,2,1,1,1,2,2,1,1,1,1,1,1,2,3,2,2,1,1,3,3,2,1,2,3,2,3,2,1,1,2,1,1,1,1,2,2,2,1,1,3,1,4,1,4,1,1,2,2,1,1,1,1,2,1,2,2,1,1,2,2,1,2,2,1,2,1,1,1,2,2,2,1,1,1,1,2,1,2,1,2,1,4,1,1,2,2,1,1,3,1,1,1,3,1,1,1,4,1,3,2,1,1,2,2,1,1,2,2,1,2,2,2,3,1,2,1,1,1,3,2,1,2,2,1,1,1,1,1,2,1,5,2,1,1,2,2,1,2,1,3,1,2,1,1,2,1,1,1,1,2,1,1,2,1,1,3,2,3,1,2,2,2,1,1,1,1,1,1,2,2,1,1,1,2,4,1,1,2,1,1,2,1,1,3,2,2,1,2,2,2,2,1,3,1,1,2,2,1,2,3,1,1,1,4,5,1,2
1,2,3,4,5,6,5,4,3,2,1,2,3,NA,4,5,6,5,3,4,2,2,6,2,1,2,4,3,3,3,5,2,5,1,2,3,2,3,3,4,4,3,3,2,2,3,4,4,3,3,6,3,NA,3,1,2,3,4,5,6,5,4,3,2,2,2,2,3,3,5,4,3,1,4,4,1,2,3,4,5,6,5,4,3,2,1,1,2,3,4,5,6,5,4,3,2,1,4,4,5,2,4,4,3,3,2,2,3,3,3,3,2,6,3,2,NA,3,4,3,5,6,6,5,4,3,3,2,1,2,2,1,1,2,3,4,5,6,6,4,4,3,1,1,1,2,3,4,5,6,5,4,3,2,1,2,3,4,5,6,6,5,4,3,2,1,2,3,4,5,6,5,4,3,2,1,2,3,4,4,3,2,1,1,2,3,4,5,NA,6,5,4,3,2,1,1,2,2,3,NA,3,3,4,NA,4,4,3,2,2,3,3,4,4,3,2,1,2,3,4,5,6,5,4,3,2,1,2,3,4,5,6,6,6,5,3,4,3,4,2,4,6,3,4,3,2,4,3,4,4,3,2
2,1,1,1,1,1,1,1,1,2,1,1,3,1,1,1,2,1,5,1,1,1,1,2,1,1,1,1,1,1,2,3,3,4,1,1,1,1,1,1,1,3,6,1,2,2,1,1,1,1,1,1,2,1,1,1,2,1,1,1,1,2,1,2,2,1,2,2,2,1,1,1,1,1,1,1,1,2,1,3,1,1,1,1,1,1,2,1,1,1,2,1,1,1,1,1,1,1,3,1,1,1,1,1,1,1,2,1,1,1,1,2,2,1,2,1,1,1,1,1,1,1,1,1,2,2,1,1,1,1,1,3,1,1,1,1,1,1,1,4,1,1,1,1,1,2,1,1,1,1,1,1,3,1,2,2,1,1,1,1,1,2,1,2,1,1,1,1,4,1,1,1,1,6,1,1,1,1,1,1,1,1,1,1,1,1,1,3,1,1,1,1,1,1,1,1,1,1,1,1,1,1,1,1,1,1,1,1,1,1,1,1,1,1,1,1,1,2,1,1,2,1,1,1,1,1,1,1,3,1,1,1,1,1,1,1,1,1,1,1,1,1,1,1,1,1,6,4,1,3
3,2,2,1,2,1,2,1,3,2,1,1,2,2,1,1,2,3,5,3,2,2,3,1,2,1,2,2,2,1,1,3,4,5,3,1,2,2,1,1,1,3,5,3,2,2,1,2,2,1,1,2,1,1,1,2,1,1,1,1,2,1,3,4,2,2,1,3,2,1,2,1,3,2,1,1,1,3,1,3,1,1,3,1,1,1,3,1,2,1,2,1,1,1,1,4,2,2,3,1,1,3,1,1,3,2,3,2,4,1,1,4,3,2,4,1,2,1,3,2,2,1,1,1,1,1,2,1,1,1,2,2,3,1,1,2,4,2,1,6,1,3,1,1,1,3,2,1,3,1,1,1,2,2,1,3,1,2,2,3,1,1,2,3,2,2,1,1,4,3,1,1,2,5,2,1,1,1,2,1,1,1,3,1,3,1,2,4,1,1,2,1,1,1,1,1,1,1,1,2,1,1,1,3,3,1,1,1,5,1,2,2,1,2,2,1,2,3,1,1,4,2,2,2,1,1,3,1,1,1,2,3,1,1,1,2,2,2,1,2,1,1,2,1,3,3,6,4,1,6
4,2,1,1,1,2,3,2,3,4,1,3,5,3,4,2,1,3,6,4,3,3,1,4,5,5,5,5,4,1,1,3,4,2,3,2,3,3,3,5,2,4,4,3,4,4,3,3,4,3,2,5,4,1,1,3,4,4,4,3,4,3,4,3,4,3,4,3,4,3,5,2,5,4,3,3,1,4,2,5,1,1,3,2,3,3,4,3,3,2,2,3,3,2,2,4,4,NA,3,2,1,1,2,2,3,4,4,4,4,3,2,3,5,4,5,3,4,3,5,4,3,2,2,3,4,2,3,3,4,3,4,5,5,1,1,2,4,4,2,5,3,3,2,1,1,2,2,2,3,4,2,1,4,3,4,5,4,4,3,2,3,3,3,4,5,4,1,1,5,3,3,4,3,6,4,3,4,4,5,3,4,4,3,5,4,2,2,6,3,2,3,1,2,3,2,6,NA,3,3,4,4,2,5,6,6,4,2,3,3,3,4,4,4,2,3,3,2,5,1,1,5,3,4,5,1,1,4,3,5,4,3,5,4,4,2,3,3,3,2,3,3,5,3,3,4,4,6,6,3,6
2,1,1,1,2,1,2,2,1,2,1,2,2,2,1,1,1,2,5,1,1,1,1,2,1,1,3,1,4,1,2,1,3,4,1,1,2,1,1,1,1,3,2,1,2,4,1,2,1,2,2,2,2,1,1,1,3,1,1,2,1,1,3,1,1,1,3,2,2,1,1,1,2,3,1,1,1,1,1,1,1,1,1,1,2,2,2,3,1,1,1,1,1,1,1,2,2,3,2,1,1,2,1,3,3,2,3,1,2,2,2,4,2,1,1,1,1,1,2,1,2,1,1,1,2,1,2,1,2,1,1,1,1,1,4,2,3,2,1,5,2,1,1,1,1,2,1,1,1,1,2,1,4,1,1,1,1,2,2,1,1,2,2,2,1,1,1,1,2,1,1,1,1,6,1,1,2,1,2,1,1,1,1,1,1,2,1,2,1,1,1,1,1,1,1,3,1,1,1,2,2,1,1,1,2,1,1,1,3,2,1,1,2,1,1,1,1,4,1,1,2,1,1,1,2,1,3,1,2,1,1,1,1,2,1,1,1,1,1,1,3,1,1,1,2,4,6,3,1,5
2,1,1,1,1,2,2,2,2,2,1,1,2,2,1,1,2,2,3,1,1,1,1,2,1,1,2,1,1,2,2,3,3,4,1,1,1,1,1,2,1,3,4,2,1,2,2,2,2,1,1,1,1,1,3,2,2,3,2,1,1,3,3,2,1,1,3,2,3,2,1,1,1,1,2,1,1,2,2,4,1,1,3,2,2,1,2,2,1,2,2,1,1,1,1,2,1,2,1,1,1,3,4,2,3,3,3,2,2,3,2,3,2,1,2,2,1,1,3,1,2,1,1,1,2,1,2,2,3,2,2,3,2,1,1,2,3,1,1,4,2,1,3,2,2,1,1,1,3,2,1,1,4,1,2,2,1,1,1,2,1,2,1,2,3,2,1,1,4,1,1,2,1,4,2,1,2,2,3,1,1,1,3,2,1,1,1,4,2,1,1,1,1,1,3,2,1,1,2,2,2,1,1,3,4,1,NA,1,3,1,1,2,1,1,1,2,2,4,1,2,2,2,2,1,1,1,3,2,3,1,2,2,2,1,3,2,2,2,2,2,2,2,2,2,3,2,6,5,2,3
2,1,1,1,2,1,2,1,2,2,1,1,3,1,1,1,1,1,6,1,1,1,1,1,1,1,1,1,1,1,1,1,4,2,1,1,1,1,1,2,1,2,2,1,1,1,1,1,2,1,1,1,1,1,1,1,1,2,1,1,1,2,2,1,1,3,1,2,3,1,2,1,1,1,1,1,1,3,1,1,1,1,1,1,1,1,3,1,1,1,1,1,1,1,1,1,1,1,1,1,1,1,1,1,1,2,3,2,2,1,1,2,1,1,1,1,1,1,1,2,1,1,1,1,3,1,1,1,1,1,3,3,1,1,1,1,3,2,1,4,1,1,1,1,1,1,2,1,1,1,1,1,1,1,1,3,1,2,2,2,1,2,1,2,2,1,1,1,3,1,1,1,1,5,1,2,2,1,1,1,1,1,1,2,2,1,1,2,1,1,1,1,1,1,1,1,1,1,1,1,1,1,1,1,1,1,1,1,1,1,1,2,1,1,1,1,1,2,1,1,2,1,1,2,1,1,3,1,2,1,1,2,1,1,1,1,1,1,1,1,1,1,1,1,1,2,3,6,1,4
2,1,2,3,2,2,5,1,2,2,1,1,5,2,1,2,1,1,6,2,1,4,3,3,1,1,1,2,1,3,2,2,4,4,2,2,1,1,1,2,1,3,5,2,2,1,2,2,2,1,1,1,1,1,1,1,3,3,1,1,2,4,4,2,2,1,2,2,3,2,3,1,4,1,1,1,1,4,1,1,1,1,5,2,3,1,5,1,2,NA,1,1,3,1,1,4,1,1,3,1,3,4,3,3,2,3,2,1,4,1,1,5,2,1,2,1,1,1,4,2,2,1,1,1,2,1,1,2,2,3,1,4,4,1,1,5,5,2,1,5,5,3,5,2,1,2,5,3,2,1,1,2,4,1,5,5,1,2,2,4,NA,5,5,2,2,4,1,1,3,1,4,2,3,6,2,2,1,2,3,1,2,2,4,5,2,3,1,3,2,1,3,2,1,1,2,4,1,1,3,4,4,1,1,4,5,3,1,2,6,2,1,4,1,1,1,3,3,5,1,1,2,5,2,2,1,2,4,1,3,1,1,4,2,2,1,4,2,1,2,3,4,4,2,1,3,1,6,6,1,4
