"termed","laced","alleviate","nicest","sensing","could've","invade","ambiguity","skeletons","scholarly","sworn","brewery","posing","leaked","tightened","elders","pedals","indications","fellowship","sinking","seniors","apprentice","scenic","inland","synchronization","complications","riches","thirst","sexes","shrimp","enclose","suburb","gnat","expires","clicked","lookout","elevation","laughable","museums","temper","transforming","contests","rampant","sinister","sketch","commissioned","instruct","boredom","counselor","shoved","gravel","persona","gram","implicit","cove","originator","pubic","bouncing","cruiser","whim","theatres","backside","audiences","distinguished","bronco","giggle","corresponds","vie","ambitious","daddy's","drained","stuffing","scouting","occupational","carnage","heartily","foe","beau","balcony","cub","slew","chef","politely","headings","hops","bows","separating","owes","purity","suitcase","finishes","barker","successive","barn","lacked","cruising","elapsed","creep","synthesized","metaphysical","accented","betrayal","avoids","unbiased","grape","claws","soldering","youngsters","thrusting","distract","lax","identities","roleplaying","situated","grips","sorting","tractor","stove","refute","uncut","disposed","borderline","ore","anxious","emerged","stratosphere","respectful","centering","statutes","drunken","separates","squire","fading","hypnosis","collisions","manufacturer's","lyric","favors","fingering","camouflage","prostate","aftermath","transmutation","adultery","quantitative","reconciliation","syllable","localized","gratuitous","rhino","pleading","outlawed","upwards","fluff","cumbersome","pans","tangent","terra","slogans","stalls","distributes","enigma","emergence","sixteen","notoriously","groupie","psycho","deployment","moisture","mailings","privileged","resolving","spoils","positioned","unemployed","professionally","distress","ropes","calculators","violently","shortcomings","seating","transports","breakout","decreasing","sack","untouched","simmer","disagreed","unsuspecting","retention","richer","horseman","devil's","arenas","altering","disguise","parry","subsidize","symptom","constrained","merger","dividing","uphold","ensures","opium","saber","dome","advisors","inspect","cracking","abide","identifies","rightfully","freshman","mead","treason","rails","cactus","honorable","imitation","forgiving","jargon","awakening","shocking","pupil","avid","replication","pesky","bracket","pasture","apologized","truthful","objectionable","bilingual","anomalies","intellect","oranges","tee","archaeology","cougar","chasm","sentient","violin","hypocrite","briefing","anus","drastically","eddy","cooler","surfer"
3,2,2,3,3,3,3,4,4,NA,NA,2,2,1,3,6,5,3,2,1,NA,3,1,4,4,5,5,4,3,2,1,1,4,6,4,3,3,3,2,3,4,4,4,4,3,4,4,3,3,3,4,3,3,4,2,2,1,4,3,3,2,5,3,4,2,3,5,4,4,5,5,4,2,3,2,4,1,3,2,3,6,4,1,2,1,2,4,5,4,2,2,3,2,3,5,3,1,1,4,2,1,NA,4,2,1,2,3,5,4,4,4,2,4,5,4,3,3,2,6,6,5,5,5,4,3,2,5,4,4,2,6,5,4,3,4,1,3,2,5,6,5,5,4,4,4,4,3,3,6,6,4,3,4,4,4,3,3,4,5,3,2,3,2,2,4,3,3,1,2,3,3,2,3,4,2,2,1,2,3,2,3,2,2,2,2,4,4,3,2,4,3,3,1,6,4,3,3,3,4,1,3,3,5,5,3,5,6,5,4,2,2,NA,1,3,4,2,4,4,4,4,2,5,5,4,2,1,1,2,4,5,4,3,4,4,6,4,4,3,2,3,2,2,2,2,1,2,2,1,4,4,5
1,1,1,1,1,1,1,2,1,2,1,2,1,1,3,1,1,1,1,1,1,1,3,1,5,2,1,1,2,1,1,1,5,1,1,1,1,4,3,1,1,1,3,1,1,3,1,1,1,1,1,1,1,2,1,2,1,1,2,3,3,1,NA,2,1,1,2,1,3,1,1,1,1,2,1,2,1,4,2,1,1,1,2,1,1,1,2,2,1,1,2,1,3,1,1,2,1,1,3,4,2,2,2,2,1,1,1,1,2,1,1,1,1,4,1,1,1,1,2,1,1,2,2,4,1,2,1,1,4,1,2,1,1,2,3,4,2,1,1,4,1,1,2,1,1,3,2,1,3,2,1,1,1,1,2,1,2,1,1,1,1,1,2,2,2,1,6,NA,2,1,1,1,1,3,2,2,2,1,1,2,1,1,1,1,1,1,1,1,1,1,3,1,1,1,2,1,3,1,2,3,2,1,1,1,1,1,1,2,1,1,1,1,1,1,1,1,1,1,1,3,1,1,2,1,1,3,1,1,1,1,2,2,1,2,3,3,1,2,1,4,2,3,1,1,1,1,1,1,1,1,1
3,3,1,1,1,4,3,2,1,5,1,3,1,4,6,1,1,1,1,1,5,3,3,1,4,4,1,1,3,1,3,3,5,4,4,1,3,5,6,NA,NA,NA,NA,NA,NA,NA,NA,NA,NA,NA,NA,NA,NA,NA,NA,NA,NA,NA,NA,NA,NA,NA,NA,NA,NA,NA,NA,NA,NA,NA,NA,NA,NA,NA,NA,NA,NA,NA,NA,NA,NA,NA,NA,NA,NA,NA,NA,NA,NA,NA,NA,NA,NA,NA,NA,NA,NA,NA,NA,NA,NA,NA,NA,NA,NA,NA,NA,NA,NA,NA,NA,NA,NA,NA,NA,NA,NA,NA,NA,NA,NA,NA,NA,NA,NA,NA,NA,NA,NA,NA,NA,NA,NA,NA,NA,NA,NA,NA,NA,NA,NA,NA,NA,NA,NA,NA,NA,NA,NA,NA,NA,NA,NA,NA,NA,NA,NA,NA,NA,NA,NA,NA,NA,NA,NA,NA,NA,NA,NA,NA,NA,NA,NA,NA,NA,NA,NA,NA,NA,NA,NA,NA,NA,NA,NA,NA,NA,NA,NA,NA,NA,NA,NA,NA,NA,NA,NA,NA,NA,NA,NA,NA,NA,NA,NA,NA,NA,NA,NA,NA,NA,NA,NA,NA,NA,NA,NA,NA,NA,NA,NA,NA,NA,NA,NA,NA,NA,NA,NA,NA,NA,NA,NA,NA,NA,NA,NA,NA,NA,NA,NA,NA,NA,NA,NA,NA,NA,NA,NA,NA,NA
2,3,3,1,1,2,1,5,4,5,1,6,1,1,3,1,1,1,2,1,1,1,4,1,5,1,1,2,2,1,1,1,6,1,1,1,3,4,1,1,1,1,1,2,3,2,1,1,2,1,1,2,1,2,1,2,1,2,2,3,1,1,2,4,1,1,NA,1,4,3,1,1,2,NA,3,1,1,6,1,1,1,3,1,1,1,1,3,1,2,1,1,1,4,1,4,2,2,1,3,5,5,2,1,6,1,1,2,1,1,1,1,4,2,1,1,3,3,1,1,1,2,1,2,3,5,6,1,1,3,1,3,5,2,4,1,2,1,1,1,3,2,1,4,3,1,2,3,1,5,3,2,1,1,1,1,1,NA,3,1,2,1,4,1,1,3,2,5,1,2,1,2,2,1,1,1,2,1,1,4,2,1,1,1,1,3,1,1,1,1,1,1,1,2,2,1,1,2,1,5,4,1,1,2,1,1,3,1,1,1,1,2,1,1,1,1,2,2,1,3,4,1,1,1,3,3,4,1,1,1,2,3,4,1,2,1,5,2,1,1,6,3,5,5,1,3,3,2,2,1,1,1
2,3,3,3,1,2,1,4,1,4,3,2,1,1,4,1,1,3,2,2,2,3,4,1,4,3,1,1,1,1,1,1,4,2,1,1,3,4,4,1,2,2,1,1,1,3,2,3,3,1,1,1,1,2,1,1,1,3,3,3,4,1,3,4,2,1,1,3,3,2,1,1,1,3,4,2,2,2,1,1,1,2,2,1,1,1,1,2,1,2,1,1,3,1,1,3,3,1,3,4,4,4,3,2,1,1,1,2,2,2,1,1,1,2,1,1,1,1,1,1,1,1,1,2,1,3,2,1,3,1,1,3,1,3,3,3,3,1,2,4,1,1,3,2,4,4,5,1,5,5,2,1,1,1,1,1,1,2,2,1,1,4,3,2,3,3,5,2,4,3,3,2,2,3,2,3,2,1,2,2,1,1,1,1,2,1,3,1,1,3,1,1,1,2,2,1,4,1,3,4,2,1,1,1,3,3,1,1,1,1,1,1,2,3,2,2,2,1,1,3,2,2,2,2,2,1,1,2,1,1,1,2,1,2,3,3,2,2,1,3,3,3,3,2,1,2,1,2,1,1,1
2,5,3,3,1,6,2,1,1,4,1,6,2,4,6,1,2,6,1,1,4,1,6,1,6,6,1,3,1,3,1,1,6,3,1,1,4,6,5,1,1,1,1,1,4,6,1,3,4,2,1,1,1,4,1,2,2,4,6,5,6,1,3,2,1,1,1,1,5,1,4,1,2,6,2,1,3,6,3,1,1,4,6,6,1,1,1,5,3,6,3,1,6,1,1,6,2,1,1,5,6,2,3,1,1,1,1,5,3,1,1,1,3,6,1,1,1,3,3,1,4,1,4,4,3,5,1,1,2,1,4,3,4,1,6,6,5,3,1,6,2,2,4,1,1,4,3,3,2,6,4,1,1,1,2,1,1,1,1,1,1,1,1,1,3,1,6,1,6,2,3,1,2,5,2,3,1,2,3,1,3,4,1,1,4,1,4,1,1,1,3,6,3,1,3,1,6,3,4,1,2,1,2,1,1,3,1,1,1,1,1,1,1,4,2,5,3,1,1,3,1,1,1,3,1,4,1,1,1,1,4,2,3,4,3,3,1,2,1,5,4,3,1,1,5,5,2,1,1,1,1
1,3,5,2,3,1,1,4,1,5,1,6,1,1,4,1,2,3,1,1,3,5,6,1,5,1,2,1,3,1,1,1,6,3,1,1,1,6,5,1,1,1,4,1,5,4,1,4,3,4,2,6,1,4,2,3,5,5,5,6,6,1,4,5,3,5,4,6,6,5,4,5,5,3,2,2,3,6,2,1,3,5,2,1,1,4,1,1,4,5,1,1,5,1,1,5,1,4,5,6,6,1,3,1,1,3,1,5,1,1,1,1,1,4,1,1,1,1,4,1,1,1,3,5,2,5,1,1,2,2,1,6,1,6,2,5,5,3,5,6,5,1,2,2,3,5,6,3,6,5,2,2,2,1,5,1,5,3,4,1,1,4,2,2,4,2,6,5,5,2,3,2,3,4,1,4,2,1,1,4,1,3,1,1,4,1,5,3,4,1,4,6,4,3,3,1,6,6,3,4,2,3,1,2,5,4,2,1,4,1,1,5,5,2,1,3,1,1,3,3,1,1,5,1,1,5,4,2,2,1,5,5,4,5,6,6,2,1,1,6,6,6,5,1,6,1,6,5,6,1,1
4,1,1,1,2,4,1,5,1,3,2,1,1,1,1,1,1,2,2,1,1,2,3,NA,6,4,1,2,1,1,1,1,5,2,1,1,1,1,3,1,2,1,1,3,1,2,1,1,3,1,1,3,1,1,1,3,2,1,1,1,1,1,1,5,4,2,2,3,2,2,1,2,1,2,3,3,4,2,3,4,1,1,3,3,1,3,2,3,4,2,2,1,3,1,2,2,2,3,1,2,2,2,4,1,1,2,1,2,2,4,4,NA,2,5,1,1,3,2,4,2,2,2,1,2,1,4,2,3,1,2,3,NA,3,5,2,2,1,2,2,5,6,3,6,4,5,3,5,4,5,6,3,3,2,1,4,1,3,2,3,5,2,1,1,1,3,1,2,4,1,2,3,1,4,2,2,2,4,NA,1,4,2,2,2,4,5,4,1,5,3,3,1,2,4,1,1,4,1,1,2,3,4,3,3,2,NA,1,NA,1,1,5,1,1,1,1,1,1,2,1,1,1,2,NA,3,1,1,2,1,3,3,2,2,4,1,4,1,6,1,1,1,4,1,1,1,1,1,1,2,1,2,2,2
1,3,2,3,1,3,1,1,1,3,2,1,3,1,2,1,1,1,1,1,3,3,6,1,6,3,1,1,3,2,1,1,6,3,2,1,2,6,6,1,1,2,1,1,1,4,2,2,3,2,2,1,1,3,2,2,1,3,3,1,4,1,1,1,1,2,1,4,4,1,3,1,1,4,5,2,4,6,2,1,3,4,4,1,1,4,2,5,3,4,4,1,4,1,2,3,2,1,1,3,3,2,2,3,1,1,1,1,2,1,2,2,1,3,1,1,1,2,2,1,3,3,6,6,2,6,3,4,2,1,3,6,2,1,3,2,3,1,3,6,2,1,3,1,3,2,3,4,4,3,2,4,3,1,3,1,3,4,2,4,2,3,4,3,2,3,2,1,1,1,2,1,1,3,1,2,1,1,1,1,1,2,1,3,2,2,4,3,3,1,3,NA,4,1,3,4,4,2,2,1,2,2,2,1,4,3,1,2,2,1,1,1,NA,1,1,5,5,5,1,4,3,4,6,3,1,1,1,4,4,3,4,3,1,3,2,6,1,3,1,6,6,6,5,5,6,4,2,4,4,4,1
1,1,2,2,1,3,1,4,2,3,2,1,1,1,2,3,1,2,1,1,1,2,3,1,4,2,1,3,1,1,2,1,6,1,1,1,2,5,2,1,1,2,1,3,3,1,1,2,2,1,1,4,1,1,1,2,3,2,1,4,3,1,2,3,2,1,2,4,4,2,1,1,2,2,3,4,6,6,2,1,1,5,1,1,1,2,1,4,1,1,3,2,3,1,1,1,3,1,4,4,3,2,1,2,3,1,3,3,2,1,1,2,1,2,1,1,2,1,3,1,2,1,5,3,3,2,1,1,2,2,2,4,1,2,1,2,3,1,1,3,2,1,2,2,1,4,3,1,4,4,1,2,2,1,3,1,1,2,2,2,1,4,3,1,2,2,2,1,2,1,1,1,1,2,1,1,1,1,1,2,1,1,1,1,1,1,1,2,1,2,3,1,1,1,2,2,3,4,3,2,2,2,1,1,2,3,2,1,1,1,1,5,1,1,1,3,2,2,2,6,2,1,3,2,1,3,4,2,2,1,2,1,1,3,4,3,1,1,1,2,2,5,3,3,6,3,2,1,1,1,1
4,4,5,2,1,1,1,4,1,5,1,3,4,1,1,1,1,1,1,2,1,4,5,NA,2,1,1,3,2,1,1,5,6,1,1,1,2,1,4,1,1,1,3,5,1,1,2,1,1,1,4,1,1,5,1,2,3,1,3,5,1,1,6,1,5,4,1,6,2,1,1,1,3,6,5,4,1,6,1,1,1,3,1,1,1,3,1,6,5,1,1,1,4,1,1,3,3,1,1,4,6,2,1,1,1,1,3,1,1,2,1,1,1,2,2,1,1,1,3,1,1,1,4,1,1,4,1,1,3,2,1,6,2,4,1,1,4,1,1,1,1,1,4,6,1,3,6,1,3,6,1,1,1,2,1,1,4,6,1,1,1,6,1,1,2,1,1,3,1,1,1,1,1,1,1,1,2,1,1,3,1,1,1,1,3,1,1,5,2,1,5,1,1,1,6,2,1,6,6,4,1,3,1,1,4,6,6,1,1,1,1,3,1,4,1,6,6,1,2,3,1,1,6,1,1,1,6,1,2,1,1,1,2,1,6,1,2,1,1,2,6,6,6,6,6,1,1,2,6,1,1
1,2,3,2,2,3,2,4,2,3,1,2,1,1,4,1,1,1,2,1,3,3,4,1,5,3,1,1,1,1,1,2,6,2,1,1,2,4,4,1,2,1,1,3,1,5,2,3,3,2,1,1,1,2,1,2,1,3,2,1,4,1,3,2,2,1,2,5,4,1,1,2,3,4,3,2,4,6,3,1,1,1,3,2,1,1,3,2,2,2,1,1,4,1,1,3,3,1,4,5,3,3,3,4,1,1,3,1,1,2,1,3,2,2,1,1,1,1,3,1,2,3,5,4,2,2,3,2,4,2,3,6,1,5,4,2,3,1,2,5,3,1,2,3,3,6,4,3,5,4,3,2,1,1,3,1,2,2,4,1,3,4,2,1,5,3,6,2,3,2,4,2,2,3,3,3,2,1,2,3,1,1,1,1,2,1,3,1,2,4,2,1,2,2,3,1,4,2,3,5,3,1,2,1,3,3,1,1,2,1,1,2,3,2,1,1,1,2,3,2,2,1,4,2,2,3,1,2,1,1,1,3,1,2,5,3,2,2,1,4,3,4,2,1,4,2,1,3,1,1,1
4,2,1,3,2,5,2,1,1,4,1,1,3,4,5,1,1,5,3,1,4,1,4,1,5,2,1,1,1,1,2,1,6,3,3,5,5,4,3,2,1,1,1,1,3,5,2,1,4,1,1,1,1,4,1,3,1,4,4,5,2,3,4,4,1,2,1,5,5,5,4,1,4,4,2,3,4,6,1,1,1,4,2,3,1,1,1,1,3,4,2,1,1,1,3,4,1,1,3,3,1,1,5,3,1,2,1,4,2,2,1,1,2,1,1,1,1,1,1,1,3,1,3,6,3,4,2,1,3,2,1,3,1,3,5,6,2,3,2,4,2,1,2,1,3,2,4,2,4,2,3,4,1,2,1,1,1,2,1,1,2,1,1,1,4,3,6,2,3,1,2,1,3,4,4,3,2,1,1,3,1,3,2,3,3,1,3,2,1,2,3,1,2,5,1,2,4,2,1,3,4,1,2,1,1,1,1,1,1,1,1,1,2,4,2,4,4,3,1,4,3,2,1,1,1,1,2,3,2,1,1,1,1,3,1,3,1,2,1,4,4,5,3,1,6,5,4,2,1,1,1
1,1,4,1,1,4,1,1,2,1,1,1,2,1,2,1,1,1,1,1,3,1,3,1,5,3,1,1,1,1,1,2,6,6,1,1,2,1,5,1,1,1,1,1,2,1,1,1,2,1,4,1,1,1,1,1,5,1,1,1,6,1,1,1,1,1,1,1,1,6,1,1,1,1,1,1,1,6,1,1,1,1,1,1,1,1,1,1,1,1,1,1,1,1,2,1,6,1,1,4,1,1,1,1,1,1,1,1,1,1,1,5,1,6,1,1,1,1,1,1,1,1,1,6,1,1,1,1,1,1,1,3,5,5,1,4,3,3,2,6,6,1,1,1,1,1,1,1,6,6,1,6,1,1,1,1,1,1,6,1,1,1,1,1,1,1,6,1,1,1,4,1,1,1,1,1,1,1,1,1,1,1,1,4,1,1,2,1,1,1,1,2,1,1,1,1,5,5,1,1,1,1,5,1,5,6,1,1,1,1,1,1,5,1,1,1,1,1,1,1,1,1,1,1,1,2,1,1,1,1,5,1,5,1,5,1,1,1,1,6,4,1,1,5,3,1,5,1,1,1,1
1,2,3,1,2,2,1,4,2,3,2,2,1,1,1,2,3,3,1,1,3,3,3,1,4,2,1,1,1,2,1,3,5,2,1,1,3,5,4,1,1,1,4,5,1,2,1,2,4,2,2,2,1,3,2,3,3,2,3,1,2,1,3,3,1,1,2,4,4,1,1,1,2,2,4,2,4,6,3,1,1,1,3,1,1,1,3,4,2,1,2,1,3,1,1,3,3,1,3,4,3,3,4,2,1,1,3,1,1,1,1,2,1,2,1,1,2,2,4,1,2,1,2,4,2,1,1,1,3,2,3,3,2,4,2,2,5,3,2,6,3,1,1,3,2,2,4,3,4,3,2,1,1,1,2,1,3,4,2,1,2,5,3,1,5,2,3,2,3,1,3,2,2,2,1,3,1,1,3,3,1,1,1,1,3,1,1,2,2,2,2,1,1,1,1,1,5,1,1,4,2,3,3,1,2,3,1,1,2,1,2,3,2,1,1,4,3,1,1,2,3,1,1,3,2,2,1,2,3,1,2,2,1,2,4,5,2,2,1,6,4,5,3,5,3,4,2,3,1,1,1
6,6,6,6,6,4,4,4,2,NA,1,3,3,3,2,2,2,4,4,5,4,5,4,3,2,2,2,4,3,3,3,1,2,2,2,2,2,2,2,2,1,2,2,3,3,3,2,1,3,1,3,5,2,2,4,NA,2,NA,4,4,5,5,2,3,3,3,3,3,3,3,3,4,4,4,2,3,5,5,4,3,2,3,3,3,3,NA,2,1,1,1,2,2,2,2,2,2,2,2,2,2,3,3,3,3,4,2,2,2,2,2,2,2,1,1,1,1,2,2,2,2,2,2,2,2,2,3,3,3,4,4,2,4,4,3,3,3,3,3,3,3,3,3,1,1,1,1,1,1,1,1,1,1,2,2,2,2,2,2,2,2,2,2,2,3,3,3,1,6,2,2,3,3,3,3,2,NA,1,1,1,1,1,1,1,1,2,2,2,2,2,2,2,2,3,3,3,3,3,3,3,3,3,3,3,2,2,2,2,2,2,2,2,2,2,2,2,3,3,3,NA,2,3,4,6,NA,1,5,NA,4,NA,2,3,3,3,3,3,4,4,4,4,5,5,5,5,1,1,1,1,1,1,1,1
3,3,5,2,5,6,1,6,3,6,1,6,1,2,5,2,1,2,2,1,5,6,6,1,6,4,2,2,2,3,1,1,6,2,1,1,2,5,6,1,2,2,2,1,5,4,1,3,6,1,1,2,1,5,1,2,1,3,3,2,5,1,3,3,2,1,2,6,6,1,3,1,3,5,4,6,5,5,4,1,1,4,4,4,3,3,4,3,2,4,4,1,5,1,1,3,4,1,4,4,6,1,2,3,1,1,3,2,2,1,1,3,2,4,1,1,1,1,2,1,1,1,4,5,2,3,3,2,5,2,5,5,2,3,4,4,3,1,2,6,2,1,5,3,3,6,5,2,6,3,2,4,2,2,5,1,4,5,2,2,3,4,5,1,6,2,4,2,6,3,4,2,4,4,3,6,1,1,2,3,2,1,1,1,1,1,2,1,3,3,2,2,2,1,4,2,5,5,4,3,2,3,1,1,3,2,2,2,3,2,1,1,4,1,1,2,5,3,1,3,3,2,5,3,1,1,1,2,1,2,6,4,3,5,3,5,4,3,1,6,5,5,6,3,5,3,1,4,1,3,1
3,5,3,3,2,3,1,1,4,3,1,2,3,2,4,2,1,1,1,1,5,6,6,1,6,5,4,1,3,5,1,1,6,5,1,1,5,3,4,1,3,2,4,2,4,3,6,1,6,1,1,1,1,6,1,5,1,4,3,6,6,1,5,6,1,1,3,2,6,1,2,1,3,3,1,2,1,6,2,1,1,1,3,2,1,1,2,1,3,4,2,1,6,1,1,3,1,1,6,6,6,4,3,3,1,1,3,4,1,1,1,3,4,6,1,1,1,1,2,1,1,3,4,6,5,3,4,3,6,1,2,3,1,5,4,3,3,1,2,6,1,1,6,4,5,6,6,6,5,4,3,1,2,1,3,1,5,1,1,1,4,3,6,5,6,6,6,2,5,4,6,5,2,6,1,3,1,2,3,4,1,1,1,1,3,1,2,1,1,3,5,4,2,1,1,1,6,1,4,6,5,6,2,1,2,3,2,1,3,1,2,1,4,5,3,1,2,2,1,5,4,2,6,2,6,3,2,4,2,2,4,3,3,4,6,4,3,4,1,6,5,4,6,5,2,2,1,5,1,1,1
1,2,1,3,2,3,2,2,1,3,3,6,1,4,6,1,1,1,3,1,3,5,5,1,4,1,4,5,2,6,2,2,6,2,2,1,3,6,5,1,1,1,2,3,4,5,4,4,4,5,2,1,1,3,2,1,2,4,6,5,3,2,2,2,1,3,1,6,5,1,2,1,1,4,5,6,3,4,2,2,4,5,2,5,1,5,3,6,1,1,4,2,3,1,4,4,6,2,5,6,4,2,1,5,3,6,1,2,6,1,1,5,2,3,1,1,2,3,4,2,2,1,2,4,3,5,1,4,3,2,2,6,3,4,2,6,6,1,2,5,1,4,2,4,1,3,6,2,6,5,2,6,5,2,5,1,1,2,1,1,3,1,3,2,5,5,4,5,6,2,2,2,1,4,5,3,2,3,2,2,2,4,1,3,4,1,5,1,4,2,1,4,2,1,4,3,6,2,6,1,3,4,1,2,3,4,3,2,1,2,1,3,4,1,2,5,4,2,1,2,2,2,5,2,3,4,1,3,2,1,4,5,6,6,3,3,1,2,3,3,6,6,5,4,3,6,2,1,2,3,1
2,2,3,5,2,3,6,2,NA,4,3,6,3,1,2,NA,4,4,2,4,3,5,5,3,NA,4,1,3,NA,NA,4,2,NA,6,1,NA,5,4,2,NA,2,4,5,5,3,6,4,3,NA,NA,5,3,5,4,NA,2,5,NA,4,1,3,4,1,2,NA,6,2,4,1,NA,NA,2,NA,3,3,2,2,NA,3,1,1,3,NA,4,1,1,5,2,4,2,3,4,4,5,2,5,3,4,2,6,5,3,5,3,1,2,4,5,5,3,1,5,4,3,2,5,NA,2,NA,1,4,1,1,4,5,2,5,3,5,4,3,5,1,3,2,5,NA,2,3,4,1,2,4,4,3,2,2,NA,3,1,5,4,3,2,NA,2,3,1,3,NA,4,6,4,2,3,NA,4,2,NA,2,3,2,1,3,NA,2,5,4,2,4,NA,3,2,4,NA,4,1,1,4,NA,4,5,6,1,NA,4,3,NA,4,6,5,3,NA,2,1,1,4,4,3,1,2,2,3,2,4,1,1,3,3,4,4,2,4,4,NA,3,2,NA,4,2,4,NA,3,2,3,2,2,2,1,2,1,2,3,5,3,NA,1,3,5,2,3
2,3,4,2,2,1,2,3,4,3,2,2,2,NA,2,1,2,4,2,2,3,4,4,4,5,3,2,2,2,2,2,1,3,3,2,1,3,3,4,2,3,2,3,4,3,3,2,3,3,2,3,3,2,3,3,2,2,2,2,3,3,2,3,3,2,3,3,4,4,2,2,3,3,4,2,2,2,3,3,2,2,2,3,2,2,2,3,3,2,2,3,3,2,3,2,3,3,2,3,3,3,2,3,3,2,4,3,5,4,3,2,3,3,4,4,3,3,2,3,1,4,3,4,3,3,6,4,NA,6,3,3,4,2,3,3,5,4,4,3,3,4,3,4,3,3,3,3,3,2,2,3,2,3,2,3,2,4,2,3,2,2,2,2,3,3,2,4,2,4,2,3,2,3,3,4,4,2,2,3,3,4,3,5,5,3,2,3,3,4,3,4,3,4,3,3,3,2,4,4,3,3,4,2,3,3,2,4,4,4,4,3,2,3,3,2,3,3,2,2,3,2,2,5,1,1,2,2,3,2,2,2,3,2,4,3,2,3,2,1,6,3,3,4,3,3,1,1,4,2,1,1
2,3,3,2,3,2,1,5,2,2,3,2,1,1,3,2,1,3,2,2,1,5,2,4,6,4,2,1,2,1,1,3,6,2,1,1,1,2,3,1,4,2,5,4,3,4,3,2,2,1,2,3,1,4,2,5,2,2,3,5,2,2,4,3,2,1,3,6,4,3,2,2,1,2,3,3,5,4,2,1,4,1,2,2,1,1,1,4,3,2,1,3,4,2,3,4,5,2,3,6,2,2,2,2,1,1,3,3,2,2,1,2,3,2,1,1,1,1,4,2,2,3,6,3,2,4,3,2,3,2,3,1,1,4,2,3,1,2,2,4,3,2,5,3,2,2,1,3,2,1,2,3,2,1,5,1,3,2,3,2,3,6,3,2,4,2,2,3,4,2,2,2,1,3,3,2,3,1,1,1,2,1,1,1,1,2,2,3,2,3,4,2,2,4,1,2,3,2,4,3,2,2,3,1,2,2,1,1,2,2,3,4,2,2,3,5,4,2,1,2,3,2,6,3,2,4,5,3,4,2,2,1,2,3,4,6,3,1,1,3,2,5,4,4,3,2,2,3,2,1,2
2,3,5,2,3,3,2,4,2,3,1,3,2,1,4,1,2,3,2,1,2,3,4,1,5,3,3,1,3,1,2,2,5,3,1,2,2,4,3,1,2,1,1,3,2,4,2,1,4,2,3,4,1,3,2,1,1,2,3,2,4,1,3,4,2,2,1,3,2,3,1,1,2,3,2,3,2,4,3,1,1,1,3,2,1,1,1,2,4,3,2,1,4,1,2,3,2,1,5,4,2,3,2,3,2,1,4,3,2,1,1,2,2,3,1,1,1,1,2,1,3,1,2,3,1,4,1,1,3,1,2,4,1,3,3,4,2,1,1,3,2,2,3,1,5,4,4,3,4,2,2,1,2,1,3,1,2,4,1,1,3,5,4,2,4,3,2,1,3,2,3,1,1,2,1,5,2,1,1,2,1,NA,1,2,3,1,2,1,2,3,1,1,2,3,2,2,4,3,4,1,2,1,1,2,4,4,4,1,3,2,2,1,2,2,1,1,2,1,2,3,3,2,4,3,2,1,1,2,3,1,2,3,3,4,1,3,1,2,1,4,2,3,2,3,4,2,2,3,2,1,1
2,1,4,1,1,2,1,4,1,2,1,2,1,1,2,1,1,3,2,1,1,3,4,1,2,1,1,1,1,2,1,1,4,4,2,1,3,2,4,1,1,3,2,3,1,3,1,2,4,1,2,2,1,3,1,2,2,1,2,1,3,2,2,2,1,1,3,4,2,1,1,1,1,3,2,2,1,1,2,1,2,2,3,1,1,2,1,1,2,1,1,1,3,1,1,3,4,1,3,2,2,1,1,1,1,1,4,2,2,1,1,1,1,2,1,1,1,1,3,1,2,1,1,2,2,3,2,1,3,1,3,4,1,2,2,2,3,1,2,4,2,1,3,1,2,4,2,1,4,4,2,1,1,1,4,1,3,1,2,1,3,5,2,1,4,1,3,3,3,2,4,3,1,2,1,3,1,1,4,4,2,1,2,1,1,1,4,3,2,1,3,1,1,2,3,1,5,2,2,3,2,1,1,1,3,2,2,1,2,1,1,2,2,1,1,4,3,1,1,3,3,1,2,1,1,3,3,2,1,1,3,4,2,4,2,6,3,2,1,5,3,6,6,3,3,2,2,1,1,1,1
1,2,3,2,2,4,1,6,3,4,2,3,2,1,4,1,2,6,3,2,2,5,6,1,6,6,2,1,1,2,1,3,6,1,1,1,6,5,1,1,2,2,1,1,1,3,2,1,2,2,2,2,1,1,1,3,2,1,3,1,3,1,2,4,1,2,2,3,6,1,2,3,1,6,2,1,1,6,1,1,1,2,2,1,1,2,2,3,1,2,2,1,2,1,1,2,2,1,3,4,2,2,1,2,2,1,1,1,2,1,1,2,1,2,1,1,1,1,1,1,2,1,1,6,2,3,1,1,3,1,2,1,1,2,5,5,4,2,2,6,2,1,1,1,3,4,5,2,5,3,2,3,2,1,2,1,2,2,1,1,2,2,1,1,3,1,6,3,5,3,2,2,2,6,3,6,2,1,1,2,1,1,1,2,3,1,4,2,2,2,5,2,1,1,4,2,2,NA,6,3,2,3,2,2,3,2,2,1,2,1,1,2,3,2,1,2,2,1,1,4,6,3,1,2,1,3,2,6,1,1,4,4,2,6,5,4,2,2,1,6,2,3,6,2,3,3,1,2,2,1,2
1,1,3,2,2,1,4,6,3,3,1,2,3,2,4,2,2,4,2,1,3,3,4,2,6,3,2,1,1,3,2,3,2,3,4,2,3,5,3,2,4,3,2,2,1,3,3,2,4,2,1,1,1,3,1,2,1,3,3,2,4,2,4,5,3,2,2,1,3,3,2,3,5,6,2,3,2,3,3,1,2,3,2,2,1,1,3,3,2,5,2,2,4,1,2,3,5,1,6,5,2,3,4,5,2,2,3,2,3,2,2,2,3,4,2,3,3,1,1,1,3,4,4,3,4,6,3,2,2,3,4,5,3,6,3,5,3,2,3,4,5,3,5,4,5,3,4,4,4,5,3,3,3,1,2,1,3,2,3,2,3,4,5,3,5,2,5,3,4,2,3,4,4,5,5,5,3,2,4,4,3,2,4,2,2,1,4,1,3,3,3,2,2,1,2,3,5,1,3,4,4,1,2,2,3,2,1,1,3,3,2,3,5,5,2,1,2,1,1,2,3,4,1,2,1,1,1,3,2,3,4,5,3,5,6,6,3,4,1,6,5,6,4,3,4,2,1,3,1,1,1
1,3,2,2,1,4,1,5,3,5,1,3,1,2,5,2,1,3,1,3,2,5,6,1,6,3,3,1,2,2,3,1,6,3,1,1,3,5,2,3,1,5,1,3,1,5,2,1,3,1,2,1,2,4,1,5,2,1,2,1,1,2,3,6,1,1,2,3,6,2,2,1,3,2,1,4,2,3,2,1,1,4,3,2,1,2,4,1,1,2,3,1,5,2,2,3,1,1,5,6,2,1,1,2,1,1,3,2,1,3,1,2,1,4,1,1,1,3,2,1,1,1,1,3,1,2,1,1,2,1,1,2,1,2,2,3,2,1,1,5,1,2,6,2,3,6,3,2,5,3,2,1,1,1,1,1,4,2,3,1,4,5,1,2,4,2,3,2,5,1,3,1,2,5,1,2,1,1,2,1,4,2,1,1,2,1,2,1,2,3,5,5,1,1,3,1,2,3,2,2,1,2,1,1,2,2,2,1,1,1,2,3,2,3,2,1,2,1,1,1,5,1,2,1,2,1,1,5,NA,1,3,1,2,5,2,3,1,2,1,5,3,5,3,2,2,1,2,2,1,1,1
