"pathological","disservice","peered","rodent","rainfall","resembled","archery","manure","slump","divisible","sham","nip","crab","disintegration","hostilities","warehouses","polarization","sanding","mediocrity","nautical","underage","tutoring","hurtful","refinement","malpractice","prohibitive","dismay","necessities","overtones","humility","weaned","redefined","cornstarch","invalidated","wartime","mortgages","goon","ambrosia","entertainer","commenced","lyrical","allege","hunts","outnumber","grovel","elicit","thorns","barrow","breakup","white's","miscarriage","regents","maxima","blueprint","amok","counselors","dilemmas","disdain","jukebox","vigilant","whined","inscribed","authorize","luncheon","oblivious","banged","audits","weakest","enthusiastically","blossom","traverse","assuredly","alienated","warden","invasions","seaside","expedient","gale","asterisks","resounding","unbearable","woodwork","maggot","diffraction","purports","shepherds","cranky","copier","lighted","germ","medals","overtly","imprint","ode","dismissal","stomping","censure","thrice","firsthand","constituted","transplantation","glitter","omissions","soapbox","specificity","prescriptions","immaculate","subtlety","veiled","importer","typography","subsidiaries","deceiving","livelihood","lash","glaze","rightful","harnessing","lightbulb","washes","sellout","galley","grinds","hast","imperialist","discerning","cadre","septic","smog","smokes","leopard","tidbit","sift","sculptor","honorary","blazer","diagonally","insulated","pegs","graces","eyeball","forensic","snowball","jive","sprung","unifying","mover","ethereal","thrusts","autocrat","passe","prong","armchair","gripping","spooky","bargains","academies","rejoice","paganism","authenticated","agreeable","exponent","antics","strengthened","braces","outlaws","abides","reiterated","heathen","statewide","unmodified","smoothed","mammalian","carver","nightclub","muttered","dashed","crippling","banter","loco","stalemate","differentiation","landmarks","strangle","atheistic","doggy","sensuality","molasses","entail","tote","farmer's","quarantine","upsets","iota","bearish","radiance","giver","outcast","armpit","reacts","alfredo","diatribe","racquet","deficient","sleigh","franc","unfit","regiments","tint","convocation","misrepresent","coincidences","conceded","categorical","pretext","landscapes","uproar","longs","pneumatic","manslaughter","gala","colorless","rupture","caddy","stair","kisser","municipality","dimly","oatmeal","whiz","gritty","inferred","flagstaff","adherents","assassinate","funnier","needlework","credo","gunner","magicians","exhausting","vigor","numerically","capitalize","campground","emancipation","maximal","genus","pendant","repetitions"
6,5,2,1,1,3,4,3,2,4,1,1,1,5,4,1,2,1,4,5,1,5,2,4,3,6,3,4,1,3,5,2,2,1,1,4,1,6,2,3,4,5,1,1,2,4,1,2,1,3,5,3,6,3,1,4,6,4,2,5,4,2,5,6,3,1,2,1,6,3,2,4,5,1,2,1,5,1,3,2,4,1,1,3,3,5,1,4,3,2,1,1,1,3,2,1,4,5,2,3,1,1,2,1,4,3,3,4,4,1,3,5,4,5,1,2,1,3,1,2,1,3,1,3,2,4,3,2,1,1,4,1,1,2,4,3,2,2,1,2,1,4,1,3,2,4,1,3,1,1,5,1,1,1,1,2,2,4,5,2,3,2,1,3,1,1,2,5,3,1,2,1,4,1,1,1,1,1,1,1,1,4,2,1,6,2,5,3,4,1,2,6,1,5,4,3,1,1,1,3,4,3,5,6,5,5,1,2,1,3,3,6,5,3,2,2,1,1,5,5,3,2,4,2,3,2,5,3,1,5,2,4,3,6,4,2,1,3,4,5,6,4,3,2,1,5,4,5,2,3
6,5,3,2,3,2,4,2,4,2,1,1,1,2,4,3,6,3,2,3,4,5,3,2,3,2,1,4,6,4,5,4,6,3,2,1,2,4,5,3,2,3,2,4,3,1,2,3,2,3,4,2,4,2,2,3,4,5,5,3,2,2,3,4,5,6,2,3,4,2,3,2,2,4,5,5,4,3,2,1,2,3,4,3,4,2,3,2,1,2,1,3,2,3,2,4,3,5,4,5,4,3,2,3,2,3,4,4,3,3,2,2,3,4,1,1,2,3,4,2,3,2,4,3,5,4,5,4,3,2,1,2,3,4,2,3,2,1,2,3,2,3,4,3,4,5,4,5,4,5,2,3,2,3,2,4,5,4,6,4,5,4,3,2,3,2,3,2,4,3,4,3,4,2,3,4,5,3,4,5,3,5,3,2,3,2,4,6,5,4,3,4,3,2,3,2,4,4,2,3,2,4,3,4,3,3,4,2,1,3,4,5,6,4,2,3,4,3,4,3,5,4,5,4,3,2,3,2,4,2,3,2,4,3,5,3,5,4,4,3,3,4,4,3,6,6,3,2,4,3
3,2,2,2,1,1,3,2,1,2,2,1,1,4,3,3,4,3,4,3,2,1,1,2,2,3,1,3,2,3,3,3,3,2,2,3,1,3,2,2,4,4,1,2,3,3,3,2,3,3,4,3,2,2,1,2,2,1,2,4,3,4,3,4,4,2,3,2,4,1,4,3,3,2,5,2,3,2,4,3,3,2,1,5,3,4,1,3,4,3,3,3,1,1,2,2,4,3,1,3,5,1,3,3,3,5,2,4,3,4,5,4,3,3,1,2,4,3,5,2,2,4,3,1,4,4,4,1,1,3,3,1,1,4,4,2,3,3,1,2,2,1,2,1,2,2,4,3,1,3,4,2,3,2,2,3,3,2,4,2,2,2,1,4,3,1,3,4,3,2,2,3,3,2,2,3,2,2,2,1,2,4,2,3,3,1,4,3,1,1,1,3,1,3,2,3,1,2,1,2,2,3,5,5,4,1,1,3,1,4,4,4,4,2,3,3,4,1,5,4,1,3,4,1,1,1,3,1,3,1,2,2,3,4,3,2,3,2,2,5,2,3,2,4,4,4,3,2,4,3
1,1,1,1,1,1,4,5,1,1,1,1,1,1,1,1,1,1,4,4,1,1,1,1,1,1,1,1,1,1,4,1,1,1,1,5,1,5,1,1,1,5,1,1,5,6,1,3,1,1,1,5,1,1,1,1,1,1,1,4,4,1,1,2,1,1,1,1,1,1,1,5,1,1,1,1,3,1,4,4,1,1,1,1,6,4,1,3,4,5,1,1,1,1,1,1,6,5,1,1,1,1,1,1,1,1,1,6,5,1,2,2,5,4,1,1,1,1,1,4,1,1,1,4,1,6,5,1,1,1,4,1,1,1,1,1,1,3,1,1,1,1,1,4,1,1,1,6,1,1,4,1,1,1,1,3,1,5,3,1,1,1,1,1,4,1,1,1,1,1,1,1,4,1,1,1,1,1,1,1,1,4,1,1,3,1,1,1,1,1,1,1,1,5,1,1,1,1,1,1,1,1,5,1,4,4,1,1,1,1,1,5,5,1,1,1,1,1,6,1,1,1,1,1,1,1,6,1,1,1,1,1,1,1,1,1,1,3,1,1,1,1,1,1,1,4,1,5,3,1
3,4,2,3,1,2,3,5,1,3,1,1,1,3,4,2,3,1,3,5,3,2,1,3,2,4,1,4,1,2,4,2,2,1,1,5,2,4,1,1,3,3,1,4,4,3,1,1,1,3,5,5,1,1,4,2,2,1,3,5,4,1,1,3,2,1,3,1,3,1,2,5,2,1,1,1,5,2,4,2,1,2,4,3,3,3,1,1,4,4,1,1,1,3,1,1,5,4,1,2,1,1,3,2,5,2,3,6,6,1,2,3,4,1,1,3,1,2,2,1,1,3,5,4,3,3,5,2,1,1,4,1,1,1,3,1,3,1,1,1,4,4,1,2,1,4,2,4,2,2,4,1,2,1,2,1,2,3,6,4,2,2,2,5,1,1,2,4,5,2,4,3,2,1,4,2,1,2,1,2,1,5,1,2,4,1,5,3,1,2,1,4,1,4,2,1,1,1,1,1,2,3,6,4,6,4,1,4,2,5,1,5,4,3,1,1,1,1,6,5,4,1,3,1,1,1,4,1,1,3,1,1,2,4,2,1,1,3,3,5,5,4,3,2,3,4,2,3,1,1
2,2,3,3,1,4,2,4,4,3,5,1,1,1,4,2,3,2,3,4,3,1,2,2,2,4,2,3,2,3,4,3,2,3,3,2,1,3,2,2,4,4,2,2,2,5,3,2,2,3,2,3,4,2,5,3,4,2,3,3,4,4,3,4,2,3,4,2,2,3,3,4,4,2,3,2,3,2,4,2,3,2,4,3,4,4,2,2,2,2,2,2,2,1,4,2,3,4,3,3,3,3,4,4,3,3,2,4,4,3,5,5,5,3,3,4,3,4,3,3,3,3,3,3,4,4,4,5,2,2,3,2,1,1,3,4,2,2,1,2,4,3,3,5,2,3,2,5,3,2,4,1,1,1,2,4,4,5,5,4,3,2,2,4,3,3,4,4,4,3,3,4,5,5,2,2,2,2,2,1,3,4,2,2,5,2,4,5,4,1,3,4,4,6,3,3,2,2,2,2,4,5,5,2,5,4,2,3,1,2,3,4,4,3,3,4,3,2,6,4,1,3,1,1,2,3,5,3,2,2,2,2,3,4,4,4,3,3,2,4,4,2,3,3,3,4,5,5,4,3
1,1,2,1,2,1,2,4,1,2,1,1,1,4,3,3,2,1,3,5,1,1,1,1,2,1,1,3,1,2,2,2,3,2,1,5,1,4,2,2,5,6,1,1,3,3,1,1,2,2,5,3,2,2,1,3,2,2,2,4,3,2,3,6,3,2,4,2,4,1,2,1,4,1,2,2,3,1,3,2,2,1,1,2,1,3,2,2,2,3,1,1,1,1,1,1,3,1,1,1,3,1,2,3,4,3,2,4,3,1,4,4,3,2,1,1,2,1,2,1,1,1,1,1,5,3,3,1,1,1,4,1,1,1,2,1,4,2,1,1,3,1,1,1,1,4,1,5,1,4,3,1,2,1,1,5,4,4,4,4,2,2,1,5,1,2,1,4,2,1,2,1,2,1,2,1,1,1,1,1,1,3,1,2,4,1,4,2,3,1,1,3,1,6,2,4,2,2,1,1,6,3,5,5,5,2,1,4,1,3,1,6,4,3,1,1,2,1,6,4,2,1,2,1,2,1,5,1,2,1,1,1,1,4,2,2,1,2,1,5,3,1,3,2,2,2,2,2,1,4
2,2,2,1,1,3,4,2,1,3,1,1,1,2,2,1,2,1,4,2,1,1,1,1,3,2,1,3,2,1,2,1,4,2,1,5,1,4,2,3,3,2,1,1,1,3,3,1,1,1,2,1,2,1,1,2,2,1,1,3,2,1,1,4,2,4,1,1,3,1,2,2,1,1,2,1,3,1,2,1,2,1,1,3,1,1,1,1,1,1,1,1,1,1,1,1,3,4,2,3,3,1,1,1,3,2,3,4,4,1,3,2,3,2,1,1,1,1,1,1,1,1,1,1,3,2,5,1,1,1,1,1,1,1,3,2,1,1,1,1,1,1,1,1,1,3,1,5,3,2,3,1,1,1,1,1,1,1,3,3,1,1,1,2,1,1,1,2,3,1,1,1,3,1,1,1,1,1,1,1,1,3,1,1,3,1,2,1,1,1,1,3,1,1,1,1,1,1,1,1,1,2,3,4,4,2,1,1,1,2,1,3,2,1,1,1,1,1,6,5,1,1,1,1,1,1,4,1,1,2,1,1,1,3,2,2,3,1,1,2,4,1,3,2,1,2,1,3,1,1
1,3,2,1,3,3,1,2,1,2,1,1,1,1,1,3,1,1,4,4,3,1,1,4,2,3,1,4,3,2,6,3,5,2,1,6,1,5,3,3,3,5,1,1,1,3,3,1,3,1,4,6,1,3,2,6,2,3,4,4,4,4,3,5,2,1,1,3,5,1,3,3,1,1,2,1,5,2,4,2,3,1,1,2,2,4,1,2,3,1,1,1,1,4,1,1,3,5,2,1,1,1,2,1,1,3,1,5,5,1,4,5,4,3,1,3,3,1,1,1,1,2,2,1,4,4,4,1,1,2,2,1,1,1,3,2,1,1,1,2,4,3,1,2,1,1,1,5,5,1,5,1,2,1,1,4,2,4,4,3,2,1,1,4,3,1,2,4,3,1,1,2,3,1,1,1,2,1,1,1,3,3,1,1,6,1,4,2,2,2,1,3,1,3,4,3,1,1,1,1,1,5,6,6,6,1,1,6,1,1,3,4,3,1,3,2,3,1,6,6,1,1,3,1,3,1,5,1,4,1,1,1,1,3,2,1,1,3,1,4,5,1,1,2,2,2,1,1,1,1
3,2,2,2,2,3,2,3,2,2,1,1,1,3,3,3,4,2,3,2,2,2,2,2,3,3,2,3,2,3,2,3,2,3,2,4,1,3,2,2,3,3,2,2,2,2,2,2,2,2,3,3,2,2,3,3,3,3,2,3,3,3,3,3,3,2,2,2,4,2,2,3,2,2,3,2,2,2,3,4,3,2,2,2,2,3,2,3,3,2,2,2,2,2,2,2,3,2,2,3,3,2,3,2,4,4,3,4,3,2,2,3,2,3,1,2,2,2,3,2,2,2,2,1,3,2,2,1,1,2,2,2,1,2,3,2,4,3,2,2,2,3,2,2,2,3,2,4,3,2,3,2,2,2,2,2,3,2,3,2,2,2,2,3,2,2,3,4,2,2,2,2,3,2,2,2,2,2,2,2,3,3,2,3,3,2,3,3,2,2,2,3,2,2,2,2,2,2,2,2,2,3,3,3,2,2,2,3,1,2,3,4,3,3,2,2,2,1,3,3,2,2,2,2,2,2,3,2,2,2,2,3,3,4,4,2,3,2,2,3,3,2,3,2,2,3,2,3,2,3
1,1,1,1,1,1,1,1,1,1,1,1,1,1,1,1,1,1,1,2,1,1,1,1,1,1,1,2,1,1,1,1,1,1,1,3,1,3,1,1,1,4,1,1,1,2,1,1,1,1,1,2,1,1,2,1,1,1,1,1,1,1,1,6,1,1,1,1,1,1,1,1,1,1,3,1,1,1,2,1,1,1,1,1,1,3,1,1,1,3,1,1,1,1,1,1,1,2,1,1,1,1,1,1,2,2,1,4,1,1,2,1,3,1,1,1,1,1,1,1,1,1,1,1,1,4,4,1,1,1,4,1,1,1,3,1,1,1,1,1,1,1,1,1,1,1,1,1,1,1,6,1,1,1,1,2,1,2,1,1,1,1,1,1,1,1,1,1,1,1,1,1,2,1,1,1,1,1,1,1,1,2,1,2,1,1,2,1,1,1,1,2,1,2,1,1,1,1,1,1,1,5,1,1,1,3,1,2,1,1,1,3,3,1,1,1,1,1,5,1,2,1,2,1,1,1,2,1,1,1,1,1,1,2,1,1,1,3,1,1,2,2,1,1,1,1,1,3,1,1
1,1,1,1,1,2,2,3,1,1,1,1,1,1,1,1,1,1,3,2,1,1,1,1,1,1,1,1,1,2,3,1,1,1,1,2,1,1,1,1,2,3,1,1,1,3,1,1,1,1,1,2,1,1,3,1,1,1,1,3,2,1,1,4,1,1,1,1,2,1,1,2,1,1,1,1,1,1,4,2,1,1,1,1,1,2,1,1,1,1,1,1,1,1,1,1,1,1,1,1,1,1,1,1,1,1,1,4,2,1,1,4,2,2,1,1,1,1,1,1,1,1,1,3,1,3,2,1,1,1,3,1,1,1,1,1,1,2,1,1,1,1,1,1,1,1,1,2,1,1,4,1,1,1,1,2,1,1,1,1,1,1,1,4,1,1,3,2,3,1,1,1,2,1,1,1,1,1,1,1,1,2,1,1,4,1,1,1,1,1,1,3,1,1,1,1,1,1,1,1,1,1,2,1,1,2,1,1,3,1,1,4,1,1,1,1,1,1,5,1,1,1,1,1,1,1,2,1,1,1,1,1,1,1,1,1,1,3,1,1,1,4,3,1,1,2,1,1,1,1
3,3,2,2,1,4,4,5,1,2,1,1,1,3,3,2,2,1,3,4,1,1,1,1,1,3,1,3,1,2,2,1,2,1,1,6,1,6,2,2,4,6,1,1,3,1,1,3,1,1,3,3,1,1,6,3,6,1,1,2,3,3,2,5,2,1,2,1,1,3,3,5,2,3,3,1,4,1,6,3,3,1,2,2,5,5,1,1,3,1,1,3,2,3,2,2,4,3,3,1,3,1,3,1,2,4,1,5,4,2,4,6,5,1,1,1,1,1,3,1,1,2,1,4,3,5,6,1,1,1,5,1,1,3,1,1,2,3,1,2,3,1,1,2,1,2,1,4,2,5,6,1,1,1,1,4,4,1,3,2,1,1,1,3,2,1,1,3,2,1,1,1,4,1,3,3,1,2,1,1,2,3,1,2,5,1,3,2,2,4,1,4,1,1,4,3,1,1,1,1,2,4,6,4,6,5,1,3,1,1,1,3,4,2,1,3,2,1,6,3,2,1,5,1,2,1,6,1,1,2,1,3,1,4,1,1,1,1,1,6,4,3,3,2,2,2,1,4,1,3
5,1,3,1,1,2,5,5,1,3,5,1,1,3,3,2,4,1,4,4,3,3,3,2,1,3,1,3,3,4,4,2,5,2,2,6,4,5,2,3,4,3,1,3,3,5,4,4,2,NA,5,5,5,3,5,4,3,4,5,5,4,2,4,5,5,1,1,3,5,5,5,5,5,3,3,1,3,4,4,3,3,5,1,4,3,5,3,3,5,5,1,2,1,4,1,4,5,5,4,1,4,1,4,3,4,4,3,2,4,2,5,4,4,5,5,3,5,1,5,4,3,1,1,1,4,3,4,1,1,4,5,1,1,1,3,3,5,4,1,1,4,1,3,2,1,3,4,5,4,3,6,1,5,1,4,4,2,3,1,3,3,1,1,2,4,3,2,4,5,3,2,4,3,2,5,1,4,1,3,4,4,5,1,4,5,4,2,4,3,4,4,5,4,1,4,4,4,4,1,3,3,4,5,4,5,5,4,4,1,4,1,5,5,1,5,4,4,5,6,5,1,4,4,1,4,3,5,2,4,5,1,5,1,5,2,4,4,4,1,6,5,1,4,4,3,5,4,5,1,5
6,4,4,3,2,2,4,2,1,1,1,1,1,1,1,2,1,1,3,3,1,1,1,1,1,2,1,4,1,2,1,1,4,2,1,5,1,6,2,1,5,6,1,1,2,3,1,1,1,1,1,1,1,1,1,1,3,1,1,4,3,1,3,3,3,3,2,2,5,3,2,NA,2,1,1,2,3,2,3,2,4,3,4,3,2,3,2,3,2,2,2,2,2,2,3,3,1,1,1,2,2,3,1,1,5,3,3,3,1,2,4,5,3,3,1,1,1,1,4,1,2,1,1,1,2,2,5,1,1,1,3,2,2,3,5,4,4,2,1,2,3,2,1,1,1,2,1,6,2,2,3,1,3,2,1,3,2,2,5,4,3,2,1,3,1,1,1,3,3,1,1,1,1,1,4,1,2,1,1,1,1,4,2,1,4,1,3,1,1,1,1,5,1,4,5,4,4,2,1,2,3,6,6,4,2,4,1,3,1,1,1,5,5,2,2,2,3,3,6,1,4,NA,2,1,3,2,3,1,3,2,1,1,1,6,6,2,1,1,1,4,4,4,4,4,1,6,2,2,1,4
2,2,3,1,1,1,5,5,1,1,1,1,1,4,1,1,1,1,4,5,1,1,1,1,1,1,1,2,2,3,5,2,5,1,1,5,1,6,1,2,2,5,1,1,5,5,1,2,1,2,5,5,1,1,4,3,2,2,4,5,2,2,3,6,2,2,5,1,6,1,1,3,5,1,4,1,5,2,4,2,2,1,2,NA,3,3,1,2,3,4,1,2,1,5,3,2,4,6,1,3,2,2,2,1,3,2,5,5,5,1,4,5,2,1,1,3,1,2,1,1,1,1,2,1,5,4,5,1,1,5,5,1,1,3,5,4,1,2,1,3,1,2,1,1,1,4,1,1,1,1,6,1,1,1,1,2,5,6,5,2,3,1,2,5,2,1,6,6,6,2,2,2,4,2,1,3,1,1,1,2,1,1,1,2,6,2,2,3,1,1,1,1,1,4,1,1,1,1,1,1,1,4,6,3,3,2,1,2,1,1,1,2,3,2,1,1,1,1,6,6,4,1,2,1,1,1,3,1,1,3,1,4,1,4,1,1,1,1,1,3,4,1,3,1,1,3,1,2,2,2
3,3,2,1,4,2,3,4,1,4,2,1,1,4,3,5,4,4,3,4,4,3,3,3,4,4,3,3,4,2,3,3,4,2,3,4,2,4,3,4,3,5,1,2,1,2,4,3,3,3,4,2,1,4,2,3,1,4,3,2,4,3,5,4,3,2,3,4,5,1,3,3,4,2,4,5,3,2,4,4,4,3,1,4,3,4,2,3,3,2,1,2,1,3,1,2,4,5,3,4,5,1,3,4,3,4,3,5,4,2,3,4,4,3,2,2,4,2,3,3,3,2,3,1,4,4,4,1,1,3,5,1,1,2,4,3,2,4,1,3,3,1,4,3,1,3,3,5,2,3,4,1,5,2,2,3,4,4,2,4,4,3,1,4,4,4,3,4,4,5,4,3,2,2,3,1,3,3,1,1,4,4,2,4,4,2,4,3,4,2,3,5,1,4,4,4,2,2,1,3,3,4,5,5,4,1,1,4,1,4,2,4,3,1,3,3,3,1,6,5,1,4,3,2,3,1,4,2,4,4,2,3,1,4,2,3,4,3,2,4,4,2,4,4,3,5,3,3,1,4
1,2,2,2,1,3,3,4,1,3,1,1,1,3,4,2,4,1,5,5,2,3,1,3,2,5,1,4,2,2,3,4,1,5,3,3,1,4,4,3,5,6,1,3,3,5,1,4,3,4,5,6,2,4,4,3,3,4,3,5,5,3,4,5,3,2,4,3,5,2,3,4,3,4,4,2,4,1,5,4,3,2,5,4,6,6,2,4,6,4,1,3,1,2,4,3,5,5,3,3,5,2,5,3,5,4,4,6,6,3,6,6,5,5,1,1,5,3,6,3,4,4,3,2,4,5,6,1,1,2,5,3,1,3,6,2,5,4,1,2,6,5,3,4,1,5,4,5,2,5,6,1,4,2,4,6,3,4,5,5,5,2,1,6,2,4,4,3,4,2,4,4,4,1,5,3,2,3,2,1,2,4,1,3,5,1,5,5,4,2,3,5,1,5,5,4,3,4,2,3,5,6,5,5,6,5,1,3,1,4,3,6,4,5,2,2,3,1,6,6,5,5,5,1,4,1,5,2,3,4,1,4,2,3,5,4,3,6,1,6,6,4,3,4,3,5,3,4,3,5
1,1,1,1,1,4,4,3,1,1,1,1,1,1,2,1,1,1,4,4,1,1,1,1,1,1,1,1,1,1,3,1,1,1,1,6,1,4,1,4,1,1,1,1,1,1,1,1,1,1,1,NA,NA,NA,NA,NA,NA,NA,NA,NA,NA,NA,NA,NA,NA,NA,NA,NA,NA,NA,NA,NA,NA,NA,NA,NA,NA,NA,NA,NA,NA,NA,NA,NA,NA,NA,NA,NA,NA,NA,NA,NA,NA,NA,NA,NA,NA,NA,NA,NA,NA,NA,NA,NA,NA,NA,NA,NA,NA,NA,NA,NA,NA,NA,NA,NA,NA,NA,NA,NA,NA,NA,NA,NA,NA,NA,NA,NA,NA,NA,NA,NA,NA,NA,NA,NA,NA,NA,NA,NA,NA,NA,NA,NA,NA,NA,NA,NA,NA,NA,NA,NA,1,1,1,1,3,1,2,2,1,1,1,2,1,1,1,1,1,1,1,1,4,1,1,1,1,1,1,1,1,4,1,1,4,1,1,1,1,3,1,1,1,1,1,1,1,1,1,1,1,5,1,1,4,3,1,1,1,1,1,6,1,4,1,1,1,1,4,3,1,1,1,1,1,1,3,2,1,1,1,1,1,2,1,1,1,1,1,1,5,4,3,1,1,1,1,4,2,2
3,3,2,3,4,4,4,3,3,4,3,3,3,4,4,5,4,3,3,4,3,5,3,3,4,2,4,4,2,5,3,3,5,2,4,3,3,4,4,3,3,4,3,3,5,5,4,3,4,4,3,4,3,4,3,5,4,3,2,3,5,4,3,5,4,3,4,4,2,3,3,5,4,3,5,2,4,3,3,3,3,4,3,3,3,4,4,3,3,3,4,4,4,3,3,3,5,3,2,5,4,3,3,4,2,4,3,4,2,3,4,3,2,3,4,4,3,4,4,3,3,3,3,2,3,3,5,4,3,4,4,3,3,4,3,4,3,3,3,4,3,3,4,3,4,3,3,3,3,4,4,3,4,3,4,2,3,3,4,3,4,4,3,5,3,5,4,4,3,3,4,3,4,4,4,3,3,4,3,2,3,2,4,6,3,5,4,5,4,3,3,5,3,4,5,3,5,3,2,5,4,3,4,5,6,3,5,4,2,3,2,5,4,4,3,5,3,5,3,5,3,3,2,3,4,5,4,3,4,6,4,3,4,4,3,3,5,3,4,3,4,5,4,3,4,5,4,4,5,5
6,6,5,3,1,3,1,2,1,4,1,1,1,6,6,2,1,1,2,2,1,1,1,3,1,3,1,3,2,1,4,1,1,2,3,NA,3,4,2,3,5,4,3,2,5,3,1,2,1,2,2,3,2,3,4,6,6,2,1,6,4,2,3,5,3,4,3,3,2,4,2,3,4,3,2,3,4,3,3,2,4,NA,1,4,2,4,4,3,3,4,2,3,3,3,3,3,3,3,3,3,3,3,3,3,3,3,3,3,3,3,3,3,3,3,3,3,3,3,4,3,3,3,2,3,3,3,3,4,3,4,3,2,3,4,3,3,3,3,3,3,3,3,3,3,3,3,3,3,3,3,3,3,3,3,3,3,3,3,3,3,3,3,3,3,3,3,3,3,3,3,3,3,3,3,3,3,3,3,3,3,3,3,3,3,5,2,4,5,4,1,1,6,1,3,4,5,2,2,2,4,3,4,6,2,2,4,5,2,1,2,4,3,3,4,1,1,1,1,6,4,2,2,3,3,4,3,2,1,2,3,2,3,1,5,1,2,2,5,5,6,6,6,6,2,1,6,2,4,3,4
2,2,2,1,1,2,3,3,1,1,2,1,1,1,1,1,1,1,3,3,1,2,1,2,1,2,1,2,1,1,1,1,2,1,1,4,1,3,1,1,2,5,1,1,2,2,1,1,1,1,3,1,1,1,4,2,1,1,1,4,3,2,2,3,1,1,2,1,2,1,3,2,2,1,1,1,2,1,4,1,1,1,1,1,3,3,1,2,2,1,1,1,1,1,2,1,4,4,2,1,1,1,1,1,3,3,1,4,2,1,3,2,2,1,1,1,2,2,2,2,1,2,1,1,1,2,6,1,1,1,3,1,1,1,1,1,1,2,1,1,1,3,1,3,1,2,1,5,1,1,5,1,2,1,1,3,1,1,1,2,1,1,1,2,1,1,1,2,2,1,2,1,2,1,2,1,2,1,1,1,1,2,1,1,4,1,2,1,1,1,1,2,1,5,1,1,1,1,1,1,1,3,5,2,4,3,1,2,1,1,1,3,3,1,1,1,1,1,6,2,1,1,3,1,1,1,2,1,1,2,1,2,1,2,3,1,1,4,1,2,2,2,2,2,1,2,2,4,1,2
4,4,2,2,1,2,3,2,2,2,1,1,1,3,3,3,3,2,2,3,3,2,1,2,2,3,2,2,1,1,3,3,1,2,2,5,1,5,4,2,2,3,1,1,1,2,2,1,1,1,2,3,2,1,1,3,2,2,1,2,2,2,2,2,2,1,1,1,3,3,3,3,3,2,3,2,2,1,4,3,2,1,1,1,1,2,1,1,1,1,1,1,1,1,2,2,2,1,1,2,2,1,2,1,3,3,3,5,2,2,4,4,4,2,1,1,1,2,1,1,1,1,1,1,3,2,4,1,1,1,5,2,1,4,4,3,3,3,2,1,1,2,1,1,1,1,1,5,2,2,2,1,1,1,1,2,4,2,3,3,2,2,2,3,2,2,1,3,3,2,3,2,3,1,1,2,2,2,1,1,1,3,1,1,4,1,3,3,1,1,1,3,2,4,2,2,1,1,1,1,2,3,3,3,2,1,1,2,1,3,3,3,2,2,1,1,1,1,6,3,1,1,1,1,1,1,4,2,1,1,1,1,2,2,2,2,4,2,1,3,3,1,2,2,1,3,1,2,1,2
6,5,3,2,2,2,3,2,1,3,3,1,1,5,4,2,5,2,4,3,2,3,2,3,2,4,2,3,2,3,3,2,4,3,1,3,2,4,4,5,3,2,1,2,2,4,2,3,1,2,4,4,3,2,3,4,4,5,3,5,4,2,3,5,4,3,4,2,6,3,3,2,3,2,4,3,4,2,4,3,2,1,3,4,3,4,2,3,3,2,1,2,2,2,3,3,2,4,2,4,6,3,3,2,3,2,3,2,2,2,3,4,4,3,2,2,2,3,3,3,2,3,2,1,3,3,2,3,2,2,3,2,1,2,3,2,2,3,2,2,3,2,2,3,2,4,3,4,2,3,2,1,2,3,2,3,4,3,2,3,2,3,3,2,2,1,2,3,4,2,4,3,6,1,2,2,3,2,2,2,4,6,2,2,3,2,5,4,2,3,2,4,4,2,2,4,2,2,3,2,3,2,4,4,3,2,2,2,1,3,4,5,3,3,2,3,3,4,6,3,2,2,2,2,2,3,5,1,2,2,2,2,4,2,3,2,1,2,2,5,3,2,2,3,2,6,3,3,2,6
