"resigned","trench","savvy","wherein","emphasizes","dissertation","contend","battalion","sucker","descended","stinking","coupons","oscillator","combustion","puke","herbs","captures","bully","kiwi","executor","alphabetical","hierarchies","incidental","corvette","recreate","handwriting","columnist","genuinely","dared","coupon","implicitly","perpetrated","sanction","nun","nudity","wrapping","primordial","ambiguous","tripping","brightness","interdisciplinary","inspector","audible","proficiency","unchanged","indefinitely","emphasizing","psychologically","paw","sneaky","boldly","straps","rooted","rethink","succeeds","inane","rerun","cleanse","cauldron","rotated","derives","haunted","mound","hopping","memorable","obstacle","floss","moody","initials","husbands","connotation","engagement","skinner","phalanx","conformity","nomad","lateral","candelabra","prophecies","intensely","disruption","initiation","procurement","sidekick","muse","diagonal","murk","sultan","adopting","grasped","racists","aria","restraining","suspects","preserving","enlightenment","pitcher","manila","seized","predicts","secrecy","academics","fooling","struggled","underwood","contraction","skipping","sunk","auditors","questionnaire","roar","wishful","depicted","exceedingly","rhyme","omit","goose","seamless","autos","detectors","hugged","slamming","trance","ooze","nudist","crouch","addendum","cement","millenium","prestigious","prelude","indictment","herbal","cork","defunct","inevitably","jammed","districts","nest","scratches","forefront","body's","sangria","reimbursement","supporter","retina","hunted","mineral","aspirin","confined","demographic","unfinished","supernatural","restraint","preface","undesirable","robbed","predictable","arbitration","liter","bowed","adjective","naughty","sniff","discoveries","darned","upheld","deductions","millstone","poop","tipped","tempting","crib","freed","tang","defenses","northeastern","picnic","offending","completes","resale","attracts","soaked","endure","globally","particulars","collie","derby","ether","fatty","linen","rejects","ensign","downstairs","esoteric","norms","genital","sights","outsiders","fourteenth","pushes","painless","salve","pinned","twisting","faint","offence","nominate","meek","vomit","clearinghouse","slimy","atop","overrated","wasteful","financing","slaughtered","therapists","prompts","slammed","longevity","leisure","reversal","reconcile","prescription","cues","flipped","combining","muster","wanderlust","clusters","highlighting","colorful","theological","expedition","sausage","drilling","compensated","orbital","distinguishing","headless","chanting","masculine","bile","awfully","displaced","anthology","ketchup","colts","mute","pixies"
3,3,4,1,2,2,2,6,1,2,2,6,4,1,2,6,3,2,3,3,2,5,3,4,1,1,2,2,1,2,2,2,2,1,1,4,3,2,1,1,2,1,3,2,1,NA,1,5,1,2,1,1,1,1,3,6,1,2,3,1,2,1,1,1,1,1,1,1,3,1,1,1,1,6,1,2,1,5,5,1,1,4,3,1,2,1,1,1,1,3,1,3,1,1,1,2,1,3,4,1,3,1,1,1,1,1,1,1,3,5,1,1,2,2,3,2,1,2,1,1,1,1,3,2,2,3,4,4,1,3,2,3,4,1,3,3,1,1,1,1,1,1,1,2,2,2,1,1,2,1,1,1,1,1,1,1,1,1,4,2,2,2,1,1,2,1,1,1,1,1,1,1,1,1,1,2,1,4,1,1,1,1,1,1,1,2,4,1,6,1,1,1,4,1,4,1,2,1,1,1,1,1,3,2,1,1,3,1,2,2,1,2,2,1,1,1,3,1,2,1,2,2,1,4,1,5,1,1,1,1,2,1,1,1,1,1,1,1,1,1,1,2,4,1,2,1,1,5,1,1,1
6,3,5,5,6,6,2,5,1,4,1,5,6,4,1,4,3,1,4,5,6,6,4,3,4,3,4,6,1,4,5,5,6,1,3,2,4,5,1,5,6,1,3,4,1,5,5,6,1,1,1,1,1,1,2,1,1,3,4,4,4,4,2,1,1,3,1,1,4,3,3,4,1,4,2,5,1,4,5,3,4,5,5,1,2,3,1,1,4,4,4,4,5,1,1,4,1,2,5,5,5,4,1,4,1,1,1,1,2,4,3,1,4,1,4,4,1,2,2,1,1,1,2,1,3,4,4,3,6,5,5,6,2,1,3,5,1,3,1,3,1,1,3,4,4,3,1,2,2,2,4,4,3,4,3,3,1,3,4,3,2,5,4,1,3,1,3,4,4,1,1,1,1,1,1,1,1,2,1,1,1,1,1,3,1,3,3,1,1,1,3,1,5,1,6,1,3,3,1,5,1,1,1,1,1,1,3,1,1,1,1,2,2,1,1,4,5,1,1,1,5,4,1,6,3,3,1,3,1,1,1,1,1,1,3,3,1,2,2,4,2,1,4,2,1,1,3,1,1,1,1
3,3,3,3,4,5,4,5,4,4,4,4,5,5,4,3,3,3,5,4,4,4,3,6,5,4,3,3,4,5,5,4,4,1,4,5,4,4,5,4,5,5,5,5,4,4,5,5,3,4,4,5,3,3,3,4,4,4,3,5,4,3,3,3,4,4,3,4,4,5,5,3,3,6,4,3,3,4,4,3,3,3,4,4,3,4,4,3,4,4,4,4,3,3,4,5,5,5,4,4,5,5,5,5,6,5,5,2,4,5,3,4,4,4,6,2,5,5,5,5,4,4,4,2,4,5,5,5,5,5,5,5,4,3,3,4,4,5,2,3,4,6,5,5,6,4,6,2,3,5,4,5,6,4,5,3,5,6,5,4,3,5,4,5,6,4,6,5,3,4,3,5,2,2,3,3,4,2,6,3,4,5,6,5,5,5,6,4,3,4,5,5,6,5,4,4,5,4,3,3,6,6,3,3,3,2,3,3,3,3,5,3,2,1,2,5,5,3,5,6,6,5,5,5,5,1,6,5,5,5,5,5,5,4,6,5,5,5,3,6,4,4,3,2,4,6,5,3,2,2,3
3,3,3,3,3,3,3,4,4,4,4,4,4,4,4,3,3,3,3,3,3,3,2,2,2,2,2,2,2,2,2,2,2,2,2,2,2,3,3,3,3,3,3,4,4,4,4,4,4,4,4,4,4,4,4,3,3,3,3,3,3,3,3,3,3,3,3,3,3,3,3,3,3,3,3,3,3,3,3,3,3,3,3,3,3,3,3,3,3,3,3,3,3,3,3,3,3,3,3,3,3,3,3,3,3,3,3,3,3,3,3,4,3,3,3,3,3,3,3,3,3,3,3,3,3,3,3,3,3,3,3,3,3,3,3,3,3,4,3,3,4,4,4,4,4,4,4,4,4,3,3,3,3,3,4,3,4,4,4,4,4,4,4,4,4,3,3,3,3,3,4,4,4,4,4,3,3,3,3,3,3,3,3,3,3,3,4,4,4,4,4,4,3,3,3,3,3,3,3,4,4,4,4,4,4,4,4,4,4,3,3,3,3,3,4,4,4,4,4,4,3,4,4,3,3,3,3,3,3,4,4,4,4,4,4,4,4,3,3,3,4,4,4,4,4,4,4,4,3,3,3
2,1,2,1,1,1,2,1,2,1,1,2,1,1,1,2,2,2,2,2,2,1,2,2,2,1,2,2,2,2,1,1,2,2,2,1,1,1,2,1,2,1,2,2,1,2,2,2,2,1,1,1,2,2,2,1,1,1,2,2,2,2,1,1,1,2,2,2,1,1,1,2,2,2,1,1,1,2,2,2,2,3,3,3,3,2,2,2,2,3,3,3,2,2,2,2,3,3,2,3,3,2,2,3,3,2,2,2,2,2,2,2,3,2,2,2,2,1,1,1,1,2,2,1,2,1,2,1,2,1,1,2,2,1,2,2,1,1,1,1,1,1,1,2,2,2,2,1,1,1,2,2,2,1,1,1,2,2,2,1,1,1,1,1,2,2,2,2,2,2,1,1,1,1,2,2,3,2,3,3,3,4,4,4,4,4,3,4,3,2,2,2,2,2,2,2,2,1,1,2,2,2,2,2,2,2,2,2,3,3,3,3,3,3,3,1,1,1,1,1,1,1,1,2,2,2,2,2,2,2,2,3,3,3,3,3,3,3,3,3,3,3,2,1,1,2,2,1,2,2,2
1,1,1,2,3,3,1,3,1,1,1,3,6,6,3,1,1,1,2,3,5,6,4,6,6,2,5,5,5,3,3,6,6,2,4,1,6,6,1,2,5,5,6,6,2,3,3,5,2,1,1,1,2,2,3,6,5,5,6,5,5,5,4,2,2,3,1,1,5,1,5,5,3,6,3,2,2,6,6,5,3,5,6,5,2,3,2,3,1,1,3,4,1,1,1,1,1,3,3,1,4,3,1,1,1,1,1,1,1,2,3,1,1,1,5,4,4,2,3,1,1,1,1,3,3,3,5,5,6,6,3,2,1,2,4,5,1,1,1,1,1,1,2,1,1,1,1,1,3,3,4,3,3,4,3,3,1,1,4,1,2,2,2,1,1,2,1,1,1,1,1,1,1,1,1,2,3,1,1,1,1,1,1,3,1,3,3,1,3,1,2,1,3,1,4,1,4,4,3,3,1,1,5,1,1,1,2,2,3,2,3,3,3,1,1,1,3,2,1,1,2,2,1,3,2,1,1,1,2,3,1,1,1,2,1,2,1,2,1,3,1,1,2,2,1,1,1,3,1,1,3
2,4,4,2,5,3,3,5,4,2,4,3,2,5,3,5,2,6,3,5,2,5,3,5,2,4,6,3,2,5,4,3,2,5,2,1,5,4,3,2,5,3,4,2,4,5,2,3,5,4,2,4,5,3,2,6,3,4,5,2,1,3,4,5,NA,4,2,3,4,6,2,4,1,6,4,3,1,4,3,5,3,5,2,4,5,2,5,3,5,5,3,2,5,2,4,5,4,5,3,2,5,5,2,3,5,2,3,5,4,2,3,4,6,3,2,4,5,1,5,2,3,5,2,4,3,2,5,4,3,2,5,3,2,5,3,5,2,4,2,3,5,2,4,4,2,3,4,2,NA,5,3,5,2,4,2,4,5,3,2,5,2,4,5,3,2,4,3,4,2,5,3,5,5,2,3,4,3,2,2,5,6,3,2,4,2,5,3,4,2,3,5,2,5,2,5,3,2,6,2,4,5,3,NA,2,NA,3,3,2,5,2,4,5,3,2,6,3,5,2,3,4,2,3,6,3,5,2,1,5,3,3,4,5,2,5,3,2,5,4,2,1,4,3,6,3,2,3,5,2,5,3,5
4,1,2,6,6,6,NA,6,1,5,2,4,6,4,1,4,3,1,1,6,6,6,5,5,3,5,5,5,1,2,5,4,1,1,1,1,2,6,2,4,6,5,5,NA,3,4,6,6,1,1,1,1,1,1,4,1,1,2,2,3,3,5,1,2,3,4,1,1,4,2,4,3,2,2,5,1,1,2,1,4,2,2,2,4,1,4,1,2,3,4,2,1,NA,5,5,5,3,1,2,2,2,4,3,3,1,4,1,1,5,6,1,3,5,6,6,1,2,2,1,3,2,4,3,2,4,1,5,2,3,5,4,2,NA,1,3,3,1,3,1,4,2,2,2,5,4,2,2,3,3,NA,5,3,3,4,1,2,1,5,5,1,2,5,5,1,4,1,1,3,2,1,1,4,1,1,1,5,2,2,5,5,2,2,3,4,3,6,2,1,2,1,3,4,6,6,5,1,5,4,2,3,2,2,1,2,2,2,4,3,1,1,2,1,1,2,3,5,5,5,3,4,5,5,3,2,5,2,2,4,3,2,4,3,2,5,3,4,2,3,4,4,2,3,5,1,3,4,6,4,1,1,3
6,2,4,4,6,6,3,5,2,4,3,5,6,3,1,2,2,3,2,3,4,6,3,4,3,2,5,5,1,4,3,5,3,1,2,3,4,5,2,3,6,2,3,6,2,6,4,4,1,2,2,2,3,2,5,2,1,3,3,2,3,2,2,3,3,2,3,3,3,2,3,2,2,6,2,2,2,3,4,3,2,2,5,2,1,3,1,2,2,2,3,1,2,1,2,4,2,1,3,1,3,2,2,2,2,2,2,1,3,5,1,2,3,4,4,1,4,4,1,2,2,3,2,3,2,2,4,2,3,4,1,5,2,2,2,4,2,1,1,2,2,3,1,5,4,1,1,2,2,1,2,2,2,2,1,4,3,2,3,1,2,2,5,2,4,2,3,3,4,2,2,2,1,2,1,2,5,2,4,4,1,2,1,1,4,4,3,1,3,2,1,1,2,1,4,1,4,4,2,3,1,2,1,2,2,2,3,1,2,1,3,2,1,3,2,2,4,2,2,2,3,4,4,4,4,3,3,2,1,2,2,4,1,4,3,3,3,3,3,3,2,1,4,3,4,2,2,4,2,1,2
5,4,3,3,3,3,3,3,6,1,4,4,4,4,4,2,1,1,1,1,4,4,4,3,3,3,3,3,3,3,3,2,2,2,2,2,2,2,2,2,6,2,2,2,2,2,2,2,2,2,2,2,2,2,2,2,2,2,2,2,3,2,4,3,3,3,3,3,3,3,6,3,3,3,3,3,3,6,6,6,6,6,6,2,2,3,3,2,3,4,4,5,1,1,1,6,1,1,2,2,2,2,3,3,3,3,3,3,5,5,5,5,5,3,4,2,2,3,3,4,3,2,3,3,3,4,3,4,3,3,4,3,3,3,3,3,3,3,3,3,1,1,1,1,1,1,1,1,1,1,5,4,3,3,3,3,3,4,3,3,3,4,4,4,3,4,2,3,3,3,3,1,1,1,1,1,1,1,1,3,3,2,2,2,2,2,1,1,1,1,1,1,1,1,5,4,4,4,4,3,3,3,1,1,1,1,1,1,1,1,1,1,1,1,1,1,1,1,1,2,2,2,1,1,1,1,1,1,1,1,1,1,2,2,4,4,4,2,2,4,2,3,3,3,3,3,3,3,1,1,1
5,2,2,2,1,1,1,4,1,2,1,1,2,2,1,1,1,1,1,2,3,4,2,2,2,2,2,2,2,3,3,3,2,1,1,1,3,4,1,1,3,1,2,4,1,3,3,3,1,1,3,1,1,2,1,1,1,3,4,1,2,1,1,1,3,1,1,2,3,2,3,2,1,5,3,1,2,3,4,2,2,3,2,1,2,1,2,2,1,1,1,1,1,1,1,1,1,1,2,1,1,1,1,1,1,2,1,1,2,2,1,1,2,2,4,1,1,1,2,1,1,1,1,1,1,1,3,1,3,3,1,3,4,1,3,2,1,1,1,1,1,3,2,3,1,1,1,1,1,1,1,1,1,1,1,1,1,1,2,1,2,1,2,1,2,1,2,2,1,1,1,1,1,3,1,2,1,1,2,1,1,1,1,2,1,1,2,2,3,1,2,1,3,1,3,1,1,1,1,1,1,1,3,1,1,1,1,1,1,1,1,1,1,1,1,3,1,1,1,1,2,3,2,1,1,3,1,1,1,1,1,1,1,3,1,1,1,1,1,1,1,1,1,2,1,1,1,1,1,1,2
5,2,2,3,6,3,2,6,1,4,3,5,4,2,2,4,3,1,4,3,4,6,4,4,4,4,5,5,3,5,4,2,3,1,2,4,2,2,1,4,3,1,4,4,3,2,4,5,2,3,2,2,1,2,4,2,1,2,3,2,1,2,2,1,1,2,2,1,4,3,2,4,2,4,3,1,1,1,4,2,2,3,4,3,2,2,1,2,2,2,4,4,3,2,2,5,2,1,3,1,6,2,1,2,2,2,2,1,3,4,1,1,2,3,4,1,2,3,3,2,2,2,3,2,2,1,1,3,2,3,1,6,3,1,3,2,2,2,1,3,3,1,2,4,2,1,2,2,2,2,4,2,2,2,3,2,1,2,4,2,2,4,3,1,1,1,2,2,1,1,2,2,1,1,1,2,2,1,2,2,1,1,2,2,1,2,1,1,3,1,1,2,4,2,3,1,2,3,2,NA,1,2,1,2,2,2,3,1,3,2,3,2,1,2,2,4,4,2,3,2,3,4,2,4,3,4,2,2,1,3,2,5,2,2,2,3,2,2,2,3,2,1,2,1,2,4,3,NA,2,3,1
1,2,3,4,5,6,5,4,3,2,1,2,3,4,5,6,5,NA,3,2,1,2,3,4,5,6,5,4,3,2,1,2,3,4,5,6,5,4,3,2,1,2,3,4,5,6,5,4,3,2,1,2,3,4,5,6,5,4,3,2,1,2,3,4,5,6,5,4,3,2,1,2,3,4,5,6,5,4,3,2,1,2,3,4,5,6,5,4,3,2,1,2,3,4,5,6,5,4,3,2,1,2,3,4,5,6,5,4,3,2,1,2,3,4,5,6,5,4,3,2,1,2,3,4,5,6,5,4,3,2,1,2,3,4,5,6,5,4,3,2,1,2,3,4,5,6,5,4,3,2,1,2,3,4,5,6,5,4,3,2,1,2,3,4,5,6,5,4,3,2,1,2,3,4,5,6,5,4,3,2,1,2,3,4,5,6,5,4,3,2,1,2,3,4,5,6,5,4,3,2,1,2,3,4,5,6,5,4,3,2,1,2,3,4,5,6,5,4,3,2,1,2,3,4,5,6,5,4,3,2,1,2,3,4,5,6,5,4,3,2,1,2,3,4,5,6,5,4,3,2,1
2,2,2,2,3,2,1,2,1,2,1,2,3,2,1,1,2,2,2,2,3,3,2,2,2,2,2,2,2,2,2,2,2,1,1,2,2,3,2,3,2,2,3,3,2,2,2,3,2,2,2,2,1,2,2,1,2,3,3,1,2,2,2,1,2,2,1,1,2,2,2,3,1,2,2,1,2,2,2,2,2,3,2,1,1,3,2,2,2,2,2,2,3,2,2,4,3,2,3,2,3,1,1,2,1,2,1,1,2,3,2,1,1,2,2,1,1,2,2,1,2,1,2,2,1,2,2,1,1,3,2,3,2,1,2,2,2,2,1,2,2,2,2,3,1,2,1,1,2,1,2,2,2,2,2,2,2,2,2,2,3,2,4,2,2,1,1,2,1,1,2,1,1,1,1,2,2,1,2,2,2,2,2,2,2,2,2,1,2,1,1,2,3,2,2,1,2,3,2,2,2,2,2,2,1,2,2,1,1,1,2,2,1,2,2,2,3,2,2,2,2,3,2,2,2,2,2,2,1,2,2,3,2,2,2,2,2,2,2,2,2,2,2,2,2,2,2,3,1,2,2
6,4,6,3,5,6,2,3,1,5,4,6,6,5,1,1,NA,NA,NA,NA,NA,NA,NA,NA,NA,NA,NA,NA,NA,NA,NA,NA,NA,NA,NA,NA,NA,NA,NA,NA,NA,NA,NA,NA,NA,NA,NA,NA,NA,NA,NA,NA,NA,NA,NA,NA,NA,NA,NA,NA,NA,NA,NA,NA,NA,NA,NA,NA,NA,NA,NA,NA,NA,NA,NA,NA,NA,NA,NA,NA,NA,NA,NA,NA,NA,NA,NA,NA,NA,NA,NA,NA,NA,NA,NA,NA,NA,NA,NA,NA,NA,NA,NA,NA,NA,NA,NA,NA,NA,NA,NA,NA,NA,NA,NA,NA,NA,NA,NA,NA,NA,NA,NA,NA,NA,NA,NA,NA,NA,NA,NA,NA,NA,NA,NA,NA,NA,NA,NA,NA,NA,NA,NA,NA,NA,NA,NA,NA,NA,NA,NA,NA,NA,NA,NA,NA,NA,NA,NA,NA,NA,NA,NA,NA,NA,NA,NA,NA,NA,NA,NA,NA,NA,NA,NA,NA,NA,NA,NA,NA,NA,NA,NA,NA,NA,NA,NA,NA,NA,NA,NA,NA,NA,NA,NA,NA,NA,NA,NA,NA,NA,NA,NA,NA,NA,NA,NA,NA,NA,NA,NA,NA,NA,NA,NA,NA,NA,NA,NA,NA,NA,NA,NA,NA,NA,NA,NA,NA,NA,NA,NA,NA,NA,NA,NA,NA,NA,NA,NA,NA,NA,NA,NA,NA,NA,NA,NA,NA,NA,NA,NA
4,1,3,2,1,3,1,4,1,3,1,3,3,2,1,2,2,1,2,3,1,2,1,3,2,2,1,3,2,3,2,2,3,1,4,1,4,4,2,5,4,2,6,4,2,3,3,4,4,2,2,1,1,3,4,1,2,3,3,4,5,4,4,2,2,2,1,1,3,2,2,4,2,6,2,3,1,2,4,2,3,4,1,1,1,2,3,1,1,1,4,1,2,2,2,6,1,2,2,3,5,1,1,3,2,2,1,1,4,2,1,1,2,3,4,2,1,1,3,1,1,1,3,2,3,4,1,3,4,5,3,3,2,1,2,1,3,2,1,1,2,3,4,3,1,1,1,1,3,3,2,2,3,1,2,3,2,3,4,3,4,2,6,1,3,2,1,2,1,1,2,1,1,1,1,1,1,1,2,4,3,1,2,2,3,4,3,2,4,1,1,2,5,1,2,3,2,5,2,3,2,1,3,2,1,1,3,1,1,1,3,4,2,2,4,3,6,3,2,2,2,3,2,1,5,1,2,3,1,2,1,5,3,5,3,4,1,2,1,6,3,2,5,1,2,4,1,1,1,1,3
4,1,1,4,4,2,3,3,1,1,2,1,4,3,1,4,3,4,2,1,1,5,3,3,2,1,5,3,1,1,4,3,3,1,1,1,2,3,1,1,1,2,1,1,1,1,1,1,1,1,1,1,1,1,4,4,1,1,1,2,1,1,2,2,1,1,1,1,1,1,1,3,2,6,3,1,1,6,1,1,1,1,3,1,1,1,1,1,1,4,1,3,1,1,6,1,1,1,3,1,5,1,1,1,1,1,1,1,1,1,1,1,1,1,1,1,1,1,1,1,1,1,1,1,1,1,5,1,1,5,1,1,1,1,6,1,1,1,1,1,1,4,1,1,1,4,1,1,1,1,1,1,1,1,5,1,1,1,6,1,1,5,1,1,1,1,1,1,1,1,1,1,1,1,1,1,1,1,1,1,1,1,1,1,1,1,1,1,6,1,1,1,5,1,4,1,2,1,1,2,1,1,5,1,1,1,3,1,1,1,4,1,1,1,1,1,1,1,4,1,5,3,1,1,1,1,1,1,1,5,1,1,1,1,1,1,1,1,2,2,1,1,1,1,1,1,2,1,1,1,1
5,1,1,1,4,5,3,2,1,4,1,4,6,1,1,1,1,2,3,1,1,5,1,3,2,1,1,3,1,2,2,1,1,1,1,1,1,4,1,4,4,1,5,4,2,1,5,4,1,2,1,1,1,1,3,3,1,1,1,1,1,3,1,1,1,1,1,1,4,1,1,4,1,6,1,1,1,3,4,3,1,3,1,1,1,3,1,1,1,NA,3,6,6,1,1,5,2,1,3,1,3,2,1,1,1,1,1,1,3,5,3,2,1,2,5,1,1,2,1,1,1,1,1,4,1,4,2,1,5,3,1,2,3,1,2,3,1,1,1,1,1,1,1,3,1,3,1,1,4,2,1,1,1,3,1,2,1,2,3,4,3,5,5,1,3,1,1,2,1,1,1,2,1,3,1,2,3,1,1,1,1,1,3,1,2,2,3,1,2,1,3,4,4,3,2,1,1,3,2,3,1,2,1,1,1,4,2,1,1,1,4,3,3,2,2,3,5,2,1,1,1,3,1,2,3,5,1,2,1,2,1,4,2,6,4,6,1,1,1,4,3,1,2,2,2,1,1,3,1,1,1
3,2,2,4,4,3,2,4,5,1,2,5,3,5,4,3,1,6,5,2,4,3,6,1,2,3,2,5,3,4,1,2,6,3,5,2,4,4,2,6,4,2,4,3,5,4,3,2,3,1,6,1,6,4,3,3,5,3,1,5,4,2,3,2,2,6,3,4,1,3,4,4,3,2,4,3,4,1,5,2,4,3,5,1,4,2,3,4,2,6,4,1,6,4,2,3,4,5,2,3,3,6,1,3,3,3,3,3,3,3,3,3,3,3,3,3,3,3,3,3,3,3,3,3,5,3,3,1,2,3,3,3,3,3,3,4,5,4,4,4,4,4,4,2,1,5,2,4,4,1,5,1,5,2,1,5,NA,1,6,2,4,4,6,3,2,3,3,3,3,3,3,3,3,3,3,3,3,3,3,3,3,3,3,3,3,3,3,3,3,3,3,3,3,3,3,3,3,3,3,3,3,3,3,3,3,3,3,3,3,3,3,3,3,3,3,3,3,3,3,3,3,3,3,3,3,3,3,3,3,3,3,3,3,3,3,3,3,3,3,3,3,3,3,3,3,3,3,3,3,3,3
1,3,3,6,5,4,3,NA,2,1,3,1,1,1,3,5,4,1,4,2,4,2,5,3,5,1,1,2,3,2,6,4,4,4,4,3,2,1,2,4,4,6,6,4,2,2,3,2,4,3,2,1,1,1,3,5,5,6,3,3,2,4,2,1,3,4,3,3,2,2,2,2,1,5,4,4,2,2,1,1,2,5,6,4,2,2,1,4,3,3,1,2,3,5,3,5,2,2,3,3,3,3,2,1,5,5,3,3,2,1,4,5,5,3,2,1,1,1,4,5,6,6,4,3,2,2,3,4,NA,5,3,2,2,1,1,1,4,4,2,2,1,1,4,6,5,4,4,2,1,2,3,3,3,2,5,3,2,1,1,1,5,3,3,1,2,4,5,5,3,2,4,5,4,3,3,2,4,4,3,2,3,5,4,5,3,1,6,6,1,1,1,3,5,3,2,3,5,4,5,2,2,2,4,3,1,4,3,6,6,6,4,3,2,2,3,2,2,1,1,1,2,2,3,5,5,6,6,4,3,2,2,1,3,4,4,4,5,6,6,6,5,3,2,2,3,2,4,2,4,1,6
6,1,1,1,6,1,1,1,1,1,1,5,1,1,1,1,1,1,2,1,4,5,1,1,1,1,1,1,1,3,1,1,1,1,1,1,1,1,1,4,1,1,1,1,1,1,3,5,1,1,1,1,1,1,1,1,1,1,1,1,1,3,1,1,1,1,1,1,1,1,1,1,1,4,1,1,1,1,5,1,1,1,1,1,1,2,1,1,1,1,3,1,1,1,1,2,1,1,2,1,1,1,1,1,1,1,1,1,1,1,1,1,1,1,3,1,1,1,1,1,1,1,1,1,1,1,2,1,1,1,1,2,1,1,1,1,1,1,1,1,1,1,1,1,1,1,1,1,2,1,3,1,1,1,1,1,1,1,1,1,1,1,3,1,1,1,1,1,1,1,1,1,1,1,1,1,1,1,1,1,1,1,1,1,1,1,1,1,1,1,1,1,6,1,1,1,1,1,1,1,1,1,1,1,1,1,1,1,1,1,1,1,1,1,1,1,3,1,1,1,1,1,1,1,1,1,1,1,1,1,1,5,1,1,1,1,1,1,1,1,1,1,1,1,1,1,1,1,1,1,3
3,4,2,1,1,1,2,5,1,2,1,6,6,2,1,4,2,1,2,1,4,2,5,3,2,1,4,2,3,6,2,5,4,1,3,2,3,1,1,2,4,3,2,1,1,5,4,3,1,1,2,3,1,1,3,2,1,4,6,2,3,4,1,1,1,3,1,2,1,3,1,4,1,5,2,1,1,6,5,2,2,1,3,1,1,3,2,2,2,5,3,4,2,2,3,2,4,1,2,1,3,2,1,1,1,2,1,1,2,1,1,1,2,3,5,4,2,1,1,1,1,2,4,3,5,3,4,2,1,3,2,1,3,1,4,6,2,2,1,1,2,1,4,2,1,2,1,1,4,2,1,1,4,2,3,5,2,2,6,2,1,3,5,2,3,1,1,2,4,1,1,3,1,1,1,2,4,2,1,3,1,1,1,2,1,3,4,2,3,1,1,2,1,1,4,1,2,1,1,4,2,1,3,1,1,2,4,2,1,2,3,3,5,2,2,4,5,2,2,3,5,4,2,3,3,2,2,4,1,1,2,4,2,3,4,6,2,1,2,5,2,1,3,1,4,2,3,5,1,1,3
6,2,1,6,3,1,1,5,1,5,1,3,6,3,1,1,2,1,4,2,2,6,6,1,3,1,3,4,4,2,5,2,4,1,5,1,5,5,1,2,6,2,3,6,1,2,2,3,1,1,2,1,1,3,5,5,1,3,3,2,3,1,4,1,4,3,1,1,4,1,2,4,1,NA,6,3,2,4,5,5,5,5,5,1,4,5,2,3,2,2,3,6,2,1,3,3,2,3,4,2,2,3,1,1,NA,1,1,1,2,5,4,3,2,4,3,3,1,2,3,2,1,1,1,1,4,4,1,4,2,4,4,1,4,1,1,2,1,1,1,1,1,1,3,2,2,4,1,2,1,3,2,1,2,1,2,1,1,1,5,5,5,2,3,1,1,2,2,4,1,1,1,1,1,1,3,3,2,1,2,4,4,4,2,2,3,1,1,1,2,1,1,1,3,1,4,1,3,1,1,3,2,1,2,1,1,2,1,2,1,1,1,3,2,2,2,4,1,1,2,1,4,4,6,5,3,5,1,3,1,1,1,2,1,3,2,2,1,3,3,4,4,1,3,5,1,1,3,1,1,1,1
5,1,1,3,4,1,1,6,1,4,2,3,4,2,1,3,2,2,5,2,2,3,2,1,1,2,1,4,2,3,2,1,2,1,2,4,1,1,2,4,3,1,2,3,2,2,4,6,2,1,1,1,1,3,3,1,1,5,4,2,2,4,4,2,3,2,1,1,6,1,3,4,1,6,2,1,2,4,6,2,3,6,1,2,4,2,1,1,2,2,3,2,2,1,2,6,4,2,3,2,3,1,2,2,1,4,1,1,3,5,2,3,1,4,3,2,2,2,3,3,2,1,2,1,1,3,1,2,1,5,3,5,4,1,1,1,1,2,1,4,3,2,2,2,1,5,1,4,3,3,5,2,6,5,5,4,2,2,4,3,3,2,6,1,2,3,1,4,3,1,2,1,1,1,3,1,3,1,3,3,4,2,4,4,2,1,1,1,5,1,5,4,6,4,2,1,4,5,2,1,3,1,1,2,1,3,4,1,1,1,5,4,1,1,3,4,6,3,2,2,4,5,1,3,4,2,2,1,1,1,1,6,2,5,4,4,2,1,3,6,4,3,3,1,1,3,6,4,2,1,3
4,2,1,3,1,2,1,5,1,2,1,2,3,1,1,3,1,1,3,5,4,5,2,3,1,1,2,2,4,2,3,1,2,1,4,1,3,2,1,2,1,1,1,1,1,1,1,5,3,1,1,1,1,1,1,4,1,3,4,1,2,3,3,1,1,1,1,1,2,1,1,1,1,6,3,2,2,4,5,3,1,2,4,1,5,1,2,2,1,1,3,4,1,2,1,1,1,4,3,2,3,1,1,1,1,1,1,1,3,1,1,1,3,2,4,4,1,1,1,1,1,1,1,1,3,2,4,6,3,2,4,5,5,1,3,1,1,1,1,1,1,2,4,3,1,4,1,1,4,5,4,2,1,3,4,2,1,1,3,5,5,1,6,2,2,4,1,1,1,3,1,1,1,1,2,2,1,1,1,2,3,1,1,1,1,1,3,1,6,1,5,2,4,1,4,1,4,1,1,1,1,1,3,2,1,1,1,1,1,1,1,1,1,1,1,1,4,3,1,1,2,3,4,4,2,1,1,1,1,1,1,1,1,3,2,4,1,1,4,5,1,1,3,1,1,1,4,1,2,2,5
5,2,3,3,6,5,3,6,1,5,3,5,6,4,3,3,5,2,4,5,6,6,4,6,3,2,5,6,2,5,6,6,4,2,4,5,6,6,3,5,6,2,4,6,4,5,6,6,1,3,2,3,1,2,5,6,2,4,6,3,5,5,5,2,4,4,1,1,5,2,5,6,2,6,3,3,3,6,6,4,5,6,4,3,3,3,2,3,3,5,6,3,4,5,3,5,3,3,5,2,6,3,3,5,2,4,3,3,6,6,3,2,5,5,6,3,1,3,4,4,3,3,4,5,4,5,6,5,6,6,4,6,3,1,4,6,4,3,1,5,2,1,3,6,3,5,2,3,5,3,5,3,3,5,2,4,4,5,6,3,2,5,5,1,4,4,2,5,2,1,3,5,1,2,1,4,5,2,4,5,1,3,4,3,2,5,2,2,4,1,4,4,3,3,5,2,5,4,3,5,3,3,5,3,3,2,4,4,2,1,4,2,1,3,3,4,5,3,4,3,5,6,3,5,5,3,4,3,5,3,2,5,2,4,3,5,3,4,4,6,2,4,4,2,2,3,5,3,2,3,5
4,2,2,4,5,4,1,5,3,5,3,4,6,2,2,1,3,1,1,3,2,5,2,3,2,3,5,4,2,4,3,5,5,1,1,3,6,5,3,4,6,2,4,4,1,4,5,6,1,2,1,1,2,1,4,2,1,4,6,1,2,4,4,3,2,4,2,2,4,1,4,4,3,6,2,1,3,5,6,5,3,4,4,4,3,4,1,2,3,1,3,2,3,1,2,4,2,3,3,2,2,1,3,3,1,4,3,1,5,5,3,1,1,5,6,2,2,2,6,3,2,2,1,4,1,3,4,4,3,5,2,3,1,1,1,4,2,1,1,3,3,1,2,4,3,1,1,2,3,3,5,2,4,3,3,3,2,1,3,1,2,5,5,2,3,1,1,2,1,1,2,2,1,2,1,2,4,1,1,2,1,3,2,3,2,2,4,1,1,1,2,2,5,3,6,1,3,5,1,5,1,2,2,2,1,1,3,1,1,1,3,1,5,3,2,3,6,3,4,2,2,5,3,4,3,4,3,3,1,1,1,5,4,3,3,5,4,4,2,4,2,1,3,4,4,3,5,3,1,1,2
3,2,2,2,3,2,1,2,1,3,1,3,3,2,2,2,2,1,1,3,3,4,2,2,2,2,3,4,2,3,3,2,3,1,2,3,3,4,1,5,5,2,3,4,3,2,3,6,1,2,1,1,1,2,3,3,1,3,3,1,3,3,4,1,3,2,1,1,3,2,3,4,1,5,2,2,2,3,4,2,3,3,3,2,2,3,2,1,1,2,3,4,2,1,1,4,2,3,4,2,3,2,1,2,1,2,1,1,2,4,3,2,1,2,4,1,2,2,2,1,2,1,2,2,3,3,2,2,3,3,2,2,3,1,2,2,1,1,1,3,2,2,3,3,2,2,1,2,2,2,3,1,4,2,3,2,2,2,3,2,2,3,5,1,2,2,1,2,2,1,2,2,1,1,1,2,3,1,2,3,3,2,2,3,2,2,2,2,1,1,4,3,4,3,3,1,2,4,2,3,2,2,4,2,1,2,2,2,1,2,2,3,1,2,4,3,5,2,3,2,4,3,2,3,1,2,2,3,1,1,2,5,1,2,2,3,1,1,1,3,1,1,2,2,1,2,2,3,2,2,3
