"lucrative","holdings","grassroots","barking","scoop","purification","dials","horde","convertible","postponed","sensory","isles","attest","arranging","quits","proclaim","hometown","triangles","validate","inmate","pennies","emerge","nephew","arsenal","groan","ritz","beforehand","burnt","thoughtful","mindless","disposal","moonlight","attained","plight","extracts","wrists","writ","eel","surveillance","freestyle","witty","detecting","hut","executions","sleeper","meow","cigarettes","anarchist","handguns","scrutiny","vivid","legitimately","radiator","bachelors","amigo","distinctly","displacement","memorize","subspace","relaxing","remarkably","admired","violet","pervert","hoses","warmer","exile","calf","outpost","paperwork","qualification","baked","knob","viola","neatly","receptive","disco","abolished","drilled","saucer","diminished","backspace","complains","laurel","nuns","upright","backlash","multitude","collectible","pledged","penthouse","diplomat","skepticism","experimenting","rebuilt","peek","phony","ruining","fiery","caverns","paralyze","shelters","compliment","stylus","probes","gin","grinning","involuntary","nicotine","mule","subway","harmonic","riots","simplistic","hopeful","postcard","eighties","vigorously","fatalities","analyzed","substitutes","paws","cater","removes","sherry","combines","migrating","piracy","slope","manipulated","investigator","disappears","champaign","poking","unleashed","proliferation","scent","rift","cookies","merchants","mechanic","deceptive","visualize","replay","mildly","settlers","indefinite","generalized","improper","eighth","telepathic","marines","outlines","conducts","photocopy","unlock","cavalier","tasting","prank","salaried","formally","fleas","polished","hamburger","wiggle","invaders","mania","instructional","barb","conserve","merged","provoked","ordinarily","insensitive","dun","zeppelin","niche","clowns","persuaded","suspense","rationale","sacrificed","additives","gracias","imagining","juicy","conch","expenditure","unseen","linguistics","dervish","jerked","warehousing","skulls","trooper","leased","collegiate","molecules","fearsome","spa","witchcraft","confess","manning","blinking","artist's","wrapper","dresses","plutonium","exploited","penguin","imperfect","cellar","fudge","tasty","pseudo","indigo","directive","filtration","abruptly","insignificant","exercising","poisoning","fingertips","rested","arrests","unrest","coma","aggressively","dandy","infectious","compliments","anxiety","praying","parted","collapsed","invoking","asylum","darling","duplicated","baby's","rebirth","creases","anthem","radically","rays","fermentation","athlete","evenly","accelerating","empower","prostitute"
2,2,1,2,4,4,2,5,1,3,NA,3,2,3,1,2,5,5,3,2,3,1,4,4,4,4,3,1,5,5,5,4,4,5,5,4,4,3,2,4,4,4,3,2,3,5,4,5,5,3,5,2,4,3,3,2,3,4,4,4,4,3,5,4,3,2,4,4,3,3,4,4,4,4,4,2,2,1,1,2,3,3,3,3,2,3,5,5,4,3,4,6,4,3,1,5,2,1,3,3,4,4,5,5,5,5,5,5,6,4,5,5,4,3,2,5,4,4,6,2,4,5,5,6,5,6,1,4,3,2,2,4,4,4,5,5,5,4,3,3,4,4,3,5,5,6,3,3,2,2,5,3,3,3,3,5,4,3,2,1,4,5,3,3,4,4,4,4,3,5,3,2,3,3,4,5,5,3,4,3,2,2,3,3,5,5,4,4,3,2,3,4,5,5,4,3,2,1,4,4,2,2,2,5,3,2,2,2,2,4,6,6,5,5,5,4,4,6,2,5,3,3,6,5,4,3,5,4,3,2,2,5,5,4,3,1,2,1,4,NA,1,2,4,3,3,2,5,4,5,4,5
1,1,3,4,2,1,3,6,1,1,1,6,2,3,1,1,1,3,1,3,1,4,3,1,3,1,4,4,6,1,1,4,3,6,4,4,1,1,6,2,1,1,3,2,1,6,2,3,1,4,1,6,1,2,6,3,1,1,2,4,1,1,3,5,6,1,6,5,1,1,5,1,4,6,3,1,1,3,1,1,1,1,1,3,5,2,1,6,2,6,2,5,6,1,2,3,3,6,6,2,2,1,1,6,1,2,3,1,6,2,1,5,4,2,1,1,3,6,5,4,6,1,5,1,6,1,3,6,1,1,1,3,5,1,4,4,6,1,2,4,4,4,1,1,4,2,2,2,1,5,5,2,1,6,2,1,6,1,1,4,2,5,1,5,1,2,6,2,1,1,3,1,3,1,6,6,6,2,2,1,6,2,6,6,1,2,4,6,2,4,6,1,1,3,3,2,6,1,2,1,3,1,3,1,5,5,1,4,5,6,2,6,4,1,6,3,2,1,4,3,5,2,2,1,5,5,3,3,2,6,2,3,1,2,2,2,6,1,6,1,3,2,5,3,1,1,2,2,3,2,6
2,1,1,1,1,2,2,1,1,1,1,6,2,5,1,1,1,1,1,1,1,1,6,2,2,1,1,1,5,1,2,3,2,4,2,2,1,1,5,2,1,2,1,4,1,3,3,6,2,3,1,3,1,6,1,2,2,4,2,3,2,3,5,3,2,2,4,2,1,1,5,2,6,2,1,4,2,1,2,5,2,1,2,3,1,3,1,2,3,5,2,3,5,5,3,1,5,4,5,2,4,1,2,3,2,3,1,4,1,1,1,1,2,2,1,1,5,5,2,3,2,1,2,1,1,1,1,4,1,2,2,1,6,1,3,4,6,2,3,6,5,4,2,2,2,1,1,2,1,5,2,1,1,1,1,1,6,2,1,1,2,3,1,1,1,1,1,5,1,1,4,1,3,1,1,4,6,2,4,2,5,5,3,5,1,6,6,5,2,5,3,1,1,1,2,2,5,4,1,1,6,2,1,2,1,1,1,3,4,6,1,3,6,2,6,2,1,1,3,5,6,3,1,1,1,1,2,2,1,6,2,5,2,1,2,3,4,2,3,1,1,2,1,1,1,3,2,1,4,3,4
1,1,1,1,2,1,1,3,1,1,5,5,2,2,1,1,1,1,1,1,1,1,6,2,2,5,1,4,2,1,1,1,4,4,2,5,5,6,5,1,2,1,1,2,1,1,2,4,2,2,1,2,1,4,1,1,1,1,1,1,2,3,3,1,1,3,1,2,1,1,4,1,6,2,5,5,1,2,1,2,2,1,2,5,1,1,1,1,1,2,1,5,2,1,3,4,6,1,1,3,1,1,1,5,1,3,1,1,2,1,1,1,2,1,1,1,4,2,2,5,2,2,3,1,1,1,1,1,1,1,1,1,6,1,1,1,6,1,5,1,4,1,2,1,2,4,2,1,1,5,1,4,1,2,6,1,4,1,1,3,1,5,1,1,1,1,1,3,1,1,1,5,1,1,3,6,6,1,3,1,5,1,1,6,6,2,6,3,1,5,5,4,1,2,1,4,5,4,3,1,2,2,2,1,5,6,1,1,2,6,1,5,1,1,6,1,2,2,4,2,5,2,1,1,1,1,5,2,1,3,1,6,5,1,1,1,5,1,5,4,1,4,1,5,5,1,5,2,4,1,1
3,3,3,4,4,4,3,3,3,4,4,4,4,4,3,3,3,3,3,3,4,4,4,3,3,3,3,4,4,4,3,3,3,3,3,2,1,1,1,2,2,2,2,3,3,4,4,2,2,2,2,3,3,3,2,2,2,1,1,1,1,2,2,2,2,1,1,1,1,2,2,2,1,1,1,2,2,2,3,3,2,3,2,2,2,2,1,1,2,2,2,2,1,1,1,1,2,2,2,2,2,1,2,2,2,2,2,2,2,2,2,2,1,1,1,1,1,2,2,2,2,2,2,2,2,2,2,1,1,1,1,1,1,2,2,2,2,2,2,2,2,2,2,2,2,1,1,1,2,2,2,2,2,2,2,2,2,2,2,2,2,2,1,1,1,1,1,1,1,2,2,2,1,1,1,1,1,2,1,1,1,1,1,2,2,2,2,2,2,1,1,1,1,1,1,1,1,1,2,2,1,1,1,1,1,2,2,2,2,1,1,1,1,1,1,1,2,2,2,2,2,1,2,2,1,1,1,2,1,2,2,1,1,1,1,1,2,2,2,1,1,2,5,3,3,5,3,2,3,3,3
5,2,1,2,2,3,2,3,2,1,3,5,3,3,1,1,1,2,2,2,1,2,3,5,3,3,1,2,5,1,3,1,2,2,2,2,3,1,3,1,1,2,1,4,1,3,3,5,1,3,1,2,3,5,2,2,2,3,1,3,3,2,4,2,1,1,4,3,1,1,3,2,4,6,1,2,3,2,1,4,3,1,1,4,3,1,1,2,2,2,1,5,4,3,2,1,2,3,3,1,3,1,1,3,1,3,2,2,3,2,1,3,4,2,1,1,4,5,2,3,2,1,2,1,2,2,2,3,1,2,2,2,5,2,2,6,4,1,1,2,2,3,3,1,1,1,2,3,2,4,3,3,1,2,1,1,4,3,1,3,1,2,3,1,2,2,3,2,2,3,3,2,3,4,2,4,4,2,4,2,2,3,2,4,2,2,4,4,1,5,4,1,1,2,2,2,5,3,1,1,1,2,2,1,1,2,1,5,5,4,1,3,3,2,5,3,2,2,5,4,6,4,1,1,2,2,3,2,2,5,4,3,1,1,3,5,6,2,3,1,2,2,3,3,1,1,2,2,2,2,3
1,1,1,1,1,1,1,4,1,1,1,4,1,1,1,1,1,1,1,1,1,1,6,1,1,1,1,1,1,1,1,1,1,1,1,1,1,1,1,1,1,1,1,1,1,1,1,1,1,1,1,1,1,1,1,1,1,1,1,1,1,1,1,1,1,1,1,1,1,1,1,1,6,4,1,1,1,1,1,1,1,1,1,5,1,1,1,1,1,1,1,1,1,1,1,1,6,1,1,1,1,1,1,1,1,1,1,1,1,1,1,2,1,1,1,1,1,1,1,1,1,1,1,1,1,1,1,1,1,1,1,1,6,1,1,1,1,1,1,1,1,1,1,1,1,1,1,1,1,1,1,1,1,1,6,1,4,1,1,1,1,4,1,1,1,1,1,1,1,1,1,1,1,1,1,3,3,1,1,1,1,1,1,4,1,1,1,1,1,1,1,1,1,1,1,1,4,1,1,1,1,1,1,1,6,4,1,1,1,1,1,1,1,1,6,1,1,1,2,1,1,1,1,1,1,1,1,1,1,1,1,1,1,1,1,1,4,1,1,1,1,3,1,1,1,1,1,1,1,1,1
5,3,4,2,3,1,3,2,3,2,2,4,2,5,4,2,1,3,2,3,3,5,4,3,2,4,2,2,5,2,3,2,3,6,5,4,5,6,4,3,4,4,1,5,3,5,4,6,4,5,3,5,2,5,2,3,4,4,3,4,5,3,5,4,3,4,4,4,2,4,6,2,5,4,3,4,3,3,2,4,3,2,4,5,3,5,3,5,4,4,2,4,5,4,3,1,3,4,3,4,6,2,3,4,3,4,4,5,4,3,1,3,3,5,4,3,4,4,3,5,5,2,2,3,4,3,3,4,3,3,3,2,6,4,4,6,5,2,2,4,5,3,5,1,3,2,3,4,3,4,3,4,4,3,3,1,3,3,3,4,3,4,3,2,3,3,3,4,2,2,4,4,3,2,3,5,4,3,4,3,5,5,3,5,2,3,4,4,2,6,3,2,3,3,2,3,5,4,3,4,4,3,3,5,5,5,3,6,5,5,4,4,2,3,6,4,3,4,4,3,5,4,3,2,3,2,3,3,3,4,3,4,3,2,3,2,5,4,3,4,2,3,5,3,3,6,4,2,4,3,4
1,1,1,1,1,3,1,1,2,2,1,5,2,5,1,1,1,1,1,1,1,1,1,1,1,1,2,1,6,1,1,5,1,6,1,1,1,1,1,1,1,1,1,6,1,1,5,4,1,2,1,3,1,1,3,1,5,1,1,1,1,1,1,1,1,1,1,1,1,1,4,1,6,1,1,5,1,1,1,1,1,1,1,1,1,4,1,1,1,5,5,1,3,1,5,1,1,1,1,1,2,1,1,1,1,3,1,1,3,1,1,1,1,1,1,1,5,4,3,1,1,1,1,1,1,1,1,4,1,3,2,1,6,1,2,5,3,1,1,1,4,3,2,1,1,1,3,3,1,6,1,5,1,1,1,1,5,1,1,1,1,6,4,1,1,1,2,5,1,1,4,1,1,1,1,1,6,1,4,1,5,4,1,5,3,2,5,3,1,1,1,1,1,1,1,1,6,2,1,1,1,1,1,1,1,2,1,2,1,1,1,2,5,1,6,1,1,1,1,1,3,2,1,1,1,1,1,1,1,6,1,2,1,1,1,1,3,1,1,1,1,4,1,1,1,5,1,1,6,1,1
3,1,2,1,2,3,1,3,2,1,1,2,2,2,1,2,1,2,1,1,2,2,4,1,2,2,2,1,4,1,1,3,2,5,2,4,3,2,6,2,3,1,1,2,1,2,3,3,1,2,1,3,2,4,2,1,2,1,2,1,2,2,1,1,1,1,2,1,1,1,2,1,3,1,1,2,1,1,1,3,1,1,1,2,1,1,1,3,2,2,1,1,3,1,2,1,3,2,5,1,4,1,1,3,1,2,1,2,3,2,1,1,1,1,2,1,5,3,2,3,2,1,1,1,2,1,2,3,1,1,1,2,3,1,2,1,3,2,1,1,3,2,2,1,2,1,2,1,1,3,2,1,1,1,4,1,2,1,1,2,2,1,1,1,2,1,1,3,1,2,1,1,2,1,1,3,5,1,2,1,1,3,2,5,1,2,2,2,1,4,2,1,1,2,1,3,3,1,2,1,1,1,2,1,1,3,1,2,3,3,1,2,2,1,5,2,1,2,1,2,2,1,1,1,2,1,1,2,1,2,1,2,2,1,2,1,3,1,1,1,1,2,1,1,1,1,3,1,4,2,2
4,2,1,2,1,3,2,1,2,1,1,6,2,4,2,3,2,2,3,2,4,3,4,2,3,2,3,3,4,2,3,5,5,4,2,6,5,1,4,3,1,1,1,3,1,2,1,5,2,1,1,2,1,2,3,2,1,1,1,2,1,2,3,4,NA,NA,2,5,3,1,2,1,3,4,3,2,3,2,1,2,1,1,2,3,1,5,2,3,2,5,4,1,1,1,4,2,5,5,4,2,3,1,2,4,1,1,3,2,1,1,1,4,2,3,1,5,4,3,2,1,3,2,4,3,2,1,1,3,1,1,2,3,5,1,4,2,5,1,2,1,4,3,2,1,1,2,1,2,1,3,1,3,1,1,4,1,3,1,1,3,1,2,1,2,2,1,1,3,1,1,2,1,3,2,1,2,6,1,3,1,1,2,3,1,1,3,2,1,1,2,1,2,4,1,2,3,2,1,4,1,4,1,1,1,5,3,1,1,3,3,1,1,4,1,6,1,1,1,1,1,2,3,1,1,1,1,1,1,1,5,2,3,2,1,2,1,3,1,1,5,1,3,1,1,1,2,1,2,1,1,1
2,1,1,1,1,2,2,3,1,1,2,6,2,2,1,1,1,1,2,2,1,1,3,4,1,1,2,1,2,1,2,1,1,4,1,1,4,3,2,1,1,2,1,2,1,1,2,5,1,4,1,4,2,3,3,3,2,2,1,1,3,2,1,1,1,1,3,2,1,1,2,1,4,5,1,1,1,2,1,1,NA,1,1,5,1,1,2,1,2,2,1,1,5,4,1,1,3,2,4,1,3,1,1,1,2,1,1,1,2,1,1,2,1,2,1,1,3,2,4,2,3,1,1,1,3,1,2,4,1,3,1,1,3,1,1,5,1,1,2,1,3,3,1,1,2,1,3,2,1,4,3,2,1,2,1,1,3,3,1,2,1,1,3,1,2,2,2,3,1,2,1,2,2,1,1,5,6,2,3,1,5,1,3,4,1,2,1,4,1,3,2,1,1,1,1,2,3,3,1,1,2,1,1,1,2,1,1,2,3,4,1,1,1,2,6,1,1,2,4,1,2,3,1,1,2,1,2,3,1,1,1,3,1,1,1,1,5,1,1,2,1,2,1,1,1,2,2,1,2,1,3
5,2,2,2,1,3,2,5,4,2,2,6,4,2,2,1,1,2,5,2,2,4,4,3,2,6,1,1,4,2,3,1,2,6,3,6,6,6,4,2,3,3,1,4,3,2,4,6,3,4,5,3,2,5,4,2,2,3,2,4,2,2,5,2,3,1,2,1,2,1,3,2,6,5,2,4,2,3,1,5,3,2,2,5,3,2,2,4,2,6,3,4,4,5,2,1,4,3,2,2,6,2,1,5,1,6,2,2,4,1,1,5,2,5,2,1,2,6,2,6,2,1,1,2,5,2,3,5,2,2,1,2,6,3,2,5,6,1,2,2,5,5,3,1,1,2,4,2,2,2,1,1,3,2,2,2,4,2,1,5,4,2,3,2,5,2,4,3,2,1,2,3,2,4,2,5,6,2,5,2,6,3,4,6,2,5,3,4,2,6,2,6,2,3,2,5,6,4,4,1,2,2,3,4,6,4,3,6,2,4,3,6,2,5,6,5,3,6,3,4,NA,5,3,4,1,2,2,3,1,3,4,4,2,4,3,3,6,2,4,1,2,1,1,2,3,2,1,2,6,2,3
2,2,1,1,1,4,1,2,1,1,2,6,1,2,3,2,1,1,1,1,1,2,4,2,2,1,1,2,6,1,1,4,2,3,1,3,3,4,5,1,1,2,1,6,1,1,5,6,1,2,1,2,3,5,1,2,2,2,3,2,1,1,3,1,1,1,2,1,2,1,5,2,3,4,4,2,1,2,2,5,4,3,3,4,1,4,1,2,2,5,3,1,4,3,4,1,5,5,5,2,4,4,1,3,3,1,1,2,3,1,1,2,1,2,3,1,6,6,4,5,4,3,1,2,2,3,2,4,3,2,1,4,6,1,4,5,3,1,1,2,5,3,6,1,2,1,2,3,1,6,4,3,2,1,2,1,5,2,1,2,1,2,3,1,1,1,3,4,1,3,3,2,5,4,1,4,6,2,2,1,5,3,2,5,4,5,2,4,1,5,3,2,4,1,1,2,5,2,2,1,3,1,2,2,3,2,1,4,4,4,2,1,3,1,5,2,2,3,2,3,2,4,1,1,2,1,1,3,1,5,3,6,2,1,2,1,4,2,1,1,3,4,2,1,1,4,3,2,2,2,3
5,4,1,1,1,4,5,1,1,1,2,6,3,3,1,3,2,2,1,1,1,2,1,1,6,1,2,1,4,3,2,3,5,5,1,2,2,1,2,2,1,1,1,4,1,1,1,2,1,6,1,2,2,1,3,1,1,1,1,1,1,1,2,1,1,4,1,1,3,1,4,1,6,6,1,2,1,2,1,1,2,1,2,2,1,4,1,1,1,4,5,1,1,2,2,1,1,5,3,4,4,1,1,1,1,5,1,1,2,1,1,1,5,1,1,2,6,1,1,1,1,2,1,1,1,1,4,3,1,1,1,2,5,4,2,4,1,1,1,1,5,4,6,5,4,1,3,1,3,5,4,5,4,1,2,1,3,2,2,1,1,1,2,1,1,1,4,4,1,1,3,2,2,2,1,4,6,1,3,1,5,1,3,1,3,6,1,1,1,4,1,3,2,1,1,3,6,2,2,1,1,1,2,1,6,1,1,3,2,2,1,1,6,2,6,1,2,4,1,1,4,3,1,1,1,1,2,2,2,4,1,4,1,1,2,2,1,1,2,2,2,3,1,3,1,4,1,1,2,2,1
2,1,3,1,1,1,2,4,1,1,1,4,4,1,1,1,1,1,1,1,1,1,2,3,2,1,2,1,1,1,1,1,2,3,1,1,2,1,1,1,1,1,2,1,1,1,1,2,1,3,1,1,1,1,2,1,1,1,2,1,2,1,1,2,1,1,3,2,1,1,1,1,1,2,2,1,1,1,1,2,1,2,1,3,1,1,1,2,1,1,1,1,1,1,1,1,2,1,3,1,1,1,1,2,1,1,1,1,1,2,1,1,1,1,1,1,1,1,1,1,1,1,1,1,1,1,1,3,1,1,1,1,5,1,1,2,2,1,1,2,1,1,1,1,1,1,1,1,3,4,1,1,1,1,3,4,3,1,1,4,1,3,1,1,1,1,1,1,5,1,1,1,1,1,5,1,3,1,1,1,2,1,1,2,1,1,2,1,1,2,4,1,4,1,1,1,3,1,2,1,2,1,1,1,4,1,1,2,1,2,1,3,1,1,5,2,1,2,2,1,1,1,1,1,1,1,1,1,4,3,1,1,1,1,1,1,2,1,1,4,1,3,1,1,1,2,1,1,1,1,1
1,1,1,1,2,1,1,2,1,1,1,3,1,1,1,1,1,1,1,1,1,1,1,1,2,2,1,1,1,1,1,1,1,1,2,2,2,1,1,1,1,1,1,1,1,1,1,1,1,1,1,1,1,4,1,1,1,1,1,1,1,1,1,1,2,1,1,2,1,1,1,2,2,2,1,1,1,1,1,2,1,1,1,2,1,1,1,1,1,3,1,1,1,1,1,1,3,3,3,1,1,1,1,1,2,1,1,1,1,1,1,1,2,1,1,1,3,1,1,1,1,1,2,1,3,1,1,1,1,1,1,1,3,1,1,1,4,1,1,1,3,1,1,1,1,1,1,1,1,4,1,1,1,1,1,1,3,1,1,3,1,2,1,1,1,1,1,1,1,1,1,1,1,1,1,2,2,1,1,1,1,1,1,2,1,1,1,1,1,1,1,1,1,1,1,3,1,1,1,1,1,1,1,1,3,3,1,1,1,1,1,3,1,1,3,1,1,1,1,1,1,1,1,1,1,1,1,1,1,1,1,1,1,1,1,1,3,1,1,3,1,3,1,1,1,1,1,1,1,1,1
2,1,1,1,1,1,1,1,1,1,1,6,1,1,1,1,1,3,1,1,3,1,3,1,3,1,1,1,1,1,1,1,1,4,1,5,5,4,5,1,3,1,1,1,1,2,1,5,1,1,1,5,1,5,1,1,1,1,1,1,1,1,1,1,2,1,1,1,1,1,1,5,5,4,1,1,1,3,1,1,1,1,1,1,1,1,1,1,1,3,1,1,1,1,1,1,1,1,4,1,4,1,1,1,1,1,1,1,1,1,1,1,1,1,1,1,3,1,1,5,1,1,1,1,1,1,1,1,1,1,1,1,6,1,1,1,5,1,1,1,1,1,1,1,1,1,1,1,1,6,1,1,1,1,1,1,1,1,1,4,1,1,5,1,1,1,3,1,1,1,3,3,1,1,1,5,5,1,3,1,1,3,1,1,1,1,6,1,1,4,4,4,1,1,1,1,1,1,1,1,3,1,1,1,1,4,1,1,1,5,1,1,NA,1,5,1,1,1,1,1,1,1,1,1,1,1,1,1,1,4,1,1,1,1,1,1,4,1,1,1,1,1,1,1,1,1,1,1,3,1,1
3,1,1,1,1,3,2,4,2,1,2,5,2,4,2,1,1,2,1,1,1,2,4,2,3,2,NA,NA,NA,NA,1,1,2,3,2,1,1,2,3,2,1,1,1,3,1,3,4,5,1,4,4,3,4,1,5,1,2,1,1,1,1,1,3,4,3,2,1,2,1,1,3,4,5,2,3,2,1,1,1,4,3,1,2,4,1,2,1,2,1,4,1,3,4,2,3,1,5,3,4,5,1,1,2,1,1,4,2,3,5,4,3,5,3,4,3,1,3,4,5,2,1,1,5,3,1,1,1,3,2,1,1,2,6,3,1,3,4,3,1,1,4,4,2,1,3,1,3,1,1,3,1,2,1,1,2,1,3,1,2,4,1,1,3,2,1,2,6,3,2,1,3,2,2,1,1,3,6,1,3,1,4,5,1,1,3,1,6,3,1,4,6,5,1,1,1,1,3,4,1,1,1,1,1,1,4,2,1,3,4,5,1,1,1,2,6,3,2,3,1,4,3,3,1,1,1,1,4,3,4,2,1,3,2,1,1,3,6,1,1,1,1,2,1,1,1,3,4,5,5,1,2
2,1,1,1,1,1,1,1,1,1,1,3,1,1,1,1,1,1,1,1,2,1,1,1,1,1,1,1,2,1,1,1,1,1,1,1,1,1,1,1,1,1,1,1,1,1,1,2,1,1,1,1,1,1,2,1,1,1,1,1,1,1,2,1,1,1,2,2,1,1,1,1,2,2,1,1,1,1,1,2,1,1,1,1,1,1,1,1,1,1,1,1,1,1,1,1,2,1,1,1,1,1,1,1,1,2,1,1,1,1,1,1,2,1,1,1,2,1,1,1,1,1,1,1,1,1,1,1,1,1,1,1,3,1,1,1,2,1,1,1,2,2,1,1,1,1,1,2,1,2,1,1,1,1,1,1,2,1,1,2,1,1,1,1,1,1,1,1,1,1,1,1,1,1,1,1,2,1,1,1,1,1,1,1,1,1,1,1,1,1,1,1,1,1,1,1,2,1,1,1,1,1,1,1,1,1,1,2,2,1,1,1,1,1,3,1,1,1,1,1,1,1,1,1,1,1,1,1,1,2,1,2,1,1,2,1,2,1,1,1,1,1,1,1,1,1,1,1,1,1,1
3,3,3,2,3,3,3,2,3,NA,2,2,3,3,1,2,3,4,3,4,NA,1,2,4,3,2,2,3,2,3,1,2,1,3,2,3,2,2,5,3,3,2,3,1,1,4,3,3,3,4,2,2,4,2,4,1,4,2,4,2,2,NA,NA,NA,NA,NA,2,4,4,1,3,2,3,2,4,3,2,4,4,2,2,2,5,1,2,3,2,2,2,1,2,2,2,2,1,4,1,4,2,2,2,2,4,2,2,3,1,2,2,2,2,3,2,NA,1,1,3,NA,3,2,2,2,2,3,3,2,3,3,3,2,2,3,3,3,3,2,1,2,2,1,2,4,3,1,1,2,4,2,1,1,4,2,2,1,2,1,2,2,3,2,1,3,3,1,2,3,2,1,3,1,2,2,1,1,1,1,1,1,2,1,2,3,1,2,3,1,2,3,3,3,1,2,2,3,2,2,3,1,2,1,3,NA,2,2,2,1,3,2,1,3,2,2,2,1,1,1,3,1,2,2,2,1,2,2,1,2,2,1,2,1,1,3,2,2,2,1,2,2,1,1,NA,2,1,1,1,2,2,1,1,2,2
4,3,2,3,2,3,3,2,2,2,1,3,2,1,2,1,2,1,4,3,2,2,3,2,1,3,3,2,2,3,3,2,3,2,3,1,2,3,5,2,3,1,1,2,2,3,3,5,2,4,3,5,2,3,2,3,3,2,3,3,4,2,3,3,1,1,3,2,3,2,6,1,2,3,1,3,2,4,2,5,3,2,3,4,3,2,3,3,2,2,4,3,5,4,2,1,4,3,4,2,3,2,3,1,3,1,3,4,2,1,2,2,2,3,4,3,4,5,3,4,4,3,4,2,3,5,3,3,2,5,3,2,3,4,3,4,2,1,1,2,3,2,3,2,1,1,4,5,3,4,3,2,2,3,3,2,6,2,1,4,3,3,2,2,1,2,2,4,1,3,2,3,4,4,1,4,4,2,5,4,3,5,5,2,4,5,3,6,4,5,4,3,4,2,3,2,6,5,4,3,2,2,1,2,3,4,2,6,5,4,3,3,2,2,6,5,2,1,1,3,4,2,2,1,1,1,2,4,3,4,2,3,3,1,1,2,2,3,4,2,1,3,2,3,4,2,3,2,4,4,5
2,3,1,2,1,4,5,5,2,5,3,6,2,4,1,2,3,4,2,1,4,3,6,1,3,4,2,1,5,3,5,6,4,6,3,3,3,3,3,4,3,2,1,6,1,1,5,6,1,2,1,4,5,2,3,2,3,4,3,2,2,5,3,2,4,2,5,6,4,3,6,6,6,5,2,6,5,6,6,6,3,5,2,3,1,6,1,5,3,4,3,2,5,4,3,1,6,6,5,1,4,1,2,1,4,4,5,2,4,6,1,2,3,3,3,2,6,4,3,4,5,1,3,5,1,6,4,6,5,3,2,4,6,5,2,6,3,1,5,3,5,6,6,4,5,2,3,6,1,6,4,5,3,1,5,1,4,6,3,5,2,4,1,1,5,3,5,5,3,5,2,4,2,3,1,4,5,6,5,3,6,6,4,3,6,6,4,5,2,3,1,4,5,2,1,3,6,5,4,2,2,1,2,2,5,4,2,4,5,5,1,4,5,4,6,2,4,6,2,3,4,5,2,2,1,1,1,4,1,6,2,3,4,1,4,5,6,5,4,4,6,5,5,5,5,6,6,4,6,2,6
3,2,3,1,2,5,3,2,4,4,3,2,4,3,1,2,4,3,2,4,5,3,2,3,2,4,2,1,3,2,1,3,4,5,3,2,1,3,2,4,3,2,1,4,3,2,4,3,1,2,5,3,2,2,3,1,3,2,4,3,2,1,4,3,2,4,3,2,5,3,1,2,3,2,4,2,3,2,4,1,3,2,3,2,4,2,3,1,3,2,5,3,2,3,2,4,2,2,3,1,3,3,3,2,1,4,3,1,2,3,2,4,3,2,1,3,2,3,2,1,4,3,2,3,1,4,3,2,2,3,3,2,5,2,1,3,2,4,3,2,2,3,3,2,3,5,2,3,2,4,1,2,1,4,3,2,2,4,3,2,2,1,2,5,4,3,2,3,2,2,2,3,1,5,3,4,2,3,5,2,3,4,2,3,3,2,1,4,3,2,3,4,3,1,2,2,2,3,2,4,4,3,3,2,5,3,4,6,2,1,3,2,3,1,4,5,3,3,4,2,2,3,1,3,2,4,3,2,4,3,2,1,2,4,4,4,3,3,2,3,2,3,2,3,1,5,2,1,4,3,6
1,1,1,1,1,1,1,3,1,3,2,2,1,1,1,1,1,1,1,1,1,2,3,1,1,3,2,4,3,2,1,1,1,5,3,3,4,1,1,1,1,1,1,1,1,2,2,3,1,2,1,3,1,NA,NA,NA,NA,NA,NA,NA,NA,NA,NA,NA,NA,NA,NA,NA,NA,NA,NA,NA,NA,NA,NA,NA,NA,NA,NA,NA,NA,NA,NA,NA,NA,NA,NA,NA,NA,NA,NA,NA,NA,NA,NA,NA,NA,NA,NA,NA,NA,NA,NA,NA,NA,NA,NA,NA,NA,NA,NA,NA,NA,NA,NA,NA,NA,NA,NA,NA,NA,NA,NA,NA,NA,NA,NA,NA,NA,NA,NA,3,4,1,2,3,3,2,1,1,3,3,2,1,2,1,2,2,1,2,3,3,1,1,1,1,3,1,1,3,2,3,1,1,2,1,2,1,1,1,2,2,3,3,4,5,5,3,2,1,4,2,5,1,3,4,2,2,1,3,4,3,2,1,1,2,4,3,1,1,1,1,1,1,2,4,1,4,1,2,1,3,2,1,4,4,1,4,3,2,3,3,2,1,1,1,1,1,2,4,3,4,2,1,1,2,4,1,1,2,1,4,3,2,1,1,2,2,1,1,1
2,1,1,1,1,2,1,3,3,2,1,5,1,1,1,1,1,1,1,1,1,1,4,2,1,2,1,1,1,1,1,1,1,2,1,1,1,1,2,2,1,1,1,1,1,2,2,3,1,2,1,2,1,1,3,1,1,1,1,1,1,1,1,1,1,1,1,1,1,1,2,1,1,3,1,1,2,1,1,1,1,1,1,2,1,1,1,2,1,1,1,1,4,2,1,1,1,1,1,1,3,1,1,3,1,1,1,2,1,1,1,2,1,1,1,1,1,2,1,2,1,1,1,1,1,1,1,3,1,2,2,1,6,1,1,3,2,1,1,2,2,1,1,1,1,1,1,2,2,1,1,1,1,1,1,1,6,1,1,1,1,1,1,1,2,2,1,1,1,2,1,3,1,1,1,5,6,1,1,1,1,3,1,4,1,1,1,3,1,2,2,1,1,1,1,1,2,1,1,1,1,1,1,1,1,1,1,4,4,3,1,1,1,1,3,1,1,1,1,1,1,1,1,1,1,1,1,2,1,1,1,2,1,1,1,2,2,1,1,1,1,1,1,2,1,2,1,1,2,1,2
4,4,2,2,2,5,1,3,3,4,4,6,4,2,3,3,2,2,2,3,3,4,6,5,3,4,1,1,6,4,4,3,3,6,5,6,3,1,6,4,4,4,1,5,3,3,5,6,3,3,4,5,4,6,2,5,5,4,2,2,5,2,2,5,3,4,4,1,1,3,6,2,6,2,2,5,4,3,2,5,4,3,3,4,1,2,4,3,2,6,3,3,6,4,3,1,5,3,2,4,6,3,4,4,4,1,2,4,2,1,4,2,3,3,3,2,5,5,5,5,5,1,1,3,2,2,3,2,2,3,2,3,6,2,3,3,5,3,2,3,6,4,4,2,2,3,2,3,2,5,5,3,2,4,4,3,5,3,1,3,3,1,3,4,5,4,4,4,1,3,3,3,5,4,4,5,6,3,3,4,4,4,4,5,4,3,3,4,4,6,5,4,4,3,3,2,3,4,2,1,6,3,2,3,2,5,2,5,4,6,3,3,5,2,6,2,5,3,5,6,6,4,3,3,3,1,1,3,2,5,3,5,3,3,6,3,4,3,2,1,2,4,5,4,1,3,2,3,5,4,4
2,2,3,1,1,5,1,2,3,4,1,4,2,3,2,2,2,3,2,3,1,2,4,2,3,2,2,2,4,2,2,4,2,5,1,2,2,1,4,2,1,3,1,1,1,1,3,4,2,4,3,5,2,5,1,3,4,3,1,2,1,3,2,2,1,1,2,1,1,2,4,2,4,3,2,2,1,3,1,2,1,3,4,1,3,4,2,2,3,2,1,2,6,3,2,2,3,4,1,1,3,1,2,4,3,3,3,2,1,1,1,2,1,2,1,2,4,3,2,4,3,1,1,3,3,1,3,2,3,3,1,4,5,2,3,4,2,1,1,2,4,2,4,2,1,1,2,2,2,4,2,1,2,2,3,2,3,2,1,3,1,1,2,3,2,3,1,4,1,3,1,2,4,2,1,3,5,3,5,3,4,2,3,4,3,2,2,5,2,5,3,3,4,2,3,2,4,2,3,1,2,1,1,2,3,5,3,5,5,4,3,2,3,2,5,3,2,3,3,5,3,3,4,2,3,2,1,5,2,4,2,4,3,2,4,4,4,2,1,1,1,2,3,3,2,3,4,2,4,2,4
