"ineptitude","ironing","myopia","bearable","rheumatoid","testy","enthralled","telegrams","crick","darken","repose","undying","stubbornly","erudite","federalism","subhuman","sobriety","wayward","coloration","androgynous","bacterium","plaques","enmity","inaudible","reorder","patronize","fable","dissonance","middleman","bellow","pastel","foxy","absurdities","solicits","sickly","goober","song's","nitric","snows","agnostics","faulted","house's","doctored","unending","threesome","banked","mannered","intractable","vacationing","blockage","evocative","firmer","hashish","baseman","stunk","turnip","notches","misogynist","acidity","undies","burrow","guesswork","rephrased","conventionally","mackerel","paradoxically","wagging","selfless","concocted","lessens","mischievous","convent","overheat","growths","stanza","formalized","vasectomy","roost","litigant","intercontinental","mistook","errand","protectionism","fairest","earnestly","roughness","glows","glean","haughty","experimenter","polynomials","recessed","odors","oscilloscope","studded","marred","strapping","leafy","snowfall","layman's","upstanding","brunch","lentils","rebelled","epsom","crafter","heron","preaches","intercepts","deliciously","sociologists","mops","stifled","frosty","modality","howled","prodded","underwriting","covertly","admonished","headway","earmarked","subways","broadened","oregano","scapegoats","affections","overbid","idioms","clairvoyance","couplers","commotion","conspicuously","circumcise","ghettos","pheasant","primeval","airliner","solicitor","bilge","scud","glib","kamikaze","redefinition","heralded","poplar","spectrometer","combed","combating","blithely","secularism","whoop","ached","wielded","hindered","vagueness","ordnance","confessional","adhesion","centenary","incomparable","nugget","encyclopedias","preemptively","unsold","morn","steeper","terminus","dusting","affixed","coiled","cuss","desolation","nailing","serenade","gutless","propagandist","dopey","amass","declaratory","splattered","rosin","rearranging","carpeted","monasteries","relive","superposition","erred","precarious","floured","nightlife","caloric","banishment","adrenal","kiddy","splendor","asexual","chaste","oversimplified","necessitated","rationing","imagines","underwriter","erode","broadening","complacent","porters","materially","clinch","threes","latched","oceanside","sweetly","cull","sparing","silencer","embodies","corroborate","loopy","visceral","impassioned","stoppage","obsidian","fads","levitation","unknowns","rafters","ditches","disown","meningitis","lagged","firstborn","stargazer","purges","farmed","fickle","exerting","offensively","inexperience","mauve","porky","shellac","chug","recount","stutter","purr","spiced","gyms","cartons","leveling"
6,4,6,3,6,2,1,2,1,2,1,1,3,6,5,4,4,2,3,6,2,5,5,5,1,3,3,2,1,2,2,2,6,5,1,1,1,3,1,1,2,2,3,3,2,2,3,4,4,1,5,1,5,1,3,3,2,5,3,1,1,2,2,2,3,6,2,3,5,2,5,1,2,2,4,3,4,6,6,5,2,3,4,2,3,3,NA,1,4,4,3,3,2,5,2,2,4,2,1,3,3,3,2,1,4,1,2,2,3,6,5,1,4,2,1,1,2,2,3,4,1,2,1,4,3,3,2,1,3,5,2,1,6,1,3,6,5,3,4,3,1,1,6,4,4,3,3,2,1,4,5,2,3,4,3,5,5,2,1,4,2,1,3,4,1,1,2,4,1,3,4,1,4,2,5,1,6,3,1,4,3,2,3,5,5,1,4,3,2,3,1,2,2,3,2,2,3,4,4,5,3,5,4,2,5,3,2,4,2,1,2,2,2,2,2,3,3,5,1,5,3,2,4,1,2,1,1,2,2,3,3,3,3,2,2,1,2,4,2,6,1,5,1,1,1,1,2,2,2,2
6,2,5,5,6,1,3,1,2,2,3,4,4,6,5,6,6,1,6,6,4,6,6,3,1,2,1,4,1,1,2,1,6,6,1,1,2,5,1,6,1,2,1,1,1,1,1,4,2,3,3,3,3,3,3,3,3,3,3,3,3,3,3,3,3,3,3,3,3,3,3,3,3,3,3,3,5,2,2,NA,3,2,4,5,4,3,2,3,2,2,2,2,3,3,4,3,4,5,1,4,1,1,1,1,5,2,3,3,3,3,5,1,1,1,5,1,1,1,1,3,3,3,2,3,1,3,2,3,2,5,5,3,4,4,3,4,4,3,4,3,4,3,4,4,4,4,4,4,5,5,5,5,5,5,4,4,4,4,4,4,4,2,6,6,1,1,1,5,1,5,1,1,3,3,3,3,5,2,1,5,3,1,5,3,5,3,3,1,4,4,1,1,2,3,1,3,2,5,5,5,NA,1,1,5,5,4,1,1,1,1,1,1,1,1,4,4,4,6,1,6,2,2,5,1,4,1,1,1,1,5,2,1,1,3,1,1,1,1,1,5,1,5,1,1,2,1,1,1,1,2
3,3,3,2,6,1,3,2,1,2,3,2,2,6,2,2,3,NA,NA,6,2,2,4,2,1,2,3,4,3,1,1,2,1,3,1,1,1,1,1,1,2,2,1,1,1,1,1,1,3,1,2,1,2,1,1,1,2,2,2,2,1,1,2,3,1,2,1,1,1,1,3,1,1,2,2,1,1,1,1,1,1,1,3,2,2,4,2,2,3,2,2,3,2,6,1,2,1,1,1,1,1,1,1,1,2,1,2,2,4,4,4,1,3,2,1,2,2,2,2,4,1,1,1,2,4,3,3,2,4,4,2,3,3,4,4,4,3,3,4,3,3,3,6,4,4,3,3,3,3,6,4,3,3,6,4,4,3,3,3,3,3,3,5,3,3,3,3,5,3,3,3,4,3,3,6,3,4,3,2,2,2,4,3,3,4,3,3,4,4,3,2,2,4,4,2,3,4,4,3,4,4,3,2,3,2,3,1,2,2,2,2,3,2,1,2,3,4,2,1,4,4,NA,3,1,4,3,3,4,3,5,3,3,3,2,2,3,3,4,6,6,2,3,2,3,3,1,3,3,1,2
1,2,3,4,3,4,3,3,2,3,2,3,3,3,4,3,2,3,3,4,2,4,3,4,3,2,3,3,1,3,3,2,3,2,4,2,3,3,4,3,5,1,3,2,4,2,5,3,3,6,5,4,3,2,1,2,4,5,6,5,4,3,2,2,1,2,3,4,5,6,5,4,3,2,1,2,3,4,5,6,4,4,2,1,1,2,4,4,5,6,5,3,3,2,2,4,1,5,4,3,3,5,6,NA,3,2,3,1,4,3,3,2,5,4,3,3,2,4,4,2,5,2,4,3,3,2,4,6,5,4,3,2,1,3,3,4,5,6,5,4,3,1,1,3,3,3,3,3,3,3,3,3,3,3,3,3,3,3,3,3,3,3,2,3,2,2,3,3,3,3,3,3,3,3,3,3,3,3,3,3,3,3,3,2,3,3,3,3,3,2,2,3,3,2,2,2,3,3,3,3,3,3,3,3,3,3,3,3,3,3,2,2,2,2,2,2,2,2,2,2,2,2,2,2,2,2,2,2,2,2,2,2,2,2,2,2,2,2,3,2,2,2,2,2,2,3,2,2,3,3
5,1,1,2,5,1,2,2,1,1,3,1,1,6,3,1,1,1,3,6,1,5,1,1,1,1,1,3,4,1,1,1,3,4,1,1,1,3,1,5,1,3,2,1,3,1,1,3,4,1,2,1,1,3,1,2,1,2,1,2,1,3,1,1,2,3,1,1,1,1,4,1,1,1,2,1,3,1,6,1,1,4,2,1,1,6,1,1,6,1,6,1,1,6,1,1,6,3,1,1,1,1,1,4,3,1,4,5,2,5,5,1,2,1,1,2,3,1,1,4,1,1,2,1,1,1,3,1,1,6,2,4,3,4,3,3,1,1,2,2,1,1,1,3,1,1,1,1,1,3,1,1,3,1,1,5,1,3,2,1,2,1,6,2,1,2,1,2,1,1,2,1,1,2,2,1,4,1,1,1,1,1,3,2,5,3,3,1,4,4,6,3,3,2,1,1,2,2,1,2,1,3,1,2,1,5,1,3,1,1,1,1,1,1,1,4,2,1,1,3,3,3,3,1,1,6,1,1,1,2,3,1,1,3,3,1,1,1,1,3,1,1,1,1,1,1,3,5,1,1
5,3,4,2,4,3,6,2,4,3,4,2,2,3,5,NA,3,NA,5,3,2,5,3,4,4,2,1,5,6,1,1,3,4,2,5,3,4,2,3,4,3,2,4,5,3,4,5,4,3,2,4,3,4,5,2,3,3,3,4,2,5,3,5,NA,2,NA,1,4,2,5,4,6,2,4,3,NA,3,4,2,5,2,6,6,2,4,5,2,4,4,5,3,5,1,4,2,1,6,1,3,1,3,4,2,5,4,2,6,2,4,3,NA,4,3,2,3,6,2,5,1,2,2,6,5,2,6,3,5,3,2,4,2,3,1,4,1,6,2,4,3,2,3,4,6,6,2,1,3,2,2,4,2,1,4,5,6,5,2,3,4,4,2,4,2,3,6,6,1,3,4,2,4,5,6,4,2,6,4,6,1,3,NA,5,3,4,1,3,2,5,1,3,5,2,4,5,3,1,3,5,4,3,1,2,3,1,2,4,6,5,2,1,3,4,6,4,2,5,3,2,4,5,2,6,2,4,1,6,2,5,2,4,5,4,6,1,4,4,3,1,5,3,4,4,5,2,6,1,3,2,5,6
5,3,6,5,6,3,4,2,1,2,2,2,1,4,2,3,4,2,4,6,5,6,5,6,3,3,3,4,NA,4,3,1,3,4,3,2,4,6,1,4,5,3,3,4,2,3,3,4,3,4,3,2,4,2,1,1,3,4,2,2,1,2,2,3,4,4,2,1,5,2,5,5,4,3,3,2,3,5,4,1,2,2,3,2,4,5,1,2,4,3,2,3,1,6,3,3,2,1,1,3,2,1,2,2,3,2,4,2,1,2,4,1,2,2,3,4,3,3,3,5,2,3,2,4,1,3,2,1,3,6,5,3,5,5,5,5,4,4,3,5,1,1,3,3,4,3,3,4,2,4,4,1,2,3,3,4,4,3,4,4,4,2,5,5,2,3,4,5,3,3,4,2,4,3,4,3,5,3,3,4,3,4,4,3,5,2,4,5,6,4,2,2,3,4,3,4,1,2,3,4,3,2,2,2,2,3,1,2,1,2,2,3,3,2,2,2,2,3,2,4,3,2,4,2,3,4,2,3,2,5,5,1,2,2,1,2,3,3,2,4,2,4,1,2,1,2,1,NA,3,3
5,5,4,5,5,5,NA,NA,NA,NA,NA,NA,NA,NA,NA,NA,NA,NA,NA,NA,NA,NA,NA,NA,NA,NA,NA,NA,NA,NA,NA,NA,NA,NA,NA,NA,NA,NA,NA,NA,NA,NA,NA,NA,NA,NA,NA,NA,NA,NA,NA,NA,NA,NA,NA,NA,NA,NA,NA,NA,NA,NA,NA,NA,NA,NA,NA,NA,NA,NA,NA,NA,NA,NA,NA,NA,NA,NA,NA,NA,NA,NA,NA,NA,NA,NA,NA,NA,NA,NA,NA,NA,NA,NA,NA,NA,NA,NA,NA,NA,NA,NA,NA,NA,NA,NA,NA,NA,NA,NA,NA,NA,NA,NA,NA,NA,NA,NA,NA,NA,NA,NA,NA,NA,NA,NA,NA,NA,NA,NA,NA,NA,NA,NA,NA,NA,NA,NA,NA,NA,NA,NA,NA,NA,NA,NA,NA,NA,NA,NA,NA,NA,NA,NA,NA,NA,NA,NA,NA,NA,NA,NA,NA,NA,NA,NA,NA,NA,NA,NA,NA,NA,NA,NA,NA,NA,NA,NA,NA,NA,NA,NA,NA,NA,NA,NA,NA,NA,NA,NA,NA,NA,NA,NA,NA,NA,NA,NA,NA,NA,NA,NA,NA,NA,NA,NA,NA,NA,NA,NA,NA,NA,NA,NA,NA,NA,NA,NA,NA,NA,NA,NA,NA,NA,NA,NA,NA,NA,NA,NA,NA,NA,NA,NA,NA,NA,NA,NA,NA,NA,NA,NA,NA,NA,NA,NA,NA,NA,NA,NA
1,1,1,2,3,1,1,1,1,1,1,1,1,5,1,2,1,2,5,6,3,6,2,1,1,1,1,1,1,2,1,1,1,1,1,1,3,3,1,1,2,2,2,1,1,2,1,1,3,2,2,1,1,1,1,1,1,4,1,1,1,1,6,2,1,1,1,1,1,1,6,1,1,3,1,1,1,1,1,1,1,1,2,2,2,4,2,2,6,2,4,1,1,2,1,3,1,1,1,3,1,1,1,1,1,1,2,2,1,2,3,1,6,1,2,3,1,1,1,1,1,2,1,2,1,2,3,1,1,1,1,3,3,1,1,2,1,2,1,6,1,1,1,3,1,1,1,6,1,5,1,1,6,2,1,6,1,1,2,1,2,1,1,1,1,1,1,1,1,1,1,1,3,1,1,1,1,1,1,1,1,1,3,1,2,2,2,2,2,2,4,1,1,2,1,1,3,2,1,1,4,2,2,4,3,2,1,1,1,1,1,3,1,2,3,2,2,3,1,2,2,4,1,1,2,6,1,1,3,4,1,1,1,3,2,1,1,1,1,1,1,1,1,1,1,1,2,3,1,1
4,2,6,2,5,1,3,2,2,2,2,2,3,5,2,2,2,3,3,4,4,2,5,1,1,3,1,3,1,2,1,1,5,4,1,4,2,3,1,3,1,1,1,1,1,1,2,3,2,1,4,1,5,1,1,1,1,2,1,1,2,1,1,2,1,3,2,1,3,1,1,1,1,1,3,1,2,1,3,2,1,1,2,1,2,1,1,1,3,1,3,2,1,5,1,3,1,1,1,2,2,1,1,2,2,2,1,2,1,1,1,1,1,1,2,1,1,1,1,3,2,2,1,2,2,2,1,1,4,4,4,1,1,2,2,3,1,1,1,4,3,4,3,3,3,3,4,4,2,3,3,2,1,1,2,2,2,2,2,4,3,1,2,2,1,1,2,4,2,2,3,1,2,1,2,1,4,1,1,3,1,4,2,1,2,1,3,2,3,2,1,1,1,2,1,1,1,3,1,2,2,1,1,1,2,2,3,2,1,1,1,1,1,1,1,1,1,1,1,2,2,2,2,1,3,2,2,1,1,2,1,2,1,1,2,2,1,2,2,1,1,2,1,1,1,1,1,NA,1,3
2,4,6,1,6,2,2,1,1,1,1,4,1,4,5,1,4,1,2,6,4,6,2,2,1,1,3,5,4,1,1,1,2,3,2,1,1,2,4,2,3,5,2,4,1,1,1,3,5,2,6,5,4,1,1,1,1,5,2,4,1,3,4,5,6,6,2,3,5,1,5,1,1,6,1,2,6,1,1,3,1,4,5,2,2,6,2,2,5,3,4,6,5,6,4,6,1,5,2,1,1,1,2,5,1,1,5,6,2,6,6,1,5,2,3,5,5,3,5,1,1,2,1,4,6,1,4,3,6,6,3,2,4,3,6,4,1,1,3,6,2,1,1,6,6,2,2,5,1,6,4,6,4,5,5,6,5,3,3,2,2,1,6,2,1,1,1,2,1,2,5,1,2,1,5,1,1,3,2,4,5,4,5,5,3,3,2,5,3,6,5,2,1,6,5,2,5,5,3,2,3,6,3,6,5,5,1,5,1,1,4,5,5,1,1,4,2,2,4,3,5,2,2,1,4,6,1,1,3,3,5,1,4,1,4,5,2,5,5,6,5,3,1,2,1,1,NA,6,2,3
3,1,4,3,6,1,1,1,1,1,1,2,1,2,1,1,3,1,1,4,3,2,2,3,1,1,3,2,1,1,1,1,2,5,1,1,1,3,1,1,1,1,1,1,1,1,1,3,2,2,2,1,1,1,1,1,1,4,1,3,1,1,5,1,2,1,1,1,3,1,4,1,1,1,1,1,4,1,2,1,1,2,2,1,1,4,1,1,5,1,1,3,1,4,1,1,1,1,1,1,1,1,2,1,1,1,2,1,2,4,4,1,2,1,2,1,1,2,1,1,1,1,1,3,1,3,1,1,3,2,2,1,4,4,2,5,3,1,2,3,1,1,1,1,1,1,2,4,3,3,1,3,6,5,1,4,2,2,4,1,2,1,3,2,1,1,1,2,1,2,1,1,1,1,1,1,2,2,1,1,1,1,2,1,1,1,1,3,2,2,3,2,1,2,1,1,1,2,1,2,2,1,2,1,3,2,1,1,1,1,1,2,1,1,1,1,1,2,1,3,1,2,1,1,1,4,1,1,1,3,1,1,1,2,1,1,1,1,2,4,1,1,1,1,1,1,1,3,1,2
5,3,5,3,6,1,2,1,1,2,2,1,1,3,1,1,3,2,2,4,2,3,3,2,1,2,1,1,NA,2,1,1,3,3,2,2,2,3,3,3,3,4,3,3,2,2,2,2,4,4,4,3,3,1,1,2,2,5,4,2,4,2,4,3,4,5,4,1,3,3,4,4,3,3,3,2,4,1,3,3,2,2,3,3,4,4,1,1,1,1,2,3,2,5,2,3,3,1,1,4,1,2,3,3,1,1,3,2,3,3,3,3,3,3,3,2,3,1,4,4,5,2,2,3,4,4,4,1,3,5,2,2,4,3,4,4,5,2,5,6,4,4,5,2,4,2,3,3,4,5,5,3,4,4,3,4,4,4,3,4,2,1,4,3,1,1,2,4,1,4,4,1,2,3,3,1,2,2,2,2,2,4,3,4,5,4,4,4,4,5,4,4,1,2,1,2,2,4,1,2,3,3,3,1,2,2,3,3,5,3,2,NA,3,4,4,5,4,5,2,4,2,4,5,2,2,3,2,1,2,4,3,1,2,4,2,2,2,3,1,3,2,3,1,1,1,1,1,1,1,2
6,2,5,2,6,1,5,2,1,1,1,2,2,5,1,1,3,1,1,5,3,6,6,1,2,3,1,3,3,1,1,1,4,6,4,1,1,2,1,4,1,1,1,2,2,1,2,4,4,2,2,2,5,3,1,1,2,4,6,1,2,1,3,1,1,5,1,1,4,2,5,1,1,5,1,2,5,1,6,5,1,1,5,2,1,6,1,2,6,5,5,1,1,6,1,5,2,1,1,2,1,1,3,3,2,1,2,3,2,4,5,1,4,1,4,5,1,3,2,5,1,6,1,2,1,2,1,1,2,5,1,1,6,5,5,5,6,1,2,4,1,1,6,3,4,1,3,6,1,6,2,1,1,2,1,4,6,1,3,4,2,1,5,6,1,2,1,1,1,1,2,1,2,1,1,2,5,2,2,5,2,5,1,2,3,1,1,5,3,2,2,5,2,6,2,1,1,5,1,2,1,1,1,4,3,4,1,1,1,2,1,1,1,1,1,1,2,4,2,6,1,2,1,1,1,4,3,1,1,6,1,1,1,3,1,1,4,1,1,6,1,5,1,1,1,2,1,4,4,2
5,2,4,2,4,1,3,2,1,2,2,1,2,2,1,2,1,3,4,5,3,2,3,1,2,3,2,1,2,1,3,2,3,4,1,1,3,2,1,2,1,3,1,2,1,2,2,1,4,2,4,2,4,2,1,3,2,5,3,1,2,1,3,4,5,4,4,1,3,2,4,3,2,3,2,3,2,1,3,4,1,2,1,2,3,4,1,1,5,2,3,2,1,4,1,2,1,1,2,3,1,1,2,1,3,2,4,2,1,4,2,2,4,3,1,2,1,3,2,4,2,1,3,2,4,2,4,2,3,5,2,4,2,4,5,4,5,3,5,4,1,2,3,4,3,1,2,4,1,3,2,4,4,2,1,3,2,3,4,1,2,1,3,4,1,1,2,3,1,4,2,1,2,3,4,1,4,2,1,2,2,1,2,3,3,1,2,4,2,1,2,1,2,3,1,1,4,5,2,1,2,1,3,4,2,3,1,2,1,1,4,2,1,1,3,2,3,4,1,4,2,4,5,1,4,4,3,2,4,5,3,1,2,3,1,2,3,4,3,5,3,5,4,2,1,2,3,5,2,3
3,2,6,1,6,1,3,2,1,1,1,1,1,3,2,1,2,1,3,6,4,2,5,3,1,3,1,3,1,1,1,1,3,4,1,1,3,2,1,2,3,2,2,2,1,1,1,2,3,1,3,1,5,1,1,2,1,5,3,1,2,1,1,3,3,4,2,1,4,3,4,1,1,1,2,2,2,1,4,5,1,1,3,2,3,2,1,1,3,2,3,1,1,4,1,2,1,1,1,1,1,1,1,1,3,1,3,2,3,4,4,1,3,1,4,2,2,1,2,2,1,1,1,1,2,1,2,1,2,6,2,2,6,2,3,3,5,1,3,3,1,1,5,1,1,1,2,1,1,6,4,1,3,2,2,3,3,2,4,5,2,1,4,3,1,1,1,3,1,3,2,1,3,1,2,1,3,1,2,2,1,3,1,1,2,1,1,3,2,1,1,4,2,5,1,1,1,5,1,6,5,2,3,2,2,1,2,3,1,1,3,1,1,1,1,1,1,2,1,5,2,2,1,1,1,2,1,2,1,4,1,1,1,3,1,1,1,2,3,6,1,5,1,1,1,1,1,5,2,1
4,5,3,1,6,2,4,2,4,2,2,2,4,5,3,2,4,2,2,6,4,6,2,4,2,6,1,4,3,4,2,2,4,3,2,1,2,5,2,4,3,3,3,2,2,1,2,2,5,3,5,2,6,4,2,3,4,5,4,3,3,4,3,3,4,5,1,1,3,3,4,1,1,2,1,4,6,5,5,3,4,6,4,2,4,3,3,2,4,2,2,3,4,6,3,2,4,3,4,3,2,4,5,3,2,1,3,2,1,3,3,1,5,2,3,5,4,3,2,2,2,3,2,6,6,3,2,2,5,5,2,2,4,5,3,3,1,2,4,5,1,1,4,3,2,3,2,1,2,5,4,3,5,4,3,5,2,2,4,3,2,3,3,2,1,2,2,3,2,3,2,1,2,1,3,2,4,1,1,3,3,2,2,1,3,2,4,4,3,2,2,2,1,4,1,2,2,3,4,2,2,2,3,4,2,3,1,4,2,1,2,2,3,1,2,3,4,6,3,6,3,3,6,1,5,3,1,2,2,6,3,2,2,3,1,NA,4,5,2,3,2,4,1,1,2,3,3,6,2,5
1,4,1,3,6,1,3,1,1,1,2,2,3,3,1,1,1,1,5,5,2,5,1,2,2,2,4,3,2,1,1,1,5,2,1,1,1,5,1,1,4,3,5,1,2,3,4,2,5,2,1,3,1,2,1,1,2,4,2,3,2,3,6,5,5,1,1,1,4,1,6,1,4,3,1,3,1,1,1,1,2,2,5,2,3,6,2,3,6,1,2,4,1,5,1,3,1,3,1,2,1,1,2,4,1,2,4,4,1,6,2,1,2,1,1,4,1,2,1,5,4,4,2,5,1,4,5,2,1,5,4,5,1,2,5,6,1,1,1,3,1,1,4,5,3,1,2,4,1,6,1,3,5,4,4,5,2,3,1,1,1,1,4,3,1,1,1,4,1,3,3,2,5,3,1,1,2,3,2,1,4,1,2,1,2,3,5,1,2,4,5,1,1,3,1,1,1,4,4,6,6,3,2,1,4,5,2,2,1,1,3,3,1,1,2,3,1,3,1,4,6,3,3,1,5,6,2,2,4,1,4,2,2,1,3,3,1,2,1,5,1,1,1,2,2,1,4,3,2,1
2,3,6,3,6,1,3,2,2,1,1,1,2,4,3,2,3,1,2,4,3,5,3,3,1,2,4,2,1,1,1,2,4,3,2,2,3,4,3,4,4,1,4,1,1,2,1,3,3,1,2,2,3,1,1,2,2,5,4,2,2,4,2,2,2,3,1,2,1,2,4,1,1,2,1,2,2,4,3,2,2,3,1,3,5,4,2,3,4,3,2,2,1,6,1,4,2,2,1,1,1,3,2,2,1,2,1,3,1,5,3,1,3,1,3,4,3,1,4,5,1,1,1,2,4,3,3,1,2,6,4,2,4,3,3,6,4,2,4,6,1,2,5,2,4,2,3,3,3,3,4,4,4,1,2,4,2,3,3,3,2,1,5,3,1,1,2,4,1,2,1,1,5,2,3,2,4,1,1,2,2,1,2,2,3,3,1,4,2,4,1,3,2,3,1,2,1,4,1,4,1,2,3,1,2,2,1,3,1,2,3,1,1,1,1,1,1,3,1,2,4,1,2,1,3,1,1,2,1,3,1,1,1,1,2,4,3,4,2,4,2,3,2,1,1,1,1,1,1,1
2,2,1,4,5,1,4,1,2,1,1,2,2,4,2,1,3,1,3,5,2,2,4,5,2,2,1,3,2,1,2,1,3,5,3,1,1,3,1,4,3,2,3,1,2,1,2,4,4,3,3,1,3,2,1,1,4,5,1,1,1,2,4,4,3,2,2,2,3,4,5,1,1,2,2,2,1,1,3,2,1,2,4,3,3,4,2,3,4,2,3,3,2,4,1,1,1,3,2,1,1,2,1,1,1,1,1,NA,2,4,4,1,3,1,2,1,1,1,1,2,2,1,1,3,1,2,3,1,1,3,3,1,4,5,1,3,2,1,3,1,1,1,2,2,2,1,1,3,1,4,4,2,3,2,1,3,1,3,4,2,3,1,3,3,1,1,1,1,1,1,1,1,3,1,NA,1,2,2,1,3,1,3,1,1,2,1,4,2,4,4,4,2,4,1,1,2,4,4,2,5,5,2,1,1,3,4,1,3,4,4,3,4,2,1,1,3,2,1,1,3,4,3,1,1,4,4,1,3,3,3,2,1,1,2,1,2,1,3,4,5,1,1,1,3,1,1,1,1,1,1
4,4,4,4,4,4,4,4,4,4,4,4,4,4,4,4,4,4,4,4,4,4,4,4,4,4,4,4,4,4,4,5,5,5,5,5,5,5,5,5,5,5,5,5,5,5,5,5,5,5,3,3,3,3,3,3,3,3,3,3,3,3,3,3,3,3,3,3,3,2,2,2,2,2,2,2,2,2,2,2,2,2,2,2,2,2,1,6,6,6,6,6,6,6,6,6,6,6,6,6,6,6,6,5,5,5,5,5,5,5,5,5,5,5,5,5,5,5,5,5,5,5,4,4,4,4,4,4,4,4,4,4,4,4,4,4,4,4,3,3,3,3,3,3,3,3,3,3,3,3,3,3,3,3,3,3,1,1,1,1,1,1,1,1,5,5,5,5,5,5,5,5,5,6,6,6,6,6,6,6,6,6,6,6,6,6,6,6,6,6,6,6,5,5,5,5,5,5,5,5,5,5,5,5,5,4,4,4,4,4,3,3,3,3,3,3,3,3,3,3,3,3,3,3,2,2,2,2,2,2,2,2,2,2,2,2,2,2,2,2,3,3,3,3,3,3,3,3,3,3
4,5,3,4,3,2,3,1,3,1,3,2,3,4,2,4,5,2,2,6,6,6,1,4,1,5,1,3,1,1,1,1,6,4,1,1,3,1,1,1,4,1,5,1,4,6,6,5,6,3,5,2,2,1,1,1,4,5,2,1,1,6,4,6,5,3,3,1,1,3,1,1,4,1,2,5,1,2,3,1,1,2,1,1,1,1,1,1,2,1,3,1,3,1,3,5,2,6,1,2,1,2,1,3,1,1,3,5,1,4,1,1,3,1,1,3,3,1,1,4,2,1,1,3,1,1,4,2,3,6,5,4,6,3,4,6,5,1,4,2,2,1,1,1,1,2,1,5,1,2,5,2,5,3,4,5,1,1,3,1,3,4,1,3,1,1,1,3,1,2,1,1,3,2,4,1,1,2,1,3,1,3,2,5,1,3,4,2,1,4,1,1,1,3,4,1,1,4,3,5,4,4,1,3,1,1,1,2,1,1,2,1,1,1,1,2,1,1,1,3,1,2,4,1,3,2,1,1,1,3,5,1,4,3,4,5,1,6,1,6,1,1,1,1,1,1,4,1,1,3
1,1,1,1,6,1,5,1,1,1,1,1,1,5,1,1,1,1,1,6,1,5,2,1,1,1,1,1,1,1,1,1,2,2,2,1,1,1,1,1,1,1,1,1,1,1,1,1,1,1,4,1,3,1,1,1,1,4,1,1,1,1,1,1,5,1,1,1,1,1,1,1,1,1,2,1,2,2,3,1,1,1,1,1,1,1,1,1,1,1,1,1,1,4,1,1,1,1,1,1,1,1,1,1,3,1,3,1,1,1,1,1,1,1,1,1,1,1,1,1,1,1,1,1,1,3,1,1,2,4,2,1,1,3,1,1,1,1,1,1,1,1,2,1,2,1,1,1,1,1,1,1,1,3,1,2,1,1,1,1,1,1,1,2,1,1,2,1,1,1,1,2,1,1,1,1,2,1,1,1,1,1,1,1,1,1,2,2,1,3,1,1,1,2,2,1,1,2,1,1,NA,1,1,1,1,1,1,1,1,1,1,1,1,1,1,1,1,1,2,3,1,1,1,1,1,1,1,1,1,1,1,1,1,1,1,1,1,1,1,5,1,1,1,1,1,1,1,1,1,1
6,1,1,2,2,1,2,2,3,1,1,2,1,3,3,4,2,5,3,4,1,3,5,6,1,1,3,2,3,1,1,1,3,5,1,3,2,1,3,2,3,1,2,3,5,3,2,1,4,2,2,3,2,2,1,2,3,5,4,2,1,3,5,3,4,6,1,2,2,1,6,3,2,3,2,4,6,3,6,5,4,4,2,4,4,6,1,1,4,5,4,4,1,5,4,3,3,3,1,4,3,2,3,2,2,2,3,4,5,4,4,1,3,2,2,1,1,3,1,3,4,4,2,NA,4,5,3,1,1,5,4,3,5,4,4,3,4,5,5,3,1,1,3,6,4,4,3,2,1,4,3,3,4,4,2,5,1,3,3,2,3,1,6,5,1,1,3,4,1,3,2,1,4,4,3,1,5,3,3,5,2,1,4,3,6,3,5,1,5,4,6,1,3,2,3,1,3,4,5,6,4,5,3,2,4,5,3,2,3,3,2,5,3,4,2,3,4,6,2,3,2,4,1,2,3,5,1,2,2,4,3,2,2,3,1,4,3,2,4,3,1,3,2,3,2,1,4,3,3,1
2,3,4,4,6,2,4,2,1,1,4,4,3,6,1,3,5,2,5,6,6,6,5,5,3,4,2,3,3,3,2,3,5,3,2,2,3,3,4,5,3,3,3,2,3,3,3,3,5,3,5,2,4,3,1,1,4,6,5,4,3,3,4,3,5,6,3,3,4,3,4,2,3,3,1,3,4,4,3,5,2,5,6,4,3,3,4,2,5,3,5,4,2,6,3,3,3,2,2,2,2,2,2,3,2,3,4,4,5,5,6,1,6,2,2,4,3,5,4,5,3,4,3,4,6,3,3,2,4,6,4,3,6,3,6,6,4,4,4,3,3,2,6,4,3,2,4,5,3,3,5,3,3,4,2,6,4,3,5,3,5,3,6,5,2,2,3,3,1,5,4,3,3,3,3,1,5,3,3,4,3,4,4,3,5,3,5,3,6,4,3,3,4,5,3,3,4,4,5,6,4,4,3,2,4,3,2,5,3,3,3,4,3,3,2,3,3,6,3,5,4,3,5,2,3,6,2,3,2,6,4,2,3,4,3,1,3,3,4,5,1,3,4,4,3,3,4,2,2,4
2,1,4,2,6,1,2,1,1,2,6,3,2,4,3,2,3,1,2,6,4,3,6,3,2,3,1,2,3,1,2,1,5,4,1,1,2,1,2,3,2,2,2,3,1,1,4,5,6,2,5,2,4,2,1,2,2,6,2,2,1,3,4,5,6,4,5,2,4,2,5,2,1,2,2,2,3,1,1,4,2,6,2,3,4,6,1,1,4,3,4,6,2,6,1,2,3,1,2,3,2,1,3,2,3,2,2,2,2,3,4,1,3,1,4,2,1,2,2,5,2,3,2,4,4,3,5,2,4,6,3,2,5,4,4,3,5,2,4,3,2,1,6,4,3,2,4,6,2,3,2,3,5,6,2,6,2,3,5,4,3,2,3,2,2,1,1,1,2,3,1,1,2,3,4,1,4,2,2,3,3,5,2,2,3,2,1,4,2,5,2,1,2,3,2,2,1,4,2,4,3,4,2,5,3,2,3,4,3,4,3,1,1,1,3,3,4,NA,2,5,2,3,2,1,2,4,2,2,4,5,2,2,2,3,2,3,3,2,4,6,1,6,1,2,3,1,3,4,2,2
6,2,6,3,6,1,5,5,2,4,3,4,2,6,4,2,5,1,4,6,6,6,5,4,2,5,1,5,2,5,3,1,5,6,2,3,2,4,1,6,2,5,3,4,1,5,2,4,4,2,6,1,3,2,1,3,4,6,5,2,2,3,5,2,1,6,2,3,5,2,6,2,3,4,2,5,6,2,6,5,2,1,6,3,2,4,1,2,4,3,6,4,2,6,5,2,4,1,2,3,3,2,4,3,2,3,3,4,5,6,6,1,3,1,2,3,2,4,2,3,2,4,2,5,4,4,3,2,3,6,3,2,6,2,5,6,6,2,5,3,1,1,5,3,4,3,5,2,3,2,5,3,5,5,2,4,3,3,4,5,3,4,6,6,1,1,2,3,2,4,2,1,4,3,3,2,6,2,3,4,2,3,3,2,6,3,5,3,6,4,2,3,4,3,2,4,3,3,4,5,3,2,1,3,5,4,2,3,2,4,3,2,3,1,4,3,5,4,1,3,4,2,3,1,5,4,3,2,2,6,1,3,2,3,1,2,4,2,3,5,3,4,1,3,2,2,1,2,3,4
4,1,3,2,6,3,2,1,3,2,2,3,4,2,2,1,4,2,3,5,4,5,2,2,1,3,1,2,1,1,2,3,4,4,4,2,1,2,2,4,3,1,3,2,1,1,3,3,4,1,2,2,2,1,2,1,3,6,4,3,2,1,4,3,2,5,2,1,3,3,5,2,1,2,1,3,5,2,4,4,1,2,3,3,5,6,2,2,5,2,2,4,2,6,2,2,1,4,1,1,2,3,3,4,2,2,2,3,3,5,5,1,4,4,3,2,1,1,3,4,1,1,1,3,4,1,3,1,4,6,4,2,5,3,6,6,2,1,3,5,4,1,4,3,4,1,3,4,4,4,4,2,5,3,2,2,5,4,6,3,1,1,6,3,1,1,4,2,1,1,3,1,3,2,4,1,2,1,1,4,3,1,2,1,4,1,3,2,5,4,1,3,5,3,2,3,1,3,1,3,2,1,1,1,3,2,1,3,2,2,1,2,3,2,3,5,2,3,4,3,2,4,1,3,2,6,3,3,3,1,2,5,3,1,2,2,2,1,2,3,2,5,2,1,2,1,3,3,2,3
