"surveys","transformation","boundary","devils","incomplete","damages","infinity","scoring","lawsuit","humorous","phenomena","limiting","investigations","bend","gem","attribute","woke","sandman","gore","analyses","queens","harness","heel","saver","stamps","hungry","plugs","borders","unconstitutional","elegant","beaches","distances","rolled","loops","reversed","pile","harbor","earth's","minorities","accidents","screamed","rewards","banana","spool","revolutionary","challenges","interpreted","registry","riders","appointed","countless","receives","cedar","analogy","smiling","beginner","detector","mist","publicity","shocked","legislative","alphabet","brakes","guessed","tandem","praise","lust","forgetting","offspring","factories","oath","playoff","unholy","travels","harmony","tutorial","liar","scanning","climb","possession","sigma","verse","predictions","injection","jurisdiction","specially","lone","colored","scanned","mentions","exclude","voluntary","repairs","imported","josh","swamp","country's","coordinate","conducting","maintains","refrain","laughter","twins","flute","educate","weekends","remembering","particle","sting","repeating","defender","diesel","researching","pee","popularity","cleaned","hotels","sexuality","wretched","weaponry","faced","sampling","indicating","infantry","brands","yelling","wiped","accordingly","unwanted","rhetoric","wears","tops","questionable","quickest","spiral","emotionally","geological","acceleration","tide","sympathy","attributes","hedges","terrorist","quicker","journalism","rotate","stamp","advocating","architect","struggling","avoided","loans","chord","hypothesis","everyone's","fulfill","rural","shorts","motivation","jumper","carts","forged","sewing","infections","whip","sensible","fried","bathroom","ranger","replying","coal","marriages","guests","departments","exploring","mayor","imaginary","eternity","garlic","eliminating","ax","gentle","partly","farmer","poison","sanctuary","fade","artistic","grain","holly","escaped","derivative","group's","spit","squad","aired","she'll","respects","fires","evidently","vagina","absent","casual","browse","colleagues","inserted","wounded","cognitive","pulse","morality","necessity","warehouse","severely","celebration","specialists","coupled","vicious","enclosed","increment","silk","individually","boulder","journey","simulator","detected","rhythm","porter","themes","makeup","antenna","specifies","pizza","divorce","quota","rabbi","associations","irony","framework","lend","sun's","interstate","outfit","subsidiary","reprinted","feral","debates","presidential","informational","venom","beginners"
3,2,2,1,1,1,1,1,2,1,3,1,2,1,2,1,1,1,1,3,1,1,1,1,1,1,1,1,1,2,1,1,1,1,1,1,1,1,1,3,1,1,1,1,2,2,1,2,1,1,1,2,2,2,1,1,2,1,2,1,2,1,1,1,1,1,1,1,1,1,2,1,1,1,1,2,2,1,3,1,2,1,1,1,2,2,1,1,1,2,1,2,2,1,1,2,1,2,1,1,1,3,1,1,3,1,1,1,1,1,1,2,1,1,1,1,1,1,2,2,2,1,1,1,1,1,1,1,1,3,2,1,2,1,2,2,2,2,1,1,1,1,1,1,2,1,1,1,3,1,1,2,3,1,1,1,3,1,1,1,1,2,3,2,2,1,1,1,2,1,2,1,2,1,1,1,2,1,1,1,1,2,1,1,2,3,1,1,2,1,1,1,1,1,2,2,1,1,1,1,2,1,2,1,3,1,2,1,2,1,3,1,1,2,2,1,2,1,1,1,2,2,2,1,1,4,1,1,1,1,1,2,2,1,3,2,2,1,1,1,1,2,2,1,1,1,2,2,1,1
4,NA,3,1,1,2,3,2,4,6,6,2,4,1,1,3,1,1,1,3,1,1,1,1,2,1,1,1,3,1,1,2,1,1,2,1,3,4,3,2,3,3,1,1,1,2,3,2,2,2,1,2,3,1,3,2,2,1,2,2,2,1,2,3,3,1,1,4,3,5,2,3,1,2,1,3,1,2,3,2,1,1,1,2,1,1,1,2,1,1,2,3,4,4,1,2,1,3,2,3,2,4,1,3,3,1,2,2,1,3,2,4,5,1,2,2,3,4,6,6,1,2,3,3,1,2,3,3,1,5,4,1,3,2,1,2,1,3,1,2,2,4,1,2,5,1,1,2,5,3,2,4,4,2,3,2,1,1,2,3,2,5,4,2,3,2,1,1,3,2,1,4,2,4,5,5,5,4,1,2,1,1,2,1,1,1,3,1,1,1,2,3,2,1,1,4,4,1,2,1,1,1,2,1,3,1,2,1,1,1,2,1,3,3,4,3,5,1,6,1,5,4,3,1,1,1,1,4,1,1,4,3,2,1,3,1,2,1,1,1,2,1,4,2,3,1,4,2,1,4
2,4,3,1,1,3,1,1,3,3,4,1,1,1,3,3,2,1,2,5,5,1,1,1,1,1,1,1,4,1,3,4,2,1,1,2,1,5,1,5,1,1,1,2,5,4,1,4,1,3,NA,4,5,4,4,2,1,1,4,4,4,4,2,4,1,2,1,1,1,1,4,1,1,4,2,2,2,1,5,5,1,2,4,4,3,3,2,2,1,4,2,2,2,1,3,2,4,5,1,4,4,5,NA,5,4,1,1,4,1,2,1,6,3,1,3,3,2,5,6,3,5,1,2,4,1,1,3,2,1,6,5,1,6,5,2,4,5,5,4,5,3,4,1,5,3,2,1,3,5,3,3,3,4,3,3,1,2,3,4,1,1,3,4,4,5,3,4,3,3,1,4,4,5,1,1,1,3,2,1,1,1,4,1,1,4,4,2,1,4,2,1,1,4,1,5,5,4,2,3,2,4,2,4,5,6,1,5,2,2,1,4,4,5,6,5,5,6,2,3,1,3,4,4,1,1,6,1,4,2,3,2,2,4,2,3,6,2,2,1,2,1,4,5,1,3,2,4,4,2,2
2,1,3,2,1,2,2,1,1,3,4,1,1,1,1,2,1,1,2,2,1,1,1,2,1,2,1,2,2,2,1,1,1,1,2,1,1,2,3,3,1,1,2,1,3,2,1,3,1,2,2,3,2,3,1,2,2,1,2,1,3,2,1,2,1,1,1,1,1,1,2,1,3,1,1,2,1,1,4,1,2,3,1,2,2,3,1,2,1,2,1,2,1,1,1,1,1,2,1,1,2,2,1,1,3,1,1,1,1,2,2,3,1,1,2,2,3,1,2,2,1,1,1,3,1,1,2,3,1,4,3,1,2,2,3,2,1,4,1,3,2,3,2,1,2,4,1,2,3,1,2,1,4,2,3,2,2,1,2,2,1,4,2,1,1,2,2,1,3,2,1,2,3,1,1,2,4,2,1,1,1,3,1,1,1,2,1,2,1,1,3,3,1,1,1,2,2,1,1,2,3,1,2,1,2,1,3,1,1,2,2,1,2,2,2,1,4,1,3,1,2,2,2,1,1,3,1,2,1,2,2,2,1,2,1,2,2,1,1,1,2,1,3,1,1,2,2,1,3,3
2,1,2,1,2,1,3,1,1,2,6,2,1,1,2,1,3,1,4,1,5,1,1,3,1,2,1,1,1,1,1,1,1,1,1,1,3,2,1,3,1,1,4,1,1,1,1,1,1,1,1,1,1,1,1,1,1,1,1,1,2,1,1,1,3,2,1,1,1,1,2,2,1,1,1,1,5,1,1,1,1,3,1,1,2,1,1,1,1,1,1,1,1,1,1,1,1,1,1,1,2,5,3,1,1,1,1,1,1,1,1,1,1,2,3,3,1,2,3,1,1,1,1,3,1,1,2,1,1,5,2,1,1,1,1,1,1,1,1,1,1,2,1,1,1,1,2,3,2,2,1,1,1,1,1,1,1,1,1,1,1,1,1,1,1,1,1,1,1,1,1,1,1,1,1,5,2,3,1,1,6,1,1,1,3,3,4,1,1,2,1,2,1,1,3,3,3,2,5,2,3,1,NA,3,1,1,1,1,1,1,1,1,1,1,1,1,3,2,4,2,1,1,1,1,1,6,1,4,1,6,1,6,2,6,6,3,6,1,1,1,1,1,4,1,4,1,1,2,3,2
1,1,1,1,1,1,1,4,1,5,5,1,1,1,1,1,1,1,1,5,4,5,1,1,2,1,1,2,4,1,1,1,1,1,1,1,1,1,4,4,4,1,3,1,3,3,3,4,1,4,1,1,1,1,1,1,1,1,1,1,4,4,1,1,5,1,1,3,3,3,3,4,1,1,1,1,1,1,1,3,4,3,1,1,4,1,1,1,2,1,1,5,1,1,1,1,1,4,4,4,1,1,1,1,1,1,5,1,1,1,1,1,4,1,1,1,1,1,4,4,1,1,4,1,1,1,1,4,4,4,2,1,5,5,1,5,5,5,1,1,1,1,1,1,5,1,1,4,4,3,1,1,4,3,2,1,1,1,5,1,1,1,1,1,1,1,1,1,1,1,1,1,1,4,1,1,1,1,1,4,1,1,1,1,1,5,1,1,1,1,5,4,1,1,1,1,1,1,1,1,4,1,1,1,5,1,1,4,1,2,4,6,6,6,5,1,3,3,3,1,4,1,1,1,1,2,2,5,1,4,1,1,1,1,1,4,1,3,1,1,6,1,5,1,1,2,4,4,1,3
4,3,2,1,2,1,3,1,1,4,5,1,3,1,1,3,1,1,1,5,2,1,1,2,1,3,1,1,4,2,4,3,4,1,5,1,1,4,2,4,3,1,1,1,4,3,2,2,1,2,1,3,1,3,4,4,3,1,3,2,2,6,4,3,3,5,1,3,1,4,6,1,4,2,2,2,4,3,2,3,1,2,3,3,2,3,1,4,3,2,4,2,1,1,2,2,4,5,2,3,2,5,2,4,5,3,2,3,1,4,1,4,5,5,4,3,1,4,6,5,3,2,2,3,1,2,2,4,2,6,1,1,4,2,1,3,4,4,2,3,3,4,3,3,5,3,1,3,5,4,3,3,5,6,4,3,2,NA,3,2,1,3,5,3,3,4,2,4,5,4,3,4,3,3,2,1,2,2,2,4,1,2,2,1,4,5,3,2,2,2,4,6,3,1,2,3,4,3,1,3,2,1,2,4,6,3,3,2,2,1,3,4,3,2,3,4,3,3,2,2,2,2,3,3,2,5,1,3,1,2,3,3,2,2,1,4,2,2,1,3,2,1,3,2,1,2,4,4,3,3
2,1,2,1,1,1,1,1,2,2,3,1,2,1,1,2,1,1,1,2,1,1,1,1,1,1,1,1,3,3,2,1,1,1,1,1,2,1,2,1,1,1,1,1,2,2,2,3,1,2,1,3,2,3,2,2,2,1,2,1,2,3,1,2,2,2,1,1,1,1,2,1,1,1,1,1,1,1,1,1,2,2,1,2,3,2,1,1,1,1,1,1,1,1,1,1,1,2,2,1,1,2,1,1,1,1,1,1,1,1,1,3,2,1,2,1,1,1,3,2,1,1,1,2,1,1,1,2,1,3,1,1,2,2,1,1,2,2,1,1,2,1,1,1,1,1,1,1,3,2,1,1,2,1,1,1,1,1,1,1,1,1,3,2,1,1,1,1,1,1,1,2,1,1,1,1,1,2,1,2,1,1,1,1,2,1,1,1,1,1,1,3,2,1,1,1,1,1,1,1,1,1,2,1,3,2,2,3,1,1,2,1,1,2,2,1,2,1,2,1,1,1,1,2,2,3,1,1,1,2,1,1,1,2,2,1,1,1,1,1,1,1,3,2,2,1,1,1,1,1
1,1,3,1,1,2,2,2,2,3,5,1,2,1,1,2,1,1,2,4,2,1,1,1,1,2,1,1,2,NA,4,2,2,2,2,3,2,2,2,1,1,1,1,1,3,2,2,3,1,1,1,3,2,3,1,2,2,1,5,2,6,6,1,1,1,3,1,1,1,1,1,1,1,1,3,3,1,1,1,4,1,1,1,4,3,4,1,1,1,1,1,3,2,3,1,1,1,3,4,2,2,2,1,1,1,1,1,1,1,2,1,3,4,1,1,1,1,3,2,2,3,2,3,3,1,1,1,2,1,6,1,1,1,1,1,2,3,3,1,2,1,1,1,1,4,1,1,2,4,2,1,1,1,5,1,1,1,1,1,1,1,3,4,1,2,1,1,1,1,3,1,1,1,1,1,1,1,1,1,1,1,1,1,1,2,2,1,1,1,1,1,3,1,1,1,1,1,1,1,3,1,1,1,1,4,1,2,3,1,1,4,1,3,1,2,1,4,1,1,1,2,2,3,2,1,6,1,1,1,1,2,1,1,2,2,3,1,1,1,1,2,3,5,1,1,1,2,2,1,1
1,1,3,1,1,2,1,1,1,5,6,2,3,1,1,3,1,2,5,4,2,1,1,1,1,1,1,1,5,2,1,1,1,1,2,1,1,2,4,1,2,1,2,1,3,1,4,5,2,2,1,3,2,4,2,2,2,1,4,1,3,5,1,2,2,1,1,1,1,1,2,1,1,1,1,1,1,1,1,2,1,2,1,2,6,4,1,1,1,2,1,1,1,2,1,1,2,2,1,1,1,5,1,2,2,1,1,1,1,1,2,3,1,1,2,1,1,3,5,6,1,1,1,5,1,1,1,3,1,6,1,1,4,3,3,1,4,3,1,2,2,4,2,1,1,1,1,2,4,2,1,1,2,5,2,3,6,1,1,1,1,4,1,1,5,1,1,1,3,3,1,4,1,1,2,1,1,4,1,1,1,1,1,1,1,5,1,1,1,1,1,4,1,1,1,2,6,3,2,2,1,1,2,1,6,1,2,4,1,1,1,1,2,1,1,2,4,1,1,1,1,2,1,1,1,6,1,1,1,2,4,2,1,6,5,2,2,1,1,1,1,1,2,1,1,1,2,2,1,1
2,2,2,3,3,3,4,4,4,5,5,4,2,5,4,5,4,3,4,5,6,6,5,4,3,2,1,1,2,2,3,4,4,5,6,5,6,1,1,2,3,4,4,6,5,4,3,2,2,3,3,3,4,4,4,3,3,3,3,2,1,2,3,4,5,6,6,3,5,3,2,3,2,4,3,2,4,4,4,4,4,4,3,3,1,5,2,2,3,4,5,5,5,6,6,5,5,5,5,4,4,4,4,4,4,4,6,6,6,6,6,6,6,5,5,5,5,5,5,5,5,5,5,6,6,5,5,5,5,5,5,5,5,4,4,4,4,4,4,4,5,6,6,5,5,6,6,6,5,5,5,5,5,5,5,5,5,5,5,5,5,5,5,5,5,6,6,6,6,6,6,6,6,6,6,6,6,6,6,6,6,5,6,6,5,6,5,5,5,5,5,3,4,4,4,4,4,4,4,4,5,5,4,4,5,5,4,4,4,4,5,5,5,4,5,5,5,5,6,1,1,6,6,6,6,6,6,6,6,6,6,1,6,6,6,6,6,6,6,6,6,6,6,6,6,6,6,6,6,6
3,2,2,1,2,1,2,2,2,2,3,1,2,1,1,1,1,1,1,2,1,2,1,1,1,1,1,1,2,3,3,2,1,1,1,1,1,1,2,2,1,1,1,1,2,2,2,3,1,2,2,2,4,2,1,1,2,1,2,2,2,2,1,2,3,1,1,1,1,2,2,1,1,1,1,2,1,1,1,3,3,1,2,1,2,1,1,1,1,2,2,2,2,1,1,1,2,1,2,2,2,3,1,1,1,2,1,1,1,1,2,3,2,1,2,1,1,2,3,2,1,2,2,1,1,1,1,1,1,3,1,1,2,1,1,1,1,2,1,2,2,1,1,1,3,1,1,2,3,1,2,1,1,2,1,1,1,1,1,1,2,3,1,1,1,2,2,1,1,1,1,2,1,2,2,1,2,1,1,2,1,1,2,1,2,3,1,2,1,1,2,3,1,1,1,1,1,1,1,2,1,1,1,1,1,2,2,2,1,1,2,1,1,1,2,1,1,1,1,1,2,2,1,1,1,2,1,3,1,2,3,1,2,3,3,2,2,1,1,1,1,1,3,1,1,1,2,1,1,2
3,3,3,2,2,2,2,2,2,2,3,2,2,1,1,1,1,1,2,2,2,2,1,1,1,1,1,1,2,2,1,1,1,1,2,1,2,1,2,1,1,1,1,2,2,2,2,2,1,2,1,2,1,1,1,1,1,1,2,2,2,1,1,1,1,1,1,1,1,2,1,1,1,1,1,1,1,1,1,2,1,1,2,2,2,2,1,1,1,1,1,1,1,1,1,1,1,2,2,2,2,1,1,1,1,1,2,2,1,2,1,2,2,1,2,1,1,1,3,3,1,1,2,2,1,1,1,1,1,3,1,1,2,1,1,1,1,1,1,1,2,1,1,1,3,1,1,2,3,1,2,1,1,1,1,1,1,1,1,1,1,2,2,2,1,1,1,1,1,1,1,1,1,1,1,1,2,2,1,2,1,1,1,1,1,1,1,1,1,1,1,1,1,1,1,2,1,1,1,1,1,1,1,1,3,1,2,2,1,1,2,2,1,1,2,1,2,2,3,1,1,1,1,1,1,1,1,1,1,1,1,1,1,3,2,2,2,1,1,1,1,1,3,2,1,1,2,2,2,1
4,6,6,2,5,4,2,3,3,3,6,2,6,1,1,5,2,3,1,6,2,3,1,1,2,3,2,3,6,2,1,4,1,1,5,1,3,3,5,4,5,3,1,1,2,3,3,2,2,3,2,2,1,3,1,2,1,1,2,4,4,5,1,2,3,2,1,4,4,5,1,2,1,2,2,3,1,2,1,5,1,1,6,5,6,2,1,3,3,3,5,5,2,3,1,2,3,5,5,4,2,3,1,1,3,5,5,2,1,3,5,2,6,1,5,2,2,5,3,4,1,2,5,4,1,1,1,5,2,1,2,1,5,4,2,3,4,6,1,6,2,1,1,1,5,2,1,6,3,3,1,1,1,6,5,3,1,1,4,2,1,2,2,5,1,4,5,NA,2,5,1,3,1,4,2,1,5,2,2,3,1,1,1,2,3,5,1,2,1,1,4,6,4,1,2,1,3,2,1,5,3,1,2,3,6,1,3,4,2,3,5,6,2,5,6,2,3,2,3,1,6,2,1,3,2,3,1,3,NA,4,2,1,2,1,1,4,1,5,1,1,3,2,5,3,1,3,6,5,2,4
6,6,6,6,6,6,6,1,6,6,6,6,6,1,2,6,6,5,1,6,2,6,2,1,6,6,2,1,6,6,2,6,2,1,6,1,6,6,6,6,6,6,6,4,6,6,6,6,6,6,6,6,2,6,6,6,6,1,6,2,6,6,1,6,6,1,1,6,6,6,1,6,6,1,6,6,1,1,1,6,5,1,6,6,6,6,1,6,4,6,6,6,6,5,2,3,6,6,6,4,4,6,1,1,6,6,6,1,1,6,1,1,6,1,6,6,6,6,6,6,1,6,6,6,6,1,1,6,6,6,1,1,6,6,1,6,6,6,1,6,6,1,6,1,6,6,1,6,6,6,6,1,1,6,6,6,6,6,6,6,4,6,6,6,1,6,6,6,1,6,6,6,6,6,6,6,6,6,6,6,6,6,6,6,6,6,1,6,1,1,6,6,6,1,6,6,6,6,1,6,6,6,6,6,6,6,6,6,1,6,6,6,6,6,6,6,6,6,6,1,6,3,6,6,6,6,6,6,1,6,6,6,6,6,6,6,6,1,6,6,6,6,6,6,1,6,6,6,6,6
2,2,2,2,2,2,3,2,1,5,6,2,4,1,4,2,1,1,3,5,4,2,1,2,2,2,1,2,4,3,2,3,3,1,2,1,1,1,2,2,3,1,1,1,4,4,4,3,2,3,3,3,4,2,1,3,2,1,2,4,3,1,1,4,1,2,1,2,1,2,5,1,1,2,1,2,1,3,1,2,5,1,3,1,3,4,1,1,1,3,5,2,3,2,1,4,2,2,3,3,2,1,4,4,2,3,3,4,1,3,4,5,3,1,3,2,2,5,6,4,1,2,2,3,1,2,1,1,3,6,1,1,3,2,3,3,2,3,1,6,3,5,3,1,2,1,1,3,5,3,3,1,6,6,2,1,4,3,2,1,1,4,6,3,6,2,2,5,4,3,1,1,1,3,2,3,4,5,2,3,1,4,2,1,3,2,1,2,1,1,2,2,3,1,3,1,2,1,1,3,5,3,2,3,3,3,2,3,1,2,3,4,3,2,3,2,2,3,2,1,1,2,3,2,3,6,2,4,3,2,3,2,3,5,5,2,2,3,2,1,4,2,6,2,5,2,3,4,6,2
3,1,1,1,1,1,2,1,3,1,1,1,1,1,1,1,1,1,1,3,1,2,1,2,1,2,1,2,1,2,1,1,1,1,1,2,1,2,1,2,1,1,1,1,1,1,1,1,1,1,1,1,1,1,1,1,1,1,2,1,1,1,2,1,1,1,2,1,1,1,1,1,1,2,1,2,1,1,1,1,1,2,1,1,1,1,1,2,1,2,1,1,1,2,3,1,1,1,1,2,1,1,2,1,1,1,1,1,1,2,1,1,1,1,2,1,1,1,2,1,1,1,1,4,1,1,1,1,1,2,1,2,2,2,1,3,1,3,1,1,1,1,1,1,2,1,1,2,3,2,2,2,1,1,2,2,3,2,4,2,2,1,1,1,1,1,2,2,2,2,2,2,2,2,2,1,3,2,2,3,1,2,1,1,1,1,1,2,1,2,2,2,1,1,2,1,2,1,2,1,2,1,1,1,2,1,2,1,2,1,2,2,3,2,3,3,2,2,6,1,3,1,1,1,1,5,1,1,1,1,3,1,1,1,1,3,2,2,2,1,1,1,4,1,1,1,2,1,1,1
1,2,2,1,2,1,1,1,3,2,6,1,3,1,3,1,1,1,2,5,1,1,1,1,1,1,2,1,6,4,4,5,4,1,1,3,1,6,4,5,1,1,2,1,4,5,1,5,2,2,1,2,6,5,4,3,1,1,3,1,2,5,2,6,6,6,2,1,1,1,4,1,3,2,1,3,1,1,4,5,3,4,3,3,3,4,4,3,2,3,1,2,1,4,1,1,5,3,1,2,2,6,3,1,6,1,1,2,1,1,1,5,5,1,5,4,1,6,6,5,4,1,3,4,1,2,4,2,1,5,3,1,4,3,2,4,5,6,3,4,2,4,1,2,1,1,1,1,5,4,2,4,5,6,4,1,1,1,4,1,1,4,3,3,5,3,3,4,4,3,2,4,2,1,1,1,4,3,1,1,1,4,2,1,1,4,2,1,1,1,4,3,1,3,1,1,4,1,2,3,5,1,3,2,4,1,3,2,2,2,4,2,1,5,6,4,5,1,2,2,5,2,3,2,1,6,1,4,1,1,5,1,3,1,3,5,2,1,1,1,1,2,3,2,4,4,4,2,2,3
1,1,1,1,1,1,1,1,1,1,3,1,1,1,1,2,2,1,3,4,2,1,2,1,1,1,1,1,1,1,2,1,1,3,2,5,2,2,1,1,1,1,1,1,1,1,1,1,1,1,1,2,3,5,4,1,1,1,3,2,1,5,1,2,6,1,1,1,1,2,5,1,1,1,1,1,1,1,3,2,1,2,1,1,1,3,2,1,1,4,1,1,1,1,1,2,2,2,1,1,1,5,1,1,1,2,1,1,1,3,1,5,1,1,1,1,1,1,6,4,1,1,1,3,1,1,3,4,1,5,1,1,1,2,1,1,2,1,3,4,1,2,1,2,1,1,1,1,1,1,1,2,1,1,1,1,2,1,1,1,1,3,5,6,3,1,1,1,1,1,4,1,5,1,1,1,4,2,1,1,1,2,1,1,2,1,3,1,1,1,1,1,1,1,1,1,1,1,1,1,5,1,1,5,6,1,1,1,1,1,5,6,3,5,3,1,1,1,1,1,1,2,1,1,1,5,1,5,1,1,2,3,4,NA,3,1,1,1,1,1,1,1,2,1,1,1,2,1,2,2
3,2,4,3,4,3,2,4,4,2,5,4,3,2,1,3,3,4,5,3,3,4,5,3,2,3,4,3,2,1,3,4,3,2,4,3,2,2,4,5,3,2,4,3,2,4,2,3,4,5,6,4,3,2,3,4,2,3,3,5,4,3,2,3,3,3,4,5,3,2,2,4,4,3,2,2,4,3,5,5,6,4,2,3,4,3,2,3,3,2,4,3,2,4,5,4,3,2,3,4,3,4,3,2,3,4,3,2,3,4,3,2,3,4,5,4,4,2,3,4,3,2,3,4,4,3,2,3,4,3,2,3,4,5,4,3,3,2,4,2,3,4,4,3,2,3,4,3,3,4,3,2,4,3,2,4,3,2,4,5,5,3,3,4,3,3,2,2,1,3,4,3,2,5,4,3,3,2,3,4,4,3,2,4,4,5,4,2,3,3,3,4,4,2,4,3,4,3,3,2,4,3,3,2,5,4,3,2,2,3,4,3,2,4,2,4,5,4,3,2,3,4,5,4,2,3,4,3,2,4,4,3,2,5,3,4,5,3,3,4,5,6,3,2,4,3,2,5,5,4
4,3,1,1,1,1,1,2,4,4,4,1,2,1,1,2,1,1,1,4,1,1,1,1,1,1,1,1,2,1,1,1,1,2,1,1,3,2,1,1,1,1,1,1,1,1,1,1,1,1,2,1,1,1,1,1,1,1,2,1,2,4,1,3,1,2,1,1,1,1,1,1,1,1,1,1,1,1,1,3,3,2,1,1,1,1,1,1,1,1,1,1,1,2,1,1,1,4,2,3,2,4,1,1,1,1,2,1,1,2,2,3,2,1,1,1,1,2,2,2,3,3,2,2,3,3,2,3,1,2,2,2,4,2,5,4,4,3,2,3,4,3,2,2,2,4,2,1,1,2,2,2,1,3,1,2,1,2,2,3,2,3,2,2,2,2,1,2,3,NA,1,2,2,2,2,1,1,2,2,2,1,1,3,1,2,1,1,2,2,2,3,3,1,1,1,2,1,2,2,2,2,1,1,1,1,2,1,2,2,1,1,1,2,2,2,2,2,2,5,3,4,4,3,2,2,2,2,2,1,4,2,3,3,2,1,1,1,1,2,2,2,3,2,1,2,2,1,1,3,2
2,1,2,1,1,1,1,1,1,4,5,5,2,1,1,1,1,1,1,4,3,1,1,1,1,1,1,1,1,1,2,1,3,1,4,2,2,1,3,3,3,1,1,1,3,2,3,3,1,1,1,4,3,2,1,1,1,1,3,2,3,3,2,3,1,2,1,1,1,2,3,1,1,2,1,4,1,1,2,4,2,2,3,3,3,4,1,2,1,3,1,1,2,1,1,1,2,3,2,2,2,4,1,2,2,1,2,2,1,2,1,4,2,1,2,3,1,2,4,3,3,1,2,3,1,1,2,2,1,4,2,1,1,1,2,3,3,4,1,3,3,3,1,1,3,1,1,2,3,2,3,2,3,3,1,1,3,1,3,1,1,2,4,2,NA,1,1,1,2,2,1,2,3,1,1,2,2,2,1,3,1,1,1,1,1,3,2,2,1,1,2,4,3,1,2,1,1,1,2,2,2,1,3,4,4,3,3,1,1,1,3,1,3,3,3,3,5,1,1,1,3,2,2,2,1,4,1,3,1,3,4,1,1,1,3,3,4,1,1,1,1,1,4,1,3,2,3,3,1,3
1,2,3,4,5,6,4,3,3,2,1,2,3,4,5,6,5,4,2,1,2,3,4,5,6,5,4,3,2,1,1,2,3,5,4,4,4,3,2,1,2,3,4,5,6,5,4,3,2,1,2,3,5,6,5,5,4,3,2,1,2,4,4,4,5,4,5,4,1,2,3,3,4,5,6,6,5,4,3,2,1,2,3,4,5,6,5,4,1,2,2,3,4,5,6,5,4,4,2,2,1,2,3,4,5,6,5,4,1,2,3,4,5,6,5,4,2,2,2,1,2,2,4,3,5,5,5,4,3,2,1,1,2,3,4,5,6,5,4,3,2,1,2,3,4,5,6,5,4,3,2,1,2,3,4,5,6,5,4,3,2,1,2,3,4,6,6,5,5,3,2,1,2,3,4,5,6,5,4,3,2,1,2,3,4,5,6,5,4,3,2,1,2,3,4,5,6,6,4,3,2,1,2,4,3,4,5,5,5,3,2,1,2,3,4,5,6,5,4,3,2,1,2,3,4,5,6,5,4,3,1,2,3,4,5,6,5,4,3,2,1,2,3,5,4,5,6,4,4,3
1,2,1,1,2,1,1,1,3,4,1,1,2,1,1,1,1,1,1,3,1,1,1,1,1,1,1,1,2,1,1,1,1,1,1,1,1,4,1,1,1,1,1,1,2,1,1,1,1,1,1,1,1,1,1,1,1,1,1,1,1,1,1,3,1,1,1,1,1,1,3,1,1,1,1,1,1,1,1,2,1,2,2,2,2,3,1,1,1,2,2,1,2,1,1,1,3,3,1,1,1,6,1,1,1,1,1,1,1,1,1,4,1,1,1,1,1,3,1,1,1,1,1,1,1,1,1,2,1,2,3,1,2,1,1,2,1,3,1,1,1,3,1,1,2,1,1,1,1,1,1,1,1,1,1,1,1,1,1,1,1,1,1,1,2,1,1,1,1,1,NA,3,3,1,1,1,1,1,1,1,1,1,1,1,1,1,1,1,1,1,1,1,2,1,1,2,1,1,1,1,1,1,1,NA,6,1,4,1,1,1,1,3,2,1,1,2,2,1,1,1,1,1,1,1,1,2,1,1,1,1,1,1,1,2,2,2,5,1,1,1,1,1,1,1,1,1,1,1,1,1
3,5,4,1,5,2,1,1,2,5,6,1,5,1,1,4,1,1,1,4,1,1,1,1,1,1,1,1,5,1,1,5,2,1,4,1,1,1,4,5,3,3,1,1,6,5,5,2,2,1,1,1,1,1,1,4,5,1,5,1,5,6,1,3,1,3,1,5,6,6,1,1,1,1,1,1,1,NA,NA,NA,1,1,2,4,5,4,1,3,4,4,5,4,3,2,1,1,2,4,5,1,1,1,1,1,1,3,5,1,1,NA,3,1,3,1,5,1,1,6,5,5,2,1,3,1,1,1,1,4,3,5,1,1,4,5,1,2,3,4,1,2,3,3,4,2,3,1,1,2,2,1,3,1,1,4,3,1,1,1,4,3,1,2,1,4,1,2,1,1,1,1,1,5,3,4,4,1,5,1,2,4,1,3,1,3,1,4,1,1,1,1,4,5,3,1,1,1,1,1,1,3,1,1,1,1,4,2,1,1,1,4,5,5,4,4,4,2,6,4,5,1,4,2,2,2,1,5,1,1,1,5,1,1,1,1,1,4,1,4,1,1,3,4,4,1,1,5,5,5,2,1
3,6,2,1,3,5,2,1,5,2,6,1,6,1,5,5,4,1,2,1,3,1,4,1,1,3,1,1,6,1,6,6,5,5,1,5,2,5,1,4,2,1,1,5,6,6,1,3,3,3,1,6,6,3,4,1,1,1,6,5,3,5,2,1,1,2,1,1,2,1,4,1,3,1,1,3,1,1,4,4,1,1,5,5,5,6,2,1,1,6,4,1,2,1,4,3,2,3,1,4,4,6,1,6,6,3,2,1,5,3,1,3,6,4,1,1,2,1,6,5,6,2,2,2,1,1,5,2,1,1,1,1,3,1,3,6,5,6,5,2,3,6,2,1,2,3,1,3,1,1,3,3,1,4,2,1,2,4,5,1,2,5,2,5,1,1,2,6,5,2,4,6,1,1,1,2,5,1,1,1,1,4,1,1,2,2,3,1,3,1,2,1,3,1,1,2,3,1,3,1,6,1,5,4,4,1,2,1,1,1,6,3,2,5,6,2,6,4,1,1,2,1,1,1,1,1,2,5,3,1,6,6,6,5,5,6,2,2,1,1,1,1,3,3,2,1,5,6,1,1
3,4,4,4,3,5,3,1,4,3,4,4,4,3,2,4,3,3,2,5,5,1,1,1,1,1,1,1,4,3,3,2,1,1,2,1,1,3,1,3,2,2,2,2,3,2,2,4,3,4,2,2,2,3,3,4,3,2,5,4,2,5,4,2,4,3,2,3,2,3,5,3,3,2,3,4,4,4,2,3,1,3,4,4,2,2,3,2,2,4,2,3,1,3,2,3,3,4,4,2,4,2,2,2,3,1,2,2,3,2,4,3,2,4,3,2,2,4,2,3,1,2,4,2,4,3,4,2,2,5,3,5,3,2,3,1,5,1,3,3,4,2,2,1,3,4,2,2,4,4,2,3,2,1,5,3,1,2,2,3,2,3,2,3,2,4,2,3,1,3,2,4,3,4,2,2,2,2,3,3,5,5,3,2,2,3,2,1,3,1,3,1,5,2,4,2,2,4,3,2,2,1,3,2,3,4,2,2,4,2,2,4,3,2,3,2,5,3,2,3,2,1,3,1,2,3,2,2,1,1,NA,NA,2,3,1,5,4,2,4,1,2,2,1,2,3,2,2,2,4,3
