"plasm","valet","undamaged","jungles","drier","fervent","menial","flasher","rightist","clashed","midpoint","dregs","cornea","amphetamine","sweepstakes","caramel","ratchet","dialysis","twofold","furs","firewood","overcomes","stag","assaulting","traceable","drifts","minesweeper","clocking","coinage","perseverance","boneless","loudspeakers","zucchini","outlay","tithe","host's","understated","stewardship","brawn","signpost","ledges","naturalized","rotisserie","treadmill","layering","summer's","subjugate","debtor","taming","dowel","congratulated","enumerate","memoir","ably","psychoanalysis","elucidate","looms","electrolyte","judicious","surged","stagger","chump","straddle","suburbia","apprenticeship","mankind's","analysed","scented","boaters","palsy","clothesline","degenerative","universality","waning","carbine","autobiographical","tankers","bulletproof","migrants","romantically","relieves","cartoonist","muff","offside","perspiration","potted","breather","infidel","unrelenting","buffoon","lengthening","aristocratic","baited","artistically","subordinates","chimp","hindrance","rigidity","irritable","beater","stiffened","imparted","banshees","sash","somber","elicited","alcove","clasped","windmill","guillotine","ironed","sectional","thereto","sundown","unlocking","batted","deferring","elaborated","shellfish","battalions","wronged","inadequacy","homegrown","condense","intoxicating","stocky","hickory","macaroni","emphatic","seagulls","seer","caret","driftwood","discontinuity","outwardly","referential","splinters","bottlenecks","entrust","sidestep","trig","puddles","fanciful","insurrection","venison","cohesion","wriggle","parentage","progressions","shopkeeper","femininity","baffling","thyme","hallucinogenic","somatic","tubs","deepening","tweed","hitchhiker","suppressor","behemoth","brainy","infraction","interject","clobbered","hydrocarbon","monographs","popularly","nullify","breasted","lilac","shortcoming","materialized","speller","borax","prettiest","reactionaries","relaying","geyser","jaundice","hypnotist","mobilized","heyday","sophistry","attested","cutouts","usurped","quacks","appointees","granddaughter","unmitigated","lackeys","sculpted","auditions","highness","gassed","unsettling","mittens","theistic","straddling","metered","topographic","misdeeds","ailing","gastrointestinal","carcinoma","lobbies","outfitted","broadsword","officiating","jewelled","sprained","truthfulness","lacrosse","transvestite","panacea","blip","exhilarating","minder","falsify","catheter","what'll","inseparable","husk","retch","strays","topple","corroborated","wreath","tolerating","unfettered","duress","teething","lustful","industrialist","likened","aggregation","zealous","comedians","acorns","swab","lenient","impure","pacifist","coed","masochism","yawning","symbolized","furnaces","vaccinating","puritan","felicity","abounds","mural","renderings","rascal","throbbed","parson","moulding","inspecting","pubescent","bravado","sleepwalker","walled","unexplored","jumpy","faraway","familial","idealized","stupor","purifying","throwback","gecko","dwells","sledgehammer","protege","intrude","furor","congresses","vocally","alimony","battlefields","snarled","revolved","burdensome","flattening","snapper","experimenters","metallurgy","swoon","giraffe","flamboyant","drugstore","crayons","dawning","maim","freckles","crescendo"
1,4,2,2,2,2,3,1,3,2,2,3,3,4,2,2,3,3,4,1,1,1,1,2,3,2,2,2,3,3,2,3,5,3,5,3,2,3,3,4,3,2,4,3,3,4,3,5,2,2,3,2,4,3,4,2,2,4,3,2,2,1,3,3,3,2,4,4,2,2,3,2,2,1,1,2,1,2,1,2,3,2,2,1,2,1,2,2,1,2,3,2,2,2,3,1,2,3,2,1,2,1,3,1,1,2,2,2,1,6,3,3,3,2,2,2,3,2,2,3,4,3,2,2,2,2,2,3,4,3,4,3,2,3,4,3,2,3,2,2,1,2,3,4,3,3,4,3,3,2,3,3,5,4,3,1,2,2,3,3,4,3,2,2,3,3,4,3,3,3,1,2,3,2,1,1,3,2,4,4,3,2,2,3,2,2,3,2,2,4,3,2,2,3,4,1,2,2,3,2,2,2,1,3,4,4,2,2,3,3,3,2,2,3,3,3,1,4,2,3,3,3,2,1,3,2,2,2,3,2,2,2,2,1,2,2,2,3,2,2,1,4,2,4,4,4,4,3,3,4,3,4,2,1,3,2,2,3,4,2,4,3,1,3,2,1,3,2,3,4,2,1,2,3,3,4,2,4,3,3,4,2,3,3,2,2,2,3,3,3,4,2,1,3,3,3,3,4
4,3,2,1,2,3,3,2,2,2,2,1,2,6,5,3,2,2,2,1,2,2,1,3,2,1,3,1,2,5,1,3,6,1,1,1,1,4,1,2,2,1,4,2,1,1,2,1,2,1,6,6,2,1,6,4,1,4,3,1,1,1,1,1,5,1,3,3,1,1,4,4,2,1,2,5,2,3,2,2,1,2,1,1,2,1,1,2,1,1,4,4,2,1,4,1,4,2,3,1,2,2,6,1,1,1,2,2,1,6,1,2,1,1,1,1,2,1,2,5,1,2,1,1,3,1,1,1,1,1,1,1,2,1,2,1,1,3,2,2,1,2,2,4,4,4,2,2,2,2,2,1,1,6,2,1,3,2,3,6,6,1,2,2,2,2,2,2,1,2,1,3,5,1,1,1,6,2,3,6,5,3,1,5,4,1,1,1,1,2,6,4,1,3,3,1,2,2,6,2,1,6,1,3,6,6,2,2,3,3,3,2,2,4,6,6,1,5,1,2,3,1,3,1,1,1,1,3,1,2,2,2,2,1,3,2,3,3,3,1,1,4,2,2,1,6,2,2,3,2,2,2,1,1,2,1,3,1,4,2,5,4,3,1,2,1,3,2,2,3,2,4,1,1,4,3,1,1,2,1,1,3,1,1,3,1,1,3,2,1,3,5,2,2,1,1,1,6
1,4,4,4,5,1,3,2,4,2,5,1,2,6,4,1,1,6,4,1,3,5,1,2,3,5,3,4,NA,3,2,4,5,NA,4,3,5,2,1,5,2,4,6,5,4,3,5,1,5,1,4,2,4,1,6,6,4,5,4,5,2,1,3,4,2,4,5,3,5,4,6,4,6,3,2,4,3,5,4,6,3,5,4,3,3,2,4,2,4,3,5,3,5,3,6,1,4,4,2,3,5,3,2,1,1,6,2,4,3,4,3,2,2,4,2,1,5,6,3,6,4,6,2,3,5,4,3,4,3,3,2,1,4,3,4,3,3,4,2,3,1,5,4,6,4,6,4,2,5,4,4,NA,3,6,3,1,2,4,5,2,3,2,5,4,2,6,6,5,5,3,2,4,5,6,1,6,5,5,3,6,6,4,2,5,5,4,3,5,6,3,6,3,4,6,6,3,4,3,3,5,4,3,3,6,6,3,4,3,6,3,3,4,NA,3,2,5,1,4,3,3,5,4,6,1,1,1,3,4,6,5,4,5,3,3,1,1,2,5,3,3,1,1,3,2,1,3,4,5,2,4,3,4,3,4,2,1,4,2,5,3,4,1,3,2,5,2,2,4,3,6,5,5,1,1,4,6,5,2,3,3,5,4,3,4,3,5,1,4,6,3,4,2,4,1,2,4,4,5
1,4,1,1,1,1,4,1,1,1,1,1,1,3,1,1,4,1,4,1,1,1,1,3,3,1,1,1,3,1,1,3,5,3,5,4,1,1,3,5,2,2,3,1,1,1,4,5,1,1,1,1,5,5,5,5,4,5,5,5,1,1,1,1,4,4,1,4,3,1,3,2,2,3,2,5,3,2,4,2,4,2,2,3,4,2,5,3,2,2,3,1,4,2,3,1,3,4,2,4,2,4,4,1,1,3,5,1,1,6,5,3,4,1,3,2,3,2,2,3,3,5,2,2,2,1,1,1,5,4,2,3,3,2,4,3,2,4,1,1,1,1,3,3,4,5,1,3,3,2,4,2,5,6,1,1,2,1,5,3,4,3,1,1,4,3,5,3,4,5,2,4,5,1,1,2,4,3,5,5,5,2,3,5,3,5,2,3,2,5,4,1,2,4,5,1,2,1,5,2,3,4,2,5,5,4,2,3,2,4,3,2,2,6,5,5,1,3,2,2,3,4,3,1,3,1,1,2,3,1,2,4,2,1,2,3,2,5,2,1,1,2,1,1,2,6,2,2,4,5,2,3,4,5,1,1,2,1,4,1,5,4,1,4,1,1,1,3,3,4,1,1,1,1,3,5,1,5,1,2,3,3,1,1,1,3,2,3,3,1,3,4,1,3,2,4,1,6
6,5,2,2,2,6,6,2,2,1,1,6,6,6,1,1,1,6,1,1,1,1,1,1,1,1,5,1,4,4,1,1,4,1,6,1,NA,4,4,4,4,1,6,1,1,1,6,6,1,6,1,6,6,6,6,6,2,2,6,6,1,1,1,6,6,1,4,1,1,6,1,2,4,5,5,2,2,1,1,1,1,1,1,1,4,1,1,4,4,3,3,6,2,4,5,3,3,5,1,1,1,1,4,1,1,6,6,6,1,4,1,1,6,1,1,1,2,2,2,4,1,5,1,1,1,1,1,1,5,1,1,3,1,1,1,4,1,1,4,1,1,1,5,1,3,1,4,1,1,1,1,1,5,1,1,1,1,1,1,1,6,1,1,1,3,1,1,1,4,1,1,1,1,1,1,1,4,1,5,5,5,1,1,4,1,1,2,1,1,1,4,4,1,1,1,1,1,1,4,1,1,1,1,5,4,5,1,1,4,1,1,1,1,1,5,5,1,1,1,1,1,1,1,1,4,1,1,1,1,1,2,5,1,1,1,1,5,5,1,1,1,1,1,1,1,5,1,1,1,1,3,1,4,1,5,1,1,1,1,1,1,1,1,1,1,1,1,1,1,5,1,1,1,4,1,6,1,5,5,1,1,1,4,1,1,1,1,1,6,1,1,1,1,1,1,5,1,5
2,2,4,4,4,2,3,2,4,4,3,4,2,3,4,3,2,3,3,3,4,3,2,3,4,3,3,2,3,3,2,3,2,4,3,4,2,3,2,3,3,4,3,NA,NA,NA,3,5,2,4,2,4,3,3,2,3,4,3,3,3,2,4,3,2,4,2,3,4,3,3,3,3,2,4,3,1,5,3,4,3,4,2,5,3,2,3,3,4,3,4,3,2,3,4,2,4,3,3,5,3,2,3,3,2,4,3,2,4,3,5,3,1,2,4,3,5,3,2,3,4,3,2,3,2,4,1,1,4,2,3,4,3,2,5,4,3,4,2,3,4,3,2,4,3,2,4,3,2,3,2,4,3,4,2,3,3,4,2,3,4,3,2,2,3,3,2,4,2,3,3,2,2,3,4,3,2,3,2,4,3,3,3,2,4,3,2,3,2,4,3,3,2,4,3,2,3,2,3,1,3,4,3,2,3,1,2,3,2,2,4,3,4,3,2,4,3,3,4,2,4,2,4,3,4,2,4,3,2,3,1,1,2,3,3,4,3,4,3,2,3,4,3,2,3,3,4,3,2,2,2,3,3,4,3,3,4,3,3,4,3,2,3,2,4,3,2,3,1,2,2,3,3,3,4,4,3,2,3,4,3,4,4,3,3,4,2,3,2,3,4,4,3,4,3,2,3,4,4
1,2,4,2,6,3,2,1,5,2,3,1,6,3,3,2,1,3,1,1,2,1,1,4,2,1,1,1,3,5,1,1,5,1,6,1,1,3,1,1,1,1,6,3,1,1,4,5,1,3,6,4,5,4,2,4,3,4,1,1,1,1,4,2,6,4,2,3,4,6,1,4,4,2,5,1,6,3,2,1,3,1,1,5,5,2,4,2,1,5,3,4,5,1,4,1,3,3,5,2,1,4,5,2,1,5,6,1,1,6,2,6,5,2,2,2,3,2,2,1,2,4,2,4,3,3,5,3,2,3,1,3,1,2,1,5,2,1,1,1,1,1,1,1,1,3,1,1,1,1,1,1,4,3,3,1,1,1,1,1,6,1,1,1,1,1,1,1,3,3,2,1,1,1,1,1,1,1,6,5,3,1,1,6,2,1,6,2,1,1,3,1,1,5,1,1,2,1,6,2,3,6,2,3,6,6,1,3,3,3,3,2,3,1,4,1,1,6,5,1,3,4,5,1,1,1,1,6,4,3,3,4,3,1,4,1,2,4,1,2,1,NA,1,3,1,6,2,3,3,4,6,6,2,4,3,1,4,NA,5,3,6,1,1,2,2,2,1,6,4,6,3,1,2,6,1,5,3,2,5,NA,4,2,2,6,3,4,5,4,2,3,4,6,3,6,3,2,3,6
3,6,1,2,1,2,1,1,1,1,1,2,2,6,2,4,5,6,3,1,1,2,1,2,4,1,5,1,1,6,2,2,6,1,5,1,2,2,1,1,1,4,6,1,1,1,4,6,1,1,1,5,6,1,6,6,2,6,6,1,2,1,1,6,6,2,3,1,1,4,3,4,3,2,2,6,1,1,1,1,1,1,1,1,4,1,1,2,1,4,2,4,3,5,4,1,4,1,1,1,1,1,6,3,1,5,4,2,1,6,1,1,6,1,1,1,2,4,1,6,1,4,1,1,3,1,2,5,1,1,1,1,1,4,1,1,1,1,1,1,1,1,1,3,4,1,1,1,1,1,1,1,1,6,2,1,1,1,1,2,3,1,1,1,1,6,3,1,3,1,1,1,3,1,4,1,2,1,3,5,5,1,3,6,1,3,5,1,1,1,4,1,3,1,3,1,1,1,3,1,1,1,2,1,6,1,2,1,1,1,2,1,1,1,5,1,1,2,1,1,4,1,1,3,1,1,2,4,1,1,4,1,2,1,1,1,1,3,1,1,1,1,1,4,2,6,4,1,1,4,1,1,1,2,1,2,3,1,2,1,5,3,1,1,1,1,1,1,2,2,3,1,4,2,4,6,1,4,1,1,2,1,1,1,2,2,1,4,6,1,6,5,1,1,1,1,1,6
1,3,3,1,3,1,2,1,4,2,4,1,4,6,3,1,3,3,4,1,1,3,1,3,3,1,1,1,4,2,2,5,5,2,4,1,1,3,3,4,4,4,5,3,2,1,3,3,1,1,3,3,3,2,5,5,2,4,5,3,1,4,2,5,4,2,2,2,3,1,4,4,2,2,1,4,4,3,2,2,4,2,2,2,4,1,3,4,2,3,3,2,4,2,4,1,3,4,3,3,1,1,3,2,2,3,1,1,1,2,2,4,2,2,1,1,1,1,1,3,3,4,3,2,1,1,1,1,4,3,1,1,1,3,2,4,1,1,1,2,1,1,4,1,1,4,4,3,4,2,2,3,4,5,3,1,4,2,2,1,4,4,3,1,1,2,4,2,1,2,3,3,5,1,1,3,4,3,3,5,4,4,1,5,2,4,2,4,3,3,4,4,2,3,4,2,2,2,2,2,3,3,3,5,1,3,1,3,3,3,2,4,NA,2,4,3,3,4,1,1,2,3,2,1,2,1,1,3,3,3,2,3,3,2,3,4,3,5,4,2,1,3,3,4,2,5,3,3,4,4,2,4,4,2,2,1,2,1,4,2,4,3,4,1,2,2,2,3,5,2,3,2,1,1,3,4,1,1,4,1,2,4,3,2,2,2,2,1,3,1,4,4,2,2,1,4,2,6
6,5,1,1,3,1,3,1,1,3,1,1,1,1,1,1,1,5,1,1,1,1,1,1,1,1,3,1,1,1,1,1,5,1,1,1,2,1,2,1,1,1,1,2,1,1,1,1,1,1,2,2,1,1,2,1,1,1,1,1,1,1,3,1,1,1,1,4,1,1,5,1,3,1,1,1,1,1,3,5,1,1,1,2,1,1,3,1,1,1,2,1,1,1,1,1,4,2,1,4,1,1,1,2,1,2,1,2,1,5,1,3,1,2,1,1,3,1,1,1,2,4,1,2,1,1,1,3,1,1,1,1,1,1,2,1,1,1,1,2,1,1,2,1,1,1,1,2,3,1,1,1,1,1,3,1,1,1,1,1,1,1,1,1,2,1,1,2,1,1,1,1,1,1,1,1,1,1,2,1,1,2,1,1,1,1,1,1,1,2,1,1,1,1,1,1,1,1,1,1,1,1,1,1,1,1,1,1,1,1,2,1,1,4,1,1,1,1,1,1,1,1,1,2,6,1,1,1,3,1,2,1,1,1,2,5,1,1,1,3,1,1,5,1,1,2,3,1,1,1,1,1,5,1,1,3,2,1,4,1,1,1,3,1,1,3,1,4,1,1,1,1,1,3,1,4,1,3,1,4,2,1,6,1,1,1,4,1,1,1,1,2,3,2,1,4,1,1
2,5,6,4,3,4,4,4,4,5,5,4,5,4,3,6,4,6,5,3,4,4,5,5,4,6,4,6,4,6,5,5,5,5,4,5,5,4,4,5,5,4,6,6,5,6,4,5,5,6,5,6,5,6,5,6,6,5,6,6,5,4,5,5,6,5,6,6,5,4,4,4,4,3,5,5,5,5,5,5,4,2,5,5,5,5,5,5,5,4,6,5,5,6,5,4,5,5,5,6,6,5,5,6,5,5,5,5,6,6,5,6,4,5,6,4,5,5,4,3,5,5,6,6,6,5,4,5,6,5,6,5,4,5,6,5,5,4,6,5,3,4,5,5,5,5,4,3,4,5,4,3,1,5,6,5,5,5,3,2,5,5,5,3,2,1,5,5,5,4,3,4,5,6,6,4,3,2,5,5,4,4,3,2,3,5,4,5,4,3,1,5,5,4,4,3,2,5,5,4,2,1,6,5,4,3,2,5,6,4,3,2,1,4,5,4,3,5,5,4,2,1,6,5,5,4,3,3,2,1,6,5,4,5,4,6,6,5,3,6,6,6,4,5,4,5,6,5,5,4,6,5,5,4,3,2,6,5,5,4,3,5,6,5,5,4,3,2,2,5,5,4,4,5,6,4,4,5,5,6,4,6,5,5,4,5,6,5,5,5,5,4,4,5,6,4,4,6
3,6,3,1,1,5,3,1,3,1,1,4,2,5,1,5,4,4,1,1,1,1,1,2,2,1,1,2,3,4,1,1,6,3,6,2,1,3,1,3,5,5,6,2,2,2,4,4,2,4,5,6,6,3,2,6,1,4,1,2,1,1,1,3,4,1,3,5,1,3,2,5,2,1,2,4,1,1,3,4,5,2,1,1,6,1,2,1,1,1,2,5,1,4,4,1,5,5,5,1,4,3,6,1,3,2,4,3,1,6,5,6,4,1,1,2,3,1,1,4,3,4,1,3,3,1,2,5,6,1,5,4,3,4,2,4,3,2,1,1,1,1,2,5,4,6,4,2,4,1,4,2,5,5,2,1,1,1,2,3,5,1,1,2,1,4,2,4,3,3,2,2,4,3,1,1,5,1,6,6,5,3,5,5,2,1,3,2,3,5,6,3,4,2,3,1,4,2,6,4,6,6,2,5,5,6,1,1,1,3,3,2,3,6,5,6,1,6,3,2,3,1,3,2,4,1,1,3,5,3,4,2,1,1,4,3,6,4,3,2,1,6,1,2,6,4,1,2,4,5,5,3,4,4,4,3,2,3,3,2,5,5,1,3,4,2,1,1,5,5,2,1,2,1,4,6,1,3,4,3,3,3,3,4,4,3,2,6,5,1,4,2,1,2,2,2,3,6
1,2,4,3,3,2,3,3,2,4,6,3,2,3,5,2,3,1,4,4,2,3,4,3,5,2,3,5,3,6,3,2,3,4,2,4,2,4,5,4,2,3,4,3,5,2,4,2,3,2,3,4,3,2,4,3,3,2,4,3,4,3,2,3,4,3,2,3,4,3,2,3,5,5,3,6,2,3,4,3,2,3,4,3,2,3,3,2,3,4,3,2,3,5,3,2,3,4,5,4,2,4,3,4,3,2,3,4,3,2,3,3,5,5,4,3,3,2,3,3,2,3,4,4,3,5,5,3,6,3,4,4,2,4,3,3,2,3,4,3,2,3,3,3,4,5,5,3,2,3,3,4,NA,3,3,3,2,3,4,3,4,5,6,4,4,3,3,4,4,3,3,4,3,2,1,1,2,4,3,2,3,4,3,5,4,3,2,3,3,4,5,4,3,3,2,4,3,5,2,3,3,2,3,4,3,3,4,3,2,3,4,3,2,3,2,3,3,3,2,2,3,4,3,2,2,3,3,3,2,4,4,3,2,5,5,4,3,NA,2,1,2,3,4,5,6,5,4,3,3,4,4,4,3,3,3,3,2,2,3,3,2,2,3,4,3,2,1,4,NA,3,3,3,2,2,4,4,2,3,4,3,2,2,3,3,2,3,4,5,4,5,4,4,4,2,5,3,5,3
6,6,3,3,6,5,6,1,6,1,1,4,5,6,1,6,6,4,1,1,1,1,3,5,1,1,3,1,5,4,1,1,6,1,6,3,1,6,4,4,1,1,4,1,5,1,6,6,1,4,1,6,5,5,3,6,1,3,3,3,1,1,1,3,4,1,4,1,2,6,3,5,6,5,5,5,2,2,6,5,5,4,4,1,3,4,6,6,2,5,3,6,2,5,5,1,5,4,3,1,1,1,2,2,2,4,4,1,1,6,1,3,2,1,1,2,3,4,5,5,2,5,1,1,3,2,4,5,5,2,5,1,1,4,2,5,3,3,4,1,1,1,6,2,6,2,1,3,2,1,5,1,6,6,6,1,1,6,5,5,6,3,1,6,4,6,4,1,6,1,5,1,6,2,6,3,4,3,6,6,6,3,1,6,6,1,6,4,6,3,6,6,4,2,4,4,4,3,6,6,6,6,4,6,6,6,3,6,2,6,6,2,2,4,6,6,6,5,5,6,6,6,6,4,1,1,5,5,6,2,6,6,4,3,3,6,4,6,2,2,3,4,1,6,4,6,5,5,5,3,6,6,2,3,2,1,5,3,1,1,2,2,1,3,1,1,3,6,2,5,3,1,6,4,2,6,2,6,3,2,6,2,3,3,3,3,3,1,6,3,5,6,1,4,2,6,1,6
2,3,2,1,3,3,2,2,3,1,2,2,3,5,2,4,1,2,1,1,2,2,1,2,2,1,1,2,2,4,1,3,5,1,2,1,1,3,2,1,1,1,3,1,2,1,4,5,1,3,4,6,6,2,5,5,1,3,3,2,1,1,1,3,3,1,3,2,2,1,2,4,4,2,2,3,2,2,3,4,2,2,1,2,2,3,1,3,3,4,2,5,1,2,2,1,3,2,1,1,3,2,3,1,3,3,2,1,3,6,1,2,3,2,1,2,2,4,1,5,3,2,1,2,2,1,3,1,2,2,1,3,2,4,2,5,1,2,2,2,1,3,3,2,1,2,2,1,2,1,3,1,4,5,2,1,2,1,1,2,3,1,2,1,2,3,1,1,2,2,2,1,3,1,2,2,4,2,2,5,3,2,3,4,1,1,2,1,4,2,3,3,1,5,2,1,1,1,3,2,2,2,1,3,4,4,2,1,2,3,2,1,1,2,2,3,1,5,2,1,3,2,3,1,2,1,1,4,3,2,2,2,1,2,2,4,2,3,2,1,1,3,1,2,3,6,2,2,2,3,3,2,2,1,2,2,1,1,3,2,5,4,1,2,2,1,1,2,3,2,3,1,2,1,1,3,1,2,1,2,2,3,2,2,2,1,1,2,4,1,2,5,1,2,2,1,2,6
4,6,2,3,2,5,5,1,2,1,1,1,2,3,2,2,2,2,1,1,1,1,1,2,2,1,1,1,2,1,1,1,3,2,2,1,1,1,2,1,2,1,3,1,1,1,2,3,2,2,1,1,2,1,2,1,1,2,3,2,1,1,1,1,3,1,1,2,1,1,1,1,1,2,2,2,2,1,1,1,1,1,1,1,2,1,1,3,2,1,1,2,1,1,2,1,1,3,1,1,1,1,1,1,1,3,1,1,1,6,1,1,1,1,1,2,1,1,1,3,2,3,1,1,1,1,1,3,1,1,1,4,1,1,1,3,1,1,1,1,1,1,3,1,1,2,2,2,1,1,3,1,6,1,1,1,1,1,5,2,6,6,2,1,1,1,1,1,2,3,2,1,1,1,3,1,2,2,4,4,4,3,2,2,2,1,4,6,3,1,6,6,1,2,1,1,1,1,4,1,3,1,1,1,1,5,2,1,1,3,1,1,1,1,1,6,1,6,1,1,6,1,2,1,1,3,1,1,4,1,1,1,1,1,1,3,1,4,4,3,1,1,1,5,5,6,6,1,1,3,2,4,2,2,1,2,1,1,3,1,2,2,1,1,1,1,1,1,2,3,2,1,1,1,1,5,1,1,1,1,1,1,1,2,1,1,1,1,4,1,4,1,1,3,1,3,1,4
1,6,1,1,1,3,4,1,1,1,1,2,2,2,1,2,2,6,1,1,1,1,1,2,1,1,1,1,2,2,2,2,5,2,4,2,1,2,2,1,2,1,6,1,2,2,3,3,2,2,3,2,6,5,4,4,4,6,5,4,1,1,1,2,2,2,5,6,1,5,1,2,2,3,3,1,1,3,1,1,3,1,1,1,2,1,1,1,1,1,1,4,2,2,1,1,1,1,3,1,1,1,6,1,1,3,3,1,1,6,3,3,3,1,1,1,2,1,1,6,4,5,1,1,1,2,2,1,6,4,4,6,3,2,2,3,1,2,2,1,1,2,4,3,2,4,6,4,3,1,2,1,6,4,2,1,1,1,3,2,5,3,3,2,1,1,3,1,3,3,2,3,3,1,2,2,3,2,6,5,5,3,3,3,1,1,4,4,3,4,2,4,2,6,1,1,1,1,6,2,1,4,2,6,1,2,5,1,1,2,4,4,1,6,4,6,1,4,1,3,1,5,2,1,1,2,2,1,3,1,1,1,2,2,1,3,3,3,1,1,2,3,2,3,3,6,3,1,1,1,3,1,1,1,1,2,1,1,5,1,6,1,1,2,1,2,1,2,1,3,3,1,2,1,2,6,3,3,2,2,6,3,5,1,3,1,1,2,6,2,2,3,2,2,2,5,2,6
2,3,2,3,3,2,4,3,2,3,2,5,3,6,1,2,3,4,4,2,2,1,1,4,3,2,1,2,4,1,1,1,3,2,6,1,1,5,4,5,4,1,5,2,5,2,2,3,5,5,2,4,3,4,2,3,3,2,3,2,3,5,5,5,2,1,2,2,4,5,5,4,2,4,5,2,1,1,1,1,4,1,4,3,2,2,1,5,2,4,2,2,5,2,2,1,2,1,2,2,5,4,5,4,5,4,5,1,1,6,2,2,6,1,1,1,5,2,2,4,3,2,4,4,2,3,5,2,4,1,4,5,2,1,2,5,1,1,1,1,4,3,4,4,2,1,5,3,3,4,3,5,2,2,3,5,2,1,1,2,6,2,2,2,4,2,3,5,3,3,5,4,3,2,3,5,3,3,5,3,2,4,4,3,3,2,4,2,3,1,5,1,1,2,3,2,1,4,2,2,3,2,5,5,2,5,3,4,3,5,5,NA,NA,NA,NA,NA,NA,NA,NA,NA,NA,NA,NA,NA,NA,NA,NA,NA,NA,NA,NA,NA,NA,NA,NA,NA,NA,NA,NA,NA,NA,NA,NA,NA,NA,NA,NA,NA,NA,NA,NA,NA,NA,5,2,3,3,2,5,3,5,2,1,4,1,1,2,3,4,5,2,1,2,5,1,2,4,6,2,3,5,1,3,1,3,2,1,3,NA,4,2,1,1,4,3,5,1,5
1,2,3,4,5,6,5,4,3,2,1,2,3,4,5,6,5,4,3,2,1,2,3,4,5,6,5,4,3,2,1,2,3,4,5,6,5,4,3,2,1,2,3,4,5,6,5,4,3,2,1,2,3,4,5,6,5,4,3,2,1,2,3,4,5,6,5,4,3,2,1,2,3,4,5,6,5,4,3,2,1,2,3,4,5,6,5,4,3,2,1,2,3,4,5,6,5,4,3,2,1,2,3,4,5,6,5,4,3,2,1,2,3,4,5,6,5,4,3,2,1,2,3,4,5,6,5,4,3,2,1,2,3,4,5,6,5,4,3,2,1,2,3,4,5,6,5,4,3,2,1,2,3,4,5,6,5,4,3,2,1,2,3,4,5,6,5,4,3,2,1,2,3,4,5,6,5,4,3,2,1,2,3,4,5,6,5,4,3,2,1,2,3,4,5,6,5,4,3,2,1,2,3,4,5,6,5,4,3,2,1,2,3,4,5,6,5,4,3,2,1,3,3,3,3,3,3,3,3,3,4,4,4,4,4,4,4,4,3,4,3,4,3,4,3,4,3,4,3,4,3,4,3,4,3,4,3,4,3,4,3,4,3,4,3,4,3,4,3,4,3,4,3,4,3,4,3,4,3,4,3,3,3,3,3,3,3,3,3,3,3,3,3,3,3,4,4,6
3,2,5,1,2,3,4,5,5,4,4,3,3,3,2,2,6,3,4,4,4,4,4,3,3,4,3,6,3,2,2,1,2,4,1,NA,4,4,4,3,3,3,3,2,2,2,2,1,1,1,1,1,1,2,3,5,5,5,6,6,6,6,6,5,4,4,4,4,4,4,4,4,3,3,3,3,3,3,3,3,2,2,2,2,2,2,2,2,2,1,1,1,1,1,1,4,4,3,4,3,4,3,2,3,4,3,4,4,4,4,4,4,4,1,1,1,1,1,1,1,1,2,2,2,2,2,3,3,3,3,3,3,2,2,2,2,1,1,1,2,1,1,1,1,1,2,2,2,2,2,2,3,3,3,3,3,3,3,4,4,4,4,4,4,5,5,5,5,6,6,6,6,6,3,4,3,3,3,4,5,4,5,5,5,5,5,5,5,5,5,5,3,3,3,3,3,3,4,4,4,4,4,4,3,3,3,3,3,3,3,3,3,1,2,3,4,5,6,5,4,3,2,1,2,3,4,5,6,5,4,3,2,1,2,3,4,5,6,5,4,3,2,1,2,3,4,5,6,5,4,3,2,1,2,3,4,5,6,5,4,3,2,1,2,3,4,5,6,5,4,3,2,1,2,3,4,5,6,5,4,3,2,1,2,3,4,5,6,5,4,3,2,1,2,3,4,5,6
2,5,1,2,1,4,5,1,3,1,1,1,1,2,1,3,2,4,1,1,1,2,1,1,3,1,1,1,2,2,1,1,6,2,6,1,1,1,2,5,3,2,5,3,1,2,5,4,4,3,2,1,5,2,3,6,1,4,6,1,1,1,2,3,3,1,4,6,1,2,6,2,1,3,3,4,1,1,6,2,3,1,1,1,2,1,2,2,1,1,2,1,1,1,1,1,2,1,1,1,1,1,3,3,2,2,1,1,2,6,2,1,3,1,1,1,1,1,1,3,2,3,1,1,1,1,1,2,4,1,3,1,1,3,1,5,1,1,1,1,1,1,1,1,3,2,1,2,3,1,1,1,4,2,1,1,1,1,1,1,6,1,2,2,1,1,1,1,1,3,3,1,3,1,1,1,3,1,5,5,3,2,1,1,1,1,1,1,3,4,4,3,1,3,2,1,1,1,4,2,1,3,2,3,4,4,2,2,2,2,1,3,1,4,2,6,1,4,1,2,2,2,1,1,2,1,1,1,2,1,1,1,1,1,3,1,1,2,1,1,1,1,1,1,1,5,1,1,1,4,2,1,2,3,1,1,2,1,3,1,1,1,1,1,1,1,1,2,1,1,1,2,1,1,1,4,1,3,2,1,1,2,1,1,1,1,1,1,3,1,2,1,1,1,1,1,2,1
1,2,1,1,2,3,5,3,2,3,2,4,2,NA,1,2,1,3,3,1,2,3,1,2,3,5,3,3,1,3,2,1,3,4,2,2,1,2,2,3,5,1,3,5,4,3,2,4,3,3,2,NA,2,3,3,5,2,2,3,2,5,2,2,4,2,2,1,1,2,1,4,5,2,3,3,6,2,4,1,4,1,4,2,4,5,2,2,4,2,1,5,1,4,4,1,4,2,2,3,3,2,5,2,4,2,3,2,2,3,5,NA,3,2,3,5,1,NA,3,4,1,5,2,3,5,2,4,2,2,5,4,3,2,2,3,NA,2,1,1,5,4,2,3,4,4,1,4,3,4,4,2,5,2,1,3,4,3,4,1,3,2,4,2,3,1,2,3,1,3,3,1,1,4,2,3,4,2,5,2,2,4,4,3,2,1,3,3,2,2,2,1,1,2,2,3,2,2,3,5,3,2,3,3,2,3,3,1,2,3,2,3,4,3,2,3,1,4,2,3,3,4,2,4,3,1,4,3,1,5,1,2,1,2,3,1,3,2,4,2,5,5,2,2,3,3,2,4,2,3,1,3,1,3,4,3,1,1,3,5,2,3,2,3,2,3,2,2,1,4,1,4,2,2,1,2,2,4,4,2,4,2,4,2,2,3,1,3,2,3,4,2,2,1,3,1,4,2,4,1
2,5,4,5,2,3,2,1,5,1,1,3,3,6,1,2,1,3,3,1,1,1,1,4,2,1,2,1,4,3,1,2,6,1,4,1,1,3,2,6,1,2,3,2,1,1,2,3,1,1,2,1,4,3,6,2,1,1,5,2,1,1,2,3,4,1,3,6,3,1,3,2,1,4,1,6,1,1,2,1,4,1,1,1,3,1,2,3,3,1,2,1,4,2,1,1,3,2,2,3,2,1,1,1,2,3,3,1,1,5,1,2,1,1,1,2,3,1,1,4,3,6,1,2,1,1,1,2,6,1,1,3,1,3,1,3,1,1,1,1,1,2,2,3,3,2,3,2,1,1,4,1,3,2,1,1,1,1,1,3,4,2,3,1,1,1,6,2,1,3,2,1,3,1,1,2,3,1,6,5,3,2,3,6,1,1,2,1,3,4,2,4,2,4,4,1,2,1,5,1,3,6,1,4,2,4,1,2,3,3,4,3,1,5,4,6,1,4,2,1,2,3,3,1,1,1,1,3,5,2,1,3,1,1,3,3,3,5,2,1,1,4,2,5,2,6,1,4,2,5,2,3,3,2,2,1,1,1,4,1,5,3,1,2,3,1,2,3,4,2,3,1,2,2,3,5,1,3,2,1,1,2,1,1,1,2,1,3,4,1,5,3,3,1,1,3,4,5
4,1,3,4,1,1,4,1,6,3,1,1,1,6,2,3,1,5,4,1,1,1,1,1,2,1,1,1,2,4,1,2,5,1,3,1,2,5,4,6,3,5,6,1,4,1,2,1,2,4,3,1,3,5,6,5,1,6,2,4,1,1,1,2,2,1,4,1,1,4,5,4,5,2,1,6,1,1,1,2,5,1,1,1,3,1,6,1,2,1,6,3,1,4,3,1,3,5,6,1,1,1,1,1,1,3,2,3,1,6,5,6,1,1,1,1,1,1,1,5,5,4,1,1,2,2,1,3,6,1,1,2,1,3,2,5,1,6,1,1,1,1,1,1,2,4,5,3,5,1,5,2,6,6,2,1,1,1,2,1,3,2,3,3,2,6,5,4,3,1,2,2,6,1,1,5,6,4,6,5,6,4,1,5,2,1,6,1,1,1,3,4,5,5,1,3,3,1,5,2,4,6,1,3,2,2,1,1,1,4,5,4,6,4,2,5,1,4,1,2,5,6,2,1,1,1,1,5,6,5,5,1,2,1,6,4,6,2,2,4,1,5,4,4,4,6,2,4,5,4,5,5,2,3,NA,2,4,5,4,5,NA,5,4,5,6,1,6,4,5,4,5,6,5,4,6,4,6,3,5,4,4,5,4,4,2,2,4,6,4,1,6,4,1,1,2,4,3,5
1,2,1,1,1,1,1,1,1,1,1,1,1,1,1,1,1,1,1,1,1,1,1,1,1,1,1,1,1,1,1,1,1,1,3,1,1,1,1,1,1,1,2,1,1,1,1,1,1,1,1,1,1,1,1,1,1,1,1,1,1,1,1,1,1,1,1,1,1,1,1,1,1,1,1,1,1,1,1,1,1,1,1,1,1,1,1,1,1,1,1,1,1,1,1,1,1,1,1,1,1,1,1,1,1,1,1,1,1,3,1,1,1,1,1,1,1,1,1,1,1,1,1,1,1,1,1,1,1,1,1,1,1,1,1,1,1,1,1,1,1,1,1,1,1,1,1,1,1,1,1,1,1,1,1,1,1,4,1,1,2,1,1,1,1,1,1,1,1,1,1,1,1,1,1,1,1,1,1,1,2,1,1,2,1,1,2,1,1,1,1,1,1,1,1,1,1,1,1,1,1,1,1,1,1,1,1,1,1,1,1,1,1,1,1,2,1,1,1,1,1,1,1,1,1,1,1,1,1,1,1,1,1,1,1,1,1,1,1,1,1,1,1,1,1,1,1,1,1,1,1,1,1,1,1,1,1,1,1,1,1,1,1,1,1,1,1,1,1,1,1,1,1,1,1,1,1,1,1,1,1,1,1,1,1,1,1,1,3,1,1,1,1,1,1,1,1,2
1,3,1,1,1,1,1,1,1,2,1,1,1,1,2,1,1,2,1,1,1,1,1,1,2,1,1,1,1,1,1,1,1,1,2,1,1,1,1,1,1,1,1,1,1,1,1,1,1,1,1,1,3,1,1,2,1,1,1,2,1,1,1,2,1,1,1,2,1,1,1,1,1,1,2,1,1,1,1,1,3,1,1,1,3,1,1,1,1,1,1,1,1,1,1,1,1,1,1,1,1,1,1,1,1,2,1,1,1,4,4,1,1,1,1,1,3,1,1,1,2,1,1,1,1,2,1,1,3,1,1,1,1,1,1,1,1,1,1,1,1,2,2,3,1,1,3,1,2,1,1,1,3,1,1,1,1,1,1,1,1,1,2,1,2,1,1,1,1,1,1,1,1,NA,1,2,1,1,1,1,1,1,1,1,1,1,4,1,1,1,1,1,1,3,2,1,1,1,2,1,2,1,1,1,1,1,1,1,1,1,3,1,1,1,2,2,1,1,1,1,1,1,1,1,2,1,2,1,1,1,1,1,1,1,1,1,1,2,2,1,1,1,1,2,1,4,1,1,2,1,1,1,1,1,1,1,2,1,2,1,2,1,1,2,1,1,1,1,1,1,1,1,1,1,1,1,1,1,1,1,1,1,2,1,1,1,1,1,1,1,1,1,1,1,1,2,4,5
