"disclosure","akin","hazardous","intermarriage","detention","seize","coaster","trout","brainwashing","coloring","deter","senseless","daring","scratched","checklist","hotter","caress","transcripts","unnecessarily","amber","shoreline","waved","correlations","tenure","monkeys","dolls","mesh","interchange","rode","manifestation","nuclei","curiously","gases","pleasurable","tents","cryptographic","debts","gaps","nix","lager","university's","deductible","rivals","dent","videotape","segregation","wrestler","sparse","incompetent","brainwash","lighthouse","cerebral","chisel","indistinguishable","curtain","unbalanced","buns","supervisory","scramble","drying","forethought","mastering","hopeless","possessions","moist","barriers","spreads","novices","vocalist","distort","accommodations","prenatal","fret","ministries","geared","fungal","crooked","characterize","fences","wormwood","pits","similarity","patriotic","thanking","rival","dissident","bumper","tangible","nitrate","strawberry","spurious","persecution","bosses","breakthrough","coaches","maximize","immigrant","cyclist","plotting","incompatibility","unsupported","gals","distraction","deterioration","seasonal","loosen","notebooks","denies","abnormal","bravo","advancing","dictates","dangerously","exponential","sunrise","surrendered","villains","suns","sincerity","battleground","evidenced","investigators","duel","convergence","instability","steroids","tigers","jag","sentiments","student's","detrimental","societal","broadly","recommending","raving","robbing","quilt","jest","causal","endings","offshore","refugee","bathing","extremist","enthusiast","spitting","substantive","skirts","vitro","peeled","messenger","glider","forefathers","kidnapping","torpedo","shipments","doubtful","oceanography","predictor","supervised","piazza","attachments","doctor's","biochemistry","careless","ancestry","addicted","twentieth","reminding","scar","refreshing","misinformation","whereby","grim","truths","selectively","behavioral","descend","editor's","endorse","remake","finances","marched","apathy","unjust","locating","unmarried","shakes","surroundings","gradient","imagery","creed","nationalism","myriad","revisions","yeti","bowler","plugging","leach","isle","threatens","havoc","hysterical","squared","bookmark","sirens","runway","darker","urging","hen","decompress","tract","cracker","fins","syrup","fabrication","exert","hating","colleague","inflated","orbits","poke","calibration","flooded","graphically","permitting","collateral","lain","garrison","fabrics","allowance","confederate","momma","canter","analogous","valentine","reliance","illustrates","alloy","justifying","chamberlain","organizer","throats","humanitarian","commence","informs","nemesis","enroll","hypocrisy","gardening","champ"
2,2,3,5,4,3,3,4,2,3,6,5,2,3,4,4,2,5,5,4,5,1,3,3,3,4,2,3,3,4,2,3,3,5,5,4,NA,4,1,1,2,4,4,4,2,3,3,3,2,3,2,4,4,4,4,2,3,3,1,5,4,5,4,1,2,6,5,4,4,4,2,1,4,1,3,2,4,1,3,3,3,5,4,5,3,2,2,1,2,2,1,2,4,3,2,4,3,3,3,3,2,3,2,1,5,4,3,1,1,3,3,5,5,4,2,2,2,5,3,4,2,2,1,4,3,2,3,3,4,2,2,1,5,5,4,4,3,2,2,5,5,5,3,4,4,3,2,1,4,4,3,3,6,4,1,3,2,3,4,3,5,4,NA,1,2,3,3,6,4,2,1,1,2,5,3,2,1,1,2,6,4,2,1,1,5,3,2,6,4,2,2,2,3,3,4,2,4,3,3,3,4,6,4,4,2,5,3,1,2,5,5,6,4,4,4,5,4,4,4,4,4,3,3,4,5,5,3,2,1,5,3,1,4,6,5,5,6,5,6,5,5,3,2,3,3,5,5,5,3,2,5
1,3,5,2,1,3,4,1,1,1,4,2,4,1,3,1,4,2,1,3,2,3,2,1,3,2,4,1,3,2,5,6,1,2,4,6,3,2,1,1,1,4,2,4,3,1,3,5,2,3,4,2,5,1,4,3,1,4,2,4,2,1,1,3,2,1,3,1,1,3,5,3,4,2,3,1,4,3,2,1,4,2,4,5,2,3,1,4,2,5,1,5,3,1,3,2,4,1,1,5,2,4,2,4,1,3,1,1,3,2,4,1,5,6,4,2,4,2,5,2,3,2,2,3,2,4,2,1,1,4,5,2,3,1,4,3,5,2,4,5,1,2,5,2,4,1,2,1,1,1,3,2,4,2,4,1,1,4,2,5,1,1,3,2,4,1,4,2,1,1,3,4,1,3,5,2,3,1,4,1,5,2,4,1,1,1,3,1,4,5,2,4,1,3,2,4,2,1,2,6,3,2,4,2,4,1,3,5,2,3,6,1,1,1,5,2,1,4,2,5,2,4,1,4,2,5,2,3,1,4,2,4,1,1,6,2,4,1,3,2,4,1,3,2,4,3,1,3,5,1,2
1,2,3,2,1,3,1,1,1,1,2,1,2,1,1,1,3,2,2,1,1,1,3,3,1,2,1,2,1,NA,5,1,1,2,3,5,3,1,1,3,3,4,1,1,1,2,2,1,1,1,1,2,4,4,1,3,1,3,1,1,4,1,1,2,1,2,3,3,1,2,3,2,2,4,3,1,NA,3,NA,1,1,2,3,1,1,5,NA,3,NA,1,5,3,2,1,1,2,1,1,1,2,2,1,1,3,1,1,1,3,2,1,1,2,3,4,1,2,2,1,3,1,2,1,3,1,3,1,1,1,2,1,2,4,1,1,2,2,1,1,4,1,1,2,3,2,1,1,1,2,4,1,1,1,3,1,3,1,4,4,1,1,6,3,1,3,2,3,2,4,2,2,1,1,3,1,1,3,2,3,2,1,1,2,1,3,1,2,3,1,2,3,3,1,1,4,2,2,1,2,1,6,2,3,4,2,1,1,1,1,3,1,2,1,1,1,3,1,3,1,3,2,1,1,1,1,1,2,1,1,3,1,1,2,1,1,3,1,1,1,6,2,5,1,2,1,2,1,4,2,5,1,1
1,1,2,2,1,4,1,3,1,1,3,1,2,2,1,1,2,2,4,1,1,1,2,4,1,1,2,1,2,3,3,3,1,2,1,5,5,1,2,4,3,3,1,1,1,2,4,2,2,1,1,4,4,3,2,1,1,3,1,1,1,2,1,2,1,2,1,3,1,2,2,2,3,2,1,1,1,3,1,1,1,2,2,1,1,2,1,3,2,1,6,3,1,1,1,3,2,3,1,2,1,1,3,4,1,1,1,2,2,4,2,1,4,3,1,2,4,1,2,1,2,2,5,2,3,3,2,2,2,3,2,3,1,2,4,1,3,5,5,1,1,4,2,2,3,1,2,1,5,1,1,1,1,1,2,1,4,4,2,2,4,2,2,2,1,3,1,1,1,3,1,2,1,2,1,2,3,4,2,2,1,2,1,4,1,2,1,1,3,4,4,2,2,6,3,3,5,2,4,6,1,5,4,3,1,4,1,1,5,1,1,2,2,1,4,2,3,1,4,2,2,1,3,1,3,2,3,4,2,1,2,3,3,4,5,3,3,1,5,3,4,2,1,2,1,1,4,1,5,1,1
4,1,3,3,3,2,2,2,2,1,1,3,2,3,1,1,1,2,4,1,2,1,3,4,1,1,1,2,1,2,4,NA,1,3,1,5,3,1,1,1,2,3,1,1,2,3,4,2,3,1,1,1,3,5,3,2,1,2,1,1,3,1,1,3,2,1,1,2,1,1,3,1,1,2,2,2,2,3,2,1,1,1,1,1,1,2,1,2,1,1,2,2,1,2,1,1,1,3,1,2,2,1,3,3,2,2,1,1,1,1,2,1,1,1,1,2,2,1,2,1,2,2,2,2,2,3,3,3,1,2,1,2,2,2,1,1,2,1,2,1,1,3,1,1,2,1,1,1,1,1,2,2,2,1,1,1,2,3,2,2,5,3,2,3,1,2,1,1,1,1,1,1,4,2,1,1,2,3,2,2,1,2,1,1,1,1,2,2,2,2,2,1,2,4,3,1,2,1,2,3,5,4,4,5,1,1,1,1,2,1,1,1,1,1,3,3,2,1,5,1,1,1,2,1,3,1,1,1,1,1,1,1,1,1,4,1,1,1,1,2,3,2,2,3,3,1,1,1,3,2,1
2,1,3,5,4,5,2,3,3,3,2,2,1,4,1,1,2,1,2,1,2,4,4,2,1,1,1,2,2,4,2,5,1,6,1,6,3,1,1,1,6,5,3,1,4,4,6,2,1,4,6,4,1,3,4,3,1,5,4,3,6,1,2,5,6,3,3,1,1,1,3,1,1,4,4,1,2,4,1,2,1,1,1,2,2,1,1,4,3,2,5,4,1,6,3,2,1,4,1,1,1,1,3,5,3,2,2,3,1,1,1,2,4,3,2,3,4,1,3,4,1,1,1,3,1,4,2,1,1,2,1,1,3,1,2,1,5,1,6,1,2,4,3,2,2,1,2,1,1,4,3,2,5,1,2,1,5,6,1,3,2,1,2,5,3,3,1,1,4,1,1,3,4,1,2,2,6,4,1,2,3,4,2,1,1,4,2,4,3,2,2,1,4,5,4,1,5,1,5,6,5,1,4,6,1,1,1,1,3,1,2,1,1,1,4,4,1,2,6,3,2,1,4,1,3,1,1,4,3,1,3,2,1,1,4,4,6,5,1,1,3,3,5,5,2,1,1,1,4,2,1
2,2,3,1,3,3,4,3,3,5,3,5,3,5,5,3,4,3,4,3,5,4,3,5,4,3,3,3,3,3,5,1,5,3,3,3,5,3,3,4,3,6,5,5,3,5,5,3,4,4,3,5,4,5,3,5,4,4,3,4,2,4,3,4,5,3,4,4,5,3,5,4,3,5,3,5,4,3,4,4,5,4,4,3,5,3,4,5,3,5,5,3,4,3,5,3,5,3,5,3,3,5,3,3,3,5,3,3,3,3,3,3,3,3,3,3,3,3,3,3,3,3,3,3,3,3,3,3,3,3,4,5,3,3,5,3,5,4,3,3,5,3,3,5,3,3,5,3,5,3,3,5,3,5,5,3,4,3,5,6,5,4,3,5,3,3,5,3,5,3,5,3,3,4,3,3,5,3,3,5,3,3,5,5,3,4,3,4,5,3,5,4,3,3,3,5,5,3,4,3,4,4,4,3,5,3,4,3,3,3,3,3,3,3,3,3,3,3,3,3,3,5,5,3,5,3,3,3,5,3,5,3,3,3,3,5,3,3,3,5,3,3,5,3,5,3,1,3,5,3,3
1,1,2,3,3,4,3,1,2,1,2,1,2,3,3,1,1,1,4,1,2,4,3,5,1,1,1,3,2,3,2,2,1,5,1,5,4,1,1,1,2,2,1,1,2,3,3,2,1,3,5,6,2,4,2,4,1,3,2,3,6,2,1,2,4,5,4,2,1,1,3,2,1,3,2,1,2,3,4,2,1,1,3,3,3,1,1,5,2,1,3,4,2,5,4,1,1,4,2,1,1,1,3,5,4,2,3,3,1,1,4,2,4,4,5,4,4,1,6,3,4,1,1,3,1,5,2,1,1,2,1,5,4,2,2,2,3,1,2,1,2,5,2,1,4,1,2,2,2,4,2,3,5,2,1,1,5,6,1,4,2,2,1,3,2,3,1,3,2,1,1,2,2,1,3,2,1,3,1,1,2,3,2,1,1,2,2,3,1,2,4,1,5,6,2,3,1,1,2,6,1,1,2,3,1,3,1,1,1,1,2,1,1,1,5,3,1,2,6,2,1,2,2,2,3,1,1,4,2,1,2,1,1,1,1,2,3,1,1,3,4,2,3,5,3,1,1,1,2,1,1
2,1,2,2,2,3,2,2,1,1,1,2,1,2,1,2,2,2,3,1,2,2,2,3,2,1,1,2,1,2,3,2,1,2,1,4,4,1,1,1,1,2,1,1,2,2,3,2,1,2,3,2,3,2,2,1,1,2,2,1,2,1,1,3,2,2,2,1,1,1,2,2,1,2,2,1,1,3,2,1,1,1,1,1,1,3,1,3,2,3,2,2,2,3,2,1,2,3,1,1,2,1,1,3,1,2,1,2,1,1,1,2,2,2,1,2,3,1,2,2,2,1,1,2,1,3,1,1,1,1,1,2,1,2,1,2,1,1,2,1,2,2,2,1,2,1,2,1,1,3,2,1,2,2,3,1,4,3,1,2,3,2,1,3,1,2,2,1,1,1,1,2,2,1,1,1,2,2,1,3,1,2,1,1,1,1,2,1,2,1,2,1,2,2,1,1,1,2,1,2,1,1,1,2,1,2,1,1,2,1,3,1,1,1,3,1,1,1,3,1,1,1,1,2,3,2,2,2,2,1,1,1,1,1,2,1,1,2,2,1,2,1,2,1,2,1,1,2,3,1,1
3,1,NA,4,NA,NA,NA,NA,NA,NA,NA,NA,NA,NA,NA,NA,NA,NA,NA,NA,NA,NA,NA,NA,NA,NA,NA,NA,1,NA,NA,NA,NA,NA,NA,NA,5,1,1,NA,NA,NA,NA,NA,NA,NA,NA,NA,NA,NA,NA,NA,NA,NA,NA,NA,NA,NA,NA,NA,NA,NA,NA,NA,NA,NA,NA,NA,NA,NA,NA,NA,NA,NA,NA,NA,NA,NA,NA,NA,NA,NA,NA,NA,NA,NA,NA,NA,NA,NA,NA,NA,NA,NA,NA,NA,NA,NA,NA,NA,NA,NA,NA,NA,NA,NA,NA,NA,NA,NA,NA,NA,NA,NA,NA,NA,NA,NA,NA,NA,NA,NA,NA,NA,NA,NA,NA,NA,NA,NA,NA,NA,NA,NA,NA,NA,NA,NA,NA,NA,NA,NA,NA,NA,NA,NA,NA,NA,NA,NA,NA,NA,NA,NA,NA,NA,NA,NA,NA,NA,NA,NA,NA,NA,NA,NA,NA,NA,NA,NA,NA,NA,NA,NA,NA,NA,NA,NA,NA,NA,NA,NA,NA,NA,NA,NA,NA,NA,NA,NA,NA,NA,NA,NA,NA,NA,NA,NA,NA,NA,NA,NA,NA,NA,NA,NA,NA,NA,NA,NA,NA,NA,NA,NA,NA,NA,NA,NA,NA,NA,NA,NA,NA,NA,NA,NA,NA,NA,NA,NA,NA,NA,NA,NA,NA,NA,NA,NA,NA,NA,NA,NA,NA,NA,NA,NA,NA,2,NA,NA,NA
4,3,3,2,3,4,2,2,1,1,3,2,3,2,1,2,4,3,3,2,1,2,3,4,4,2,2,3,3,2,4,3,2,2,2,4,2,1,2,3,4,4,3,3,2,3,4,3,2,3,2,3,4,5,2,2,1,3,2,1,2,3,2,5,3,2,3,2,2,4,5,3,2,3,3,2,3,2,2,3,1,2,3,2,2,4,2,3,5,2,6,5,3,2,2,2,3,3,2,3,2,2,3,4,2,3,1,4,2,2,2,4,2,3,2,3,3,1,3,2,2,2,4,3,3,4,2,2,2,4,3,2,1,2,3,2,4,5,1,1,1,2,1,2,3,2,3,1,4,2,3,2,3,2,1,1,2,3,2,3,5,2,4,4,1,2,2,2,1,3,2,3,4,2,2,1,1,1,4,3,2,2,3,2,1,1,1,2,3,2,2,4,3,5,2,4,4,3,2,4,3,5,4,4,2,3,2,1,3,1,2,2,1,2,3,3,4,2,5,3,2,4,3,2,3,3,2,4,3,2,2,3,1,4,4,3,2,3,5,3,2,2,3,4,2,2,5,3,3,2,2
2,1,4,4,3,4,3,3,2,2,1,3,2,3,1,1,2,3,3,1,2,3,3,4,1,1,1,2,1,3,5,3,2,3,1,4,5,1,3,1,2,2,3,1,3,3,3,2,1,2,2,1,1,2,2,3,1,2,1,2,3,2,4,2,5,4,2,2,1,1,2,1,1,2,4,3,2,3,2,2,1,3,2,3,2,3,1,2,3,1,3,3,1,2,3,1,2,4,2,1,2,1,2,3,3,2,2,3,2,1,1,3,3,3,2,2,3,1,2,2,2,1,5,2,1,4,2,1,1,2,2,3,3,2,1,1,1,1,4,1,2,2,3,2,3,1,2,1,1,2,2,1,4,2,1,2,4,3,1,2,4,3,2,3,1,NA,2,5,3,1,1,2,3,1,1,2,3,3,2,1,1,1,1,1,1,2,3,2,3,2,1,1,3,3,2,1,2,2,3,6,2,2,3,3,1,1,1,1,1,1,1,1,1,1,3,2,1,1,3,1,1,1,2,1,3,2,2,4,3,1,2,1,1,2,3,2,3,3,2,3,3,1,2,2,2,1,1,1,4,1,1
4,1,5,4,4,4,5,3,2,1,3,1,1,2,1,1,2,3,2,1,1,1,3,3,1,1,1,2,1,3,1,2,1,2,1,4,1,1,1,1,2,3,1,1,3,5,4,2,1,1,1,3,4,5,2,1,1,4,1,2,2,1,1,4,4,4,4,3,1,1,5,4,1,3,2,1,1,4,1,1,1,3,3,1,1,2,1,3,1,1,3,3,1,3,3,1,2,3,1,3,1,1,4,2,1,1,1,1,2,1,2,1,3,3,1,3,3,1,3,1,4,4,3,3,1,3,1,1,1,2,4,4,4,1,1,1,1,1,3,1,1,3,2,4,5,1,3,1,1,3,2,1,1,1,1,1,4,5,5,3,4,2,1,6,3,3,1,5,3,1,1,2,1,1,1,4,5,5,4,1,1,1,3,4,1,1,2,1,1,1,4,2,5,5,3,1,1,1,4,6,3,3,3,4,3,2,1,1,3,1,4,1,1,1,4,2,1,1,5,2,1,1,2,1,6,3,3,4,1,2,2,1,1,2,5,2,1,5,1,3,5,1,3,1,1,1,4,2,5,2,1
1,1,1,2,1,1,1,1,2,1,1,1,1,2,2,1,1,1,1,1,1,1,1,1,2,1,1,2,1,1,1,1,1,1,1,2,1,1,1,2,1,1,1,1,1,1,1,1,1,1,1,2,2,2,1,2,1,1,1,1,3,1,1,1,2,1,1,2,1,1,1,2,1,1,1,1,1,2,2,1,1,1,1,1,1,1,1,2,1,1,1,1,1,2,2,1,1,4,1,1,1,1,1,1,1,1,1,1,1,1,1,1,2,1,1,1,1,1,2,1,1,2,1,2,1,1,1,1,1,1,1,2,1,1,1,1,2,1,3,1,1,1,2,1,1,1,1,1,1,1,1,1,2,1,2,2,1,3,1,1,1,3,1,1,1,2,1,2,1,1,2,1,1,1,2,1,1,2,1,1,1,1,2,1,1,1,1,2,1,1,2,1,1,2,2,2,1,1,3,3,1,1,1,1,1,1,1,1,2,1,1,1,1,1,2,1,1,1,2,1,1,1,1,1,3,1,1,1,2,1,1,1,1,1,2,1,1,1,1,1,2,1,2,1,1,1,1,1,2,1,2
2,2,3,2,3,4,2,3,1,1,2,2,2,2,1,1,2,2,4,1,2,1,3,2,1,1,1,2,1,3,4,2,2,3,1,5,5,1,1,2,2,4,2,1,2,2,4,2,1,1,1,5,4,3,2,2,1,3,1,3,4,1,1,5,4,3,2,4,2,2,3,5,1,3,1,3,5,4,2,1,1,3,2,1,1,3,1,4,3,1,3,4,1,2,2,3,1,4,2,3,2,1,4,4,2,2,1,4,1,1,2,3,4,4,1,2,3,1,4,3,2,2,3,2,2,3,3,1,3,1,4,3,2,1,1,1,3,1,4,1,1,4,3,3,5,1,2,1,1,1,3,1,2,1,3,1,6,5,3,2,4,3,2,2,1,4,2,4,1,1,1,2,2,1,2,2,3,3,1,1,1,2,2,3,1,1,2,1,3,2,1,2,2,4,4,2,2,1,2,6,1,4,3,4,1,1,1,1,2,1,1,2,1,1,4,2,1,1,5,2,1,1,4,2,4,2,2,1,2,1,2,1,1,1,6,2,3,4,4,3,3,2,3,2,2,1,5,1,5,1,1
1,1,3,2,1,6,4,3,4,1,2,2,2,5,1,1,1,1,6,1,3,2,3,1,1,1,1,1,2,3,1,3,1,6,1,3,4,1,1,1,1,1,1,1,2,3,4,1,1,1,6,6,2,1,1,2,1,1,1,1,6,1,3,3,2,2,2,3,1,1,4,3,1,1,3,1,1,3,2,1,1,1,1,1,1,2,1,3,1,1,6,3,1,3,3,1,2,4,1,4,3,1,3,6,2,1,1,1,1,2,3,2,3,1,1,4,3,1,3,1,3,2,4,4,2,5,1,1,1,1,1,4,4,1,2,1,4,1,2,1,1,1,4,3,4,1,1,3,2,2,1,1,1,1,3,1,6,5,1,1,1,4,1,4,2,4,1,1,1,1,1,1,6,1,2,3,4,4,3,1,2,2,1,1,1,3,1,1,3,1,1,1,3,6,3,1,1,1,3,6,3,1,1,2,1,1,1,1,2,1,1,1,1,1,1,1,1,1,3,1,1,1,1,3,1,1,4,1,2,1,1,1,1,1,6,1,2,3,1,1,3,2,3,1,1,1,3,1,2,1,1
2,1,2,2,1,3,2,2,1,1,1,1,1,2,1,1,1,2,3,1,2,1,3,2,2,1,1,1,1,2,3,2,1,2,1,4,5,1,1,1,2,2,1,1,1,3,1,2,2,1,2,1,1,3,1,1,1,2,1,1,2,1,1,2,3,1,1,2,2,1,3,2,1,2,1,1,1,2,1,1,1,3,3,2,1,4,1,2,1,1,3,3,1,2,2,1,1,2,1,2,2,1,2,2,1,1,1,1,1,1,1,2,2,2,1,1,1,1,2,2,2,3,2,1,1,2,1,1,2,2,3,2,1,1,1,1,3,2,4,2,1,1,1,2,2,1,2,1,4,1,1,1,1,1,1,1,2,2,1,1,5,3,1,1,1,1,1,2,1,1,1,2,3,1,1,2,2,1,1,2,1,1,1,1,1,1,2,1,2,1,2,1,2,3,2,1,1,1,1,3,2,1,2,2,1,1,1,1,1,1,2,1,1,1,2,2,1,1,3,2,1,1,2,1,1,1,2,4,1,1,1,2,1,1,5,1,2,1,4,1,2,1,3,2,1,1,1,1,4,1,1
2,2,2,3,1,5,2,2,1,1,5,2,1,3,1,1,3,1,2,1,2,1,4,5,4,2,1,4,1,1,6,6,5,6,1,5,6,1,1,5,3,3,2,1,3,2,5,2,4,1,6,5,4,5,4,3,1,5,3,4,6,2,2,4,6,4,5,5,2,1,3,2,1,5,5,2,4,6,3,5,1,2,3,3,4,3,1,5,4,4,6,4,1,5,4,3,3,5,1,3,2,1,2,4,3,5,2,5,2,5,3,3,6,5,3,5,6,1,5,4,2,5,5,4,2,6,4,1,2,3,5,6,5,5,5,1,3,1,3,1,1,4,5,4,4,2,6,5,5,3,2,4,5,1,4,2,6,5,3,3,5,5,2,5,3,4,4,5,4,1,3,3,6,1,5,4,6,6,3,2,2,4,3,3,1,2,3,2,5,4,4,1,6,6,5,5,6,2,2,6,5,5,5,6,2,5,1,1,4,1,3,4,2,1,5,6,4,3,6,3,3,1,3,6,6,3,3,3,4,2,3,5,2,2,6,3,5,4,4,3,5,4,2,6,3,2,3,2,6,5,2
3,1,3,2,4,2,2,4,1,2,5,3,2,3,3,2,5,4,5,2,4,3,3,2,3,1,1,4,5,1,2,4,1,4,1,6,5,1,2,5,1,6,4,1,2,3,2,NA,3,2,4,3,2,5,3,2,1,3,1,2,3,3,4,2,4,4,2,3,2,2,4,4,1,3,4,2,2,4,3,1,1,4,5,2,1,3,4,2,4,1,2,4,1,3,2,4,3,5,2,5,3,1,5,4,4,1,2,5,1,2,2,2,4,3,2,3,3,1,2,4,2,3,3,2,3,2,1,1,2,2,4,5,3,3,2,2,2,1,5,2,3,3,2,4,4,2,3,1,1,2,3,2,NA,4,3,3,5,6,NA,4,6,5,5,6,2,3,4,5,3,1,4,5,4,1,2,4,5,5,2,4,4,5,3,1,3,2,3,3,2,4,3,2,5,6,4,1,4,2,4,2,3,1,5,5,2,3,4,3,4,1,3,1,3,1,5,5,1,3,6,4,3,4,4,3,5,2,4,1,5,2,4,1,1,4,5,5,3,4,5,2,4,2,3,5,5,2,5,4,4,2,1
1,2,2,4,3,2,3,4,1,1,2,1,2,1,1,1,3,1,1,1,1,2,3,2,1,2,1,1,1,2,2,3,1,3,1,2,4,1,1,6,5,4,1,1,1,3,2,1,2,3,3,2,1,3,3,2,1,1,1,2,3,1,1,3,3,2,3,2,2,1,3,1,1,3,3,1,1,1,1,1,1,1,2,1,1,1,1,1,1,1,3,1,1,5,4,1,1,3,1,2,1,1,3,4,3,1,1,3,1,1,2,1,3,2,1,2,3,1,1,2,1,1,2,1,2,3,1,1,1,5,2,1,3,1,1,1,3,1,3,1,1,2,1,1,2,1,3,1,1,1,2,1,2,1,1,1,4,3,1,1,6,2,5,3,1,2,1,3,1,1,1,3,4,1,2,2,3,4,5,2,1,1,2,2,1,2,3,1,3,2,1,1,3,3,3,1,1,2,3,6,3,1,3,4,1,1,1,1,2,1,3,1,1,1,3,4,2,2,3,1,1,1,3,1,4,3,1,4,2,1,1,2,1,1,3,2,1,1,1,2,2,1,2,3,2,1,1,1,3,1,1
2,2,2,3,1,3,1,1,2,1,2,1,3,2,1,2,4,2,6,1,2,2,3,3,2,1,3,3,2,2,4,5,2,5,3,4,4,1,2,2,1,3,2,1,3,2,4,2,1,2,5,2,2,4,3,2,1,2,2,1,4,1,2,2,2,3,4,4,3,2,2,3,1,2,3,1,2,5,2,2,1,3,2,1,1,2,1,3,2,1,3,2,2,5,4,2,2,3,2,3,2,2,4,6,2,3,2,5,3,2,3,4,6,5,3,3,4,1,3,3,5,4,3,4,2,4,3,1,2,2,3,2,3,2,1,2,2,3,5,1,2,3,4,6,6,1,2,2,3,2,3,2,5,2,1,3,5,6,2,3,4,5,2,3,2,1,1,3,2,1,2,3,5,1,2,3,3,3,1,2,2,4,2,2,2,2,3,3,4,3,3,1,4,3,3,1,2,1,3,6,5,3,2,2,1,2,1,1,2,1,1,2,3,1,2,3,1,2,5,3,1,2,3,2,5,2,2,4,2,1,1,2,1,1,3,3,2,3,2,2,4,1,3,4,5,2,3,1,4,2,1
2,1,2,3,3,4,3,2,1,1,2,2,1,1,1,2,2,1,1,1,1,1,2,2,1,1,1,2,2,3,3,2,1,2,1,2,2,1,1,3,1,2,1,1,2,2,3,2,2,2,4,2,3,4,3,3,1,3,2,2,4,1,2,4,3,3,3,4,1,1,3,2,1,2,4,1,1,3,2,1,1,1,3,1,1,1,1,2,1,2,5,3,2,5,4,1,1,1,1,1,1,1,3,3,3,3,2,3,1,2,1,3,3,3,3,4,3,2,2,1,2,1,2,1,1,3,2,1,1,1,2,3,3,1,2,1,4,1,3,1,2,3,1,2,4,2,2,1,2,3,3,1,2,2,2,1,5,6,1,3,1,1,1,3,5,2,2,1,2,1,2,3,4,1,1,2,3,3,2,2,1,2,2,1,1,2,4,2,3,1,2,1,4,3,4,1,3,3,3,6,4,3,1,3,1,1,1,1,2,1,1,2,1,1,2,3,1,1,5,2,1,2,3,3,6,2,1,3,3,1,1,2,1,1,3,2,1,1,1,1,4,2,4,1,1,1,3,1,6,3,3
6,6,6,4,6,6,1,4,1,1,2,1,3,2,1,1,2,1,6,3,6,5,6,3,1,1,1,3,1,1,6,3,2,4,1,1,1,1,1,1,1,2,4,1,3,3,1,1,1,2,6,5,2,4,4,3,1,4,2,1,6,3,4,4,2,2,4,5,5,1,4,5,1,3,5,3,1,3,3,4,1,2,2,3,4,6,1,4,3,1,5,3,1,6,2,2,5,5,1,1,1,3,1,6,4,1,2,1,1,1,2,4,4,1,4,2,5,2,1,4,2,1,1,4,1,1,3,1,1,1,1,2,2,1,4,1,1,1,1,1,2,3,3,1,1,1,1,4,1,2,3,5,2,1,1,1,5,3,1,4,1,1,1,3,4,2,1,1,3,1,1,2,6,1,2,1,3,2,1,3,3,1,2,1,1,2,2,3,3,2,1,1,3,1,2,1,2,1,3,5,3,1,1,4,1,4,3,1,2,1,1,1,1,1,1,3,1,4,6,3,1,4,3,4,1,1,1,3,3,1,3,2,1,1,4,3,3,2,1,2,3,4,5,1,1,1,1,1,1,1,1
2,2,2,2,2,1,1,1,1,1,2,2,1,1,1,1,1,1,2,1,2,1,2,2,1,1,2,2,1,2,2,1,1,2,1,3,1,1,4,3,2,2,1,1,1,3,2,3,3,1,1,3,3,4,1,1,1,3,1,1,2,1,1,2,1,1,1,1,1,1,2,2,2,2,1,1,1,2,1,3,1,2,2,1,1,3,1,2,2,1,2,2,1,1,1,1,1,3,1,4,2,1,1,2,1,1,1,1,1,1,1,1,1,2,1,1,1,1,3,1,2,2,2,3,2,2,1,1,2,1,2,2,1,1,2,1,2,2,1,1,1,2,1,2,2,1,2,1,2,1,1,1,2,1,2,1,1,3,1,1,3,1,1,2,1,1,1,2,1,1,1,1,1,1,1,2,2,1,1,1,1,1,1,2,1,NA,1,1,1,2,2,1,2,3,2,2,1,1,1,1,1,2,2,1,1,1,1,1,1,1,NA,1,1,1,1,2,1,1,2,2,1,1,2,1,2,1,2,2,2,1,1,2,1,2,3,2,2,2,2,1,2,1,1,3,3,1,3,1,3,1,1
2,3,2,3,2,4,2,4,2,2,4,2,2,2,3,3,2,3,3,2,3,3,3,5,2,1,1,2,1,2,4,2,1,3,2,5,3,1,3,3,2,3,3,4,3,3,3,2,3,4,3,4,5,6,3,2,2,3,2,3,3,3,2,2,2,3,2,4,3,2,3,2,3,3,3,2,3,3,2,3,3,2,2,2,3,3,2,3,3,2,2,3,3,2,3,1,4,3,2,2,2,1,3,2,2,3,2,3,3,2,1,2,3,2,3,3,4,4,2,2,3,4,3,3,3,4,2,4,3,3,3,2,2,3,3,3,3,3,2,2,3,3,4,2,3,3,2,3,3,3,3,2,3,2,4,3,2,3,3,4,5,3,2,2,4,4,3,5,4,2,3,2,4,1,3,3,3,4,3,3,2,3,3,4,2,3,2,3,3,2,4,3,2,3,4,3,2,3,2,4,3,2,3,2,5,3,3,2,3,3,2,4,3,2,2,3,3,2,2,4,3,2,2,3,4,3,4,3,4,3,2,2,4,4,3,2,4,3,4,4,2,2,4,3,3,3,2,3,3,2,2
1,1,3,1,1,3,1,3,1,1,1,1,1,3,3,1,1,1,1,1,3,1,1,6,1,1,1,1,3,1,5,3,1,4,1,3,1,1,1,1,1,1,1,1,2,1,1,2,1,1,1,1,3,2,1,1,1,1,1,1,4,1,2,1,1,1,1,1,1,1,1,1,1,1,3,1,1,1,1,1,1,1,1,NA,1,1,1,1,1,1,1,1,1,1,1,1,1,1,1,1,1,1,1,3,2,1,2,1,1,1,NA,1,3,1,1,1,3,1,3,1,1,1,1,1,1,3,1,1,1,1,1,1,1,1,1,1,1,1,3,1,1,1,1,1,1,1,1,1,1,1,1,1,1,1,1,1,1,1,1,1,1,1,1,1,3,2,1,1,1,1,1,1,4,1,1,1,1,1,1,2,1,1,1,1,1,1,1,1,1,1,1,1,1,1,1,1,1,1,2,6,1,1,1,1,1,1,1,1,1,1,1,1,1,1,1,1,1,1,4,1,1,1,1,1,4,1,1,1,1,1,1,1,1,1,4,1,1,1,1,1,1,1,1,1,1,1,1,1,1,1,1
4,2,4,3,4,4,2,2,4,1,1,3,1,3,1,1,2,5,1,2,4,3,6,3,1,1,3,2,1,5,4,1,1,3,1,5,4,4,2,3,2,1,2,3,2,5,3,1,4,2,6,2,3,5,2,3,2,4,1,1,2,1,2,3,4,1,1,4,2,1,5,3,1,1,3,1,3,5,2,1,2,4,2,4,1,2,1,5,2,2,4,5,2,1,5,4,3,6,3,2,3,1,5,4,2,1,4,3,2,3,4,2,3,2,1,1,3,1,6,2,5,6,2,5,4,4,3,1,4,1,6,6,2,3,4,2,4,2,4,1,1,1,2,1,3,NA,2,1,2,1,3,1,1,1,3,1,1,3,1,1,4,5,1,6,1,3,1,4,2,1,4,3,5,1,1,3,5,6,5,3,4,4,3,2,3,2,2,2,1,3,2,3,5,2,3,1,1,1,1,6,3,4,2,3,2,3,4,1,3,1,3,2,3,1,4,6,2,1,6,2,1,2,6,1,4,2,2,1,3,1,1,3,1,1,4,2,3,1,1,3,4,1,1,2,4,1,1,1,5,1,4
3,1,3,4,3,3,2,1,2,1,2,2,1,3,2,1,2,2,4,2,1,1,2,3,2,1,1,1,1,3,5,4,2,2,2,5,2,1,1,1,3,3,1,1,3,2,4,2,5,3,4,2,3,6,3,3,1,3,3,2,4,4,2,4,2,3,2,5,2,2,3,3,1,3,2,3,2,4,1,2,1,3,3,2,2,4,2,3,2,4,4,4,2,3,2,3,2,3,2,4,2,1,2,5,3,2,2,2,2,2,4,3,4,5,2,2,4,1,3,4,4,5,1,4,3,4,2,1,2,2,4,3,2,4,1,2,3,1,2,1,2,3,4,3,5,3,3,2,1,2,3,2,4,4,3,3,2,4,2,3,2,3,1,5,2,2,3,2,4,1,3,3,2,1,2,3,5,4,1,2,1,2,2,3,1,2,4,2,3,2,1,1,3,4,2,1,2,3,2,5,3,2,4,3,2,2,2,1,2,1,3,1,1,1,2,3,2,1,3,2,2,1,3,2,3,2,3,2,4,2,4,2,2,1,5,3,2,3,2,4,3,2,2,4,3,2,3,1,3,3,2
2,4,4,2,1,2,1,2,1,2,3,3,2,2,1,1,2,1,4,2,1,2,3,3,1,1,1,2,2,3,4,3,2,2,2,6,3,2,5,2,1,2,2,2,1,4,3,4,2,1,2,6,1,4,1,3,1,5,1,2,3,1,3,4,1,2,1,3,2,2,5,5,6,NA,2,2,1,5,1,2,1,3,3,2,3,2,1,2,3,1,5,4,1,2,2,1,2,4,1,4,2,2,NA,5,2,1,1,2,3,1,2,3,4,4,1,4,1,1,2,1,4,1,1,3,2,1,1,1,1,2,5,5,3,3,4,1,2,1,2,1,1,2,3,1,3,1,5,1,3,2,2,4,3,1,1,2,3,3,1,1,4,1,2,1,1,2,4,2,1,1,1,2,3,1,2,6,3,1,3,1,1,2,1,5,1,1,2,1,1,4,5,1,2,5,2,4,1,1,5,6,1,4,2,2,2,1,1,1,2,1,1,1,1,1,1,2,1,1,3,1,1,1,4,1,3,2,3,2,3,1,1,1,6,3,4,3,1,2,4,1,2,1,4,3,2,1,3,1,4,2,4
