"revere","minister's","scrotum","imitate","nesting","ceilings","lode","siren","cornered","detriment","summarizing","soundly","dispatched","contemplate","solidly","toothbrush","nosy","demolished","cloves","complexities","priestess","swimsuit","geologists","underscore","slits","remedial","calming","choral","snob","trickery","widows","vowed","infested","paving","milt","nymph","arisen","anthropologist","patriarch","misnomer","spunk","pivotal","slashing","sonatas","craps","decrees","radiate","contours","aspen","depressive","coincides","anchored","ointment","subtitle","unanimous","jock","derivation","prepay","discontinue","existential","shire","sire","stroll","affluent","freshwater","unveiled","coda","flips","abridged","gravy","nutty","dissatisfaction","thinly","withering","mustn't","neurological","animosity","toughest","cherish","tenants","uttered","rivalry","wards","woof","fugue","oddball","masculinity","untied","passions","stead","trump","denials","foolproof","trustee","gulp","atrocity","uncertainties","plaque","tantrum","mouthpiece","dipped","publicize","flung","tonal","admiring","attendants","sustaining","leans","troubling","skunk","celery","charting","unfavorable","amoeba","futuristic","escalation","pigeon","freewheel","jails","bloodlust","socialization","inspections","bongo","trashcan","beagle","penned","zoology","glancing","rapport","perplexed","soothing","polynomial","grievances","guardianship","regenerates","unconsciously","mandolin","vocation","apologist","tuberculosis","gush","coatings","chemotherapy","vests","spinach","broth","crumbling","sobbing","trimester","checkout","distracting","predatory","chopper","downing","straws","visibly","longing","revamped","slowness","keystone","wattage","wrecked","loophole","ere","classy","rebut","patrols","veracity","bishops","lint","clientele","caribou","electorate","defiance","mixtures","murderous","retort","wisps","halting","inscriptions","pulsating","clamped","aviator","pancreas","lion's","vendetta","laden","seminal","whereupon","blunder","environmentalist","revolutionaries","trampled","grotesque","substitutions","pines","joyous","molds","petrol","tumbling","disproportionately","flares","oblige","weeping","salmonella","fracture","wavelengths","nudes","calibrate","pleases","priesthood","expendable","punishments","depository","glee","monarch","looting","ruckus","dissolution","propelled","proclaiming","sacks","sauna","temptations","squats","lattice","chloride","implicated","clandestine","foreman","unfriendly","clinically","isolating","skydive","chateau","moods","sweatshirt","politic","issuance","fostering","cuttings","antibiotic","fingerprints","newsroom","mashed","pliers","plated","deploying","stupendous","voyages","advises"
6,3,3,2,1,2,1,2,1,1,2,3,1,1,1,1,1,1,1,2,3,3,2,1,1,2,2,3,1,1,2,2,1,2,1,4,4,1,3,3,1,2,1,3,1,2,3,4,1,2,2,2,2,5,3,1,2,1,2,2,3,3,2,2,1,2,2,1,1,2,1,1,1,1,4,3,2,5,1,1,1,2,1,1,4,1,2,1,1,3,1,3,1,2,1,1,2,4,1,3,1,2,1,1,1,1,2,2,3,1,1,1,2,6,3,3,3,1,1,1,2,2,1,1,2,1,1,1,1,2,1,4,3,3,2,2,3,3,1,3,1,2,3,1,2,1,1,1,2,1,1,2,1,1,1,1,1,2,2,2,3,2,2,3,1,1,2,3,1,1,3,3,3,3,2,2,1,1,2,2,3,1,2,2,3,2,3,2,4,3,3,4,2,3,2,2,3,1,2,1,3,2,4,1,2,3,2,2,1,2,2,2,2,2,1,2,1,1,2,2,3,1,4,3,2,3,3,2,4,3,5,2,3,3,6,1,2,1,5,1,1,3,1,1,1,3,3,3,4,5,3
3,2,1,2,1,4,1,2,1,3,4,1,2,2,3,1,2,3,2,4,5,2,4,1,2,3,1,4,1,2,1,3,2,4,1,5,4,6,6,5,2,4,2,3,1,4,3,4,2,3,4,5,4,2,4,1,3,1,3,4,2,1,3,4,1,2,1,2,4,2,1,4,3,3,2,4,5,3,2,2,3,4,3,2,5,1,4,3,5,3,1,4,2,3,1,4,5,6,4,1,1,4,2,2,4,3,4,2,3,2,4,2,4,6,5,4,5,2,2,1,4,2,1,1,3,2,3,2,3,4,2,5,6,5,4,5,2,2,4,5,1,2,4,1,3,1,3,2,2,1,3,2,1,2,1,3,1,2,1,1,4,2,1,4,2,3,1,4,3,1,5,3,2,4,3,5,2,2,1,3,2,1,3,4,1,2,2,3,5,2,3,3,1,5,2,1,3,1,2,1,4,1,6,2,5,3,3,1,3,2,4,1,3,2,1,2,1,2,4,2,3,1,3,2,1,4,5,3,3,2,1,4,2,1,4,1,2,2,4,2,1,2,2,1,2,4,2,3,4,5,2
4,3,5,5,3,4,5,4,4,6,4,3,5,5,6,3,4,3,3,5,6,2,4,3,3,4,2,5,2,2,3,3,4,3,6,6,6,4,5,6,3,4,3,5,3,3,4,3,3,4,3,3,4,1,5,2,2,1,2,1,3,6,2,4,2,3,2,2,2,1,1,3,1,4,6,4,5,2,2,2,3,2,NA,2,4,2,3,2,2,2,2,3,2,2,2,1,4,5,4,3,2,NA,2,1,1,3,3,4,3,2,2,3,4,6,6,2,2,1,1,1,3,1,3,2,3,2,2,2,5,2,3,2,3,2,5,6,6,5,6,6,2,2,3,2,2,3,3,2,3,1,1,2,1,1,1,1,1,1,1,1,2,1,1,3,1,1,1,5,2,1,6,6,6,3,2,2,2,3,4,3,4,2,3,2,2,3,2,4,5,1,2,5,5,6,3,1,6,1,1,2,4,1,4,2,2,2,4,2,6,5,4,5,2,6,1,4,2,3,2,2,3,3,2,3,3,5,5,5,6,3,2,2,3,2,6,1,1,1,5,2,2,4,2,2,2,6,2,3,3,6,4
4,3,2,3,1,4,3,2,3,1,4,4,3,3,2,3,3,4,3,4,4,3,6,2,1,2,3,3,1,2,3,3,1,2,1,6,3,5,5,4,1,2,3,2,1,3,4,4,1,3,4,4,3,4,4,1,3,3,3,2,3,2,1,2,4,3,1,1,5,1,1,3,3,4,1,4,1,6,3,1,3,3,2,2,6,2,3,4,3,3,1,3,3,3,1,3,5,6,1,6,3,5,1,2,4,3,3,3,4,1,3,4,4,6,5,4,3,4,3,2,6,2,2,2,3,2,4,3,2,2,3,4,6,4,5,6,1,3,3,3,2,3,4,1,4,2,1,1,3,4,2,2,3,3,3,2,2,3,2,4,4,4,4,3,1,2,2,3,4,1,2,4,3,3,3,4,2,1,2,3,3,2,4,3,2,1,2,1,4,3,3,5,3,6,4,3,3,1,1,2,4,3,5,3,2,4,4,3,4,4,5,3,4,2,2,3,2,1,2,3,3,1,3,4,3,4,5,3,3,2,4,3,4,4,6,3,6,1,4,3,2,3,3,4,4,3,3,3,4,5,4
1,1,1,1,1,3,1,1,1,2,2,3,2,1,1,2,1,1,1,2,3,2,2,1,1,4,2,2,1,1,1,1,1,1,1,4,3,2,5,2,1,2,1,3,1,1,3,2,1,1,2,2,2,2,5,1,2,1,2,4,1,1,2,1,1,2,1,1,3,2,1,1,1,1,4,4,3,3,2,1,1,1,1,1,3,1,2,1,2,2,1,2,1,1,1,2,3,3,1,3,1,2,1,1,1,1,2,1,2,1,2,2,1,6,3,2,5,1,1,1,3,2,1,1,2,1,1,2,4,1,1,4,4,5,2,5,1,2,2,2,1,2,3,1,2,1,2,1,1,1,2,1,1,2,1,2,2,1,1,2,3,2,1,1,1,1,1,2,2,1,3,4,2,3,3,2,1,1,1,3,1,1,2,3,2,1,1,1,2,1,2,2,2,5,2,1,2,1,1,1,3,1,2,1,2,2,3,1,2,2,3,1,1,2,1,3,1,1,2,1,2,1,6,1,4,2,3,1,2,1,3,1,2,1,6,1,3,1,4,1,1,3,2,1,1,2,1,2,3,4,1
3,3,4,3,2,1,2,1,1,2,1,1,1,1,2,1,1,1,2,2,3,1,2,1,1,4,2,2,1,1,1,1,1,1,1,3,3,4,4,4,2,2,3,5,2,4,1,2,NA,1,3,2,3,2,4,1,3,2,2,4,3,3,1,2,1,3,2,2,2,1,1,3,3,4,3,2,3,1,1,2,2,3,2,2,3,2,3,2,1,1,1,3,3,4,2,3,4,3,3,2,2,3,2,3,2,2,2,2,2,2,3,2,3,5,2,3,4,1,1,3,3,1,2,2,1,2,3,2,4,3,3,4,5,3,3,3,4,3,4,4,3,2,3,2,1,1,1,1,3,1,1,1,2,3,1,2,3,2,3,2,NA,2,3,3,1,3,2,2,2,1,3,4,3,3,2,2,3,4,3,3,3,3,3,3,2,4,4,3,3,4,3,4,3,5,3,2,3,2,3,3,5,2,3,2,2,3,3,2,3,2,3,3,3,3,2,4,2,3,2,3,3,3,4,3,2,3,3,3,3,3,2,3,2,1,4,1,1,1,3,3,2,2,2,2,2,3,3,2,4,4,4
3,2,1,2,1,3,3,2,3,2,2,2,3,2,3,2,2,2,1,3,3,3,2,2,2,3,1,2,1,3,2,2,1,3,2,4,2,1,3,2,2,3,1,2,1,3,1,3,1,2,4,1,1,2,4,1,1,2,1,3,2,1,1,3,1,2,1,1,3,1,3,1,3,2,3,3,1,4,1,2,3,3,2,3,5,1,2,3,1,2,2,2,2,4,1,3,2,4,3,3,1,3,1,2,2,2,3,2,1,1,2,2,3,6,2,2,4,1,1,2,1,2,1,1,3,1,2,2,2,4,1,3,3,1,2,2,2,3,2,4,1,3,1,1,2,1,3,1,2,2,2,2,1,1,2,1,2,2,2,3,2,2,1,4,1,2,3,2,1,1,4,4,2,2,3,3,2,1,2,1,2,2,3,3,3,2,3,1,2,3,2,2,2,6,4,2,3,1,1,1,3,1,3,2,3,3,1,2,3,2,3,2,2,3,2,4,2,3,3,2,2,1,4,2,3,2,2,1,3,2,1,3,1,2,6,1,3,2,3,1,1,1,1,1,1,2,1,3,2,4,1
3,5,5,4,4,5,3,4,4,4,2,2,3,2,2,2,3,2,3,3,3,2,4,4,3,5,4,2,3,4,3,2,3,2,3,3,4,6,6,6,5,6,4,6,2,4,3,6,4,3,5,6,6,5,6,3,3,3,4,6,3,3,NA,6,5,5,3,3,6,4,1,6,4,6,5,6,5,4,5,4,4,4,4,3,5,6,6,3,4,5,1,3,4,3,2,5,4,5,5,4,3,3,2,2,3,5,5,2,4,1,3,4,5,3,3,2,4,3,2,5,5,5,4,2,2,3,6,4,6,6,5,6,6,6,6,6,6,5,5,6,4,4,6,3,5,4,6,5,6,3,5,4,4,5,4,5,4,4,3,5,5,6,6,5,4,3,4,5,6,4,5,5,6,4,4,5,4,4,NA,3,NA,4,4,5,2,4,2,5,3,4,6,NA,4,5,6,4,5,4,4,5,6,6,4,5,6,4,5,4,3,3,5,5,4,5,3,4,5,4,6,5,5,3,4,5,4,5,5,6,6,5,5,5,4,5,4,3,4,3,3,3,3,6,6,5,5,4,4,6,6,6,4
3,2,4,4,5,5,4,4,4,4,5,6,4,4,5,5,5,4,3,6,6,6,5,5,5,4,4,5,5,5,5,4,3,3,3,3,4,4,4,5,5,5,5,5,5,4,3,3,3,3,5,5,4,4,4,5,5,4,4,4,3,1,1,5,5,3,1,1,6,5,1,6,5,5,4,5,5,1,1,5,4,5,5,1,1,1,5,5,5,1,1,4,4,4,1,4,4,4,5,5,6,5,5,4,3,3,3,3,3,1,3,1,6,6,5,4,4,4,3,3,4,4,1,1,1,2,1,1,2,NA,1,2,3,3,3,2,2,3,3,2,1,1,1,1,2,1,2,2,2,2,2,2,2,3,3,4,3,3,2,2,2,2,2,2,2,3,2,3,4,5,5,5,5,5,5,5,4,5,6,5,5,4,4,4,4,4,5,5,4,4,5,5,5,6,6,1,5,1,2,1,6,1,5,1,4,1,4,1,3,3,3,3,4,4,1,2,1,2,1,2,1,2,1,1,1,1,1,6,1,1,1,1,1,1,2,1,3,3,3,3,3,3,2,1,1,1,1,1,1,1,1
4,1,1,1,NA,5,1,1,1,1,1,1,1,1,2,1,1,1,1,1,5,1,1,1,1,2,1,1,1,1,1,1,1,1,1,3,1,1,4,3,1,1,1,3,1,1,1,4,1,1,5,1,1,1,2,1,3,1,1,1,1,1,1,3,1,3,1,1,1,1,1,1,1,1,4,3,1,3,1,1,2,1,1,1,4,1,1,1,1,5,1,1,1,1,1,2,2,6,1,1,1,2,1,1,1,1,1,2,1,1,3,1,1,5,1,1,4,1,1,1,1,1,1,1,1,2,1,1,6,1,1,1,3,1,1,6,1,1,1,1,1,1,1,1,2,1,1,1,1,1,1,1,1,1,1,1,1,1,1,1,1,1,1,3,1,1,1,3,1,1,6,5,1,1,1,1,1,1,1,1,1,1,1,3,1,1,1,1,1,1,1,4,1,6,1,1,3,1,1,1,1,1,3,1,1,1,1,1,1,1,1,1,1,1,1,2,1,1,1,1,1,1,4,1,1,3,1,1,1,1,1,1,1,1,6,1,1,1,1,1,1,1,1,1,1,1,1,1,1,1,1
3,2,3,2,2,3,4,2,2,4,3,2,2,2,2,2,1,2,1,2,4,2,2,2,2,3,4,4,2,2,2,2,2,2,2,5,4,3,4,5,2,3,1,3,3,4,3,3,4,2,6,3,5,5,5,1,2,2,2,4,3,3,1,4,2,3,3,1,4,1,1,4,4,4,4,3,5,2,3,5,2,5,2,2,4,2,5,3,2,2,2,4,2,2,1,4,3,5,3,3,2,5,1,3,3,3,2,1,3,2,4,3,3,6,4,4,4,2,2,3,4,4,3,3,4,2,3,5,5,4,4,5,4,4,3,5,5,3,4,4,3,3,4,2,5,2,4,2,4,2,3,3,2,2,4,3,2,2,2,2,4,3,2,4,1,3,2,5,3,2,5,5,4,4,3,3,2,3,2,4,3,2,3,4,3,4,2,2,4,2,2,4,3,6,3,1,3,2,1,3,3,2,6,2,6,3,4,3,3,2,3,3,2,3,2,4,2,5,3,3,3,2,5,3,4,4,4,2,3,2,2,3,1,1,6,1,2,3,5,3,2,4,2,2,2,5,3,4,5,4,1
5,1,1,3,2,3,3,1,1,1,3,3,4,3,1,4,1,3,3,4,4,3,2,4,1,3,2,3,1,2,3,3,1,2,1,4,4,3,3,1,1,1,3,3,1,3,3,3,1,2,4,4,2,3,3,1,3,2,3,4,3,3,1,2,2,3,1,1,4,2,2,4,3,4,4,4,3,3,4,1,2,3,1,2,3,1,3,4,3,2,1,4,3,3,1,3,4,3,1,4,1,3,1,1,3,1,3,2,3,1,3,3,3,4,2,2,2,3,2,3,4,3,1,3,4,1,3,3,4,4,3,4,4,3,4,4,1,2,3,4,2,3,2,1,2,2,2,2,1,3,2,2,2,3,3,2,2,1,3,4,3,1,4,4,2,4,1,4,3,1,4,4,3,4,3,3,2,1,2,3,3,1,4,2,3,1,1,1,5,1,4,4,2,4,4,3,4,1,1,2,5,3,3,4,5,4,4,3,3,4,4,3,3,2,2,4,3,1,4,3,3,1,2,3,3,3,4,4,3,3,3,2,3,5,5,2,4,1,4,3,2,4,3,4,2,3,1,4,4,4,3
3,2,1,3,2,4,1,1,3,2,1,3,4,2,1,4,1,3,2,5,4,2,4,3,1,3,4,5,1,4,2,3,1,2,1,6,4,5,4,5,2,1,3,2,1,2,3,5,1,3,3,4,4,2,3,1,4,2,3,4,1,2,1,3,4,5,1,1,5,1,1,3,2,4,5,5,4,6,3,2,1,2,1,1,5,2,3,2,5,3,1,3,4,3,2,4,5,6,2,3,2,3,1,2,3,2,3,1,3,2,4,2,3,6,3,2,5,4,3,4,6,4,2,3,3,2,4,2,1,3,4,5,6,5,4,3,4,3,4,6,2,3,6,2,4,1,4,3,2,3,3,2,2,1,1,3,2,3,2,2,3,2,3,2,1,4,3,5,3,1,5,5,3,4,3,4,2,1,2,5,3,2,1,2,2,3,3,2,5,2,3,4,3,6,5,1,3,2,1,2,5,3,5,1,5,3,4,1,1,2,4,1,3,1,1,4,1,1,4,3,4,1,3,2,4,4,6,3,5,2,3,2,1,3,6,1,3,1,5,2,1,1,1,3,2,3,1,2,3,5,1
3,1,1,1,1,3,1,1,4,1,1,1,1,1,1,3,1,3,1,1,1,1,5,1,1,3,6,1,1,1,1,1,1,1,1,5,1,2,6,3,1,1,2,1,1,1,2,1,1,1,1,2,3,1,1,1,1,1,1,3,2,1,1,1,2,4,1,1,5,1,1,5,1,1,1,4,1,4,1,1,1,1,1,1,6,1,2,1,6,1,1,1,1,1,1,3,2,6,1,1,1,4,1,1,1,1,1,1,1,1,2,1,1,6,1,5,4,1,1,1,4,1,1,1,5,1,4,3,5,3,1,3,1,1,1,6,1,1,2,1,1,1,4,1,5,4,1,1,1,3,1,1,2,1,1,1,1,3,1,1,1,3,1,1,1,1,1,4,1,1,5,1,1,2,2,1,1,1,1,1,1,1,1,1,1,1,1,1,2,1,1,1,3,6,1,2,3,1,1,1,6,2,6,1,5,1,6,2,1,2,1,1,2,1,1,3,1,1,1,2,1,1,5,1,1,1,1,1,1,1,1,1,1,1,6,1,1,1,6,1,1,1,1,1,2,1,2,1,4,6,1
3,3,2,2,1,4,1,3,2,2,5,4,5,3,3,1,1,2,2,3,4,4,4,3,1,2,1,4,1,1,1,2,1,1,1,6,2,5,5,1,1,1,1,1,1,5,2,4,1,3,5,5,3,2,4,1,2,1,2,1,3,1,1,3,2,1,1,2,4,1,1,3,5,3,4,5,2,6,4,2,1,1,2,1,5,1,3,2,1,1,1,3,1,2,1,5,3,6,2,1,3,2,1,2,2,2,3,2,4,1,2,4,1,4,3,4,6,2,1,2,4,1,1,2,3,2,2,2,6,2,1,4,4,5,2,3,5,2,6,4,1,2,6,1,5,1,2,3,1,2,1,1,4,2,1,3,2,4,1,2,3,6,1,2,1,1,3,5,1,1,6,4,2,1,3,4,2,2,1,4,2,4,1,2,5,2,1,1,6,1,3,1,3,6,2,1,2,1,1,4,6,1,1,1,2,1,1,1,2,1,4,2,1,2,1,5,3,1,2,1,2,1,3,4,2,1,3,2,1,3,4,2,1,1,6,1,1,2,5,1,2,3,2,1,1,1,1,2,4,3,2
1,1,2,2,3,3,3,2,2,3,4,1,1,1,2,1,6,1,1,2,3,4,4,5,1,2,2,3,4,4,4,3,2,1,1,2,2,3,3,2,2,1,1,2,2,3,3,4,2,2,3,3,3,NA,2,1,2,1,1,2,2,4,3,3,2,4,4,4,4,2,2,3,2,2,3,2,3,2,3,1,2,2,2,3,3,3,2,4,4,4,4,2,2,2,3,2,2,2,2,3,3,3,3,3,2,1,4,4,4,4,4,4,3,3,3,3,2,2,2,1,2,2,2,3,3,3,3,4,2,2,4,4,4,4,4,4,2,2,2,2,2,2,2,2,3,2,4,4,4,4,3,3,2,2,2,2,3,2,4,5,5,1,1,6,NA,NA,3,3,3,2,2,3,3,3,3,4,4,4,4,4,3,3,2,3,3,3,2,2,2,2,1,1,2,2,2,2,2,3,3,3,2,3,3,3,3,2,2,2,3,3,3,2,1,1,2,2,2,2,2,3,3,3,3,3,2,2,2,1,2,2,NA,2,1,1,1,2,3,3,3,3,3,3,3,2,2,NA,3,2,4,6,4
4,3,6,6,1,2,1,3,5,6,4,2,5,3,4,2,1,5,2,6,5,1,3,1,2,6,1,6,1,3,3,3,2,1,4,6,2,6,6,2,2,5,1,6,1,5,3,1,2,2,4,4,6,6,5,1,6,1,2,6,3,1,1,2,1,3,1,1,4,1,1,5,1,5,5,6,5,4,6,2,3,3,1,1,5,1,6,2,3,3,3,4,2,3,6,6,5,5,2,3,2,6,2,2,3,6,4,3,3,5,2,2,3,6,6,5,6,3,2,3,4,3,2,3,5,3,5,3,6,5,4,6,6,6,6,6,6,3,3,6,2,2,3,2,3,2,4,2,5,2,4,5,NA,2,2,4,5,3,3,5,4,4,3,5,2,1,2,5,5,1,6,6,6,6,5,6,2,2,1,6,6,5,6,6,3,6,2,4,5,4,5,6,4,6,6,3,5,3,5,4,6,3,4,1,5,5,4,2,3,3,4,5,4,3,2,4,3,5,6,6,3,2,2,4,3,5,5,5,6,2,3,3,4,5,6,2,5,4,5,5,4,3,4,5,2,3,2,2,5,4,2
4,3,3,2,1,3,1,2,1,2,2,3,1,1,2,3,1,2,2,3,3,2,3,2,1,2,2,2,1,2,2,2,1,2,1,4,1,1,3,3,1,1,2,2,1,2,2,2,1,1,3,2,2,1,3,1,3,1,1,2,2,3,1,2,2,2,2,1,2,2,1,2,2,2,5,4,4,5,3,2,2,2,1,1,4,2,3,2,2,2,1,2,2,3,1,3,2,5,2,3,2,3,1,2,2,2,2,2,4,2,3,2,2,5,3,3,4,2,2,2,3,2,1,1,3,2,3,2,5,1,2,3,2,2,2,2,2,2,2,3,1,1,3,1,2,1,1,1,2,2,2,2,1,1,1,2,1,1,1,2,3,2,2,3,1,2,2,3,2,1,5,4,3,3,2,2,2,1,1,2,1,2,3,3,3,2,2,2,4,2,3,3,2,4,2,2,3,1,1,2,3,1,3,2,4,3,NA,2,1,3,3,2,2,2,2,4,2,2,1,2,2,1,3,2,3,3,3,2,2,2,3,1,2,2,5,1,2,1,3,2,2,3,NA,2,2,3,3,2,3,5,2
2,1,3,1,1,5,3,2,2,3,5,2,3,2,1,3,1,4,2,5,4,3,5,2,1,1,1,3,1,2,4,3,2,1,1,6,6,6,6,5,1,3,3,2,3,4,3,2,2,5,6,4,6,3,5,1,4,2,4,5,3,3,2,5,3,5,1,1,1,1,NA,5,2,3,5,6,6,4,3,3,5,3,2,2,2,2,5,2,4,2,2,3,4,2,1,3,5,3,3,4,3,5,1,1,4,5,6,1,4,2,3,2,4,6,5,5,3,4,2,2,5,5,2,2,4,3,3,3,3,5,3,6,6,6,6,6,4,3,3,6,1,3,6,1,2,1,3,2,3,2,3,5,3,4,2,3,2,4,3,4,5,4,3,3,4,2,1,3,4,1,6,5,5,4,5,5,2,2,3,4,4,3,2,3,2,3,2,4,5,2,6,6,3,6,6,2,2,2,2,3,6,2,2,4,6,2,4,2,4,3,5,5,6,6,2,3,3,2,4,5,6,2,2,5,2,4,3,4,4,3,4,4,5,5,6,3,6,3,5,5,4,5,5,3,3,2,2,5,5,5,4
4,1,3,NA,4,4,2,3,6,2,3,1,1,2,3,2,6,1,6,3,2,2,5,1,2,5,2,4,1,5,3,3,5,1,5,2,2,2,3,5,2,1,2,2,5,4,6,3,2,5,5,2,4,3,4,4,2,1,1,5,3,2,NA,5,2,1,1,1,2,1,5,4,NA,2,5,1,1,5,5,1,4,2,2,NA,1,2,6,3,1,6,2,5,1,1,5,5,3,6,2,2,2,2,4,NA,2,6,2,1,1,3,1,4,NA,3,5,4,4,3,2,1,4,3,1,2,2,1,4,3,3,5,2,4,3,2,2,4,6,3,1,1,2,1,3,5,4,3,2,2,1,3,6,5,1,1,4,2,3,3,2,1,1,2,3,3,1,2,2,4,4,3,3,2,NA,2,1,4,4,5,2,5,2,2,NA,3,4,2,5,2,1,3,4,3,NA,2,2,4,5,4,3,6,3,3,2,1,3,2,6,1,2,3,4,NA,4,2,3,2,2,2,3,4,3,2,4,NA,1,5,5,5,5,4,2,2,NA,2,1,1,1,3,6,5,4,3,NA,2,1,2,3,4,3,2,1
4,2,2,3,2,6,2,2,2,1,3,3,4,2,2,1,1,1,1,3,5,2,3,2,1,2,1,5,2,2,3,3,1,1,1,6,4,5,6,2,1,2,1,2,1,1,1,4,1,2,5,5,4,2,6,1,2,3,1,3,3,3,3,3,1,4,1,1,2,3,3,5,4,2,6,5,5,6,6,1,5,5,1,2,6,2,5,5,2,1,1,3,2,3,2,4,3,6,1,5,2,3,2,1,2,2,2,1,4,2,1,1,2,6,3,3,5,2,1,1,2,1,2,1,2,1,2,1,1,1,1,2,2,3,1,3,1,1,1,5,1,2,5,1,3,1,1,1,2,1,1,1,1,2,1,1,1,1,1,1,2,1,1,3,1,2,1,2,1,1,3,4,2,1,1,NA,1,1,1,1,1,1,3,2,5,2,2,2,2,1,1,2,1,6,1,1,2,1,1,1,2,1,3,1,4,1,1,1,2,3,1,1,1,3,1,5,1,2,1,1,2,1,4,1,1,1,4,1,3,2,1,1,2,1,6,1,1,1,1,1,1,1,1,1,1,2,1,1,4,2,1
6,1,4,5,1,5,1,1,5,1,6,1,3,4,3,1,1,5,1,6,6,1,6,4,2,6,1,4,1,4,1,3,3,4,1,6,1,6,4,5,1,4,3,5,1,4,5,5,3,4,3,2,6,3,6,1,5,1,1,6,4,1,1,4,1,5,4,1,6,1,1,6,5,5,6,6,6,3,1,4,6,1,3,3,5,3,4,1,3,1,1,1,1,4,1,5,5,5,1,1,4,5,1,1,4,3,5,1,1,1,2,1,5,6,4,2,1,1,1,NA,3,1,1,1,4,4,6,1,6,6,6,4,6,1,3,6,6,1,6,6,1,3,4,1,3,1,4,3,3,1,3,1,5,1,1,1,1,4,3,1,4,1,1,3,1,5,1,3,5,1,4,5,4,4,1,4,1,3,2,4,3,1,3,4,1,4,1,4,4,3,6,6,1,6,4,1,3,1,3,4,6,1,5,1,6,3,1,1,3,1,4,3,1,4,1,4,1,4,4,3,1,1,5,2,2,4,2,5,6,1,1,1,5,1,6,1,3,1,5,1,2,4,1,1,3,3,2,5,5,5,1
NA,NA,NA,NA,NA,NA,NA,NA,NA,NA,NA,NA,NA,NA,NA,NA,2,NA,NA,NA,1,3,NA,NA,NA,3,NA,NA,1,NA,1,NA,NA,NA,NA,NA,NA,NA,NA,NA,NA,NA,NA,NA,NA,NA,NA,NA,NA,NA,NA,NA,NA,NA,NA,NA,NA,NA,NA,NA,NA,NA,NA,NA,NA,NA,NA,NA,NA,NA,NA,NA,NA,NA,NA,NA,NA,NA,NA,NA,NA,NA,NA,NA,NA,NA,NA,NA,NA,NA,NA,NA,NA,NA,NA,NA,NA,NA,NA,NA,NA,NA,NA,NA,NA,NA,NA,NA,NA,NA,NA,NA,NA,NA,NA,NA,NA,NA,NA,NA,NA,NA,NA,NA,NA,NA,NA,NA,NA,NA,NA,NA,NA,NA,NA,NA,NA,NA,NA,NA,NA,NA,NA,NA,NA,NA,NA,NA,NA,NA,NA,NA,NA,NA,NA,NA,NA,NA,NA,NA,NA,NA,NA,NA,NA,NA,NA,NA,NA,NA,NA,NA,NA,NA,NA,NA,NA,NA,NA,NA,NA,NA,NA,NA,NA,NA,NA,NA,NA,NA,NA,NA,NA,NA,NA,NA,NA,NA,NA,NA,NA,NA,NA,NA,NA,NA,NA,NA,NA,NA,NA,NA,NA,NA,NA,NA,NA,NA,NA,NA,NA,NA,NA,NA,NA,NA,NA,NA,NA,NA,NA,NA,NA,NA,NA,NA,NA,NA,NA,NA,NA,NA,NA,NA,NA,NA,NA,NA,NA,NA,NA
2,3,2,1,4,2,1,3,4,6,5,3,2,1,2,3,2,2,5,2,5,2,6,6,4,3,5,3,3,2,6,2,2,5,5,3,4,2,5,2,3,6,1,2,1,4,1,6,3,4,6,3,2,2,4,1,1,2,6,5,2,2,1,5,1,2,4,5,5,4,5,1,3,4,6,4,2,2,1,5,4,2,2,4,2,5,5,1,1,4,3,5,5,6,1,4,4,1,2,5,1,4,2,2,5,3,1,5,4,4,5,1,1,4,5,3,3,1,1,5,5,2,2,5,5,1,2,4,2,3,4,2,5,3,1,5,5,1,3,2,4,6,6,2,2,5,5,1,3,1,4,4,2,6,5,5,2,1,4,2,2,5,5,3,5,3,2,2,4,2,6,1,4,2,3,5,6,1,6,2,3,2,5,4,4,4,1,3,3,2,5,2,2,5,2,4,2,4,1,3,6,2,3,5,1,1,2,4,2,3,1,1,6,2,6,2,1,1,5,2,4,1,6,2,2,6,2,1,5,4,1,4,2,2,4,5,1,4,2,6,3,5,3,5,3,4,2,5,5,4,3
5,6,3,6,4,1,2,5,5,2,5,4,3,6,2,6,3,1,2,1,5,1,6,5,3,4,2,4,1,5,2,3,4,6,6,2,2,3,5,4,3,5,3,2,5,6,4,3,4,2,5,2,4,NA,4,5,2,1,6,4,4,6,3,1,6,5,2,5,4,1,6,2,4,4,2,4,5,2,5,5,2,5,2,3,4,3,1,2,3,3,5,3,NA,2,3,3,NA,4,3,6,5,1,3,2,5,5,4,1,5,NA,1,4,NA,2,NA,3,2,4,4,2,5,4,4,2,6,3,1,2,4,3,3,2,2,2,NA,1,5,2,1,3,6,4,5,2,4,NA,2,3,2,1,5,4,4,1,6,3,3,5,4,3,1,2,3,4,6,4,5,4,4,1,5,5,5,4,1,3,5,3,NA,4,6,2,4,2,5,5,3,NA,2,6,6,5,NA,4,6,4,3,5,6,3,5,3,4,5,2,NA,3,2,6,5,4,5,2,4,6,2,6,5,3,5,2,1,4,6,3,5,6,4,3,6,4,6,3,6,2,4,4,2,5,4,3,3,4,2,6,3,5,3,5,3,6
3,2,2,3,2,4,1,3,2,2,3,4,2,1,1,2,3,2,3,2,4,3,5,2,3,2,1,5,1,3,2,3,2,2,2,6,1,3,4,5,1,1,3,4,1,2,2,3,2,3,3,2,5,6,6,1,3,2,4,3,2,2,1,4,3,5,1,1,3,1,1,3,3,2,6,6,5,4,3,2,2,2,2,2,5,2,3,2,2,2,1,3,3,2,4,3,3,2,1,3,4,3,2,2,3,4,2,5,3,1,3,2,4,1,5,2,5,6,1,3,2,5,1,1,2,3,5,2,2,3,1,5,5,5,4,2,3,1,1,4,1,3,4,2,5,1,3,2,4,4,3,2,2,5,2,2,1,3,4,4,2,6,1,4,3,1,4,5,3,2,4,1,5,6,3,2,4,4,3,1,1,1,2,4,3,2,5,5,6,3,2,3,3,6,2,1,3,4,4,3,5,1,6,2,6,1,2,1,3,2,4,5,3,2,1,4,4,4,2,2,1,1,5,3,1,2,3,3,4,2,3,2,3,3,5,1,2,1,3,3,1,1,3,3,2,5,5,4,2,3,3
3,1,2,1,1,3,2,1,1,2,2,1,2,1,1,1,1,2,1,3,3,1,2,1,1,1,2,3,1,1,1,1,1,1,1,4,1,3,2,2,1,1,1,2,1,3,1,2,1,1,3,3,1,1,3,1,2,1,2,2,1,3,1,1,1,1,1,1,3,1,1,2,4,4,5,1,2,3,4,1,1,1,1,1,5,1,2,1,1,1,1,1,1,2,1,3,2,3,1,2,1,3,1,1,1,1,2,1,2,1,1,1,1,4,2,2,1,1,1,1,3,2,1,1,2,1,2,3,4,3,1,2,3,2,1,3,1,1,1,3,1,1,2,1,2,1,1,1,1,1,1,1,1,1,1,1,1,1,1,1,1,2,1,5,1,2,1,3,2,1,4,4,1,1,1,1,1,2,1,1,1,1,2,3,1,2,2,1,3,1,1,1,1,5,2,1,3,1,1,1,2,1,4,1,3,1,2,1,1,1,1,1,2,1,1,4,1,3,2,1,2,1,3,1,3,3,2,1,4,1,2,1,1,1,6,1,1,1,3,1,1,1,1,1,1,4,1,1,2,2,1
