"deeper","inconsistent","naming","assured","valve","threatening","beloved","saga","bulk","beans","reign","straightforward","forty","proposition","ecology","eureka","proxy","earl","meals","medieval","developments","governor","picks","appropriately","royalty","harmful","typed","convincing","diagnostic","cease","salaries","outgoing","reservation","diplomacy","colonel","interviewed","freeman","pleasant","dancers","finals","practiced","gasoline","trident","historically","savage","rows","natal","reception","unsigned","exploration","leap","concealed","landed","earning","meditation","throne","crawl","believers","objectives","outright","blacksmith","positively","yarn","threaten","yen","baron","ideals","synthesis","invalid","kills","seller","upward","cannabis","skiing","snip","paragraphs","preferable","swear","queries","essay","bolts","profound","dental","sperm","fitted","landscape","liking","ghoul","coil","whichever","unavailable","flyer","assumes","evolved","aerospace","hordes","descendants","aerial","determines","fist","emotions","concluded","imaging","tagged","unity","yea","battles","daredevil","urine","remedy","soundtrack","intuitive","ranges","beaten","ace","bleeding","stuffed","grief","shotgun","sage","graveyard","albeit","custody","oak","restaurants","lore","crowded","spotted","collar","inexpensive","hawk","greed","searches","combinations","tender","axis","rusty","fifty","airline","simpler","wit","dragons","memorial","bowman","dam","programmed","sadly","structured","mortgage","portions","notions","discontinued","sanity","hunters","architectures","initiate","ideally","tours","horrors","lions","insults","turner","filing","privileges","tiff","metropolitan","motorcycle","outdoors","unicorn","reviewed","nets","moss","encourages","usable","excluded","lid","extern","tattoo","credentials","seekers","accomplished","rap","flip","supervisor","sustained","colleges","woody","souls","latitude","installations","decline","evolve","preservation","nowadays","basket","proprietary","fears","agriculture","census","occasion","registers","expired","bore","motivated","manufacture","explorer","rainbow","puppet","activist","helicopter","aims","accompanying","plowshares","bred","teenage","defective","cows","ceremony","substantially","preview","stealing","isolated","dimensions","machinery","inherently","genie","longest","vitamin","seasons","spirits","composer","worthless","advisory","lords","alley","trapped","fog","aboard","illustrated","crypt","aviation","appointment","epic","texture","rabid","crop","brewing","permitted","alto","preliminary"
1,1,1,6,1,1,1,1,1,2,6,1,1,1,1,3,2,1,1,3,1,3,1,1,1,1,5,1,1,6,1,1,1,2,1,1,1,2,1,1,1,1,1,1,1,1,1,5,6,1,1,4,1,3,1,1,5,2,1,1,1,1,1,1,1,1,2,4,1,1,1,1,1,4,1,6,1,3,4,5,1,1,1,1,1,1,1,6,1,3,2,3,1,1,4,1,2,3,1,1,4,1,1,1,1,4,1,1,5,1,1,1,1,1,1,1,1,1,1,1,1,4,1,1,1,1,1,1,1,1,1,1,4,1,1,1,1,1,1,1,1,1,1,1,1,1,1,1,3,5,4,1,1,1,6,2,2,3,1,1,1,1,1,3,1,1,2,1,1,1,1,1,1,1,1,1,1,1,4,1,2,1,1,1,1,1,1,3,1,1,1,1,1,1,1,1,1,1,2,2,1,1,1,1,1,1,1,1,1,1,1,1,1,1,1,1,1,1,1,1,2,1,5,6,1,3,1,1,3,1,1,1,1,1,1,1,1,1,1,6,4,1,1,1,1,1,1,1,1,1
1,1,1,3,1,1,1,2,1,1,3,1,1,1,1,4,1,1,1,1,1,2,1,3,1,1,1,1,3,3,2,1,1,4,6,1,1,1,2,1,1,1,1,1,1,1,3,1,4,1,1,2,1,1,1,1,1,1,1,1,1,1,1,1,2,2,1,1,1,1,1,1,1,1,1,1,1,1,4,1,1,1,1,1,1,1,1,5,1,1,1,1,1,1,1,3,1,4,1,1,1,1,1,1,1,2,1,1,1,1,1,3,1,1,4,1,1,1,1,3,1,5,2,1,4,1,2,1,1,1,1,1,1,1,1,1,1,1,1,1,1,1,1,1,1,1,1,1,4,1,1,1,1,1,3,4,2,1,1,1,1,1,1,2,2,2,1,1,1,1,1,1,1,1,1,1,1,1,2,1,1,1,1,1,1,1,1,1,1,1,1,1,2,1,1,2,1,1,1,2,1,1,1,1,1,1,1,1,1,1,1,3,3,1,1,1,1,1,4,1,1,1,1,1,2,4,1,1,1,1,1,1,3,1,1,1,1,4,1,4,1,1,1,2,2,1,1,4,2,2
1,1,2,3,3,3,4,4,2,2,5,5,1,3,2,6,1,3,2,5,2,1,1,3,2,1,2,4,1,5,1,3,1,4,2,4,1,4,3,1,3,2,3,1,3,1,2,4,4,3,2,4,1,4,3,3,1,2,1,3,1,2,1,3,1,1,2,5,1,1,1,2,1,5,1,3,2,3,5,1,1,4,1,2,1,1,3,5,5,4,2,1,1,2,5,3,6,6,2,1,3,2,3,1,3,4,3,2,4,2,4,1,4,3,4,1,1,5,3,3,3,6,1,4,3,2,2,1,1,1,1,1,4,4,1,2,1,1,4,1,1,3,1,2,1,1,1,4,2,4,4,2,1,1,5,5,2,2,1,2,1,1,4,5,1,2,4,4,5,3,1,2,4,4,1,1,1,1,3,1,4,1,1,1,2,3,1,4,2,5,4,4,4,2,1,6,3,2,4,2,4,5,1,1,5,1,5,1,1,1,5,5,3,1,4,1,1,3,4,2,3,1,5,6,6,3,1,2,3,3,1,4,2,1,1,1,1,3,1,5,6,2,1,4,1,1,1,1,2,2
1,1,1,1,1,1,1,1,1,1,5,5,1,2,1,5,1,1,1,1,1,2,1,1,1,1,1,1,1,2,1,1,1,3,6,1,1,1,1,1,3,1,3,1,1,1,1,2,6,3,1,3,1,1,3,1,1,1,1,5,1,1,1,3,1,1,1,3,1,1,1,1,1,1,1,6,1,1,4,2,1,1,1,1,1,1,1,5,1,6,1,1,1,1,2,2,4,1,1,1,3,1,1,1,1,1,1,1,3,1,1,1,1,1,5,1,1,5,1,5,1,6,1,1,6,1,1,1,1,1,1,1,4,5,1,5,1,1,1,1,1,1,1,1,1,1,1,1,5,4,4,1,1,1,5,5,1,2,1,1,1,1,3,4,1,1,4,1,1,1,1,1,5,1,1,1,1,1,5,1,1,1,1,1,1,1,1,1,1,5,1,1,5,1,1,1,1,1,3,4,1,1,1,1,1,1,1,1,1,1,3,1,3,1,1,1,1,3,3,1,1,1,4,1,1,5,1,1,1,1,1,1,1,1,1,1,1,2,1,1,5,1,1,1,1,1,1,1,1,1
2,1,1,4,1,2,3,1,1,3,3,1,1,1,1,2,1,1,1,1,1,1,1,1,1,1,1,3,1,3,1,1,1,3,6,1,1,3,1,2,3,2,1,1,4,1,1,3,3,1,1,5,1,3,1,2,1,3,1,1,1,1,1,3,1,1,3,1,1,1,1,1,1,2,1,4,3,1,6,1,1,2,1,1,1,1,1,5,3,4,1,3,1,1,5,1,6,3,1,1,3,1,3,1,1,1,1,1,3,3,3,6,3,2,3,1,1,2,1,3,1,5,1,1,1,1,1,1,1,1,1,1,2,1,1,1,1,1,1,1,1,1,1,1,1,1,1,1,4,3,3,2,1,1,3,3,3,2,1,2,1,2,3,5,1,4,4,1,3,1,1,1,4,3,1,1,1,1,3,1,1,1,1,1,1,3,1,3,3,1,1,1,1,1,1,3,2,1,3,1,4,3,1,1,3,2,2,1,1,1,2,1,1,1,3,1,1,4,3,1,1,1,3,NA,2,4,1,2,1,1,1,1,2,1,1,1,1,1,2,3,3,2,1,1,1,1,3,1,1,4
1,2,1,3,2,2,2,4,1,1,4,2,2,2,3,2,3,1,1,4,2,1,1,2,2,1,1,2,4,3,2,1,2,3,6,2,2,2,2,2,1,2,1,3,2,1,1,1,2,2,1,2,1,1,2,1,1,2,2,1,1,2,1,3,1,1,2,2,3,1,2,2,3,2,1,1,3,2,3,2,1,1,1,1,2,2,2,4,2,2,3,1,4,2,2,3,3,2,2,1,2,1,2,1,3,1,1,2,2,1,1,2,3,1,1,2,2,2,1,1,2,3,2,1,3,1,2,1,1,2,1,1,3,2,1,2,1,1,1,2,1,2,2,1,1,2,1,2,3,2,1,2,1,1,3,3,2,1,1,1,1,1,2,2,1,2,1,1,1,2,1,1,2,2,2,1,1,1,2,1,2,1,1,2,2,1,1,1,2,2,1,1,1,1,1,2,1,2,2,3,2,2,1,2,2,2,1,1,1,2,1,2,2,1,1,2,1,2,2,2,1,2,2,4,3,3,2,2,1,2,1,1,2,1,1,1,1,1,2,3,2,2,1,1,1,1,2,2,1,2
3,4,2,5,3,2,4,2,5,3,1,2,4,6,3,2,4,3,2,4,5,3,2,5,4,3,2,4,6,4,2,4,6,5,3,2,4,1,3,5,4,2,3,4,6,5,3,2,4,3,5,2,2,4,5,1,2,3,4,3,4,6,3,2,1,3,5,6,4,2,2,3,5,4,2,1,3,5,3,4,2,1,3,5,4,2,1,3,4,2,5,3,1,4,6,4,3,2,1,3,4,5,4,2,3,4,5,3,2,1,3,6,3,4,2,1,3,4,5,4,3,2,1,2,4,6,4,2,1,3,5,2,3,4,5,4,3,2,1,2,4,6,4,2,4,3,4,2,1,6,1,2,3,4,5,6,1,2,3,4,5,6,5,4,3,1,3,2,5,4,2,5,3,5,3,1,4,6,2,3,5,1,3,4,2,5,4,2,1,3,5,6,3,4,2,1,3,4,6,5,4,3,2,1,2,3,4,5,6,5,4,3,2,1,2,3,4,5,6,5,4,3,2,1,2,3,4,5,6,5,4,3,2,1,2,3,4,5,6,5,4,3,2,1,2,3,4,5,6,5
1,1,1,2,1,1,1,2,1,1,3,1,1,2,2,4,2,1,1,2,1,2,1,1,1,1,1,1,1,1,1,1,1,1,6,1,1,2,1,1,1,2,1,1,1,1,2,2,3,1,1,1,1,1,2,1,1,2,1,1,1,1,1,1,1,1,1,2,1,1,1,1,1,2,1,1,2,1,3,1,1,1,1,1,1,1,1,2,1,1,1,1,1,1,1,2,2,2,1,2,2,1,1,1,1,1,2,1,1,2,1,1,2,1,3,1,1,1,NA,3,1,2,1,5,2,1,1,1,1,1,1,1,2,2,1,1,1,1,1,1,1,1,1,1,1,1,1,1,3,2,2,1,1,1,2,1,1,1,1,1,1,1,1,2,1,1,1,1,1,1,1,1,1,2,1,1,1,1,2,1,1,1,1,1,1,1,1,1,1,2,1,1,1,1,1,2,1,1,2,2,1,1,1,2,2,1,1,1,1,1,1,1,1,1,1,1,1,2,2,1,1,1,2,3,3,3,1,2,1,2,1,1,2,1,2,1,1,1,1,2,3,1,1,2,1,1,1,1,1,1
1,1,1,1,5,1,1,1,1,1,6,1,1,1,1,6,6,3,1,1,1,1,1,1,1,1,1,1,1,3,1,1,1,1,3,1,1,1,1,1,1,1,3,1,1,1,2,1,1,1,1,1,1,1,1,1,1,1,1,1,1,1,1,1,1,1,1,1,1,1,1,1,1,1,1,1,1,1,6,NA,1,1,1,1,1,1,1,6,4,4,1,1,1,1,1,1,1,1,1,1,1,1,1,1,1,6,1,1,4,1,1,4,1,1,1,1,1,3,1,1,1,6,3,2,1,2,1,2,1,1,1,1,1,1,1,4,1,1,1,1,4,1,1,1,1,1,1,1,1,1,3,1,1,1,1,4,1,3,4,1,1,1,1,1,3,1,1,1,1,1,1,1,1,1,1,1,1,1,1,1,1,1,1,1,1,4,1,1,1,1,1,1,1,1,1,4,1,1,1,1,1,1,1,1,1,1,1,1,1,1,1,1,1,1,1,1,1,1,1,1,1,2,2,2,1,4,1,4,2,1,2,1,1,1,1,1,1,1,3,6,2,2,1,3,2,1,2,1,1,3
1,1,2,5,2,4,2,3,1,1,5,4,1,2,1,6,1,2,1,4,1,1,1,3,1,1,2,1,3,6,3,1,3,5,4,2,1,6,2,3,3,2,1,1,2,3,3,1,5,5,1,5,1,2,2,1,2,6,1,3,1,4,1,4,1,5,5,3,1,1,2,1,1,5,1,3,2,2,6,1,1,4,1,1,1,3,3,6,2,3,5,1,5,4,5,3,4,5,5,1,2,3,4,1,2,1,2,2,4,1,2,6,4,3,2,1,1,3,1,3,4,6,4,3,6,1,2,1,1,2,4,1,4,3,1,4,1,1,3,1,1,2,3,2,1,4,1,3,6,3,3,5,1,1,6,2,6,4,2,3,1,2,1,6,1,2,3,2,3,4,1,1,5,4,2,1,2,2,3,1,4,1,1,3,4,4,1,2,2,4,2,2,3,2,1,5,2,4,4,4,2,3,1,4,5,1,4,2,1,1,4,6,3,1,5,2,1,3,4,2,3,2,3,5,5,3,1,3,3,2,1,2,4,1,2,2,1,3,5,5,6,5,1,5,1,1,2,3,1,4
1,1,4,1,1,2,1,3,1,1,6,1,1,2,3,4,3,1,1,5,1,2,4,2,3,4,3,1,3,3,4,3,2,5,4,1,2,4,1,1,3,1,3,4,4,3,2,2,4,3,2,1,4,3,1,1,5,3,2,1,1,1,5,3,2,1,1,1,2,4,4,3,4,5,6,4,4,2,2,2,2,4,5,5,4,4,5,3,2,2,2,4,4,3,4,5,5,3,2,2,1,1,6,5,4,3,3,6,5,3,1,1,1,5,4,2,1,4,3,2,5,5,5,4,5,5,5,4,5,6,6,4,2,5,4,3,3,3,4,3,2,2,3,3,5,3,2,4,5,4,2,3,4,2,5,5,4,3,3,3,3,5,3,3,6,5,4,6,6,3,6,5,1,4,5,6,5,3,6,6,4,4,6,3,2,6,6,2,5,5,3,3,4,6,5,3,3,2,3,2,3,6,3,3,5,5,4,3,5,3,3,6,5,2,3,5,3,3,3,6,1,5,3,3,4,3,4,4,2,5,3,2,3,6,6,4,4,3,4,4,6,6,1,3,3,5,4,3,4,4
1,1,1,2,1,3,1,1,1,2,1,1,1,2,1,3,1,3,1,3,1,1,1,4,1,1,1,1,1,5,1,1,2,1,5,3,1,2,1,1,1,1,1,2,1,1,1,2,1,1,1,2,1,2,1,2,1,4,2,1,2,1,1,1,1,1,1,1,1,1,1,1,1,1,1,1,1,2,3,1,1,1,1,1,1,1,1,5,1,1,1,1,1,1,3,1,3,1,1,1,2,1,1,1,1,1,1,1,2,1,1,2,1,1,1,2,1,1,1,1,1,5,1,1,6,1,1,1,1,1,4,1,5,1,1,1,1,1,1,1,1,1,1,4,1,1,1,1,5,1,1,5,1,1,1,1,1,1,1,1,1,1,2,5,1,6,3,1,2,4,1,1,5,2,1,1,1,2,3,1,1,1,1,2,4,1,1,3,1,2,1,1,2,1,1,6,2,3,2,1,1,1,1,1,1,2,2,1,1,3,1,1,3,1,1,1,1,1,3,1,3,1,2,2,4,2,1,1,2,1,1,1,2,1,1,1,1,1,1,3,1,1,1,1,1,1,1,1,1,1
5,5,5,5,6,4,5,1,1,1,4,6,2,2,2,6,6,6,1,3,3,3,1,4,4,1,4,4,5,5,5,5,1,4,6,3,1,1,1,1,1,2,1,3,2,1,1,6,5,5,5,5,1,4,4,4,4,4,4,5,4,4,5,5,4,5,2,4,2,3,3,4,2,5,1,5,5,4,6,5,3,4,1,2,2,4,3,6,1,4,5,2,2,5,6,4,4,4,3,2,3,2,2,2,2,2,3,3,3,3,4,4,3,2,5,2,2,3,2,2,3,4,2,3,4,4,2,2,3,4,4,3,3,4,3,4,3,5,4,4,1,1,3,2,1,2,2,2,6,4,4,4,1,2,5,4,4,4,4,4,2,2,3,4,5,4,4,4,4,4,3,3,4,4,3,1,1,3,4,2,2,1,1,5,2,2,2,3,2,3,3,2,4,2,2,3,2,3,4,4,3,3,4,3,4,2,1,1,2,2,2,4,4,1,3,2,2,2,3,4,2,2,2,2,2,4,3,1,3,1,3,5,4,3,3,3,1,1,2,6,2,2,1,5,1,1,2,1,5,4
1,2,1,2,1,1,1,5,1,1,5,1,4,2,3,6,2,1,1,3,1,1,2,5,1,1,1,2,1,4,2,1,3,4,5,1,1,3,3,1,2,2,4,1,2,1,5,1,2,1,2,1,3,5,1,1,3,3,3,1,1,2,1,3,6,2,2,1,1,1,1,1,2,3,2,1,4,2,6,2,1,1,2,1,3,1,3,6,4,1,1,1,1,3,6,1,4,5,2,1,2,1,4,2,2,3,2,1,3,3,1,3,2,1,3,1,2,3,1,2,1,6,3,1,6,6,2,2,2,1,2,1,1,2,1,2,1,1,1,2,1,3,4,1,1,2,3,1,4,1,2,2,3,2,5,2,3,3,2,1,1,1,1,3,2,4,1,1,2,2,1,1,3,1,2,1,2,3,2,2,3,1,1,1,2,1,1,2,1,4,2,1,2,1,2,4,3,5,3,2,3,4,3,1,2,1,1,2,2,2,1,4,1,2,1,3,2,1,3,2,1,1,2,3,4,1,2,2,2,3,2,1,2,1,3,1,1,2,3,5,1,2,1,1,1,2,2,2,1,4
1,2,1,2,1,1,1,1,1,1,2,1,1,2,2,2,1,2,1,3,2,2,1,3,2,1,1,2,3,3,2,1,2,2,4,1,1,2,1,1,1,2,2,1,1,1,1,2,2,2,1,2,1,2,2,1,1,1,2,1,1,2,1,1,1,1,1,2,1,1,1,1,2,2,1,2,2,1,3,1,1,1,1,1,1,1,1,3,2,2,2,1,1,1,3,1,3,3,2,1,1,1,1,1,1,1,1,2,2,2,1,2,1,1,2,1,1,2,1,1,1,3,2,1,3,1,1,1,1,2,1,1,1,1,1,1,1,1,1,1,1,1,2,1,1,2,1,2,3,2,2,3,1,1,3,2,1,1,1,1,1,1,1,3,1,2,2,1,2,2,1,1,1,2,2,1,1,1,2,1,2,1,1,3,2,1,1,1,2,2,1,1,2,3,1,3,1,2,3,2,2,1,1,2,2,1,1,1,1,1,1,2,3,1,1,2,1,2,2,1,1,1,2,2,2,2,1,2,1,1,1,1,2,1,1,1,1,1,1,2,2,2,1,1,2,1,1,2,2,2
5,3,2,4,3,2,3,4,3,4,3,2,4,3,3,2,3,3,4,3,2,5,4,3,2,3,4,3,2,3,5,3,3,5,2,4,3,3,5,2,3,4,3,5,3,3,2,4,3,4,3,2,4,5,4,3,2,4,3,3,4,2,4,3,3,3,2,NA,2,5,3,3,2,3,3,2,4,3,3,2,4,3,4,2,5,4,2,3,3,2,4,3,2,4,3,2,5,3,2,1,4,3,2,5,5,3,3,4,4,2,2,3,4,4,3,2,4,5,4,3,2,3,5,4,3,2,4,3,3,4,5,3,3,2,3,4,4,2,2,3,2,3,4,2,2,5,5,3,4,3,2,4,5,3,3,4,3,3,2,4,3,3,5,4,3,2,2,3,4,4,3,2,3,3,4,3,4,2,4,3,2,3,4,3,2,2,4,2,3,4,3,2,NA,5,5,4,3,3,3,5,3,2,5,3,4,4,3,2,4,5,4,2,4,5,3,3,4,2,3,4,4,5,2,3,4,4,3,3,5,2,3,3,4,4,2,3,4,1,5,2,3,4,5,4,2,3,4,5,3,4
1,3,1,3,1,2,4,1,1,1,3,4,2,5,2,6,4,2,4,3,2,3,4,6,5,5,3,6,5,3,2,3,4,6,NA,6,5,2,3,1,1,4,3,5,5,3,6,5,5,5,3,3,3,3,6,3,2,3,4,5,5,6,3,4,1,1,1,6,5,2,3,3,6,5,1,5,6,2,4,1,1,3,1,2,1,4,3,6,4,5,6,5,4,4,4,3,5,5,4,5,6,5,4,3,2,1,1,2,3,4,5,6,NA,3,1,5,2,3,5,4,5,6,5,1,5,1,2,3,4,5,1,NA,3,4,5,6,6,5,5,5,1,2,3,4,5,6,5,4,3,2,1,3,5,5,2,5,2,3,4,5,5,5,2,4,3,1,2,3,4,5,5,3,3,3,4,3,2,4,2,3,4,5,5,5,4,3,3,3,2,2,3,4,4,4,4,2,3,NA,3,5,5,5,5,4,4,3,2,3,4,5,4,4,4,4,3,3,3,3,3,3,3,3,4,2,4,4,3,5,5,2,4,5,3,5,3,2,5,5,6,6,NA,5,5,4,1,1,5,5,2,6
1,2,1,2,1,2,1,2,1,1,3,2,1,3,4,6,4,4,2,2,2,1,1,2,1,1,1,1,2,3,1,1,1,4,3,1,1,1,1,2,2,3,2,3,1,1,1,1,2,2,1,1,1,1,2,2,2,1,1,1,1,1,2,1,2,1,1,3,1,1,1,1,3,1,1,1,2,1,5,1,1,1,1,1,1,2,1,3,2,3,2,1,2,1,5,3,3,3,2,1,1,1,1,2,2,2,1,1,3,1,1,3,1,1,2,1,1,2,1,1,1,3,1,1,1,3,1,1,1,2,3,1,1,1,1,3,1,4,1,1,4,1,1,2,1,1,1,1,4,1,1,1,3,1,4,5,3,1,2,1,1,1,1,2,3,2,1,1,1,1,1,1,1,1,1,1,1,1,3,3,1,1,1,1,1,2,1,1,1,5,1,1,1,2,1,3,1,1,5,1,1,1,1,1,1,1,1,1,1,1,4,2,4,5,1,1,1,1,2,1,1,1,3,1,2,4,1,1,1,1,1,2,1,1,5,1,1,1,2,4,1,1,1,1,1,1,3,1,4,3
1,1,1,3,2,3,1,1,2,3,4,4,2,4,2,4,2,4,3,3,1,1,1,2,2,1,2,3,1,3,3,1,3,3,6,3,1,2,1,2,3,2,1,2,2,4,3,4,4,3,2,2,1,2,4,2,4,3,2,3,2,2,1,2,1,1,2,2,2,1,1,1,1,2,2,4,3,1,5,2,1,4,2,1,2,2,2,4,2,4,2,2,2,1,4,2,2,4,2,1,4,2,1,2,2,3,2,3,3,2,3,2,1,1,1,1,2,3,1,2,2,1,2,2,4,2,2,2,3,3,1,1,4,5,1,3,2,2,2,1,1,2,3,1,1,2,3,5,6,4,4,3,2,1,4,3,3,3,2,2,4,1,1,5,1,1,2,3,2,3,1,2,3,2,2,1,1,2,3,1,4,1,2,2,3,3,2,3,2,5,2,2,5,3,1,6,3,3,3,4,3,3,2,1,2,1,3,2,4,3,2,4,4,1,2,4,2,3,3,3,3,2,4,3,2,2,2,1,4,3,2,3,2,1,2,2,1,3,3,4,4,1,2,2,1,1,4,2,2,3
1,1,2,4,3,2,1,2,1,1,4,1,1,2,2,6,1,3,1,4,1,3,1,2,2,1,3,2,1,4,2,1,1,2,6,1,1,2,1,1,1,1,1,2,3,1,4,3,3,2,2,2,1,3,2,1,1,4,1,1,1,1,1,2,1,1,2,2,1,1,1,1,3,3,1,2,2,2,5,1,1,1,1,1,NA,1,2,5,2,1,1,1,2,1,4,4,4,4,2,1,2,1,2,2,1,1,1,1,3,2,1,2,1,1,3,1,1,2,1,2,1,6,2,2,3,1,1,1,2,1,1,1,1,3,1,1,1,1,1,2,1,1,2,1,1,4,1,3,3,3,4,3,2,1,4,4,1,3,2,1,1,1,4,4,1,2,1,1,1,3,1,1,4,1,2,1,1,1,3,1,2,1,1,1,3,3,1,2,2,3,2,2,4,1,1,4,1,3,4,3,2,2,1,NA,3,2,1,1,2,1,1,3,3,1,1,1,1,2,3,1,2,1,2,3,1,2,1,1,1,NA,1,1,2,1,2,2,1,1,2,2,3,2,1,3,1,1,2,2,1,3
2,2,1,3,1,1,1,1,1,2,4,2,1,1,1,1,1,2,2,2,1,1,1,1,1,1,2,1,1,3,1,1,1,1,2,1,2,1,1,1,1,1,1,1,1,2,1,1,1,1,1,1,1,2,1,1,1,1,1,1,1,1,1,1,1,1,3,1,1,2,2,2,1,2,1,1,1,1,1,1,1,1,1,1,1,1,1,2,1,1,1,1,1,1,3,2,1,3,1,1,1,1,2,1,1,2,2,1,1,1,2,1,1,1,1,1,1,1,1,1,1,5,1,1,1,1,1,1,1,1,1,1,1,1,1,1,1,1,1,1,1,1,1,2,1,1,1,1,1,1,1,1,1,1,2,2,2,2,2,1,1,1,1,3,1,1,1,2,1,1,1,1,1,1,1,1,1,1,1,1,1,1,1,1,1,1,1,1,1,1,1,1,1,2,1,2,2,1,1,1,1,1,2,1,1,1,1,1,1,1,2,1,1,1,1,1,1,1,1,1,1,1,1,1,2,1,1,1,1,1,1,1,1,2,2,1,1,1,1,2,1,1,1,1,1,1,2,1,1,1
1,1,2,1,2,1,2,1,1,3,6,3,1,3,4,6,2,3,1,2,1,1,1,5,1,1,2,2,5,5,6,1,1,5,1,1,1,3,1,1,3,4,1,2,3,1,1,3,6,2,2,4,1,1,2,3,2,3,1,2,1,2,1,4,1,1,5,6,1,1,1,1,1,3,1,2,1,1,6,1,1,2,1,3,1,1,3,2,4,1,1,1,2,3,6,3,4,6,2,2,2,1,5,2,6,1,1,4,6,1,1,2,4,1,4,2,1,6,2,6,2,6,1,6,6,2,1,1,2,1,6,1,2,2,1,3,1,1,1,1,1,2,4,1,1,2,1,6,6,5,5,3,1,1,6,6,4,6,3,2,2,1,4,2,1,1,3,2,6,1,1,2,1,6,1,2,1,2,4,2,1,1,1,5,3,1,1,6,1,2,1,1,2,1,1,NA,1,4,6,4,6,2,6,1,2,1,1,1,1,2,3,6,6,2,2,1,1,1,5,1,2,5,3,4,2,2,1,1,2,3,1,1,2,1,1,2,1,2,1,6,2,1,1,1,3,1,6,2,1,2
2,3,2,3,4,4,3,3,2,2,5,3,3,2,3,6,5,5,2,3,2,5,2,3,3,2,3,3,4,5,4,2,2,3,6,3,2,3,2,2,2,3,3,2,5,2,3,2,4,3,3,3,2,3,2,3,2,3,3,2,2,3,2,3,3,5,3,4,3,1,1,1,5,5,1,4,4,3,6,4,2,3,2,2,2,2,3,6,3,4,3,3,3,2,5,6,4,6,3,2,2,2,4,2,2,6,2,2,4,3,2,5,2,3,5,2,2,4,2,4,2,6,3,4,3,6,3,2,3,2,4,2,2,2,3,6,1,4,2,3,2,2,3,4,5,3,2,2,5,2,3,2,3,2,4,3,4,5,5,5,4,2,2,3,4,4,3,2,3,2,1,2,4,3,3,1,4,3,4,3,3,1,1,4,3,5,2,4,3,3,3,4,3,4,2,5,2,3,4,3,3,3,5,4,4,2,3,2,2,3,3,2,2,2,3,2,2,3,3,3,2,3,4,5,5,4,2,2,2,3,3,2,3,2,5,2,2,2,2,3,3,2,2,2,3,2,2,3,2,5
2,1,1,5,1,4,3,1,1,2,6,6,2,6,4,3,1,3,3,1,1,1,1,2,3,1,4,6,1,6,1,3,6,6,2,2,3,1,6,1,6,5,3,3,6,3,2,6,6,6,4,6,1,3,6,6,2,1,1,6,5,1,1,5,1,2,3,4,1,1,1,2,2,3,1,6,1,2,1,3,2,3,1,1,1,1,4,3,2,6,3,2,3,2,2,2,6,3,1,1,6,2,5,1,4,1,1,2,5,1,2,3,5,3,6,4,1,2,4,5,2,2,1,4,2,2,1,1,1,1,1,3,5,6,1,1,1,3,3,1,1,1,2,2,1,2,1,3,5,6,6,3,1,1,1,6,3,2,2,1,1,1,4,5,1,1,2,3,2,2,1,1,5,4,3,1,1,3,4,4,3,1,1,3,2,5,4,2,4,6,3,1,5,3,1,2,1,1,6,5,4,2,2,1,4,2,3,1,1,1,3,3,4,1,5,1,2,4,5,3,2,3,5,6,2,5,1,2,3,1,2,4,3,2,2,1,1,2,1,1,6,4,1,2,1,1,3,1,1,1
1,1,3,2,1,4,4,1,1,1,1,4,1,5,3,6,2,1,1,2,6,4,1,5,4,3,4,5,5,1,4,1,5,4,3,5,1,2,1,1,5,4,3,5,2,1,1,5,4,5,1,5,1,1,1,1,1,2,3,1,1,3,1,3,1,1,1,2,2,1,1,1,4,5,2,4,4,2,3,1,1,2,1,1,1,4,3,3,1,4,4,1,4,1,4,2,5,2,4,1,3,3,2,1,1,1,1,3,1,1,1,1,1,1,1,1,1,1,1,1,3,1,2,1,4,1,4,4,2,5,1,1,2,4,1,1,1,1,1,1,1,1,1,1,1,4,1,2,3,2,1,5,1,1,3,2,1,1,1,1,1,1,NA,4,1,4,4,3,4,4,1,1,5,1,4,1,1,1,4,1,6,1,1,3,2,2,1,1,2,4,1,1,5,4,1,2,1,4,2,3,1,1,1,3,4,2,1,1,1,1,1,3,4,1,3,3,1,2,3,4,1,3,5,6,6,1,1,1,1,1,1,3,3,1,1,2,1,1,4,1,2,4,1,2,1,1,3,4,1,5
1,1,1,4,2,2,5,2,1,3,5,2,1,2,1,3,1,2,2,2,1,2,1,2,1,1,1,2,1,4,1,2,1,1,6,1,1,4,1,1,1,1,1,1,1,1,1,1,2,1,3,3,1,2,1,1,1,2,1,2,1,1,1,2,1,1,1,1,1,1,1,1,2,2,1,1,1,2,2,1,1,2,1,1,1,1,1,3,2,3,2,1,1,1,3,1,3,2,1,1,2,1,1,1,1,1,1,2,3,1,2,1,1,3,1,1,1,3,1,1,1,3,1,4,4,1,1,1,1,1,1,1,3,1,1,1,1,1,2,1,NA,1,1,1,1,1,1,1,1,3,3,2,1,1,4,4,1,1,1,1,1,1,1,1,1,1,1,1,1,1,1,1,3,2,1,1,1,1,4,1,1,1,1,1,2,1,1,3,1,1,1,NA,1,1,1,3,3,1,4,3,1,1,1,1,2,1,2,1,1,1,1,1,1,1,1,1,1,2,3,NA,2,1,1,1,3,1,1,1,3,1,1,1,1,1,1,1,1,3,1,3,2,1,1,1,1,1,1,1,1,1
1,1,1,1,1,1,1,1,1,1,3,1,1,1,1,6,1,1,1,2,1,1,1,1,1,1,1,1,1,2,1,1,1,1,6,1,1,1,1,1,1,1,1,1,1,1,1,1,1,1,1,1,1,1,1,1,1,1,1,1,1,1,1,1,1,1,1,6,1,1,1,1,1,1,1,1,1,1,3,1,1,1,1,1,1,1,1,3,1,1,1,1,1,1,1,1,1,1,1,1,1,1,1,1,1,1,1,1,1,1,1,3,1,1,1,1,1,1,1,1,1,6,1,1,1,1,1,1,1,1,1,1,1,1,1,1,1,1,1,1,1,1,1,1,1,1,1,1,3,1,1,1,1,1,2,1,1,1,1,1,1,1,1,1,1,1,1,1,1,1,1,1,1,1,1,1,1,1,1,1,1,1,1,1,1,1,1,1,1,1,1,1,1,1,1,5,1,1,1,1,1,1,1,1,1,1,1,1,1,1,1,1,1,1,1,1,1,1,1,1,1,1,1,1,1,4,1,1,1,1,1,1,1,1,1,1,1,1,1,1,1,1,1,1,1,1,1,1,1,1
1,2,1,2,3,1,1,1,1,2,4,1,1,1,2,6,2,2,1,3,1,1,1,2,1,1,2,1,1,2,2,1,1,2,4,1,1,2,1,1,2,1,1,1,2,1,1,2,1,1,2,2,1,1,2,3,2,2,2,1,1,1,3,2,1,1,2,5,1,1,1,1,2,3,1,1,2,2,3,2,1,2,1,1,1,1,1,2,1,1,1,1,2,1,3,1,2,2,1,1,2,1,2,1,1,2,2,1,2,1,1,2,1,1,1,2,1,2,1,1,1,4,1,2,1,1,1,1,2,1,2,1,2,2,1,3,1,2,1,1,1,1,2,1,1,1,1,1,4,2,2,3,1,1,4,2,2,2,2,2,1,1,1,2,1,1,1,1,1,2,1,1,2,2,1,1,3,1,2,1,2,1,1,1,2,2,1,2,2,2,1,3,1,1,1,4,2,1,1,2,1,2,1,1,3,2,1,1,2,1,2,2,1,1,1,1,1,2,2,1,1,1,2,2,2,3,1,1,2,2,1,1,1,1,2,1,1,3,1,4,2,1,1,3,1,1,1,2,1,1
