"invention","trunk","insulin","scare","tempo","communists","appreciation","routinely","inventory","performs","ego","timer","encyclopedia","aged","isolate","override","spore","child's","timber","pets","analytical","bronze","wilderness","ruins","preserved","enters","incentive","assumptions","sequel","resolutions","accelerator","draws","restricting","shark","newly","differential","emerald","characteristic","coincidence","shifting","ogre","illusionary","pistol","transfers","roof","clouds","failing","terminology","relaxed","condemned","immortal","signatures","memo","inability","stages","toxic","payable","monetary","crumble","potato","joints","hilarious","denying","supporters","stasis","forwarding","definite","asp","ribbon","presenting","wires","disorder","transmit","terrorists","boost","utter","plausible","inserts","flea","alignment","spike","administered","titled","readership","propagation","highlights","equals","eliminated","hospitals","judged","whilst","classics","eagle","dimension","company's","acknowledge","remarkable","personalities","finishing","enlighten","witnesses","thou","quantities","curiosity","introducing","precedent","frequencies","rebels","flour","yourselves","microphone","masses","rubbed","cylinders","readily","fatigue","tricky","manners","heal","scanners","bees","flower","clears","defenders","diseases","transmitted","gradually","feeds","misunderstood","incidents","measuring","bold","socialism","strengths","villages","responsive","buried","manipulate","technician","vintage","detective","ethical","borrow","cooking","beers","violating","inclined","frog","sequences","noble","contracting","uncertainty","attachment","burst","vessel","imposed","relic","implication","urgent","adobe","bombing","holder","trends","hemp","tidal","lightly","partially","immoral","detection","thy","wonders","stud","legislature","dose","pod","beware","mandatory","handed","brew","terminals","quark","boxed","author's","alas","cole","tennis","excerpt","mill","choosing","fencing","efficiently","advertised","brute","familiarity","slid","destiny","sailor","qualifying","tiger","promptly","wholly","selections","shells","cavalry","biz","ranks","crappy","indoor","chew","gloom","accepts","where's","puzzles","sectors","casino","sounding","prohibition","thirty","padded","continually","gut","reed","ashes","alright","manufactured","senators","bunny","fascinating","objections","altered","sensitivity","vaccine","omega","romantic","collections","coded","controversy","miserable","knowledgeable","reflected","electoral","restored","excluding","descent","poems","cried","crying","considers","insulting","globe"
3,1,3,1,2,4,4,5,3,3,2,2,6,1,3,2,2,2,2,1,4,3,3,3,4,2,4,4,4,3,5,1,3,1,2,4,4,5,5,3,4,5,2,3,2,2,2,4,2,5,3,4,2,3,2,3,2,3,2,3,2,4,3,3,3,3,3,2,2,3,2,2,2,4,2,2,4,2,2,5,2,5,2,3,5,3,2,3,4,4,3,2,2,3,3,4,3,4,3,3,3,3,4,4,3,5,5,2,1,2,3,2,2,4,2,5,2,2,1,3,1,1,1,4,4,5,4,1,4,5,4,1,5,3,3,3,2,5,5,3,3,2,2,2,1,4,2,1,4,2,3,3,4,1,2,3,2,4,2,3,3,2,2,1,2,3,4,3,3,1,2,1,5,2,1,2,3,2,1,3,1,1,2,1,1,2,1,1,3,2,5,4,1,4,1,3,2,4,2,3,4,3,1,5,1,2,2,1,1,1,2,3,2,3,3,2,5,2,2,4,1,1,1,2,4,4,2,NA,5,2,3,3,3,3,4,2,5,3,5,3,4,2,4,4,3,2,2,3,3,1
3,1,1,2,1,1,3,4,1,1,3,3,6,3,3,1,1,3,1,1,6,1,1,3,1,1,5,4,2,6,6,1,5,1,1,6,1,1,4,1,5,4,3,3,1,3,1,1,1,1,1,2,1,1,3,1,1,1,1,1,4,1,2,1,1,3,2,1,1,2,3,1,1,1,3,1,3,1,1,6,4,6,1,1,2,2,1,4,6,1,1,1,5,3,6,6,6,6,2,6,1,6,1,3,3,3,6,1,3,4,3,1,1,4,5,6,1,1,1,1,1,3,1,1,1,1,6,1,6,4,4,1,4,2,3,1,1,1,4,1,1,1,3,4,1,3,3,1,4,1,1,1,1,3,1,1,1,5,3,3,2,1,1,1,1,3,6,1,6,1,3,1,4,1,4,3,1,1,1,1,4,3,6,1,1,1,2,1,4,4,4,6,4,6,3,1,3,1,3,3,5,4,3,2,1,1,1,3,1,1,4,6,3,3,2,2,4,2,1,1,1,1,1,1,1,1,1,3,5,1,2,6,1,1,4,1,3,3,6,1,1,1,3,4,1,3,1,1,1,2
2,1,1,2,1,1,3,3,1,1,1,1,1,1,1,1,1,2,1,1,2,1,1,1,1,1,1,1,1,1,1,1,1,1,1,3,1,1,6,1,6,2,1,1,1,1,1,1,1,2,1,1,1,1,1,1,2,1,2,1,1,1,1,1,3,1,4,6,1,1,1,1,1,1,1,1,2,1,1,4,1,2,1,1,2,3,1,1,1,2,6,1,3,1,1,6,2,2,1,2,1,4,1,1,2,2,2,1,2,2,1,1,1,5,5,5,1,1,1,1,1,1,1,1,4,1,4,1,1,3,3,1,4,4,2,1,1,2,4,2,2,1,1,1,1,1,1,1,3,5,1,3,2,1,1,1,1,2,1,6,1,1,1,3,1,3,3,1,3,6,1,1,6,1,1,1,1,1,2,1,3,1,4,2,1,1,5,1,2,1,4,5,3,2,1,1,1,3,1,4,3,3,1,1,1,1,1,1,1,1,4,3,3,1,3,1,3,1,1,3,1,1,3,1,1,1,1,3,5,1,4,6,1,1,2,1,3,3,6,1,1,1,2,3,4,1,1,1,2,3
2,1,2,2,1,2,4,4,3,1,1,1,6,2,2,1,1,1,1,1,5,2,2,6,4,1,3,5,6,6,6,2,2,1,1,5,3,5,6,4,5,6,2,3,1,4,2,4,3,5,3,5,1,4,2,1,1,2,1,1,2,4,3,2,2,2,5,1,1,2,1,1,1,3,1,1,6,1,2,6,1,5,4,5,6,6,5,4,2,3,5,2,4,3,5,6,2,3,2,5,2,6,6,6,3,4,6,1,2,3,5,1,6,4,3,6,1,1,2,1,1,1,2,1,4,3,5,1,2,3,5,1,6,6,3,3,4,6,6,2,2,5,2,1,1,3,4,1,6,2,3,6,6,1,1,1,2,3,2,4,2,1,2,1,1,5,5,3,3,2,2,1,6,2,1,1,6,1,1,3,3,1,6,1,1,1,4,1,5,6,6,5,2,6,1,3,3,4,1,4,4,5,1,5,1,1,1,1,1,1,3,4,1,2,2,6,6,2,1,6,1,1,2,5,5,3,1,4,5,2,2,3,1,2,5,1,4,4,6,2,3,1,3,2,1,1,1,4,4,1
3,1,1,1,1,1,2,1,1,1,2,1,4,2,1,1,1,1,1,1,1,1,1,1,2,NA,2,3,4,1,2,1,2,1,1,3,1,2,3,1,6,2,1,1,1,1,1,2,1,4,1,2,1,1,NA,1,1,3,2,1,1,2,1,1,1,2,1,1,1,2,1,1,1,2,1,1,2,1,2,1,1,3,2,1,2,2,1,2,1,2,4,1,1,1,1,2,1,2,1,4,2,4,1,1,1,2,1,1,1,2,1,1,1,1,1,3,1,1,1,1,1,1,1,2,1,1,1,1,2,2,2,1,2,1,2,1,4,2,4,1,1,1,1,1,1,2,1,1,1,1,1,1,1,1,1,1,1,3,2,2,1,1,1,1,1,1,3,1,1,1,1,1,5,1,1,1,1,1,1,1,3,1,1,2,1,1,3,1,1,1,2,1,1,3,1,1,2,1,1,1,6,1,1,3,1,1,1,1,2,1,1,2,1,1,1,1,3,1,1,1,1,1,1,2,3,2,1,3,1,1,1,5,1,1,1,1,3,3,3,1,1,1,1,2,2,1,1,1,1,1
2,1,2,1,1,1,1,3,1,1,1,1,2,2,1,1,1,1,1,1,2,1,1,1,1,1,3,1,1,1,1,1,1,1,1,1,1,1,2,1,2,1,1,1,1,1,1,1,2,2,1,2,1,1,2,2,1,1,1,1,1,1,1,1,1,2,2,1,1,1,1,1,1,1,1,1,1,1,2,2,1,1,1,1,1,3,1,1,1,1,1,1,1,1,1,1,1,1,1,3,1,2,1,1,1,1,1,1,1,1,1,1,2,2,1,4,1,1,1,1,1,1,1,1,1,1,1,1,1,1,1,1,2,1,1,1,2,1,2,2,1,1,1,1,1,1,1,1,1,3,1,1,1,1,1,1,2,1,1,2,1,1,1,1,2,2,3,1,1,1,1,1,3,2,1,1,1,1,1,1,1,2,1,1,1,1,3,1,1,1,1,1,2,1,1,1,1,1,1,1,1,1,1,1,2,1,1,1,1,1,1,1,1,1,1,1,1,1,1,2,1,1,1,1,2,1,1,2,1,1,1,3,1,1,1,1,1,1,1,1,1,1,1,2,1,1,1,1,1,1
5,4,3,3,4,4,3,3,2,2,2,3,3,4,4,3,3,4,4,3,3,4,4,3,3,4,4,3,3,3,5,5,4,3,3,NA,2,3,3,3,4,4,3,3,5,4,4,2,3,3,4,4,3,3,3,4,5,4,4,3,3,3,3,3,2,4,4,5,4,4,3,2,2,2,2,2,2,3,2,3,3,3,3,3,3,3,3,3,3,3,3,3,3,3,2,5,5,2,2,2,2,3,3,3,3,3,3,3,3,3,3,3,2,4,2,4,2,2,3,3,2,2,3,2,3,3,3,3,3,3,3,3,2,2,3,3,2,2,2,2,3,3,3,2,3,2,3,2,3,3,3,2,3,4,3,3,3,3,3,3,3,3,3,3,3,3,3,3,3,3,3,3,3,3,3,3,3,3,3,3,3,3,3,3,2,3,2,3,3,3,2,2,2,3,3,3,3,3,3,3,3,3,3,3,3,3,3,3,3,3,3,3,3,4,4,4,3,3,3,3,3,2,2,2,2,2,3,3,3,2,2,2,4,3,3,3,2,3,3,2,2,3,3,3,3,3,3,3,4,3
1,1,5,1,2,1,1,3,1,2,1,1,1,1,1,1,2,1,1,1,1,2,1,3,1,1,2,1,2,1,1,1,1,1,1,3,1,1,2,2,3,2,2,1,3,2,2,3,1,1,1,3,1,1,1,2,1,4,1,1,1,2,1,1,3,1,2,2,2,1,1,1,1,2,3,1,3,2,1,3,2,2,1,2,3,1,4,3,3,2,5,2,1,3,3,2,3,3,2,1,3,2,3,3,2,2,2,2,3,3,3,2,1,3,1,2,1,1,1,2,1,3,3,1,4,2,2,1,2,2,3,1,2,2,2,1,2,2,3,2,1,2,2,3,1,1,2,2,1,1,2,2,1,1,1,1,2,2,2,1,2,1,2,2,2,2,2,1,1,2,2,1,2,2,2,1,1,1,2,2,3,2,2,1,1,2,2,3,3,2,1,2,2,1,3,3,2,2,1,1,1,1,2,2,2,1,2,2,1,3,2,2,1,1,1,2,1,2,1,2,1,3,1,3,1,3,1,1,2,1,2,3,2,1,2,1,2,2,3,1,3,1,1,1,2,3,1,1,1,3
4,3,4,3,3,4,4,5,5,4,3,2,6,2,3,2,2,2,2,2,5,3,3,2,3,2,3,4,4,4,4,2,3,2,2,4,4,5,5,4,6,5,3,2,2,3,2,4,3,3,2,4,3,4,4,4,3,4,3,3,4,4,4,4,5,3,4,4,3,3,2,3,2,3,2,2,3,2,2,4,2,4,2,3,4,3,4,4,3,4,5,3,3,4,4,6,5,6,4,5,5,6,5,4,3,4,5,3,3,5,3,2,2,3,3,4,3,2,2,3,2,2,2,3,3,4,4,2,3,3,2,1,4,4,2,3,2,4,4,4,4,3,3,3,2,3,2,2,4,2,2,4,3,2,3,2,3,4,4,4,3,4,2,3,2,3,4,4,5,3,3,2,5,3,1,2,3,2,2,3,3,2,3,3,2,1,4,2,3,3,4,4,3,4,2,3,3,4,3,4,4,4,3,4,2,3,3,3,2,2,2,2,3,3,3,3,4,3,4,4,2,3,2,2,3,4,2,2,3,2,3,3,2,3,4,2,4,3,5,2,2,2,3,3,3,2,2,2,3,2
2,1,2,1,1,2,4,4,3,2,1,2,4,1,1,1,1,1,1,1,3,2,3,2,2,1,2,3,3,2,3,1,2,1,1,3,2,4,3,2,1,3,2,2,1,1,1,2,2,2,2,3,1,2,1,1,1,2,1,1,1,2,2,1,1,2,3,1,1,1,1,2,2,2,1,1,1,1,1,3,1,3,1,2,2,2,2,2,2,3,3,1,1,1,1,5,3,2,2,4,2,3,3,3,3,3,4,3,2,3,3,1,1,2,2,4,1,1,1,2,1,2,1,1,1,1,2,1,2,3,3,1,3,2,2,2,1,2,2,2,2,2,1,1,1,2,2,1,2,1,2,2,2,1,1,2,1,3,3,4,1,2,1,1,2,3,2,1,3,1,1,1,2,1,1,2,2,2,1,2,4,2,2,1,1,1,3,1,2,2,3,3,2,4,1,1,1,2,1,2,2,2,1,5,1,1,1,1,1,1,2,2,1,1,1,2,3,2,1,3,1,1,1,1,3,2,1,4,4,3,2,4,1,2,3,1,2,2,5,1,2,1,2,3,1,1,1,2,1,2
2,1,1,1,1,2,4,3,1,1,1,1,2,4,1,1,1,4,2,1,1,1,1,2,1,1,1,4,6,3,3,1,1,3,1,3,1,3,3,6,6,4,1,1,1,1,1,3,1,1,1,2,1,1,3,1,1,1,1,1,1,2,1,1,1,1,2,1,1,1,1,1,1,1,3,5,5,2,3,3,1,1,1,2,3,3,2,1,1,3,3,3,3,2,1,3,1,1,3,3,1,6,1,1,2,1,1,1,3,6,3,1,3,1,2,3,1,1,2,2,2,4,5,1,2,4,2,2,1,2,4,1,4,2,3,1,2,1,4,5,2,3,3,5,2,1,2,2,2,2,1,2,4,1,2,3,1,3,2,2,3,1,1,1,1,3,3,2,2,6,1,1,3,2,2,1,1,1,2,1,1,1,4,1,6,2,1,1,4,2,4,2,2,1,1,1,1,1,1,1,3,2,4,1,1,1,1,2,4,2,2,4,4,1,1,2,3,2,1,1,1,1,3,2,2,1,1,1,4,1,1,2,1,1,3,2,2,1,5,1,1,1,1,1,1,2,1,1,1,2
5,2,2,3,2,3,2,2,2,3,4,3,6,1,2,2,2,3,1,2,3,3,2,1,1,1,2,3,NA,4,3,3,2,2,1,3,3,2,2,1,2,3,4,2,3,2,2,3,4,4,3,3,3,2,3,3,2,4,5,3,5,3,3,2,3,2,3,2,2,3,2,3,4,2,2,3,3,2,2,1,2,2,1,2,4,3,2,3,2,4,4,3,3,3,1,2,1,3,1,3,1,3,2,4,1,3,2,4,2,3,2,4,4,4,4,4,4,3,2,1,1,1,1,1,5,1,2,1,1,1,1,1,1,1,1,1,1,1,1,1,1,1,1,1,1,3,1,1,1,1,1,1,1,1,1,1,1,1,1,1,3,1,1,1,1,1,1,1,1,3,1,1,4,1,1,1,1,1,1,1,3,1,1,1,1,1,1,1,1,1,1,1,1,1,1,1,1,1,1,1,1,1,1,1,1,1,1,1,1,1,1,1,1,1,1,1,1,1,1,1,1,1,1,1,1,1,1,1,1,1,1,1,1,1,1,1,1,1,3,1,1,1,1,1,1,1,NA,1,1,1
5,2,4,2,1,5,6,4,3,4,2,2,5,2,3,2,1,2,3,1,5,2,4,2,5,3,4,6,4,2,5,2,3,2,2,5,2,5,6,3,3,6,2,3,1,3,4,6,2,5,2,4,2,3,2,3,5,4,6,3,4,6,5,6,5,4,5,2,4,5,3,2,5,6,2,3,5,2,1,5,2,6,3,6,5,4,2,4,2,3,5,3,2,6,5,6,4,5,3,4,3,5,4,6,3,5,6,2,4,5,3,2,4,6,3,5,2,2,3,4,2,4,2,3,5,4,5,1,4,2,5,2,4,3,5,4,2,5,6,2,4,2,3,5,2,6,3,2,5,3,4,6,3,2,5,4,2,5,2,4,5,2,3,1,2,3,5,2,3,1,1,NA,6,2,1,3,6,2,1,3,4,2,5,1,2,3,6,1,5,2,6,5,2,5,2,1,4,6,2,5,3,5,2,5,1,2,4,2,2,4,5,3,4,2,3,5,6,2,4,5,1,3,2,1,5,2,1,6,4,2,3,5,2,6,5,2,5,5,6,3,5,3,4,2,3,4,2,5,6,2
3,1,5,2,2,3,5,5,3,2,2,2,5,3,3,2,6,2,2,1,5,5,2,1,3,2,5,4,6,2,2,4,4,1,4,3,4,3,5,2,6,5,3,2,1,1,2,4,2,5,4,5,1,2,1,1,2,3,3,1,1,3,2,2,4,3,4,6,1,2,1,1,1,3,1,3,4,2,2,2,1,3,5,2,3,2,1,2,2,2,4,2,2,3,1,3,3,3,1,4,3,5,3,2,2,4,4,1,1,2,2,2,1,3,3,4,1,2,1,3,1,1,1,3,2,2,2,1,3,5,2,2,3,2,1,3,3,3,3,2,2,3,1,1,2,2,3,1,2,3,2,3,2,1,1,3,4,3,2,2,2,2,2,4,1,1,2,3,3,5,2,1,5,5,1,1,2,2,1,2,5,3,2,4,1,1,4,1,2,2,3,2,1,2,1,1,1,3,1,2,4,3,1,3,3,1,1,1,1,1,1,3,1,2,2,2,3,2,2,2,1,3,1,1,3,2,1,2,2,3,3,2,4,2,2,4,2,3,3,3,4,2,2,3,2,1,1,2,2,1
2,1,3,1,1,4,4,5,3,2,1,1,2,4,2,3,1,2,4,1,3,2,4,3,1,2,3,4,4,2,5,1,4,1,2,4,1,6,5,1,5,3,2,2,1,2,3,2,3,5,4,6,1,2,4,2,1,3,5,1,2,1,3,2,2,3,5,1,2,2,3,3,2,4,1,3,5,3,2,6,2,2,5,5,4,6,3,3,2,4,5,3,2,4,2,6,4,2,2,5,3,3,3,5,2,4,4,1,3,4,2,2,3,4,2,4,2,2,3,1,1,2,3,1,3,1,4,1,2,3,2,1,5,6,3,4,3,5,5,4,3,4,1,1,1,2,4,1,4,5,3,5,4,1,3,2,2,3,4,6,5,1,3,1,2,4,4,2,4,2,1,1,5,2,1,2,2,1,1,1,5,2,4,3,1,2,5,1,2,2,5,5,1,3,1,2,4,3,1,4,4,3,3,3,1,2,2,1,2,1,4,4,3,2,5,4,4,3,3,4,2,1,3,5,4,1,2,4,4,2,2,5,1,2,4,1,4,5,6,2,2,3,2,4,1,4,2,3,2,2
1,1,2,1,1,2,3,4,1,1,1,1,4,1,1,1,1,1,1,1,6,1,4,1,4,1,2,1,6,3,4,1,1,1,3,1,3,6,2,1,6,1,1,1,1,1,1,1,1,3,1,1,1,1,1,1,1,4,1,1,1,1,1,1,2,2,1,4,1,1,1,1,1,3,1,3,1,1,6,6,1,1,1,1,1,5,1,1,1,4,6,1,1,1,1,3,1,1,1,6,1,1,1,1,1,5,1,3,2,1,6,1,1,6,1,3,1,2,1,1,1,1,1,1,1,1,3,1,1,1,1,1,3,5,1,1,3,1,6,1,1,6,1,1,1,1,3,1,1,1,1,1,6,1,6,1,1,1,2,1,1,1,1,1,1,4,1,1,1,1,1,1,2,1,1,1,1,1,3,1,1,1,1,1,1,1,6,1,1,1,1,1,1,2,1,1,1,1,1,1,3,1,1,1,1,1,1,1,4,1,3,4,1,1,1,1,1,1,1,1,1,1,3,1,1,1,1,6,3,1,1,6,1,1,1,1,1,1,3,1,1,1,1,6,1,1,2,1,1,1
5,2,4,2,1,6,6,6,5,3,1,2,6,1,3,2,2,3,1,1,5,2,4,2,5,2,6,6,4,5,6,2,4,1,1,5,2,5,6,3,4,4,2,3,2,4,2,6,4,6,6,6,1,3,3,1,3,5,2,2,2,5,5,5,2,5,2,3,2,3,1,2,3,3,2,3,5,3,1,5,2,6,2,5,4,5,2,4,3,3,6,3,1,6,5,6,6,6,6,3,4,3,4,4,5,6,6,2,1,5,6,6,4,5,2,3,2,2,1,3,1,2,2,4,4,6,5,2,6,6,5,1,4,4,3,6,5,4,5,3,4,3,3,2,1,4,4,1,5,3,5,6,6,3,2,3,3,5,3,5,2,3,3,2,1,2,3,4,4,1,4,1,5,2,1,3,5,3,1,3,4,2,5,1,2,2,4,1,3,3,5,6,3,3,1,3,2,3,2,3,4,3,2,2,1,2,2,2,2,2,3,4,3,3,3,4,4,3,3,3,1,1,2,3,3,3,1,4,4,3,4,3,2,3,4,1,3,4,5,4,5,3,3,2,1,3,2,4,5,2
2,1,2,2,1,3,2,2,1,3,4,3,1,3,2,1,1,3,1,1,2,1,2,4,2,2,1,2,3,2,3,3,2,1,1,3,3,2,6,2,6,2,1,1,1,2,2,2,1,3,2,3,3,2,1,2,2,2,1,2,2,2,4,1,3,3,4,1,2,2,2,1,1,1,1,2,3,2,3,5,2,2,3,1,5,5,2,1,1,2,4,1,3,3,2,6,1,1,1,5,2,2,1,2,2,4,2,3,4,3,4,1,1,2,1,4,1,1,3,1,3,1,2,1,2,1,2,2,1,3,2,1,2,5,2,1,2,3,NA,4,2,2,3,1,1,2,2,1,3,3,1,1,2,1,4,1,3,1,3,4,4,1,2,1,4,4,5,1,1,2,3,1,3,3,2,3,1,1,1,2,2,2,3,3,2,1,5,2,1,3,2,2,1,2,1,3,2,2,3,2,6,2,1,3,1,2,2,1,5,1,1,4,4,1,2,2,1,2,1,1,1,1,2,4,1,3,2,2,2,1,2,4,1,2,1,2,3,2,6,2,2,1,3,3,2,2,3,1,3,3
4,2,3,3,1,2,4,3,3,3,2,2,3,3,3,2,2,2,2,2,4,3,3,5,4,3,4,3,4,3,5,4,3,3,4,4,2,4,5,3,5,5,3,3,4,5,4,5,4,4,3,3,4,4,3,2,4,4,4,3,4,4,4,4,4,3,3,4,3,3,3,4,2,3,3,3,4,2,4,6,2,3,3,3,4,4,4,2,3,4,3,3,4,4,3,6,4,4,4,6,5,6,3,4,4,4,4,4,4,5,5,2,2,5,4,6,3,4,4,3,3,3,4,4,5,2,5,4,3,4,4,2,4,4,3,4,5,4,4,4,3,3,4,4,3,5,4,2,5,3,2,4,3,3,4,3,2,4,4,3,5,4,2,2,3,5,5,4,4,4,4,2,3,3,1,3,4,3,4,3,4,4,4,4,2,2,4,1,4,2,4,2,4,4,1,3,4,4,1,4,4,4,2,3,1,2,3,4,4,4,5,4,4,3,2,4,4,3,3,4,1,2,2,4,3,3,3,4,4,4,3,4,4,3,4,3,4,3,6,5,5,5,4,4,5,5,5,3,4,4
1,1,1,1,1,2,2,2,2,2,2,2,2,2,2,2,3,2,2,2,2,2,3,2,2,2,2,2,2,2,3,1,1,2,3,2,1,2,2,3,2,1,1,2,3,2,1,1,2,2,2,3,2,1,2,3,3,2,2,1,2,2,3,1,2,3,2,2,2,1,2,2,4,1,3,1,2,3,2,2,2,1,2,2,2,2,2,3,1,1,2,2,2,3,2,2,1,3,3,2,2,1,2,4,1,1,2,2,2,2,2,2,2,2,2,1,2,3,2,2,3,1,1,1,2,2,3,2,1,2,2,2,2,1,1,1,2,2,2,3,3,3,2,2,2,2,2,2,2,2,2,3,2,2,1,2,2,3,1,2,1,2,2,2,3,2,2,2,2,2,2,3,2,2,3,3,2,2,2,1,4,2,2,2,2,2,2,2,4,3,2,2,1,2,1,1,2,1,3,5,2,2,2,1,1,2,2,2,1,2,3,2,1,2,2,2,2,3,2,3,3,2,1,1,2,2,3,2,2,2,2,1,1,2,2,1,1,2,3,2,1,2,2,2,3,2,2,2,2,2
1,1,4,1,1,6,6,6,1,3,4,1,6,NA,6,4,4,4,1,1,6,1,2,6,6,1,4,4,6,1,4,5,3,1,3,4,5,5,1,1,6,6,1,1,1,1,1,4,1,6,2,2,6,3,1,1,4,4,1,3,1,1,1,1,3,1,1,5,5,2,1,1,1,2,1,1,5,3,1,5,1,1,1,5,5,3,3,3,1,1,5,1,1,3,3,5,1,1,4,2,2,6,1,4,1,6,1,1,4,1,2,2,NA,3,3,5,1,1,1,1,1,1,4,3,3,2,3,3,1,3,1,1,5,5,1,1,3,2,3,2,3,3,4,3,4,3,3,4,2,4,4,2,2,3,3,3,5,3,1,3,3,4,2,3,4,NA,3,4,2,5,4,4,2,4,3,3,2,3,2,2,3,2,2,4,4,1,3,1,1,1,2,1,6,1,1,1,5,3,4,4,5,1,1,6,6,1,2,3,3,3,3,4,3,3,4,4,3,4,4,2,3,3,2,2,4,3,3,4,4,2,NA,2,3,3,4,4,4,2,4,3,2,3,2,6,4,5,5,2,4,1
1,1,3,1,3,1,1,1,1,1,1,1,2,1,1,2,1,1,1,1,2,1,3,1,1,1,1,1,1,1,2,1,2,1,1,1,1,1,1,NA,4,1,1,1,1,1,3,1,1,1,1,1,1,1,1,1,1,1,3,1,1,4,1,1,4,1,1,2,1,1,1,1,2,1,1,1,1,1,1,1,1,1,1,2,1,1,1,1,1,1,5,1,2,1,1,3,1,1,1,2,1,3,1,1,1,1,1,1,1,1,1,1,1,1,2,1,1,1,1,1,1,1,1,1,3,1,1,1,1,1,1,1,1,2,1,1,2,1,1,1,1,1,1,1,1,1,1,1,1,2,1,1,1,1,1,1,2,1,1,3,1,1,1,2,2,1,1,1,1,3,1,1,1,1,1,1,1,1,1,1,2,1,1,4,1,1,2,2,1,1,1,1,2,1,1,1,1,1,1,1,2,1,1,1,3,1,1,1,2,1,1,1,1,1,1,1,2,1,2,1,1,3,1,1,1,1,1,1,1,1,1,4,2,1,1,1,1,1,3,1,2,1,2,1,1,1,1,1,1,2
5,2,2,2,1,2,5,3,2,2,1,2,2,3,2,1,2,1,2,2,3,2,3,4,2,2,4,4,2,5,4,1,3,1,2,5,3,5,5,4,4,5,3,2,1,4,3,6,1,6,2,5,3,4,5,2,3,3,4,2,3,4,1,2,3,3,4,3,3,2,2,3,3,1,1,3,5,3,4,4,1,5,1,3,3,6,5,5,3,5,1,2,4,4,2,4,2,3,4,4,3,3,3,4,3,4,5,3,2,3,2,3,3,5,4,4,3,2,2,4,1,1,2,1,2,2,2,1,2,3,3,1,4,6,3,2,3,3,6,4,4,3,2,2,1,2,3,1,4,4,5,6,5,2,3,2,2,4,3,1,5,2,1,1,1,5,5,1,5,1,2,2,2,2,1,3,1,2,3,3,4,3,3,1,2,2,4,2,2,3,5,2,2,3,2,3,4,4,2,3,4,5,2,2,2,2,3,2,2,1,2,3,4,3,2,3,6,2,2,2,2,1,2,5,3,3,3,4,5,3,4,2,2,2,4,3,3,4,6,3,3,2,3,2,2,2,3,3,4,2
1,2,2,1,2,3,4,3,4,3,2,3,3,2,2,3,1,3,4,2,5,2,3,1,2,3,2,2,3,2,3,4,3,2,3,2,5,1,2,3,2,3,2,3,1,2,3,2,1,3,1,2,2,2,1,3,4,2,3,2,3,3,2,1,2,3,2,2,3,3,2,1,2,3,2,2,1,2,3,2,1,3,2,1,3,4,2,2,3,2,3,1,2,3,2,1,2,2,3,2,1,2,3,2,1,2,3,2,1,3,4,5,3,2,3,4,3,2,3,4,5,4,2,3,3,3,1,2,3,4,3,2,3,4,3,2,2,3,4,3,2,3,4,3,2,2,3,3,2,1,1,1,1,3,2,3,3,2,1,2,2,1,2,3,4,3,2,3,2,3,3,2,2,3,1,2,3,3,2,3,2,3,1,2,3,2,1,2,3,2,3,2,2,3,3,2,3,1,2,3,3,2,1,2,3,3,2,1,2,2,3,2,1,2,3,4,3,2,2,3,3,2,1,3,2,1,2,3,2,2,1,2,2,3,3,1,3,4,3,2,2,3,4,2,3,3,2,2,3,3
6,5,4,3,2,2,NA,3,4,5,6,5,5,3,2,1,2,2,1,1,2,3,4,5,6,5,4,3,2,1,2,3,4,4,4,5,6,6,5,4,3,2,1,2,3,4,5,6,5,4,3,2,1,2,3,4,5,6,5,4,3,2,2,3,2,3,1,2,4,6,4,5,3,4,2,5,4,5,4,2,3,5,2,5,4,5,1,6,5,3,2,2,4,2,4,1,5,1,5,3,4,5,6,5,4,3,2,5,1,6,4,2,1,3,4,5,4,4,6,5,2,3,2,4,1,4,4,2,2,4,4,3,2,6,3,2,NA,3,NA,4,5,6,5,4,2,3,2,1,4,2,4,4,5,4,4,3,3,1,2,3,4,5,6,5,4,4,3,2,1,1,2,3,4,5,6,5,4,3,3,2,NA,3,NA,4,5,5,6,5,6,5,4,4,3,2,2,1,1,2,3,4,5,5,6,5,4,3,2,2,1,2,NA,3,4,5,6,5,4,3,3,2,1,2,1,NA,2,3,3,4,4,5,6,6,5,5,4,4,1,2,3,4,5,5,5,NA,5,5,4,4,2,6
2,1,4,1,2,2,5,4,1,1,3,2,6,2,3,2,1,3,1,1,5,4,2,3,1,1,3,2,4,3,5,1,2,1,2,3,2,4,5,1,6,5,2,NA,1,2,2,3,2,2,1,4,2,1,2,1,1,1,2,5,1,3,2,1,2,2,1,1,2,1,4,1,1,3,1,1,3,1,2,4,2,2,4,2,2,3,1,2,4,2,3,1,3,2,3,3,2,3,1,4,1,1,2,4,3,4,4,1,2,1,4,1,2,5,2,3,1,1,1,1,2,1,3,1,3,2,3,1,1,3,3,1,2,1,1,2,2,2,5,3,2,1,2,1,2,2,3,1,4,3,1,4,1,1,1,2,1,2,4,3,3,1,1,1,3,3,3,1,2,2,2,1,5,3,1,3,1,1,2,1,4,2,3,1,2,NA,3,1,1,3,4,2,2,4,1,2,3,2,4,1,3,2,1,4,1,1,1,1,2,1,1,3,1,1,2,1,2,2,1,3,1,2,1,4,3,2,2,5,3,2,2,5,4,2,3,2,5,3,6,2,1,2,2,4,6,3,1,1,2,3
4,1,1,2,1,4,5,3,1,1,4,3,4,1,3,1,2,5,1,1,5,1,1,4,1,1,4,3,5,4,4,1,4,1,1,5,1,4,6,2,5,3,2,1,3,5,1,2,5,2,1,4,1,3,2,4,2,1,3,1,3,4,4,1,1,1,5,1,4,1,2,1,1,4,4,1,6,1,4,6,1,4,3,3,2,6,6,4,2,3,3,1,5,1,3,6,2,5,1,4,1,5,5,5,6,1,4,1,5,4,4,1,1,4,3,5,1,1,4,1,1,1,4,1,5,1,1,1,2,1,4,1,4,1,5,5,3,4,5,3,4,1,1,1,1,3,5,1,6,1,3,6,1,1,1,4,1,1,1,6,2,1,1,1,4,6,5,1,6,6,1,1,4,1,1,4,1,1,1,1,2,4,6,1,3,1,4,1,4,1,6,2,2,4,1,1,3,5,4,1,4,6,1,1,1,3,1,1,1,1,3,5,1,1,3,5,5,1,1,3,1,1,1,4,5,1,1,5,5,1,4,6,4,1,5,1,1,4,6,1,2,1,1,3,2,4,5,1,4,1
3,1,3,2,1,3,4,5,3,2,4,2,6,4,3,1,2,3,1,1,3,2,2,4,3,2,5,4,5,3,4,1,3,2,3,4,1,2,5,3,6,5,2,3,1,3,4,3,2,6,3,3,4,3,4,1,1,3,5,2,3,2,2,3,6,3,2,2,1,2,5,1,2,4,2,2,3,2,4,3,2,3,5,3,4,5,3,2,2,4,6,3,4,3,2,6,2,4,3,5,3,3,4,3,2,5,4,3,4,2,3,2,1,4,3,5,2,1,2,1,1,1,2,3,4,2,3,1,2,4,4,1,5,3,5,2,4,3,5,6,3,2,2,3,1,3,2,1,4,2,3,2,2,3,2,3,4,2,3,4,4,1,3,4,5,4,4,3,2,3,2,2,3,4,1,3,2,1,1,2,6,3,4,3,2,1,4,1,3,4,5,3,3,2,2,3,2,4,2,4,6,4,1,6,5,2,2,3,1,2,4,3,5,3,2,3,5,4,1,2,1,2,2,4,3,2,3,4,3,2,3,6,5,3,4,3,2,3,6,3,4,2,4,5,2,3,3,2,2,2
1,1,3,1,1,2,3,2,1,2,1,1,1,1,1,1,1,1,1,1,2,2,1,3,1,1,2,1,4,1,2,1,1,1,1,3,3,2,4,1,5,2,1,1,1,1,1,1,1,2,1,4,1,1,1,1,1,2,1,1,1,1,1,1,4,1,4,4,1,1,1,1,1,1,1,2,1,1,4,3,1,1,1,1,3,2,2,1,1,1,4,1,3,1,1,4,1,1,1,1,1,5,2,2,1,1,1,1,3,2,1,1,1,3,1,5,1,1,1,1,1,1,1,1,2,1,2,1,1,1,1,1,3,1,2,1,3,1,4,3,1,1,1,1,1,1,1,1,2,1,1,1,1,1,2,1,4,1,2,4,2,1,1,1,1,1,1,1,1,4,1,1,3,1,1,1,1,1,1,1,4,1,1,3,1,1,3,1,1,1,1,1,3,1,1,1,1,2,1,1,3,1,1,1,2,1,1,1,1,1,1,1,1,1,1,1,4,2,1,1,1,1,2,1,2,1,1,1,3,1,1,4,2,1,2,1,2,1,2,1,1,1,1,4,2,1,1,1,1,1
1,1,2,1,1,3,6,3,2,1,1,1,2,1,1,1,2,2,1,1,4,1,3,6,1,1,1,1,3,2,2,1,2,1,2,2,3,6,6,1,6,6,3,1,6,1,1,3,1,2,1,1,1,1,1,1,1,4,1,2,1,4,4,1,4,1,2,3,1,1,1,1,1,1,1,1,1,1,1,4,1,1,1,2,3,1,1,1,1,1,3,6,1,5,5,4,1,5,1,1,1,5,4,4,2,2,3,2,3,2,2,1,1,2,3,5,2,1,2,1,1,1,1,1,2,1,2,2,1,1,1,1,2,2,2,2,3,2,4,2,1,3,1,1,1,2,2,1,2,2,1,2,1,2,2,2,3,1,2,3,1,1,1,1,1,1,2,2,2,3,1,1,3,1,1,1,2,1,1,2,2,2,2,3,1,1,1,1,1,1,2,1,1,3,2,1,1,2,1,2,3,1,1,2,2,2,2,1,1,2,2,3,2,2,2,2,2,2,2,4,1,2,2,2,2,3,1,3,1,1,2,2,1,1,1,1,2,3,4,2,1,1,1,1,1,1,1,1,1,1
