"uncle's","cheery","renditions","ignoramus","blameless","preponderance","pales","mutate","hoisted","conspired","adirondack","soothe","arm's","litmus","swordsman","sufferer","planer","salted","testicle","scoreboard","yearn","overthrown","tigress","evangelism","discernible","ornate","pageant","amputated","gondola","legitimize","stiffen","undereducated","hemlock","cutest","utterance","rippling","festering","shriek","characterizing","dulcimer","overalls","eucharist","pennant","rubbery","searing","tornadoes","manmade","fumble","interlude","aerosols","caved","cousin's","demarcation","pampered","stemmed","troupe","affirms","looted","lurked","pestering","reaffirmed","unforseen","backtrack","encroachment","fealty","daisies","patter","shaver","yarns","transcended","sadism","pecs","concourse","globes","starry","aggravate","shucks","multicolor","allusions","abhorrent","grumbling","elasticity","bloodthirsty","islander","foreseen","fireman","interrelated","whisk","movers","bebop","duels","infiltrating","predictability","mangle","undivided","trepidation","precession","pansy","pushers","microns","competently","cellulose","binders","dodo","fruition","snorkel","dialectic","brothel","individualized","casserole","peppermint","scrubbed","reviled","heretofore","impatiently","incapacitated","chairmen","obliterate","permutation","omits","distraught","gunpoint","bronchitis","furnishings","squires","butting","digger","wag","fluctuate","lethargic","bonfire","landscaping","contending","nastier","theologian","dispatching","vehement","retraining","wile","wastewater","whiff","plough","vagabond","engrossed","compounding","slums","charmed","deathbed","sunburn","illegible","doze","droppings","overblown","brownish","rinsing","entrails","professor's","phallus","brooding","soot","incredulous","underhanded","frighteningly","sideline","marinade","inquisitive","cocktails","network's","assailant","introspective","plumb","coconuts","hyphenated","earthworm","risque","fielded","hurrah","steamer","viewfinder","fouling","prides","diametrically","shenanigans","sickened","mend","globular","wheelbase","reclaimed","glycol","graze","smuggle","hippo","unruly","gloat","bloodhound","annihilate","vernacular","commandant","cynics","rupee","inquest","disgraceful","wedlock","incensed","undertook","incurring","slacker","unrestrained","ravage","extremities","bluffs","cayenne","blonde's","prudential","foxtrot","college's","efficiencies","pluralism","biceps","incurable","alluding","nipped","penicillin","heady","predictors","propagandists","stiletto","violets","juxtaposition","lightness","eighteenth","wiper","refraction","lollipop","minks","evangelists","spiel","hypothesized","grammatically","proportionally","crevice","millimeter","pithy","sunroof","digression","irreplaceable","overgrown","welling","thicken","unsavory"
1,1,1,6,2,1,1,1,1,1,2,2,1,3,1,1,3,1,1,1,1,1,1,4,6,1,4,1,1,4,1,2,1,1,1,1,1,3,2,5,1,6,1,1,1,3,3,1,1,6,1,1,1,1,1,6,1,1,1,1,1,1,1,6,6,1,1,1,1,5,1,5,2,1,1,1,1,1,4,6,1,1,1,6,5,1,4,6,1,1,4,1,1,1,1,6,6,4,1,1,1,3,1,3,3,1,3,1,1,1,1,1,4,5,5,5,1,1,5,5,6,1,6,1,3,1,1,1,1,1,1,1,1,1,6,1,6,1,1,1,1,6,1,1,1,NA,1,1,1,5,1,1,1,1,1,3,1,5,1,3,1,1,1,1,1,3,1,1,3,1,6,1,3,1,6,1,1,1,1,1,1,1,1,1,1,1,1,1,3,1,1,1,1,1,1,3,3,1,5,1,1,1,1,1,1,1,1,1,1,1,1,5,1,3,1,1,5,5,3,3,1,1,4,4,1,1,1,1,4,1,1,1,1,1,1,1,6,3,2,2,4,1,5,1,2,2,1,1,1,1
3,3,6,5,5,6,2,2,4,3,6,1,2,4,3,6,6,2,2,3,3,4,4,6,6,6,4,5,6,3,2,5,3,1,5,1,1,5,6,6,3,5,2,4,2,1,3,1,3,6,1,3,6,5,3,2,NA,4,3,2,1,2,2,5,NA,4,6,3,2,3,1,4,4,5,5,2,4,2,3,6,1,1,3,4,2,2,2,4,1,5,2,3,6,4,2,1,3,5,4,6,3,1,2,4,5,5,6,3,2,3,1,2,4,5,3,2,4,5,1,2,5,1,2,5,6,3,1,2,4,5,5,6,3,3,4,1,5,1,1,2,6,3,5,4,2,2,4,1,2,1,4,5,6,6,3,2,1,3,3,3,4,2,2,6,6,1,5,1,1,4,3,3,2,5,5,6,3,4,2,5,4,5,6,6,6,2,2,4,6,1,3,5,2,2,4,5,1,1,1,3,6,2,5,1,4,6,2,3,5,1,4,2,6,3,5,2,4,6,3,1,5,2,6,3,1,5,2,4,2,1,3,6,4,5,4,2,5,1,2,4,1,2,5,3,3,5,5,6,2,2
1,1,1,3,1,3,1,1,2,1,6,1,1,3,4,1,1,1,1,1,3,1,3,4,5,4,4,1,4,2,1,1,3,1,1,1,1,4,1,4,1,6,2,1,1,2,1,1,3,6,1,1,3,1,1,3,1,1,1,1,1,3,1,3,5,1,1,1,1,1,5,1,1,1,1,1,1,1,1,6,1,1,1,1,1,1,1,1,1,1,1,1,1,1,1,6,5,3,1,3,1,3,1,3,3,2,3,2,1,3,2,1,2,4,2,4,1,3,4,1,3,3,5,3,3,1,1,1,5,6,1,1,1,1,6,4,6,2,1,2,3,5,5,4,2,1,1,1,1,4,1,1,1,1,1,3,1,6,4,1,5,2,3,1,3,6,2,2,6,6,3,2,6,2,3,1,2,1,2,3,1,5,5,3,2,5,4,3,4,1,1,1,2,2,2,5,5,4,5,5,2,4,2,4,2,2,2,2,2,4,1,5,2,5,2,1,5,4,2,2,3,3,4,1,2,6,4,2,6,2,2,1,1,1,1,6,2,6,6,6,2,4,2,1,6,6,2,1,1,1
3,1,3,1,1,1,3,1,1,3,1,2,1,1,1,1,1,1,1,1,2,1,1,1,2,1,3,2,1,1,2,2,1,2,1,2,1,2,NA,3,1,1,NA,2,1,2,1,3,2,4,1,2,1,3,2,2,1,1,3,1,2,1,1,2,3,3,1,1,1,2,2,1,1,2,1,1,1,NA,NA,NA,NA,NA,NA,NA,NA,NA,NA,NA,NA,NA,NA,NA,NA,NA,NA,NA,NA,NA,NA,NA,NA,NA,NA,NA,NA,NA,NA,NA,NA,NA,NA,NA,NA,NA,NA,NA,NA,NA,NA,NA,NA,NA,NA,NA,NA,NA,NA,NA,NA,NA,NA,NA,NA,NA,NA,NA,NA,NA,NA,NA,NA,NA,NA,NA,NA,NA,NA,NA,NA,NA,NA,NA,NA,NA,NA,NA,NA,NA,NA,NA,NA,NA,NA,NA,NA,NA,NA,NA,NA,NA,NA,NA,NA,NA,NA,NA,NA,NA,NA,NA,NA,NA,NA,NA,NA,NA,NA,NA,NA,NA,NA,NA,NA,NA,NA,NA,NA,NA,NA,NA,NA,NA,NA,NA,NA,NA,NA,NA,NA,NA,NA,NA,NA,NA,NA,NA,NA,NA,NA,NA,NA,NA,NA,NA,NA,NA,NA,NA,NA,NA,1,3,1,1,1,NA,3,NA,NA,NA,NA,NA,2,1,2,1,2,1,1,2
6,5,6,1,6,5,6,1,6,1,5,6,2,1,6,6,6,6,6,2,1,5,2,1,2,2,1,5,5,3,4,4,5,5,4,2,1,6,6,6,4,6,6,5,6,2,3,2,1,4,1,6,5,3,1,6,6,6,3,3,1,2,3,4,1,4,3,5,2,5,3,3,1,4,3,5,3,3,2,5,5,5,6,6,3,4,4,2,3,1,3,4,1,6,2,5,3,3,4,4,3,6,5,3,3,4,2,1,1,5,6,5,4,2,2,5,5,1,2,1,2,1,3,1,1,1,1,4,5,4,4,3,2,2,5,1,1,1,3,1,1,1,3,3,5,5,4,3,1,2,1,5,4,3,3,1,1,3,3,1,NA,5,5,3,2,1,5,4,2,1,6,5,3,2,NA,1,1,5,5,6,1,6,3,1,5,1,6,1,1,3,3,6,6,5,4,6,4,NA,4,6,5,5,1,1,1,6,4,1,1,1,6,6,6,2,2,2,6,6,1,6,1,5,1,6,1,1,5,1,2,6,6,5,5,5,2,2,2,6,1,5,1,3,5,5,1,2,3,1,4,3
1,1,1,6,1,4,1,1,3,3,6,1,1,1,1,1,1,1,1,1,5,1,3,3,3,3,3,1,1,1,1,1,1,1,1,1,1,4,1,1,1,1,1,1,1,1,1,1,1,3,1,4,1,1,1,3,1,1,1,1,3,1,1,4,4,3,1,1,1,3,1,1,1,1,1,1,1,1,1,6,1,1,1,3,1,1,2,3,1,1,2,3,3,1,1,1,1,1,1,1,1,2,2,1,3,1,2,1,3,2,2,1,1,6,4,6,1,5,6,3,4,2,5,4,4,1,1,1,1,5,1,2,2,2,6,4,6,4,3,3,3,4,4,3,4,3,2,3,2,5,1,3,3,3,3,3,2,2,2,2,4,1,6,1,5,5,1,1,4,3,1,1,3,2,5,3,4,1,3,1,1,1,4,1,1,4,2,2,3,1,1,1,3,3,1,6,1,1,1,1,1,1,1,3,1,1,1,4,1,1,1,6,1,4,1,1,5,3,1,1,1,1,4,3,2,4,1,1,6,1,5,1,2,2,2,2,4,6,3,4,1,1,1,1,3,4,1,1,1,1
5,2,5,2,3,3,3,4,6,3,2,3,1,1,6,2,1,2,4,4,4,5,3,5,6,3,5,5,2,6,2,6,1,6,6,2,2,6,2,3,3,6,1,3,2,3,3,4,5,6,3,4,5,3,1,6,3,3,1,3,5,3,1,6,6,6,1,2,1,5,4,1,5,4,3,3,1,3,6,2,3,6,6,6,5,5,3,4,4,1,6,3,6,2,4,2,3,2,2,3,4,6,4,1,6,1,6,3,6,4,3,3,5,6,6,6,3,6,6,2,6,5,4,4,6,3,1,1,4,6,3,3,3,4,6,4,2,2,3,3,2,4,1,2,5,1,3,6,1,6,2,3,3,4,5,5,4,6,3,3,6,3,6,4,5,6,4,2,4,4,1,1,6,3,6,4,2,3,2,6,3,5,6,3,2,4,5,2,4,4,3,2,4,4,6,3,4,5,6,5,6,4,1,4,5,4,3,5,4,6,5,6,5,5,2,6,5,4,6,5,6,1,4,5,4,5,3,5,3,3,6,3,4,3,1,5,6,6,5,4,5,4,4,3,4,2,2,3,2,4
4,4,3,2,2,2,1,3,3,2,1,3,3,1,3,2,3,3,2,4,3,3,5,5,3,2,3,2,5,4,3,2,1,4,3,2,2,1,3,3,2,3,3,3,3,4,2,3,4,6,4,5,2,5,4,4,4,1,2,4,5,5,3,3,2,3,5,6,2,3,4,4,5,3,2,4,4,5,5,4,5,4,1,3,3,5,4,2,4,3,3,3,2,3,3,6,3,3,2,3,3,3,4,4,4,4,4,3,5,5,4,1,2,1,4,3,6,3,5,4,1,2,3,3,5,4,4,5,6,5,3,2,5,4,3,6,4,4,4,3,4,4,5,6,2,3,3,4,4,3,4,6,5,3,2,2,4,3,5,4,3,5,4,2,4,4,1,2,3,3,4,4,1,3,3,4,3,5,2,2,3,3,4,3,5,2,2,3,3,6,3,5,3,4,5,4,4,3,1,4,4,4,3,4,3,2,5,6,5,2,2,2,4,3,5,4,3,2,1,5,6,1,3,3,1,1,4,2,2,3,2,3,3,3,5,5,4,5,3,1,3,5,2,3,6,3,3,2,4,6
1,3,NA,4,3,3,5,2,1,1,6,3,1,5,5,4,2,4,4,6,4,3,3,6,2,4,3,3,4,5,2,5,4,5,6,1,1,6,3,4,4,2,5,5,6,6,2,3,3,5,6,3,4,5,6,5,5,5,5,5,2,2,1,1,4,1,4,1,4,2,2,2,3,2,2,2,2,2,5,5,4,2,3,3,5,5,2,3,6,5,3,3,2,3,5,3,4,2,5,5,4,4,4,5,3,6,6,4,3,2,4,2,6,5,4,3,2,3,5,4,4,5,5,NA,4,4,6,6,4,5,4,4,3,3,4,3,5,5,5,2,5,5,4,6,6,5,4,3,5,2,1,5,5,3,5,5,2,4,5,4,4,4,5,4,5,5,3,6,3,5,3,5,5,2,3,5,5,2,5,4,3,2,6,6,5,4,4,3,5,6,4,6,6,4,NA,3,4,3,5,5,3,2,4,4,4,2,4,4,4,4,4,3,1,1,1,5,1,5,5,3,5,6,1,4,4,6,2,6,6,4,6,3,4,5,1,5,3,5,5,4,2,1,5,5,1,2,5,3,1,2
1,1,2,6,1,2,1,1,1,1,6,1,2,1,1,1,1,1,1,1,1,1,2,6,4,1,5,1,5,3,1,1,2,1,1,1,1,1,1,6,1,6,5,1,1,1,1,1,1,6,1,1,2,2,1,4,1,1,1,2,1,1,1,3,1,1,1,1,1,3,3,1,1,1,1,1,2,1,4,6,2,5,2,2,2,1,2,3,1,2,2,3,1,1,1,5,1,1,1,1,2,3,1,1,3,1,3,5,2,1,1,1,1,4,4,3,1,4,5,3,4,1,4,3,4,2,1,1,4,4,1,1,NA,4,6,1,5,4,2,1,2,4,2,2,2,1,1,1,1,2,1,1,1,1,1,1,2,6,1,1,2,1,2,1,4,5,1,2,4,3,2,1,6,1,6,1,6,1,1,2,1,2,5,1,1,4,1,1,1,1,1,1,1,1,1,6,3,3,6,5,3,1,1,3,1,1,1,1,1,1,1,5,2,3,1,1,2,3,1,1,1,1,2,1,1,5,6,1,3,1,2,1,1,1,1,6,3,2,2,2,6,1,1,1,1,1,1,1,1,1
4,1,4,1,2,3,4,4,2,1,1,2,1,1,2,1,1,1,3,2,4,1,1,3,4,2,5,1,1,3,1,1,1,1,3,1,1,3,2,2,1,3,1,1,3,3,2,2,2,4,2,2,1,2,2,4,1,1,2,1,1,1,1,2,2,3,1,2,1,4,2,1,2,2,1,2,2,1,2,1,1,3,2,5,2,2,2,3,2,1,1,1,1,3,1,3,4,1,2,1,1,4,1,1,3,1,1,2,1,2,1,2,2,3,3,3,2,2,3,1,6,2,2,3,1,1,1,1,5,4,2,1,1,2,5,1,1,2,2,2,3,6,1,2,1,1,2,2,1,2,3,1,2,1,1,2,1,2,1,1,2,1,4,1,2,1,1,1,2,1,2,1,2,2,2,2,2,2,2,2,2,1,1,2,1,1,3,2,2,2,2,1,1,3,3,3,1,1,4,1,1,3,1,2,1,1,1,1,5,3,1,2,2,3,1,2,3,1,2,2,1,2,3,3,1,1,1,1,2,5,6,1,2,1,1,4,5,3,1,2,4,1,3,1,3,4,1,1,2,1
1,3,6,6,1,6,1,1,4,1,6,1,1,4,1,1,NA,1,1,1,1,1,1,4,3,1,6,1,1,1,1,1,NA,1,1,NA,1,1,3,6,1,5,1,1,1,1,1,1,1,1,1,1,1,1,1,1,1,3,1,4,1,NA,1,1,1,1,1,1,1,1,1,1,2,1,5,1,1,1,6,6,2,4,2,6,2,3,2,1,1,1,NA,1,3,1,1,1,1,1,1,1,1,1,1,1,1,1,1,1,1,1,1,1,1,1,1,1,1,1,1,1,1,1,1,1,1,1,1,1,1,1,1,1,1,1,6,1,6,1,6,NA,1,1,4,NA,1,1,1,1,1,1,1,1,1,1,1,5,NA,1,1,1,4,NA,1,1,1,2,1,1,1,1,1,1,1,1,1,1,1,1,1,1,1,1,1,1,NA,6,1,1,5,NA,1,1,1,1,1,1,6,1,6,5,6,3,1,4,1,NA,1,1,1,1,1,6,1,6,6,6,1,1,1,1,1,1,6,1,6,6,1,1,6,1,1,1,1,1,1,1,1,1,1,1,1,1,1,1,1,1,1,1,1,1
4,3,5,6,3,6,1,5,5,3,6,2,2,3,2,5,2,2,4,6,3,6,4,6,6,5,6,6,6,6,3,5,2,2,5,3,5,4,5,6,4,6,4,3,1,2,1,1,1,6,1,4,6,3,1,6,2,1,1,1,3,1,1,5,6,4,1,4,NA,5,5,1,1,1,1,3,1,1,3,6,3,6,1,4,2,1,1,2,1,2,1,3,3,1,3,6,4,1,1,3,4,5,1,2,5,3,5,2,4,1,1,1,3,2,3,6,1,6,6,3,2,1,5,2,4,1,1,1,5,5,1,3,4,1,6,2,6,1,1,1,1,3,6,1,1,1,NA,NA,1,NA,1,1,1,1,3,1,3,4,2,1,6,1,6,1,5,6,1,1,6,3,1,1,6,1,6,1,1,1,1,1,1,5,6,1,1,5,1,1,6,1,1,1,1,1,1,6,6,4,6,4,2,1,1,3,1,2,1,3,5,4,1,6,4,6,1,5,6,4,5,3,2,1,6,1,4,6,5,4,6,1,3,1,1,1,1,6,5,5,5,5,4,3,4,1,6,4,1,2,3,1
3,3,2,3,2,3,2,2,3,2,1,1,2,2,3,3,3,3,2,4,4,3,2,3,4,3,2,3,3,4,3,2,3,4,3,3,2,3,3,2,4,3,1,4,3,4,2,1,3,3,6,2,3,4,3,2,4,4,3,2,4,1,3,4,5,2,3,3,5,4,3,1,2,3,4,5,6,5,4,3,3,2,4,2,2,2,4,2,4,3,3,2,5,4,4,2,3,3,1,4,4,3,2,3,2,3,4,1,2,3,3,3,5,4,3,4,2,3,5,4,3,4,2,3,1,3,2,4,3,4,3,2,3,4,5,4,3,2,4,3,3,4,3,2,3,4,4,3,4,2,2,3,1,2,2,3,2,4,3,3,4,2,3,3,4,3,2,3,4,4,3,2,3,2,2,2,3,3,2,6,4,4,3,2,3,1,2,4,3,3,4,3,2,5,3,2,3,4,2,5,2,4,3,2,1,3,3,3,4,3,2,3,4,2,3,5,4,2,3,5,4,3,3,3,2,3,2,2,3,1,2,4,3,4,2,4,3,4,3,3,3,4,2,4,2,3,2,4,3,4
3,4,3,1,3,2,4,3,4,3,1,3,1,1,1,3,2,1,1,4,6,3,3,2,6,4,3,1,1,1,2,3,1,3,4,4,4,6,6,4,3,2,2,4,4,2,1,2,2,6,3,3,3,4,1,6,2,2,3,1,2,1,1,3,6,6,1,3,1,4,4,1,3,2,2,2,2,1,6,5,1,2,3,6,6,4,1,3,4,1,5,2,1,2,3,3,4,4,3,3,1,3,3,2,3,1,2,3,2,3,2,3,3,3,4,5,4,3,2,1,6,2,6,4,6,1,3,1,3,2,3,3,4,6,6,4,6,4,3,1,1,6,1,2,3,1,4,4,1,3,2,1,3,4,1,4,3,6,5,6,6,1,6,2,3,2,4,1,6,3,4,1,6,3,1,4,3,4,3,5,4,1,1,1,1,3,4,3,2,1,1,1,2,2,3,3,1,1,4,6,3,3,1,4,3,4,1,4,1,3,1,6,1,5,1,3,6,1,1,2,3,1,3,2,3,1,1,2,3,6,5,1,3,2,1,1,6,3,1,4,4,2,1,1,2,3,1,3,5,1
1,1,3,6,1,6,2,1,4,2,6,1,1,4,1,2,2,1,1,1,3,1,4,6,5,4,5,4,6,4,3,5,2,1,3,2,2,4,4,6,1,6,2,2,2,3,1,1,3,5,1,2,6,1,1,4,2,1,3,5,4,1,1,6,3,4,1,3,4,6,3,1,2,1,1,3,1,2,1,6,3,5,3,4,1,1,4,4,1,1,4,5,3,1,5,6,4,1,1,1,4,5,2,1,4,3,5,4,3,2,2,1,4,6,5,5,2,4,6,1,3,1,5,3,5,1,1,1,3,4,2,3,2,4,6,4,6,3,1,2,1,4,3,5,3,1,1,2,1,3,1,2,3,2,1,2,3,6,2,1,5,3,4,2,4,6,2,2,3,5,1,1,5,3,4,3,2,3,4,3,2,6,6,3,1,2,4,2,6,1,2,1,1,1,4,6,6,4,5,5,5,4,3,4,3,4,2,3,2,5,1,3,1,6,2,1,6,4,1,3,2,1,5,1,2,4,3,3,6,2,5,1,3,2,1,6,4,6,3,3,4,2,4,2,4,4,3,2,2,2
2,6,2,6,1,6,4,5,6,2,6,6,3,6,2,3,5,6,3,1,5,4,6,6,6,6,6,5,6,6,6,3,6,2,6,4,5,6,1,6,2,6,5,5,4,4,4,3,5,6,2,3,6,6,6,6,4,2,3,3,5,6,1,6,6,6,6,6,3,5,6,6,6,3,4,3,5,3,6,6,4,6,6,6,5,1,3,5,1,4,4,5,5,4,3,6,6,4,2,6,3,5,1,2,6,6,6,5,2,4,3,4,6,6,5,6,1,6,6,5,5,1,6,3,5,3,1,1,6,6,2,3,2,6,6,6,6,3,1,1,6,6,6,3,1,5,1,3,1,6,1,2,2,4,6,3,3,6,3,2,4,1,3,1,5,3,2,3,6,1,6,4,6,1,6,1,6,1,1,3,2,6,6,3,1,6,3,1,6,2,3,1,4,3,1,6,6,1,6,6,5,3,2,3,1,5,3,5,4,6,6,6,3,6,6,2,6,6,6,6,6,6,6,6,6,6,6,6,6,3,5,3,4,3,3,6,6,6,6,6,6,6,6,2,4,6,1,2,6,5
1,1,3,4,1,3,1,1,1,1,5,1,1,4,1,1,1,1,1,1,2,1,1,2,4,3,1,2,3,1,1,6,5,1,3,1,1,1,1,3,1,3,2,1,1,1,1,1,1,4,1,1,3,1,1,1,1,1,1,1,1,1,1,3,1,1,1,1,1,1,1,1,1,1,1,1,1,1,2,4,1,1,1,1,1,1,1,1,1,2,1,1,1,1,1,4,2,1,1,1,1,3,1,1,1,1,1,1,1,1,1,1,1,6,1,2,1,1,4,2,1,1,1,1,2,1,1,1,3,1,1,1,1,1,4,1,3,1,5,1,1,1,3,1,1,1,1,1,NA,1,1,1,1,1,1,1,1,3,1,1,1,1,1,1,1,1,1,1,1,1,1,1,2,1,3,1,1,1,1,1,1,6,4,1,1,1,1,1,2,1,1,1,1,1,1,2,2,1,4,3,3,1,1,1,1,1,1,1,1,1,1,1,1,1,2,1,2,1,1,1,1,1,1,1,1,2,1,1,3,1,1,1,1,1,1,1,1,1,1,1,2,2,4,1,1,1,1,1,1,1
1,1,2,2,2,2,1,1,2,2,2,1,1,2,2,1,1,1,1,1,1,1,1,2,2,2,1,2,2,2,2,2,1,1,1,1,2,2,2,2,2,2,2,2,1,1,2,1,2,2,1,1,2,2,2,2,2,1,1,2,2,2,1,2,1,2,1,1,1,2,1,1,1,1,1,1,1,1,1,2,2,2,2,1,2,1,2,1,1,1,1,2,2,1,1,2,2,1,1,1,2,2,1,1,2,2,2,2,2,2,2,2,2,2,2,3,2,2,2,1,2,2,2,2,2,2,1,1,2,2,1,2,2,2,2,2,2,2,1,1,1,2,3,2,2,1,2,2,2,2,1,1,2,2,1,2,1,2,2,1,3,2,3,2,2,2,2,2,2,2,2,1,2,1,2,2,2,1,2,2,1,2,2,2,1,2,2,1,2,1,1,1,1,2,2,2,2,2,2,2,2,2,2,2,1,2,2,2,2,2,1,2,1,2,2,1,2,2,2,2,1,1,2,1,2,2,2,2,2,2,2,2,2,2,2,2,2,2,2,2,2,2,2,1,2,2,1,2,2,2
3,2,2,5,2,6,4,3,4,2,6,2,1,2,2,2,3,2,2,3,5,3,2,2,4,2,5,2,2,2,1,1,2,1,2,1,2,2,2,4,1,6,2,1,2,2,1,1,1,3,2,2,4,3,2,4,1,1,1,1,2,2,2,5,2,3,3,2,1,2,2,1,2,2,2,2,1,1,2,3,2,4,4,3,4,3,3,3,3,1,3,4,3,3,3,4,4,2,2,2,1,3,2,1,2,1,3,2,2,2,2,2,4,4,4,3,2,3,4,2,3,1,3,2,4,2,2,1,4,4,1,1,1,1,4,2,2,2,4,1,1,3,1,3,2,1,3,2,1,3,3,2,2,2,2,2,3,4,3,2,3,3,4,1,3,3,2,2,3,3,1,1,4,2,6,2,2,2,3,4,3,5,3,2,1,3,2,4,4,3,2,1,2,4,3,4,3,2,4,4,2,3,2,3,2,2,2,3,3,3,2,2,2,3,2,1,2,1,2,2,2,1,2,2,2,3,2,3,3,4,4,2,3,2,2,3,4,4,2,3,3,2,2,1,2,2,2,1,2,1
1,3,5,1,1,2,1,1,2,2,1,3,1,1,4,2,1,1,2,2,3,1,1,1,5,1,6,1,1,1,2,3,1,1,3,1,1,5,5,3,1,5,2,4,4,1,1,3,1,4,2,1,3,3,1,5,3,5,2,4,6,3,1,5,5,5,1,1,3,5,5,2,5,2,5,3,3,4,6,4,2,6,5,6,3,1,4,6,1,1,4,3,3,2,2,3,5,2,4,1,2,5,2,1,5,1,4,2,5,3,2,1,1,5,5,4,4,3,4,3,4,4,6,3,5,2,4,1,4,1,1,1,1,3,5,3,5,4,1,1,5,5,3,2,5,1,1,2,1,5,2,1,1,3,1,2,2,4,3,2,5,1,5,1,3,4,2,1,4,1,3,1,5,1,4,3,5,3,4,4,2,5,6,2,1,2,4,2,4,2,1,1,2,1,2,5,3,4,6,3,5,2,1,4,3,4,1,4,3,4,2,6,3,5,1,5,6,3,4,3,3,4,5,3,1,2,5,5,4,6,4,2,4,5,1,5,5,6,4,5,2,4,3,2,5,6,3,2,1,3
5,5,6,6,5,6,6,6,6,6,6,6,1,6,6,6,6,6,6,5,5,5,5,5,6,6,6,3,6,6,6,6,6,1,6,6,6,6,5,6,6,6,6,6,6,6,6,6,6,6,6,6,6,6,6,6,5,5,5,5,5,5,1,6,6,6,6,6,6,6,6,3,4,4,5,5,6,6,6,6,6,6,6,6,6,6,6,2,2,1,6,6,6,6,5,6,6,5,1,6,6,6,6,1,4,5,6,6,6,6,6,6,6,6,5,5,6,6,6,6,6,6,6,6,6,6,1,1,5,6,1,5,5,5,6,6,6,6,2,2,4,6,6,6,6,1,4,5,1,6,1,5,1,1,6,6,6,6,6,1,4,6,6,6,6,6,1,1,6,6,6,5,6,1,6,6,6,5,5,6,6,6,6,5,1,6,6,6,6,6,5,1,1,5,5,5,5,5,5,5,6,6,6,6,6,6,6,6,5,6,6,6,3,6,1,4,6,6,6,6,6,6,6,6,6,6,6,5,5,5,5,5,5,5,6,6,6,6,6,6,6,6,6,1,6,6,1,5,5,6
2,2,3,4,2,3,2,1,3,2,6,2,1,1,4,2,1,1,3,1,4,1,3,1,5,1,3,2,1,4,2,4,1,2,4,2,4,5,2,4,2,5,2,2,4,4,2,3,3,2,1,3,4,2,1,1,1,1,3,2,2,1,1,4,3,3,1,2,1,6,3,1,4,2,1,4,2,1,2,4,3,6,4,3,1,1,3,1,2,1,4,5,5,1,2,5,5,1,1,1,5,3,1,1,3,1,4,2,4,5,3,3,2,1,3,5,2,3,1,2,2,1,4,2,3,1,1,1,3,4,2,2,2,3,5,3,5,2,1,1,2,5,5,4,3,1,2,1,2,4,1,1,2,1,2,4,2,3,2,1,4,2,5,2,1,3,1,1,3,4,2,1,3,1,5,2,1,2,4,1,1,4,2,3,1,5,1,2,2,1,3,1,1,3,4,1,5,3,NA,1,2,1,4,2,1,5,2,4,2,4,1,4,1,2,1,3,4,3,2,1,3,2,4,2,3,4,2,4,2,3,2,2,3,1,1,4,2,3,4,3,2,1,3,1,3,4,2,3,2,4
2,1,5,6,2,1,5,4,5,5,6,3,1,5,5,1,4,1,2,2,2,1,5,5,5,1,3,2,4,5,5,1,6,3,2,4,1,5,2,6,1,6,5,4,1,4,1,1,1,6,1,5,5,5,2,6,5,1,1,2,1,5,1,5,5,3,1,1,4,2,5,6,1,5,4,3,2,2,6,6,6,2,2,5,3,4,2,2,1,1,4,1,1,2,1,6,NA,2,1,5,1,4,1,1,2,2,2,2,3,3,2,2,4,6,5,6,2,4,6,1,2,1,4,5,4,3,3,2,3,6,2,1,1,5,5,1,6,1,6,1,2,6,6,1,4,1,1,1,1,5,1,1,1,1,1,6,1,5,4,4,5,2,1,1,2,6,1,1,6,6,5,1,4,1,5,2,5,1,1,3,1,6,6,1,2,5,2,2,6,1,3,1,2,1,1,6,6,2,5,6,1,2,1,1,1,3,1,1,3,4,2,6,5,6,1,2,4,1,2,3,1,1,6,1,2,5,5,5,6,2,1,1,1,3,1,6,6,6,2,2,4,1,6,1,2,4,1,5,1,5
4,3,4,3,2,4,3,3,5,3,2,3,4,3,4,4,5,4,3,4,5,4,3,4,3,4,2,1,2,3,2,3,3,3,4,5,3,3,4,3,4,5,5,5,6,5,4,3,4,4,3,3,4,5,4,3,2,1,2,3,3,3,5,4,4,3,4,3,4,3,4,3,2,2,3,3,2,4,3,4,4,4,3,3,2,1,3,3,4,5,5,6,5,4,3,4,3,2,3,2,3,NA,3,3,2,2,1,1,1,3,4,5,5,5,4,4,5,4,3,2,4,1,6,3,1,3,1,4,4,3,3,4,3,4,3,4,3,1,2,2,1,3,1,4,1,1,3,3,4,4,5,1,4,6,3,5,4,1,4,3,4,4,3,3,4,3,1,3,2,4,4,3,4,6,4,4,3,1,4,NA,5,3,4,3,1,4,5,NA,4,1,NA,4,NA,3,5,4,4,3,2,3,4,2,3,4,2,3,4,4,3,2,3,4,3,2,3,3,4,3,2,3,NA,4,3,4,3,4,3,2,3,2,4,3,2,3,3,3,2,4,2,3,NA,4,3,NA,1,5,4,3,2,3
4,2,3,4,1,4,1,3,5,1,6,3,1,4,4,4,1,2,5,4,5,1,4,5,6,2,6,3,6,3,3,4,2,3,4,2,3,5,5,6,1,6,1,3,3,4,1,3,4,6,1,6,3,3,3,6,2,1,4,2,2,4,1,6,6,6,1,1,1,4,6,1,6,4,6,6,2,4,4,6,3,6,2,6,1,1,2,2,2,3,5,5,4,4,4,5,4,3,2,2,2,5,1,1,3,3,6,6,5,3,2,2,5,6,6,6,1,5,4,3,6,1,6,4,6,1,1,1,4,4,1,5,1,6,6,3,6,3,2,1,4,5,4,4,5,3,2,1,1,4,2,2,2,5,1,5,4,6,4,3,5,2,6,1,4,4,1,3,4,4,2,1,5,2,6,3,4,1,1,4,1,5,6,3,1,4,1,4,5,1,2,2,3,3,1,6,6,3,5,5,5,4,1,4,1,3,2,4,3,5,1,6,3,6,1,3,4,4,3,2,2,2,6,2,3,6,4,5,6,3,4,1,3,1,1,3,3,3,3,4,4,3,4,1,3,4,1,1,3,3
2,2,3,4,3,4,3,3,4,4,5,4,2,2,2,2,2,2,3,3,4,2,3,2,3,1,3,2,1,2,3,1,1,1,2,2,1,2,1,5,1,4,3,2,2,1,1,1,2,3,1,2,3,3,2,2,2,1,1,2,1,1,1,2,4,2,1,1,1,2,1,2,2,2,3,3,2,3,2,3,2,2,3,NA,1,1,1,1,1,1,2,2,3,2,3,3,2,2,4,2,2,4,2,1,1,1,1,2,3,2,2,3,2,2,3,2,2,3,2,2,3,NA,5,4,3,2,2,1,5,4,NA,3,2,3,4,4,6,3,4,2,4,4,5,3,3,3,2,2,2,2,2,2,2,1,2,1,2,4,4,4,3,3,3,3,3,2,2,3,4,4,2,3,2,3,3,2,2,3,4,3,2,6,5,4,3,5,1,3,5,2,2,1,2,2,2,3,4,4,4,5,5,2,3,2,2,4,1,3,2,3,1,5,3,4,1,1,3,1,1,1,3,NA,4,2,3,3,3,3,4,2,3,1,2,2,1,1,3,2,2,2,3,3,2,2,2,2,2,2,2,2
6,1,4,1,4,3,4,6,2,6,4,2,1,1,2,1,1,1,3,6,6,5,2,1,3,5,2,6,1,2,1,4,1,6,4,1,1,6,5,2,1,6,1,1,4,4,2,2,2,3,5,5,3,3,3,1,1,2,2,1,3,1,1,3,4,6,1,2,1,4,3,1,4,2,1,2,3,1,5,1,1,2,2,2,3,3,2,1,2,1,4,2,1,3,1,2,3,1,2,3,1,2,3,1,5,1,2,2,1,2,1,2,3,6,4,3,2,2,3,1,4,1,5,3,4,1,1,1,2,3,2,2,1,1,2,3,1,1,4,2,1,4,1,3,2,1,3,4,1,3,2,1,1,1,1,1,2,6,1,1,2,1,5,4,3,2,1,1,1,2,1,1,2,1,3,4,1,2,1,3,3,1,1,2,1,2,2,2,1,2,2,1,1,2,2,3,1,1,4,1,1,3,1,6,1,1,1,2,2,1,1,2,2,1,1,2,3,1,3,1,4,3,2,5,1,1,1,1,2,6,6,4,2,1,1,1,1,6,1,4,3,1,2,1,1,3,1,1,4,3
