"informally","harmonies","booming","generosity","clung","neighbor's","clamps","assay","letterbox","paralysis","chemically","superfluous","scaring","memoirs","snide","ridiculed","dissolving","hedgehog","comprehensible","fray","roaring","inanimate","euphoria","revered","juries","outweigh","teaspoons","interspersed","wail","golfers","stride","ovens","astray","frugal","masterpieces","cyanide","collaborators","completeness","denounce","microscopy","doubting","discontent","lard","afterlife","unabridged","vending","lovemaking","celebrates","margarine","forfeiture","indent","thirteenth","taunting","focussed","unprofessional","pragmatism","inquirer","melon","scarred","lavish","amuse","staffs","potency","maize","bloke","recess","searchlight","pastry","commission's","nightfall","decays","forsaken","molar","resurgence","travesty","precede","spry","tetanus","influx","muss","mutilated","aspiring","conveyed","reaper","aural","equated","tingling","revising","unsolved","insatiable","annihilation","untreated","waived","haw","infiltrate","constituency","uniformed","broncos","vitality","tickled","bran","monuments","enchanter","racially","overland","incarceration","serif","jello","koala","emigrated","synonymous","recessive","indifferent","cutaneous","loathe","undisputed","hallowed","pence","lads","strata","exclamation","handbooks","superstitious","bastion","exporters","erasing","choppy","diligently","shoddy","gremlin","transgression","defenseless","almonds","swirl","tyrant","patriarchal","crucifixion","motioned","muted","grapple","thud","perimeter","bribes","bypassed","dishwasher","metropolis","loft","sunspot","mythological","gums","confiscate","cynicism","hangup","deacon","standardize","tsar","piglet","quiver","counterfeit","disrupted","unsettled","impurities","laborers","potentials","steaming","flirt","hitter","swearing","populous","hallucination","withhold","reborn","preheat","associating","spades","streamline","responsibly","succumb","rusted","ogle","barons","lob","ambassadors","cheerful","forbidding","impasse","technologically","excepting","sweetest","intrepid","hectic","protracted","greet","buffs","hydraulic","indulging","toxicology","eloquent","baritone","tapestry","unison","atypical","spar","touchdown","senile","executioner","drummers","lament","piccolo","unscrupulous","transfered","kegs","disallow","barbecue","splendid","impersonal","classifications","insistent","irrefutable","stalled","fingered","jerking","unfold","catalytic","fuses","uncles","employee's","bounding","prejudiced","horrifying","grader","rung","promiscuous","destruct","reciprocal","club's","divergent","jackpot","impotence","morgue","disingenuous","preschool","sloping","albatross","materialistic","darkest","decorations","allowances","snicker","kidnap","requiem"
2,3,1,3,1,4,1,1,1,2,3,4,3,5,2,2,1,4,2,1,1,2,5,3,3,4,2,2,1,1,1,1,1,1,3,3,2,3,3,2,4,3,1,2,4,3,3,2,3,5,1,2,2,2,4,1,NA,3,2,1,2,1,3,1,2,2,3,2,4,3,1,3,1,2,2,2,1,1,1,1,2,3,4,3,3,3,2,2,3,5,4,2,1,1,2,3,2,2,1,2,2,2,3,3,2,2,2,1,1,2,3,4,3,2,3,3,2,1,1,1,3,2,5,2,3,3,1,2,1,1,3,4,1,1,2,4,2,3,1,1,1,3,2,NA,3,3,2,1,4,1,2,1,1,3,2,5,1,1,3,3,3,3,2,3,3,1,1,2,3,2,1,1,1,3,3,3,2,2,1,1,1,1,2,3,3,2,4,3,2,2,1,2,1,NA,3,4,2,3,2,3,4,3,3,3,3,2,NA,4,2,NA,3,2,2,2,3,3,2,2,3,3,2,1,2,3,1,2,3,4,2,3,3,1,4,1,3,1,3,2,4,3,4,5,1,2,3,1,1,2,1,1,5
4,3,2,4,4,3,2,4,3,5,2,6,5,2,4,3,2,3,4,3,5,1,3,3,4,2,4,3,4,2,4,3,4,3,3,4,2,3,4,4,3,4,5,3,2,3,4,3,5,2,4,3,4,3,3,5,3,4,2,2,3,3,5,5,3,1,2,3,2,4,4,4,3,4,2,3,3,2,4,3,2,4,3,2,4,3,6,4,3,6,3,4,2,3,2,3,3,2,4,4,3,2,3,4,3,5,3,2,3,4,3,2,3,4,3,4,3,5,3,4,4,3,4,2,4,3,2,3,5,2,4,3,5,3,2,3,4,3,3,4,3,2,3,4,3,2,3,4,3,2,3,3,2,4,4,5,4,3,3,2,3,4,3,3,2,4,3,3,3,5,4,3,3,2,3,5,3,6,3,5,2,3,3,4,2,3,2,3,3,2,4,3,2,3,4,3,4,3,2,3,4,3,2,3,4,3,3,2,3,3,4,2,2,2,2,3,4,3,4,2,4,3,4,3,3,2,4,5,5,5,5,5,3,3,2,3,4,3,2,3,3,3,2,3,4,3,3,2,1,3,4
2,1,1,2,1,4,1,4,3,1,3,4,1,1,1,1,2,4,3,1,1,3,3,2,1,1,2,1,1,2,1,1,1,3,2,5,2,3,2,1,3,1,1,1,3,2,1,1,3,2,1,2,2,1,2,5,2,1,1,1,1,1,1,4,1,2,1,2,1,1,1,1,1,5,2,2,1,2,3,1,3,1,1,1,3,2,1,2,1,3,1,1,1,1,2,4,2,2,2,1,1,1,2,2,1,1,5,2,1,2,4,3,1,1,1,2,1,2,1,1,2,1,2,2,1,1,1,2,3,4,2,1,1,2,1,3,5,1,1,1,1,2,1,1,2,2,1,1,5,1,3,6,2,1,2,6,1,4,2,1,1,2,2,1,1,1,1,1,2,4,1,1,1,3,1,1,2,5,1,3,2,1,3,1,2,4,5,1,1,2,3,3,2,1,3,3,5,5,3,1,2,1,1,1,3,3,1,2,5,2,2,1,2,3,2,2,2,2,4,1,1,1,1,3,1,1,2,1,2,2,1,1,2,2,1,1,2,2,2,4,3,1,1,4,3,1,1,1,1,1,5
5,5,3,6,3,2,2,6,1,5,4,6,4,6,5,5,4,2,6,2,2,5,6,5,4,5,5,6,5,2,4,2,6,5,6,6,5,4,6,5,6,NA,6,5,6,5,4,4,5,6,5,5,5,4,3,6,6,4,5,5,4,3,5,6,5,4,3,5,4,2,5,5,3,6,5,5,6,6,4,5,6,6,6,5,6,5,3,5,4,6,6,4,6,3,5,6,4,5,6,4,3,5,4,6,2,6,6,4,5,5,6,5,2,6,6,4,3,6,2,5,4,1,6,6,5,6,4,6,6,5,5,3,4,1,5,6,6,5,4,3,1,5,3,5,2,6,1,2,4,1,5,6,1,5,4,6,3,4,5,4,2,5,5,5,3,1,1,NA,4,4,2,1,1,3,4,4,2,5,3,6,4,3,4,1,2,6,3,3,2,5,2,4,1,2,6,4,5,5,4,5,4,4,1,1,5,4,2,3,5,6,3,1,1,2,4,2,4,5,6,3,3,3,1,6,3,4,3,6,6,5,1,1,6,5,5,1,3,2,6,5,6,1,3,6,5,2,2,4,4,5,6
3,4,2,1,1,2,1,3,1,4,3,4,2,5,1,4,2,3,4,1,3,1,1,2,1,2,1,3,2,3,2,2,1,4,2,5,1,2,3,3,3,1,1,1,2,1,1,3,4,3,1,2,3,2,2,3,3,1,2,1,3,3,2,3,1,2,2,1,3,1,2,3,2,1,1,2,3,4,5,4,4,4,4,3,3,2,1,2,1,3,4,1,2,1,3,1,1,3,1,1,2,1,2,3,1,4,2,4,2,1,3,2,1,2,4,2,3,1,1,2,2,1,2,2,1,2,1,3,1,2,1,2,2,1,2,2,1,2,3,2,2,3,2,1,2,2,3,4,2,3,2,4,1,3,2,4,1,4,4,3,2,4,2,4,1,2,2,1,2,1,2,1,1,3,1,3,1,3,1,3,1,3,1,3,1,5,3,3,1,3,1,3,1,1,2,2,3,2,3,1,1,2,1,NA,5,4,1,4,1,4,2,1,3,1,3,1,3,2,3,2,4,2,2,3,4,3,4,5,4,1,3,5,2,4,2,4,1,2,5,3,6,2,4,3,1,4,1,5,1,3,1
1,1,1,1,1,6,1,5,1,1,1,6,6,6,3,1,2,5,1,1,1,4,6,2,2,6,1,5,1,1,3,1,1,1,1,5,1,2,6,2,6,1,2,1,6,1,1,5,6,6,1,1,3,1,1,5,6,1,2,1,4,1,5,2,5,6,5,3,1,1,3,5,3,6,2,6,6,3,3,4,5,1,1,3,6,6,1,1,1,6,6,1,1,2,2,2,5,3,5,4,1,4,3,6,1,5,1,1,2,1,2,6,1,6,6,4,3,1,1,3,1,1,6,6,1,5,1,6,5,1,1,1,1,1,1,6,6,5,1,5,1,1,5,1,1,1,1,1,5,1,2,6,1,1,1,6,1,6,5,1,1,1,2,1,1,NA,1,1,1,5,1,1,1,4,5,1,1,3,1,1,1,1,1,1,1,6,5,6,1,5,1,1,1,1,6,6,1,5,2,6,6,5,6,1,6,1,4,1,5,5,4,1,3,3,1,1,1,1,1,1,5,1,1,5,5,1,1,1,1,1,1,1,2,1,1,1,1,1,2,5,3,1,4,2,1,1,1,3,1,1,6
4,6,2,4,1,6,1,4,3,5,4,6,1,NA,4,5,3,4,3,2,4,6,6,3,3,4,1,5,2,3,2,2,4,4,5,6,3,2,5,5,3,4,1,4,5,2,3,5,6,6,2,4,3,4,3,3,6,3,3,4,2,2,4,5,3,3,2,1,5,3,4,4,4,3,5,4,6,4,5,4,4,3,4,4,3,4,4,4,3,6,6,4,3,4,4,6,4,4,2,3,1,3,3,4,2,5,6,2,3,4,6,4,3,6,5,2,3,2,1,4,4,2,4,5,3,2,1,5,3,3,4,3,3,1,4,6,6,3,1,2,1,4,2,3,3,3,1,2,4,1,6,5,3,4,4,6,3,4,5,3,3,5,4,3,2,1,1,3,5,4,3,1,1,5,3,4,4,4,3,5,3,1,4,2,4,6,4,3,2,5,4,4,1,2,5,4,4,6,3,4,4,3,2,3,3,4,2,4,5,6,3,1,2,3,3,3,3,4,6,2,3,3,1,3,1,2,3,3,3,4,2,3,6,2,4,2,4,3,4,4,6,3,2,6,5,1,3,3,4,2,6
3,3,2,3,3,3,3,3,3,3,3,3,3,3,3,3,3,3,3,3,3,3,3,3,3,3,3,3,3,3,3,3,3,3,3,3,3,3,3,3,3,3,3,3,3,3,3,3,3,3,3,3,3,3,3,3,3,3,3,3,3,3,3,3,3,3,3,3,3,3,3,3,3,3,3,3,3,3,3,3,3,3,3,3,3,3,3,3,3,3,3,3,3,3,3,3,3,3,3,3,3,3,3,3,3,3,3,3,3,3,3,3,3,3,3,3,3,3,3,3,3,3,3,3,3,3,3,3,3,3,3,3,3,3,3,3,3,3,3,3,3,3,3,3,3,3,3,3,3,3,3,3,3,3,3,3,3,3,3,3,3,3,3,3,3,3,3,3,3,3,3,3,3,3,3,3,3,3,3,3,3,3,3,3,3,4,4,3,4,4,4,4,4,4,4,4,4,3,3,3,3,3,4,4,4,4,4,4,4,4,4,4,4,4,4,4,4,4,4,4,3,5,4,4,3,NA,4,3,3,4,3,4,4,3,3,3,3,3,3,4,3,3,3,3,4,3,3,3,4,3,4
1,2,1,3,1,2,1,3,1,5,5,5,1,5,1,3,2,2,4,1,1,2,4,5,3,1,1,4,1,1,1,1,1,4,1,5,5,1,1,5,4,1,1,1,1,1,1,1,4,5,1,4,1,4,2,4,4,1,1,2,2,1,3,2,1,3,1,4,4,1,1,1,1,4,3,2,1,4,2,1,4,3,3,2,4,4,4,4,2,4,4,2,1,1,3,4,4,1,4,3,1,3,3,4,2,4,4,3,4,4,5,4,3,4,4,1,1,1,1,2,4,2,5,5,3,3,2,4,1,2,4,3,2,1,1,4,5,4,2,2,1,3,1,2,3,4,1,2,5,1,3,5,2,4,4,5,2,4,4,2,3,4,3,3,2,1,1,2,4,5,2,2,2,3,1,2,3,4,2,3,4,1,4,2,3,5,5,4,3,3,2,3,1,1,3,4,5,4,3,3,2,3,1,2,3,4,2,2,4,4,3,2,2,3,2,3,3,4,4,2,3,2,2,3,1,2,3,3,4,3,2,1,4,2,3,2,4,2,4,3,4,3,3,4,3,1,2,1,1,1,5
1,1,1,3,1,6,1,3,1,4,5,3,1,5,1,3,1,6,5,1,1,2,6,5,3,6,1,2,1,1,1,1,2,1,6,5,1,1,4,4,6,1,1,2,6,1,2,5,6,6,1,1,1,3,5,1,5,2,2,1,2,1,3,4,2,2,4,2,1,5,1,1,1,4,2,3,1,1,1,1,1,1,1,3,3,1,1,1,2,6,5,1,1,1,2,3,2,1,2,2,1,3,4,5,1,3,1,1,1,1,6,3,1,6,3,1,2,3,1,1,3,1,5,6,1,1,1,4,4,1,3,1,1,1,3,6,6,5,1,2,1,1,2,1,1,4,1,1,3,1,2,6,1,5,2,6,1,1,1,1,2,1,1,4,1,1,1,1,5,3,1,1,1,3,3,2,3,5,1,1,1,1,1,1,1,5,4,1,1,1,1,1,1,1,4,4,4,3,2,2,2,2,2,3,3,4,1,1,4,6,4,1,1,3,1,1,5,1,4,2,2,1,1,2,3,3,1,1,3,1,1,1,6,1,3,1,3,1,3,6,5,4,1,1,1,1,3,1,1,1,5
1,1,1,1,2,2,1,3,1,1,1,3,1,3,3,1,1,1,1,3,1,2,4,3,1,1,1,3,1,1,1,1,3,4,1,3,1,1,1,3,1,1,1,4,3,1,3,2,3,3,1,1,1,1,1,3,3,1,1,2,1,1,1,2,2,3,2,1,2,1,1,2,1,2,2,2,3,5,1,1,1,2,1,3,4,3,1,1,1,3,4,1,1,1,1,4,1,1,1,1,1,2,2,2,2,3,3,1,1,1,4,3,1,4,2,2,2,3,2,3,4,2,2,2,2,2,2,3,3,1,1,1,1,1,3,2,4,2,1,1,1,3,3,2,2,4,1,2,3,1,1,4,2,1,2,1,2,1,3,2,2,1,2,2,1,1,1,3,3,3,2,1,1,2,1,2,3,3,1,1,1,1,3,2,2,4,2,2,1,1,1,2,1,1,3,2,3,3,2,2,2,2,1,2,4,2,1,3,1,2,3,1,3,3,1,2,2,2,3,1,2,2,1,2,1,3,4,2,3,1,1,1,2,2,2,1,2,1,3,3,4,3,2,3,2,2,2,2,1,1,4
1,1,1,1,5,6,1,6,1,2,5,6,3,6,5,2,2,6,6,5,4,2,5,4,2,5,2,5,6,1,4,1,5,1,2,6,2,4,5,1,5,1,4,1,5,1,4,2,6,6,1,5,4,1,4,5,4,1,4,5,2,1,2,5,4,5,3,4,3,2,5,2,4,5,6,4,5,2,3,5,3,3,5,4,6,3,4,5,2,5,6,3,6,6,2,4,5,5,2,5,4,1,4,5,1,3,5,1,3,4,6,3,1,6,6,2,5,3,1,4,2,1,4,5,3,4,2,3,4,6,5,2,1,3,4,6,6,5,2,4,5,4,3,3,2,3,1,3,5,3,3,6,1,3,4,6,2,4,6,2,4,3,1,2,3,4,3,6,3,4,3,2,2,3,2,3,6,4,3,6,3,4,3,2,3,4,4,5,5,1,2,4,1,2,4,3,2,2,5,3,4,4,3,5,6,4,2,4,5,5,2,3,4,4,1,1,3,2,5,4,5,2,1,5,1,1,3,2,5,1,3,3,4,1,1,3,2,2,3,4,6,2,3,5,2,1,2,4,5,1,6
2,3,2,2,2,3,3,2,3,1,3,4,3,NA,3,3,2,4,4,2,3,2,6,2,2,2,2,2,2,2,1,2,1,1,1,5,2,2,5,1,4,2,1,1,2,2,2,2,4,2,1,1,3,1,1,1,1,1,1,1,1,1,1,2,1,1,2,1,1,1,2,2,1,1,1,3,3,3,3,3,2,2,2,2,2,2,1,1,2,2,2,2,2,2,1,2,2,1,1,1,1,3,1,1,1,1,1,1,1,1,1,1,1,1,1,1,1,1,1,1,1,1,1,1,1,1,1,1,1,1,1,1,1,1,3,1,3,1,1,1,1,1,1,1,1,1,1,1,1,1,1,5,1,1,1,6,1,1,1,1,1,1,1,1,1,1,1,1,1,1,1,1,1,1,1,1,1,1,1,1,1,1,1,1,1,1,1,1,1,1,1,1,1,1,1,1,1,1,1,1,1,1,1,1,1,1,1,1,1,1,1,1,1,1,1,1,1,1,1,1,1,1,1,1,1,1,1,1,1,1,1,1,1,1,1,1,1,1,1,1,1,1,1,1,1,1,1,1,1,1,5
2,5,3,4,2,5,4,2,5,2,5,2,3,5,4,5,4,2,3,3,2,3,4,1,4,5,1,2,4,3,5,3,4,2,2,4,4,5,4,2,5,4,2,4,2,5,3,4,5,3,2,4,2,5,3,4,4,2,5,3,2,5,2,4,5,3,2,3,5,2,1,4,3,4,2,5,4,2,3,4,5,2,4,5,3,4,3,5,2,5,3,2,5,4,2,5,5,2,4,4,3,4,3,2,4,4,3,5,2,4,2,4,3,6,3,4,2,3,5,2,4,3,5,2,4,5,5,3,4,2,5,5,3,5,2,5,2,5,2,5,3,5,2,4,3,5,2,2,4,4,3,5,4,3,1,5,4,3,4,3,5,3,5,3,4,3,2,3,3,4,2,4,3,5,3,5,3,4,5,3,5,3,5,4,5,3,5,5,NA,3,3,4,2,5,5,2,5,3,5,2,4,5,2,3,3,5,NA,4,3,4,2,2,5,4,2,4,4,3,4,3,4,4,3,4,2,5,3,4,2,5,2,5,2,4,NA,2,4,3,5,2,4,1,2,4,5,5,3,5,4,3,3
3,4,4,3,1,5,1,3,2,3,4,5,4,6,6,4,5,5,6,6,4,5,6,6,4,4,5,4,5,4,3,1,4,4,6,6,4,5,4,3,4,2,1,4,2,3,4,4,3,6,1,6,6,5,4,5,5,1,5,1,4,1,1,4,3,4,6,1,4,5,3,5,1,6,6,6,6,6,5,4,3,3,3,4,2,4,3,4,3,6,6,4,4,1,5,5,3,3,4,5,1,4,5,4,2,5,2,1,1,2,3,2,3,5,4,3,2,3,1,1,4,3,6,6,3,2,3,4,6,3,4,3,4,4,4,6,6,5,2,3,1,1,4,5,2,4,1,1,3,1,4,2,4,5,6,6,4,5,6,4,4,3,4,5,4,1,2,4,3,6,4,3,4,4,5,6,5,4,2,3,2,1,4,5,4,3,4,5,3,4,5,6,4,5,6,6,6,5,5,6,3,4,1,4,5,6,5,4,5,6,6,1,3,4,3,4,5,6,6,4,3,4,1,3,4,5,5,4,6,6,4,3,6,4,5,2,3,2,4,6,6,5,3,6,4,3,4,5,2,3,6
3,3,3,3,3,3,3,3,3,3,3,3,3,3,3,3,3,3,3,3,3,3,3,3,3,3,3,3,3,3,3,3,3,3,3,3,3,3,3,3,3,3,3,3,3,3,3,3,3,3,3,3,3,3,3,3,3,3,3,3,3,3,3,3,3,3,3,3,3,3,3,3,3,3,3,3,3,3,3,3,3,3,3,3,3,3,3,3,3,4,4,4,5,5,5,5,5,5,5,5,5,5,5,5,5,5,5,5,5,5,5,5,5,5,5,5,5,5,5,5,5,5,5,5,5,5,5,5,5,5,5,5,5,4,4,4,4,4,4,4,4,4,4,4,4,4,4,4,4,4,4,5,5,5,5,5,5,5,5,5,5,5,5,5,5,5,5,5,5,5,5,5,5,5,5,5,5,5,5,5,5,5,5,5,5,5,5,5,5,5,5,5,5,5,5,5,5,5,5,5,5,5,5,5,5,5,5,5,5,5,5,5,5,5,5,5,5,5,5,5,5,5,5,5,5,5,6,6,6,6,6,6,6,5,5,5,5,5,5,5,5,5,5,5,5,5,5,5,5,5,5
5,5,4,5,2,4,3,3,2,4,5,4,3,2,4,3,2,5,5,2,3,3,5,3,5,4,4,3,3,4,2,2,NA,1,5,4,3,3,3,3,4,3,4,2,4,3,3,3,2,4,3,5,5,2,3,3,4,3,4,3,2,3,3,6,3,4,3,4,2,5,4,4,3,3,6,5,1,5,1,5,4,4,4,2,3,5,4,3,2,2,4,4,3,3,3,4,3,5,3,4,3,2,5,5,2,3,3,3,3,2,2,5,4,2,4,4,2,3,5,5,4,4,5,4,4,3,4,3,3,3,4,5,4,4,2,4,3,4,5,4,2,2,2,4,3,4,4,4,3,3,3,5,5,3,3,3,2,4,4,3,3,2,4,4,4,3,4,2,4,3,4,3,2,4,3,4,2,4,4,4,3,5,4,3,3,4,4,3,4,3,2,2,2,5,4,3,5,4,3,3,4,3,4,4,5,3,3,4,3,4,3,4,3,2,4,3,3,5,3,4,2,3,3,4,4,3,3,4,2,3,2,5,4,3,4,3,5,3,4,5,4,4,2,4,4,2,3,4,2,3,3
1,2,1,3,1,4,1,5,1,3,3,5,3,4,2,2,2,1,4,1,2,3,4,3,2,3,2,5,6,1,1,2,2,3,5,5,3,3,4,3,4,2,1,1,2,1,2,2,4,6,1,3,3,3,3,5,6,1,3,1,2,1,2,4,2,1,1,1,1,3,2,2,1,3,4,4,3,4,1,1,3,3,3,3,4,3,1,2,4,NA,6,3,4,1,3,5,2,1,2,2,1,3,3,4,1,2,5,1,1,2,3,3,2,6,5,2,3,2,1,1,3,1,4,5,2,2,2,3,3,1,2,2,2,1,3,5,4,4,3,2,1,2,2,2,1,2,1,1,4,1,3,5,1,2,3,6,1,2,6,2,2,4,3,4,2,1,1,3,4,4,1,1,2,1,2,2,1,3,2,4,2,1,3,2,1,5,3,1,1,3,1,2,1,1,4,2,3,4,2,1,1,2,1,2,2,3,1,2,1,3,2,1,1,1,1,1,3,1,3,1,1,1,1,4,2,3,3,3,3,3,2,1,5,1,3,1,2,1,3,5,5,6,3,2,4,1,2,3,1,1,6
4,4,1,4,1,5,1,5,3,5,4,5,3,3,1,5,5,5,5,1,4,5,4,2,2,4,4,4,1,4,1,1,3,3,3,5,4,4,4,4,4,4,4,4,5,3,3,4,4,3,5,5,5,3,4,4,4,1,4,4,1,4,4,5,4,1,4,1,4,1,5,5,1,5,4,5,1,4,4,1,5,5,5,5,4,4,5,5,4,4,5,5,4,1,4,4,4,4,5,5,1,5,5,5,4,4,5,1,6,5,5,5,6,6,5,5,5,5,1,1,5,5,4,4,5,2,1,4,5,5,5,5,5,1,4,4,4,5,4,2,1,6,6,5,5,5,1,6,6,1,6,6,6,4,4,4,5,4,4,4,4,5,5,5,5,1,NA,5,5,4,5,1,5,5,5,5,5,5,1,4,4,1,4,5,5,5,4,4,4,5,5,5,1,5,5,5,5,4,4,5,5,5,1,5,4,5,5,4,5,5,5,5,4,4,5,5,5,5,4,5,5,5,1,5,4,4,5,5,5,4,5,1,5,5,5,1,1,1,6,6,6,1,4,4,4,3,4,5,3,5,6
3,2,1,3,3,1,1,4,1,5,2,6,4,6,2,2,4,2,4,1,3,4,6,5,5,1,2,6,1,1,1,1,3,4,1,6,5,5,4,3,2,2,2,1,4,3,2,3,5,6,2,3,2,4,3,5,5,2,2,5,3,2,3,1,3,1,1,3,4,4,4,3,3,4,3,2,3,6,6,5,4,2,3,4,2,3,2,2,2,3,6,5,4,2,4,5,4,3,6,1,1,1,1,2,2,3,1,3,1,1,6,4,5,3,4,2,4,2,3,1,3,2,4,5,2,4,5,4,3,5,6,3,4,3,3,3,5,4,4,5,4,5,3,2,6,3,3,2,5,3,2,6,6,6,5,2,2,6,5,5,5,4,6,5,3,3,4,2,6,6,1,1,1,3,1,3,2,4,4,1,3,4,4,4,5,6,6,3,2,4,4,5,5,4,5,3,3,4,4,5,4,3,3,3,2,2,4,NA,5,6,4,1,1,3,1,4,4,4,3,NA,2,5,3,2,3,1,1,2,1,1,1,1,6,NA,3,2,3,4,5,3,6,3,5,5,4,2,3,4,1,1,6
3,3,1,2,1,4,1,2,1,3,3,6,2,3,1,3,2,4,3,1,2,3,5,3,2,4,1,4,1,1,2,2,2,2,3,4,3,3,4,4,4,2,1,2,3,1,2,3,4,6,1,2,3,3,4,2,4,1,2,1,2,1,2,4,2,3,4,2,3,4,1,2,1,3,2,3,1,2,1,1,4,4,3,2,3,2,1,3,3,5,5,2,2,1,2,4,2,1,2,3,1,2,2,4,2,4,2,1,2,2,4,3,3,5,3,4,4,2,1,1,3,1,5,4,2,2,1,3,1,1,4,4,2,1,1,3,4,4,2,2,1,3,2,3,2,3,1,1,4,1,1,5,1,2,3,3,1,2,4,NA,2,3,3,3,1,1,1,2,3,4,2,1,1,4,2,2,3,3,1,2,1,1,3,2,1,3,4,4,2,2,1,3,1,1,4,3,4,5,2,3,3,2,1,2,2,4,1,1,2,4,3,1,2,3,1,3,4,1,4,2,2,1,1,4,2,3,3,2,4,2,1,1,4,3,4,1,3,1,2,3,4,1,1,1,3,1,3,3,1,1,5
3,4,2,2,2,4,2,4,2,4,NA,4,2,4,2,3,2,3,2,2,2,4,4,2,4,2,4,2,2,2,3,4,4,NA,3,5,4,5,4,2,2,1,1,3,4,2,3,4,2,4,1,3,4,4,4,4,3,1,NA,1,1,1,2,3,3,NA,3,1,NA,1,1,1,2,2,3,4,4,3,3,3,3,4,4,2,2,2,2,2,3,2,3,2,2,2,4,4,3,1,3,1,1,4,3,3,2,4,2,1,4,3,3,4,5,4,5,5,NA,2,2,1,NA,3,2,2,3,2,NA,2,2,NA,4,2,2,3,5,5,4,NA,2,4,3,NA,3,3,2,4,2,NA,5,NA,6,6,3,3,6,5,5,5,5,3,3,NA,3,2,2,2,2,3,5,3,NA,4,4,4,3,2,5,5,4,4,2,2,3,3,2,4,4,NA,2,4,2,NA,3,2,5,2,NA,2,NA,2,2,1,1,2,2,4,3,5,5,4,4,1,2,4,1,1,2,3,3,2,2,1,1,4,2,3,NA,2,2,3,2,2,5,4,4,2,2,2,5,4,4,2,1,1,2,2,3,3,1,5,5
1,6,1,2,3,6,1,1,1,NA,3,2,6,6,2,1,4,2,1,6,3,3,1,4,3,4,6,1,4,2,6,2,6,1,6,6,3,1,3,3,2,1,3,3,4,4,3,5,2,5,3,6,3,NA,5,4,5,5,2,3,6,2,1,4,4,4,3,5,2,2,4,4,4,2,NA,3,6,4,3,3,6,3,1,2,2,1,5,3,6,1,4,1,2,2,6,3,3,3,6,4,3,1,3,1,4,6,2,5,6,4,4,3,1,2,6,6,4,2,4,6,1,4,1,6,2,6,2,3,2,2,2,4,NA,NA,NA,2,3,3,4,5,4,4,3,5,3,4,6,6,6,1,1,1,2,2,2,3,3,3,4,4,4,5,5,5,6,6,6,5,5,5,4,4,4,3,3,3,2,2,2,1,2,3,3,3,3,2,1,2,3,4,5,6,6,6,5,5,5,6,6,6,1,1,1,2,1,2,1,2,3,3,3,4,4,4,5,4,5,4,6,6,6,4,4,4,3,3,3,4,4,4,3,3,3,4,4,4,5,5,4,3,2,2,2,6,6,6,1,2,3,4,5
3,2,1,2,3,5,2,6,1,4,2,6,1,5,4,2,3,1,2,1,2,1,5,3,2,3,1,5,5,1,1,1,3,1,1,5,2,1,3,2,5,1,1,1,4,2,1,2,2,6,1,1,1,4,1,1,5,1,2,1,3,1,4,6,2,4,1,4,2,1,2,3,1,2,1,4,2,2,1,2,1,3,5,5,2,2,1,1,1,6,6,2,4,1,3,5,3,1,1,4,1,2,1,4,1,6,2,1,3,2,3,2,1,5,4,2,4,1,1,3,1,1,5,2,2,2,1,3,1,1,1,1,2,2,5,4,4,2,1,1,1,3,1,2,1,2,1,1,5,1,4,6,1,3,1,6,1,1,5,2,2,4,4,2,1,1,1,1,2,4,1,1,1,3,1,1,2,3,1,4,1,1,2,1,2,4,2,4,1,2,1,2,1,1,4,4,1,3,4,5,6,4,1,1,6,4,2,3,4,6,3,1,1,5,1,2,1,1,4,3,2,1,1,5,2,1,2,1,4,3,1,1,4,1,4,1,1,1,4,5,5,1,1,1,1,1,1,2,1,1,6
2,3,1,4,2,6,2,2,2,5,4,6,2,4,3,5,3,5,6,1,3,5,3,3,2,3,2,6,2,1,1,1,2,2,2,4,3,3,4,5,6,4,1,2,5,2,3,3,4,6,2,5,3,4,2,6,5,2,3,2,2,2,4,4,2,2,2,2,5,1,1,2,2,5,3,3,3,4,2,1,5,3,5,4,5,3,3,3,2,6,6,2,4,1,4,6,4,3,4,3,1,3,4,5,3,6,3,4,5,3,6,4,3,6,4,2,2,1,1,1,4,3,5,3,3,4,1,3,2,3,4,2,3,2,1,5,6,3,2,2,2,3,2,4,2,4,1,3,6,2,5,6,2,3,3,4,1,4,5,2,1,4,3,2,3,3,2,2,4,4,2,3,2,4,2,4,5,5,2,3,2,1,4,2,3,5,4,3,2,6,3,4,1,2,6,3,4,5,2,4,2,3,1,2,3,6,2,4,3,6,3,1,2,5,2,3,5,4,5,2,2,3,2,5,4,2,3,2,5,3,2,1,6,2,4,1,3,2,5,6,6,3,3,5,5,4,1,4,2,1,6
