"annoyance","grouping","horizons","throbbing","crunch","cocoon","blitz","stray","transitions","originate","transient","martyr","convey","retarded","doorway","poisonous","distortions","moaned","furious","blouse","enchantress","highland","rosemary","intends","totals","coils","providence","devised","cheer","beetle","stained","accessory","acknowledges","pelican","parent's","intrinsic","weasel","visually","grunt","feeder","benevolent","constructing","everybody's","shores","melt","spaced","bigots","spear","risky","educators","funk","pellets","weighed","charming","umbrella","bum","pristine","chlorine","toad","dove","jackal","regeneration","splits","accomplishments","graphs","persistence","butterfly","paddle","upkeep","disciples","outreach","instituted","disappearing","requisite","amateurs","mystical","oversee","interim","measles","comparative","bullock","disturbance","compel","vanish","sob","hefty","extinct","decree","redistribution","apartments","developmental","induction","modifier","characterization","fashioned","gypsy","palms","renders","overtime","breaker","debatable","withdrawn","parsons","ceremonies","systematic","startling","squeezing","vitamins","spikes","volatile","reasoned","revive","slipknot","marketed","juggling","gravitational","stab","ceramic","entails","waitress","topical","sketches","terrestrial","virtues","trickle","forbid","therapist","contradict","magically","comprehension","mastery","climax","mosque","impaired","censors","projector","lever","seedlings","exceeded","sunshine","night's","program's","persecuted","commentator","rescued","pavement","stimulate","estimating","booking","catastrophic","trusts","appealed","magnificent","consumed","prod","shrine","unexpectedly","scorpion","dependency","manic","family's","confederation","shatter","gist","stakes","hid","tolerated","tablets","bedtime","mushroom","insured","effigy","pup","mates","airports","turbine","melody","cliffs","revert","pueblo","repeal","incorporation","noun","gears","jealousy","corpses","sister's","literacy","microscope","repeats","tubing","slang","freehand","bingo","syndicated","piping","mare","indulge","splash","aspirations","devotion","vested","textile","degenerate","sandals","everlasting","virginity","inquiring","specialties","shackle","harpoon","scars","royalties","sturdy","supernova","espionage","subdivision","authoritative","occupations","unidentified","unborn","illiterate","conditioning","whippoorwill","cavity","timed","expire","rehabilitation","farms","puff","dolphin","conjecture","fundamentalist","countryside","disarmed","society's","grams","computed","amazement","regulator","pragmatic","donors","verbally","slate","grill","gum","bulbs","versatile","teller","interfering","banjo"
1,2,2,1,2,2,1,1,1,2,3,4,1,1,1,2,1,1,1,1,2,1,1,1,1,2,1,1,1,1,1,2,5,1,2,2,1,1,1,2,4,2,1,2,1,1,1,1,1,1,1,1,1,1,1,1,1,4,1,1,1,1,1,1,4,1,2,2,2,2,2,2,2,2,2,2,2,2,2,2,2,2,2,2,2,2,2,2,2,2,2,2,2,2,2,4,1,2,1,1,1,1,1,1,1,1,1,1,1,4,2,2,1,2,2,2,1,2,1,2,2,1,2,3,2,3,2,2,2,2,1,1,4,2,1,2,1,1,3,2,2,2,1,1,1,1,1,1,2,2,2,2,1,2,3,1,1,1,1,1,2,1,1,3,1,1,1,1,1,1,1,4,1,1,1,3,1,1,1,3,1,1,2,1,1,2,3,1,1,1,1,1,1,1,1,1,1,3,1,1,1,1,4,1,1,1,1,1,5,1,2,2,1,1,1,5,1,1,1,1,1,4,1,4,1,1,1,3,1,1,4,2,1,1,1,1,1,1,1,1,1,1,1,1,1,1,1,1,1,1,1
4,2,3,4,3,4,2,3,5,5,3,5,3,3,3,5,5,2,4,4,5,3,4,4,3,2,4,4,1,1,3,3,3,1,3,5,3,3,3,2,6,3,3,1,2,2,3,3,3,2,3,3,3,2,4,2,4,4,2,2,5,4,5,4,2,5,2,2,3,3,2,4,4,5,5,5,3,3,4,4,5,4,3,3,3,2,2,2,5,3,4,4,5,4,2,2,2,2,4,3,4,3,3,3,4,2,3,4,6,5,5,3,5,4,4,5,2,2,3,2,4,5,5,2,3,2,5,3,3,5,2,4,5,2,4,2,1,3,3,4,4,4,4,4,6,5,4,3,5,4,5,4,5,5,3,2,3,4,4,3,3,5,4,4,3,3,2,4,5,4,3,6,2,4,4,3,4,3,3,5,3,4,3,3,4,4,2,3,4,4,4,5,5,4,6,5,5,5,3,4,4,5,5,4,3,4,5,5,3,4,3,3,4,3,3,5,3,4,2,2,3,4,4,4,4,3,3,4,2,2,5,5,5,3,4,2,3,1,4,5,3,3,3,4,4,6,5,4,3,4,5
3,1,2,1,1,2,2,1,4,1,5,NA,1,1,1,3,3,4,5,3,2,1,1,1,1,5,1,5,1,1,1,4,2,2,2,5,3,1,1,1,5,2,2,4,1,1,1,2,1,2,1,3,4,2,1,1,3,6,1,2,1,3,1,1,1,2,1,1,1,3,2,1,1,3,5,3,1,4,3,3,1,1,1,1,1,1,1,2,2,1,1,4,4,4,1,6,2,3,1,2,3,2,1,3,2,2,1,3,1,2,1,3,1,1,2,6,1,4,2,1,1,3,5,4,1,1,2,1,2,2,1,1,6,2,1,1,2,1,2,1,3,1,2,5,2,1,1,1,1,6,2,2,5,3,NA,5,1,5,1,1,1,3,1,2,1,1,3,1,1,2,3,5,1,1,1,4,4,1,2,5,5,4,4,3,3,5,2,2,3,2,5,1,1,3,6,1,3,5,1,3,5,4,NA,2,1,1,1,4,5,2,1,1,3,1,3,6,4,3,4,2,1,4,3,1,2,3,2,5,1,1,5,5,1,2,2,6,1,2,4,6,1,3,2,1,1,1,1,5,1,6,1
6,6,6,6,2,4,1,1,6,6,6,4,2,5,5,5,5,4,6,5,6,5,6,3,2,1,5,5,5,5,2,6,6,6,2,3,3,2,1,2,6,6,6,3,1,4,5,1,1,5,1,2,5,5,5,1,4,4,1,1,3,6,1,6,1,6,4,4,4,6,4,6,5,6,6,6,6,6,5,5,4,4,4,2,1,4,5,4,5,6,5,6,5,5,6,3,1,3,4,3,NA,NA,NA,NA,NA,NA,NA,NA,NA,NA,NA,NA,NA,NA,NA,NA,NA,NA,NA,NA,NA,NA,NA,NA,NA,NA,NA,NA,NA,NA,NA,NA,NA,NA,NA,NA,NA,NA,NA,NA,NA,NA,NA,NA,NA,NA,NA,NA,NA,NA,NA,NA,NA,NA,NA,NA,NA,NA,NA,NA,NA,NA,NA,NA,NA,NA,NA,NA,NA,NA,NA,NA,NA,NA,NA,NA,NA,NA,NA,NA,NA,NA,NA,NA,NA,NA,NA,NA,NA,NA,NA,NA,NA,NA,NA,NA,NA,NA,NA,NA,NA,NA,NA,NA,NA,NA,NA,NA,NA,NA,NA,NA,NA,NA,NA,NA,NA,NA,NA,NA,NA,NA,NA,NA,NA,NA,NA,NA,NA,NA,NA,NA,NA,NA,NA,NA,NA,NA,NA,NA,NA,NA,NA,NA,NA,NA,NA,NA,NA,NA,NA
3,3,2,1,1,4,1,1,5,5,3,1,2,1,3,4,5,2,4,3,2,3,3,1,2,2,3,2,1,2,1,5,4,2,3,3,2,4,1,1,3,3,3,1,1,2,3,1,1,4,1,3,4,3,2,1,3,4,1,2,1,4,1,3,1,3,1,2,1,4,3,3,3,4,6,2,2,1,2,3,2,4,1,2,1,2,3,1,4,2,3,5,5,5,4,6,1,2,2,2,3,2,1,4,3,2,1,2,3,3,3,4,5,2,2,5,1,2,1,1,1,4,5,5,3,1,3,2,3,3,1,1,4,1,1,1,1,1,4,3,6,1,2,1,2,1,3,2,1,3,1,2,3,2,1,1,4,3,2,1,2,4,1,2,1,1,2,1,1,1,2,3,1,1,1,2,2,1,1,1,2,4,1,1,4,1,1,4,4,2,1,1,1,1,4,1,1,2,1,4,3,1,2,3,2,1,5,4,4,2,1,1,4,1,3,6,5,4,4,4,1,3,5,6,2,1,2,4,1,1,4,5,5,4,2,5,3,3,3,4,3,2,3,3,4,4,3,4,3,4,2
3,4,2,3,2,1,2,1,4,3,4,5,1,2,1,6,5,4,4,3,2,3,2,1,1,2,1,2,2,1,3,4,6,1,2,2,3,3,1,1,4,5,2,2,1,2,3,3,2,4,1,1,4,2,3,1,2,4,2,1,1,5,1,2,3,4,2,1,1,4,3,2,4,6,6,5,2,2,3,2,2,3,1,2,1,2,3,2,4,3,3,4,4,5,4,3,2,2,2,3,2,3,1,4,4,3,3,2,1,3,2,1,3,2,2,4,1,2,3,2,1,3,4,3,2,1,3,2,3,4,3,1,5,3,2,1,1,2,3,2,3,2,3,2,3,1,2,3,2,4,2,2,3,2,1,2,3,2,3,1,2,4,2,1,1,1,2,1,2,2,2,3,1,1,3,2,2,1,2,4,3,4,3,3,4,2,2,3,2,3,2,1,2,1,5,2,1,2,2,4,4,3,3,4,2,3,3,5,4,2,1,1,4,2,2,6,5,4,5,5,1,3,4,5,2,2,2,5,1,1,3,4,5,5,3,4,1,3,4,2,1,2,2,1,1,1,2,3,2,4,2
2,2,1,1,1,1,1,1,1,3,5,6,1,1,1,4,1,4,1,3,1,6,1,1,1,2,1,1,1,1,2,1,1,1,1,1,1,1,1,1,1,1,1,3,1,5,1,1,1,1,1,1,6,1,1,1,2,2,3,5,1,6,1,1,6,1,1,1,1,6,1,3,1,5,5,5,1,1,1,3,2,5,1,1,1,1,1,1,5,1,1,5,1,5,4,6,1,1,2,2,3,2,1,1,2,1,1,1,2,2,1,2,6,1,1,5,1,6,2,1,1,5,5,3,1,1,1,1,4,1,1,1,5,1,1,5,1,1,4,2,6,1,1,1,2,3,2,2,1,5,1,2,4,2,1,2,1,4,1,1,1,1,5,6,2,1,2,1,2,1,2,6,1,2,4,2,1,1,1,1,2,5,5,1,5,1,1,5,2,1,4,1,1,1,3,1,2,5,1,5,5,1,1,6,1,1,5,4,5,5,1,1,2,1,1,6,1,2,5,2,1,3,5,1,1,1,2,5,1,1,6,5,1,2,1,6,1,1,3,2,1,1,1,2,1,1,1,2,1,1,1
1,2,1,1,1,2,1,1,2,1,1,6,2,1,1,3,1,2,1,2,1,1,1,1,1,1,1,1,1,1,1,2,3,1,1,2,1,1,1,1,2,1,1,1,1,1,1,1,1,1,1,1,2,1,1,1,3,3,1,1,1,1,1,1,2,1,1,1,1,2,1,1,1,4,4,3,1,1,1,1,2,1,1,1,1,1,1,1,1,1,1,1,1,2,1,3,1,1,1,1,3,1,1,2,2,1,3,1,1,1,1,1,3,1,1,1,1,3,1,1,1,1,2,1,1,1,2,1,1,1,1,1,3,1,1,1,2,1,1,1,1,1,1,1,1,1,1,1,1,2,1,1,2,1,1,1,1,2,1,1,1,1,1,3,1,1,1,1,1,1,2,6,1,1,1,1,1,1,1,5,1,1,2,1,2,2,1,1,1,1,1,1,1,1,3,2,1,1,1,1,1,1,1,1,2,1,2,3,3,1,1,1,3,1,1,6,3,1,1,1,1,1,1,6,1,1,1,2,1,1,2,2,1,1,1,1,1,1,1,1,1,1,1,1,1,1,1,2,1,3,1
2,2,1,2,1,2,1,2,1,2,1,2,2,2,2,2,2,2,2,1,3,3,3,3,2,2,2,2,1,1,1,1,1,2,3,2,2,3,2,2,3,3,2,3,3,3,2,2,2,3,2,3,2,3,2,2,2,2,2,1,1,1,1,1,1,1,1,3,3,3,3,3,3,2,2,2,2,2,3,2,2,3,2,2,1,2,1,2,1,2,1,2,2,2,2,2,1,1,1,1,2,2,2,3,2,2,1,1,2,1,2,3,2,1,2,1,2,1,2,1,2,3,2,1,2,2,1,1,2,2,3,3,2,2,1,2,1,2,1,2,3,2,2,3,3,1,2,2,2,3,3,3,4,4,3,3,3,3,2,1,2,1,2,2,2,1,1,2,3,3,4,3,2,2,1,1,2,2,2,1,1,2,2,2,1,1,1,2,2,2,2,2,2,3,3,3,4,5,5,5,5,5,3,3,2,3,3,3,2,2,3,3,2,1,2,3,2,2,1,2,3,3,2,2,2,3,3,3,3,2,1,2,2,2,2,2,3,2,1,1,1,NA,2,2,2,3,3,2,2,2,3
1,3,1,2,1,1,1,1,1,3,6,6,1,1,1,3,2,1,1,1,3,1,1,4,1,1,4,1,1,1,1,3,1,1,1,6,6,1,1,1,6,3,1,1,1,1,3,1,1,1,1,1,1,1,1,1,6,1,1,1,3,6,1,1,1,4,1,1,1,1,1,1,6,3,1,1,1,1,1,3,1,3,1,1,1,1,3,1,2,1,1,1,6,6,1,6,1,1,1,1,1,1,1,1,3,1,1,1,1,6,1,1,3,1,3,3,1,1,2,1,1,3,6,6,1,1,1,1,1,6,1,1,3,1,1,1,1,3,1,1,1,1,4,1,1,1,1,1,1,6,1,1,3,1,1,1,1,6,1,1,1,1,1,3,1,1,1,1,1,1,1,3,1,1,1,2,1,1,3,6,1,1,2,1,1,3,1,1,1,1,1,1,1,1,6,3,1,1,1,4,2,1,1,3,1,1,1,6,6,1,1,1,3,1,1,6,1,6,1,1,1,1,1,1,1,1,1,6,1,1,1,1,6,1,1,1,1,1,1,1,6,1,1,1,1,1,1,6,1,6,6
5,4,4,3,2,2,3,1,3,4,3,6,3,2,1,5,3,4,2,3,4,2,4,2,3,2,2,3,2,3,4,2,3,4,2,3,3,4,2,4,3,4,2,2,1,3,2,1,1,3,1,2,4,2,3,1,2,3,1,1,3,4,2,3,4,2,3,2,1,3,3,4,3,2,5,2,2,4,3,2,3,2,1,3,1,2,3,1,4,2,4,1,2,4,3,6,1,2,3,2,4,3,1,4,6,2,3,2,3,4,3,4,5,3,2,3,1,2,1,3,2,4,5,4,3,1,3,4,4,5,4,3,6,2,3,4,1,2,3,3,2,2,3,1,4,3,2,3,1,4,1,3,5,1,1,2,4,2,4,1,2,3,1,1,2,1,4,3,2,4,3,5,1,1,3,3,2,1,1,5,3,2,3,2,4,2,2,3,2,1,1,1,2,1,6,3,1,2,1,3,1,1,5,3,1,2,3,4,5,3,2,1,4,1,3,6,2,3,1,3,1,2,2,6,1,1,1,3,1,1,5,4,4,3,2,2,1,1,2,1,3,1,3,1,1,1,1,4,3,3,2
4,4,3,3,1,3,1,1,3,3,3,3,3,3,3,3,3,3,3,3,3,3,3,3,3,3,3,3,3,3,3,4,2,NA,4,2,2,3,4,1,2,1,3,3,5,2,3,2,4,3,2,4,6,5,2,1,2,2,2,1,3,3,1,4,4,3,2,1,2,5,3,3,2,3,4,3,1,3,4,3,2,3,3,3,2,2,4,3,2,4,NA,3,3,4,2,3,4,3,2,3,1,4,3,2,2,4,3,2,3,4,3,5,2,1,4,NA,3,1,3,4,3,NA,2,4,3,2,3,4,2,2,3,2,4,3,2,2,3,2,3,4,3,2,3,2,3,5,4,3,2,3,1,3,4,2,4,3,2,3,4,3,1,3,4,2,3,NA,4,2,4,3,2,3,4,5,2,3,2,3,4,2,3,4,2,1,3,4,3,2,3,4,5,3,2,1,3,4,3,3,2,4,3,2,1,3,4,3,2,3,4,3,2,1,3,4,3,3,2,3,3,2,1,3,4,3,2,1,3,4,5,3,3,2,3,4,2,3,2,3,4,2,3,4,3,2,3,4,5,3,1,2,1
NA,1,4,1,1,3,2,1,3,2,5,6,1,1,1,3,2,1,3,1,1,1,3,1,3,3,2,1,1,2,1,1,3,1,1,4,5,1,1,1,5,1,3,5,1,4,6,2,2,4,1,1,4,1,2,1,2,5,3,1,4,4,3,4,2,2,2,2,1,4,5,5,5,6,5,2,2,4,6,4,6,2,2,3,1,3,2,3,2,2,3,2,4,4,5,6,6,2,2,2,5,2,1,6,3,2,2,1,1,4,1,2,4,1,3,2,1,1,3,1,2,1,4,3,2,2,3,2,2,3,2,5,5,1,1,2,5,2,3,2,1,1,3,2,2,2,3,4,2,5,2,3,4,2,4,2,3,4,2,2,1,3,1,2,2,1,3,2,3,1,1,6,2,2,1,2,4,3,2,6,5,3,3,2,4,2,2,3,2,3,3,2,2,2,4,2,3,3,2,3,3,1,4,4,1,3,4,4,2,3,2,1,2,3,3,5,3,4,4,3,2,4,4,6,2,2,2,4,2,3,3,3,4,2,2,2,2,3,4,3,5,5,2,2,2,2,3,4,2,3,5
5,4,3,3,3,3,1,1,4,3,4,6,2,3,1,5,5,1,2,2,3,4,1,1,1,3,4,2,1,4,3,5,5,3,2,4,4,4,3,2,4,3,1,1,1,1,4,1,1,3,1,2,4,2,2,1,3,5,3,1,1,4,1,3,5,3,2,3,1,5,2,4,3,6,6,4,1,2,3,4,2,1,1,2,1,1,2,2,4,3,3,3,4,4,2,4,1,1,1,1,2,1,1,4,4,2,4,2,1,1,1,1,4,2,2,NA,4,2,2,2,2,1,2,5,3,4,3,3,4,5,2,2,5,4,5,4,1,4,4,1,3,2,4,NA,3,1,2,3,1,4,1,3,3,3,1,1,4,3,3,1,2,4,2,1,3,1,3,1,1,2,2,3,1,1,2,1,2,1,1,2,2,3,1,1,4,3,1,3,3,2,1,1,1,1,4,1,1,3,1,3,2,2,2,3,1,1,4,3,4,2,1,1,1,1,2,5,3,2,2,3,1,3,3,4,1,1,2,4,1,1,4,3,4,2,2,3,1,3,2,2,4,2,3,1,1,1,1,5,1,3,1
3,1,1,1,1,4,1,1,3,2,4,6,4,1,1,3,4,2,2,2,1,1,1,1,1,1,1,1,1,1,1,2,3,2,1,4,5,2,1,1,3,1,1,1,1,2,3,2,1,1,1,1,3,1,1,1,3,3,1,1,1,3,1,2,2,1,1,1,1,4,1,2,1,2,3,2,1,1,4,2,1,1,1,1,1,1,1,1,4,1,1,3,2,2,4,2,1,1,1,1,3,1,1,3,1,2,2,2,1,4,2,1,1,1,1,3,1,2,1,1,1,1,2,2,1,1,1,1,1,2,1,1,6,1,2,1,1,1,1,1,3,1,2,1,3,1,2,1,1,3,1,3,4,2,1,2,1,3,1,1,1,2,1,1,1,1,1,1,1,1,3,3,1,1,1,2,2,1,1,4,3,3,2,1,2,3,1,2,1,1,1,1,1,2,4,2,2,2,1,3,2,1,1,2,1,1,2,3,2,1,1,1,3,1,2,3,NA,4,3,4,1,2,3,5,1,1,1,4,1,1,2,3,3,2,3,3,1,2,1,1,3,1,2,1,1,1,1,3,1,4,1
1,1,2,2,1,1,1,1,2,4,5,6,3,2,1,2,3,1,2,1,2,1,1,2,1,1,2,3,1,2,1,2,3,3,2,1,2,4,1,1,1,1,2,2,1,2,2,1,1,2,1,1,3,1,1,1,1,1,2,1,1,2,1,2,4,4,1,1,1,4,2,3,3,4,5,2,1,1,1,2,2,3,1,1,1,1,2,1,3,2,2,1,1,3,4,3,1,1,1,1,2,2,1,3,2,2,2,1,1,1,3,2,1,2,2,2,1,4,2,1,1,1,1,2,1,1,3,2,4,2,1,1,2,3,4,1,1,1,3,1,1,1,3,2,3,2,1,2,1,2,1,1,3,2,1,1,3,2,2,1,2,2,1,3,2,1,2,1,1,2,3,5,1,1,1,2,2,1,2,6,2,2,1,1,3,2,1,4,5,2,1,1,2,1,2,1,1,3,1,2,2,2,4,3,1,2,3,4,4,2,2,1,3,2,1,5,3,2,3,3,2,1,2,4,1,1,1,2,1,1,3,3,2,3,1,4,1,2,1,1,2,1,2,1,1,1,1,2,1,2,2
3,3,3,3,4,3,3,3,3,3,3,5,5,3,3,4,4,4,4,4,3,3,3,3,3,4,3,3,3,3,4,3,3,3,3,2,3,3,2,2,3,3,3,3,2,4,3,2,4,3,2,2,4,NA,3,2,3,3,4,4,3,2,2,2,4,2,3,3,2,4,3,3,3,4,4,4,3,4,4,4,3,3,4,2,1,2,6,3,3,1,3,2,3,NA,4,6,6,3,3,3,3,3,3,3,3,3,3,4,5,6,3,3,3,3,6,3,2,5,2,2,2,4,5,6,NA,2,3,3,4,3,3,4,6,3,3,3,3,3,4,3,6,3,5,3,4,3,4,3,4,5,4,4,4,NA,2,3,3,5,3,2,4,3,5,5,3,3,3,3,2,3,3,5,2,3,3,5,4,4,4,6,3,4,4,4,4,4,4,5,4,3,3,3,2,4,3,5,4,5,1,2,2,4,3,3,3,3,3,3,3,4,3,4,4,4,2,2,2,3,1,1,1,1,2,1,2,3,1,2,1,2,3,3,3,4,3,4,2,3,3,2,2,2,2,2,1,1,3,3,1,2,1
3,3,4,3,2,2,2,2,3,4,1,6,3,1,2,5,4,3,4,5,2,5,2,2,2,3,2,2,2,2,2,2,6,3,2,2,4,3,3,3,2,2,2,3,2,2,2,2,2,2,1,2,2,1,1,1,2,1,1,1,1,1,1,2,1,1,1,3,2,1,2,1,3,2,2,1,3,2,3,2,2,1,3,2,1,1,2,1,3,2,1,2,1,2,1,3,1,1,3,1,2,1,2,1,2,1,2,1,1,2,2,3,1,1,2,3,2,1,3,1,2,1,2,3,2,1,2,1,2,1,3,2,2,3,3,1,2,2,1,2,3,3,2,3,2,2,3,2,1,5,1,1,1,1,1,1,1,1,1,1,2,2,2,1,2,3,1,1,1,1,3,2,1,1,2,1,3,1,1,4,1,2,2,1,2,1,1,1,2,2,1,3,1,1,3,1,1,3,2,1,3,2,1,2,1,1,1,1,1,1,1,1,1,1,1,1,1,1,1,1,1,1,1,1,1,1,1,1,1,1,1,1,1,1,1,1,1,1,1,1,1,1,1,1,1,1,1,4,1,1,1
5,5,1,3,1,3,1,1,5,4,1,6,5,1,1,6,6,4,5,4,1,5,1,1,5,6,5,5,1,1,2,5,6,2,2,1,6,5,1,1,5,3,4,6,1,5,4,5,6,4,5,1,5,1,2,1,5,5,1,1,6,5,1,1,4,1,1,1,1,5,1,2,1,6,6,3,1,2,4,4,3,2,1,2,5,4,1,1,2,1,1,5,2,6,6,4,3,1,1,2,4,1,1,2,2,3,4,1,1,2,4,2,6,1,5,2,1,5,1,2,2,1,4,2,1,1,5,2,1,6,3,2,6,4,2,1,1,1,2,1,6,1,3,1,2,4,1,3,1,3,1,4,1,2,3,1,1,5,4,3,1,2,1,6,2,1,2,1,1,1,6,1,1,4,2,1,1,1,3,1,3,5,4,5,6,1,2,3,5,1,5,1,1,5,2,4,6,1,1,6,6,2,1,1,2,1,4,5,5,1,1,2,3,1,1,1,5,2,2,1,1,3,5,4,1,1,2,6,1,1,6,2,1,5,1,2,1,1,1,1,1,1,1,2,1,4,1,2,1,4,1
4,4,4,4,3,3,4,2,4,4,3,4,4,5,5,4,4,3,3,4,5,4,4,4,4,4,4,5,5,5,5,4,5,4,5,4,4,4,4,4,4,5,5,5,5,5,5,4,4,4,4,4,5,4,5,4,5,5,5,4,4,4,4,5,5,5,3,4,4,4,5,5,5,5,5,5,5,4,4,4,4,4,4,5,5,6,5,5,5,5,6,6,6,6,6,5,5,5,5,5,5,5,5,5,5,5,5,5,5,4,4,4,4,4,4,4,3,4,3,4,4,4,3,3,4,4,4,4,4,4,5,5,5,5,6,6,6,6,6,6,6,5,5,5,5,5,5,5,4,4,3,3,4,4,3,3,5,5,5,5,5,4,4,4,4,4,4,4,4,4,4,4,4,4,4,4,4,5,5,5,5,5,5,5,5,4,4,4,4,4,3,4,4,4,4,4,4,3,3,3,3,3,3,3,4,4,4,4,4,4,4,4,4,4,3,4,4,4,4,4,4,4,4,4,4,4,3,3,3,3,3,3,3,3,4,4,4,4,4,4,4,3,3,3,3,3,3,3,3,4,3
3,2,2,1,1,3,1,2,1,3,3,3,2,2,3,3,1,3,3,3,2,2,2,1,1,2,1,2,1,1,2,2,3,1,2,1,2,3,1,1,1,1,2,2,1,2,1,1,1,3,1,1,2,1,1,1,2,2,2,1,1,2,1,2,1,1,1,1,1,2,1,1,2,3,4,2,1,3,2,1,3,2,1,1,1,1,1,1,2,1,2,1,3,3,3,2,1,1,2,2,3,3,1,2,2,2,2,3,2,4,2,2,2,2,2,1,1,2,2,2,1,1,2,3,1,1,1,1,1,2,1,2,2,2,2,2,1,2,2,1,2,2,2,1,2,1,1,1,1,2,1,1,2,1,1,2,2,2,1,1,2,1,1,1,2,1,2,1,1,1,2,4,1,2,2,2,1,1,1,2,1,1,2,1,3,3,2,2,3,3,3,1,1,2,2,3,3,3,1,1,2,2,3,2,1,1,1,3,3,1,1,1,2,1,1,4,3,5,3,2,1,2,1,4,1,2,2,3,1,1,2,2,3,1,1,2,1,2,2,2,1,1,1,2,1,1,1,6,2,3,2
1,3,2,5,4,1,1,1,5,1,4,1,1,1,1,3,6,3,3,2,5,NA,1,1,1,1,1,2,4,1,2,4,5,1,2,4,4,2,1,2,1,2,1,3,1,3,1,2,1,3,3,1,6,4,1,1,3,3,3,2,1,4,1,3,6,3,1,1,2,5,2,1,2,1,4,1,1,1,3,1,3,1,1,4,1,1,1,2,4,1,1,4,3,5,4,1,1,1,1,3,2,1,1,2,1,3,3,1,1,1,2,1,6,1,2,5,1,2,2,4,1,3,3,3,3,1,5,4,1,4,1,1,3,2,2,1,1,2,1,3,6,1,1,2,3,2,2,2,1,6,3,2,3,1,1,3,1,1,1,2,2,4,2,1,2,1,2,1,2,1,4,2,1,1,3,2,1,1,1,3,3,2,1,2,2,1,1,3,1,2,2,2,2,1,2,2,2,1,1,4,4,1,1,2,2,1,1,2,2,1,1,1,2,1,1,2,3,2,4,2,1,1,4,3,1,2,2,5,1,1,6,1,1,4,1,3,1,2,2,2,1,2,1,2,1,1,1,3,1,2,2
2,3,4,2,1,4,2,1,4,4,5,6,4,2,6,6,4,3,4,2,6,6,3,2,1,1,4,4,2,3,4,6,6,1,2,3,3,4,1,3,6,2,4,2,4,2,4,1,2,4,1,4,6,3,3,1,3,6,2,1,3,6,2,6,6,4,3,2,4,2,5,4,4,6,6,3,4,6,6,3,5,5,3,2,1,2,4,4,6,4,4,4,5,6,4,6,2,2,3,2,4,6,3,4,4,2,5,4,1,4,4,3,4,3,3,6,1,3,3,4,2,4,4,3,3,2,4,3,4,6,2,4,6,4,1,3,1,3,4,3,6,3,4,5,5,3,4,3,2,6,1,3,4,2,1,1,4,3,3,1,4,3,3,1,1,1,3,2,2,3,2,6,1,1,3,2,4,1,1,3,2,3,4,2,5,2,2,3,4,2,1,1,2,1,3,2,1,3,1,3,4,1,5,5,4,4,4,NA,4,NA,3,1,4,2,4,6,5,5,4,5,1,4,5,5,1,1,1,4,1,1,6,5,4,6,3,5,1,3,4,3,5,1,4,1,1,1,3,4,1,4,4
1,1,1,1,1,1,1,1,1,1,1,1,1,1,1,1,1,1,1,1,1,1,1,1,1,1,1,1,1,1,1,3,4,1,1,1,1,1,1,1,1,1,1,1,1,1,1,1,1,1,1,1,4,1,1,1,1,3,1,1,1,1,1,3,5,1,1,1,1,3,1,1,1,1,3,1,1,1,1,1,1,1,1,1,1,1,1,1,1,1,1,1,1,1,1,3,1,1,1,1,1,1,1,4,1,1,1,1,1,1,1,1,1,1,1,1,1,1,1,1,1,1,2,3,1,1,1,1,1,1,1,1,3,1,1,1,1,1,1,1,1,1,1,1,1,1,1,1,1,1,1,1,1,1,1,1,1,1,1,1,1,1,1,1,1,1,1,1,1,1,1,1,1,1,1,1,1,1,1,1,1,1,1,1,3,1,1,1,1,1,1,1,1,1,1,1,1,3,1,1,1,1,1,1,1,1,1,1,1,1,1,1,1,1,1,3,1,1,1,1,1,1,1,1,1,1,1,1,1,1,3,1,1,1,1,1,1,1,1,1,1,1,1,1,1,1,1,1,1,3,1
1,1,1,1,1,3,1,1,1,4,3,4,2,1,1,3,2,1,1,3,1,2,1,1,1,3,2,2,1,1,1,1,2,1,1,2,1,1,1,1,1,1,2,1,1,1,6,2,2,1,2,1,2,1,1,1,1,6,2,3,4,2,1,1,1,1,1,1,1,5,2,1,1,5,6,2,1,1,1,3,2,1,1,1,1,1,3,2,1,1,1,1,2,1,1,4,2,2,1,1,3,1,1,1,3,1,1,1,1,4,2,1,1,1,1,2,1,4,2,1,3,2,1,2,2,1,1,1,1,1,1,3,4,2,1,1,1,1,2,1,1,1,1,1,2,1,1,1,1,2,1,1,3,2,1,1,1,1,1,4,2,1,1,6,2,2,1,1,1,1,1,1,2,1,1,4,2,2,1,3,2,1,1,2,1,3,2,1,1,1,4,2,1,1,2,4,3,1,1,3,2,1,1,1,1,1,2,1,2,1,3,1,1,1,1,3,1,1,1,1,1,1,1,4,2,1,1,3,1,1,1,1,2,2,1,1,1,1,1,1,2,1,1,2,2,1,1,1,1,1,1
1,2,2,2,3,2,2,2,2,1,3,2,2,3,1,2,3,1,1,1,2,3,3,2,3,2,2,3,1,1,1,2,2,3,2,3,2,2,3,3,3,2,2,3,1,2,2,3,3,2,3,2,3,2,3,2,3,1,1,1,1,2,2,3,2,3,2,2,1,2,2,3,2,2,3,4,3,4,3,4,2,2,3,4,3,2,3,2,2,2,3,2,2,1,2,2,1,3,2,3,2,1,2,3,2,3,2,2,3,2,3,2,3,2,2,3,2,1,2,3,2,3,2,1,2,3,2,2,3,1,2,3,2,2,3,2,1,2,3,2,2,3,2,1,2,3,2,3,2,1,2,3,2,2,3,2,2,3,1,2,3,2,2,3,2,2,2,1,1,1,2,4,1,3,2,3,4,2,2,1,2,3,2,2,2,2,3,NA,3,2,2,3,2,3,3,2,3,2,1,2,3,2,2,3,2,3,2,3,1,1,1,1,2,3,2,3,2,3,3,2,1,2,2,2,3,3,2,1,2,2,1,2,4,2,3,2,2,3,2,2,1,3,3,3,2,3,3,3,2,3,4
1,2,2,1,1,1,2,3,2,2,3,6,1,3,1,2,4,4,2,4,3,3,1,2,1,4,2,3,1,1,2,2,1,1,1,2,3,1,1,2,3,2,2,1,1,1,2,1,1,3,1,1,4,1,3,1,4,2,1,1,1,3,1,3,2,1,1,1,1,3,1,2,1,5,4,2,1,1,2,1,1,3,1,2,1,3,2,3,2,2,1,2,2,5,1,5,2,3,1,1,3,1,1,1,2,1,1,2,3,5,1,4,2,1,2,1,1,2,1,1,2,2,3,5,1,2,1,1,1,2,1,1,5,1,1,1,2,1,2,1,5,1,3,1,3,2,1,1,1,4,1,1,1,2,4,4,2,3,2,1,2,3,1,2,1,1,2,1,1,1,2,6,1,1,1,2,3,1,2,5,2,2,3,3,3,4,1,3,2,4,1,2,1,1,2,3,4,2,1,2,4,1,NA,1,3,1,1,3,1,2,2,1,3,1,1,6,1,2,2,3,1,4,2,6,1,1,2,2,1,1,2,4,2,2,1,3,1,1,1,1,1,1,1,1,1,1,2,2,1,1,2
4,3,2,1,1,3,1,1,1,2,3,4,2,1,1,4,4,3,5,5,5,2,1,1,1,1,1,1,1,1,2,3,3,1,1,1,1,1,1,1,5,2,1,1,1,1,2,1,1,1,1,1,3,2,1,1,2,3,1,1,2,3,1,3,2,2,3,1,1,5,4,3,3,5,5,2,1,1,2,1,2,1,2,3,1,1,3,5,5,3,1,2,3,3,1,4,1,1,1,1,1,1,1,3,2,1,4,1,1,3,3,1,2,1,1,3,1,1,2,1,1,3,3,4,1,1,3,1,1,4,1,1,1,2,1,1,1,1,2,1,1,1,4,4,2,2,2,1,1,3,1,1,4,1,1,1,3,6,3,1,1,2,1,1,1,1,1,1,1,1,2,4,1,1,1,1,1,1,2,1,2,3,1,2,4,3,1,2,1,1,1,1,1,1,5,1,1,1,1,3,1,1,1,2,1,1,2,4,2,1,1,1,1,1,1,6,3,5,2,2,1,4,5,6,2,1,2,3,1,1,3,6,5,2,2,1,1,1,2,2,4,1,2,2,1,1,1,3,1,2,1
