"fiber","literal","vegetable","vegetarian","cake","explode","treating","cafe","charm","explosive","opposing","welcomed","equipped","hurricane","taxpayers","twister","premise","government's","crashed","motors","howling","flaw","predict","employed","suits","lifting","grades","ashamed","graduates","stat","metro","schemes","litigation","extraction","segments","incapable","freedoms","jungle","productive","labeled","stronghold","performances","reveals","absurd","accelerated","sued","teachings","magnitude","parkway","lethal","walks","shower","beneficial","conversations","sporting","covert","justified","paradox","disappear","foundations","whining","trademarks","zap","elimination","announcing","eligible","hammer","grove","tribes","granite","sapphire","correspond","shaking","aggression","spreading","bedroom","terrain","amplifier","inspection","investments","assassination","entirety","doubts","puppies","inherited","fireball","delicate","bra","auditing","singers","consumers","understands","eagles","photography","wrist","ranging","surfaces","whine","lemur","surprising","unauthorized","prompted","winds","wireless","brooks","indecency","lenses","packaging","insisted","damaging","cattle","defensive","cathedral","scheduling","limitation","fraction","parasite","advertisements","linking","bounce","hypothetical","unpleasant","lobby","crossover","newest","mesa","respected","ditto","calcium","certainty","earliest","evolutionary","grocery","retrieval","strangers","wives","butler","flexibility","calculate","worthwhile","compiling","whites","diagnosed","trademark","enacted","knock","excellence","cone","connects","oxygen","residence","invite","retain","caution","northwestern","mason","doll","instructors","lectures","cent","prevents","dishonest","merchant","poem","diagram","copyrights","rue","breathe","cheeks","assert","fuzzy","explosion","prism","booster","composite","toilet","journalists","bishop","defeated","spine","climate","continental","accord","teen","sail","worm","yeast","origins","regret","rust","bait","implementing","veto","guitars","initiated","arise","hydrogen","injuries","particles","screens","affair","disability","heather","leaned","rods","scenarios","whore","utilizing","waited","wade","radios","ark","modification","quake","homework","conclude","lemon","spawn","discrete","lakes","pencil","liberties","freeze","clarify","camps","presently","decency","arrival","coin","apt","begging","mat","meaningful","abandoned","outlined","booted","guidance","reprint","focusing","pi","mice","prospective","ties","rockets","repository","favorable","tutorials","obscene","enables","inventor"
2,1,5,5,1,1,3,2,1,1,2,1,2,2,1,1,1,1,3,1,3,1,1,2,1,2,2,3,3,1,4,5,6,4,4,5,4,2,3,4,NA,4,1,1,6,3,NA,5,3,1,1,3,4,5,2,2,2,3,3,2,2,3,3,4,3,5,3,3,2,4,6,2,2,1,3,1,3,4,4,2,5,5,5,1,1,2,2,1,5,1,2,2,3,5,3,2,4,4,3,3,3,3,1,1,1,5,2,2,3,4,4,3,2,6,6,2,6,6,3,3,4,3,1,3,1,3,3,2,3,2,4,4,2,2,3,3,3,5,2,4,3,2,4,2,4,3,3,2,2,3,4,5,1,6,6,6,3,4,4,5,2,3,2,3,5,3,2,3,1,NA,1,5,1,1,2,1,3,2,2,4,4,3,4,1,1,1,1,3,1,1,1,4,1,5,3,1,2,3,4,1,3,1,4,3,4,4,5,4,3,5,3,3,2,5,2,2,4,3,5,3,4,4,3,4,2,6,4,6,1,6,6,3,6,2,5,NA,3,4,NA,3,4,3,3,3,5,6,5,4,2,4
2,1,1,2,2,1,1,3,3,1,1,1,1,1,1,1,2,1,2,1,1,1,1,1,2,1,2,1,1,1,1,3,2,2,2,1,1,2,1,2,1,1,1,1,2,2,1,1,1,1,1,1,2,2,1,1,1,1,1,2,1,1,1,2,1,1,1,1,1,3,1,1,1,2,1,1,1,1,2,1,2,1,1,1,1,1,1,1,1,1,1,1,3,1,1,1,1,1,2,1,1,1,1,1,1,1,1,1,1,1,1,1,2,2,2,2,1,2,1,1,1,1,1,1,1,2,1,1,3,2,2,2,2,2,1,1,1,1,1,1,1,2,2,1,1,1,1,1,1,1,1,1,1,2,1,1,1,1,1,1,1,1,2,1,1,1,1,1,2,1,1,2,1,1,2,1,1,2,1,1,2,1,1,1,1,1,1,1,1,1,1,1,2,3,3,1,1,1,2,1,1,1,1,1,1,2,1,1,1,1,1,1,3,1,1,1,1,1,1,1,1,1,2,1,1,1,1,2,2,2,1,1,1,1,1,1,3,1,1,1,2,1,2,1,1,1,1,2,2,1
1,1,1,3,2,1,1,6,1,NA,1,1,6,1,1,3,6,2,1,1,5,2,1,1,4,1,1,1,1,1,1,6,6,2,1,1,1,1,1,1,1,1,2,6,2,6,1,1,1,5,1,1,5,2,1,5,3,6,1,1,5,1,1,2,3,5,2,1,1,1,5,1,1,1,1,1,4,4,2,1,1,6,6,2,1,1,1,1,4,1,1,1,3,5,5,1,1,6,5,1,1,1,1,1,1,5,2,2,1,1,1,1,5,6,1,1,1,1,1,1,6,1,1,1,1,6,NA,2,5,1,1,1,1,1,1,1,1,1,1,5,5,6,1,1,6,6,1,1,1,4,1,1,2,4,NA,3,1,1,1,4,1,1,1,5,1,1,NA,6,1,1,1,1,6,1,1,3,3,6,1,1,1,1,2,1,1,1,1,1,1,1,2,3,2,3,1,1,6,3,1,3,1,1,4,1,1,1,6,5,1,6,1,6,1,6,1,1,1,2,6,1,2,1,5,3,1,4,4,1,3,6,1,1,1,1,1,1,1,1,1,6,1,1,1,1,5,1,1,6,1,1
2,5,1,2,4,1,2,4,2,5,6,3,2,2,6,4,4,3,2,6,3,3,3,4,5,3,5,4,3,3,4,5,2,3,5,4,3,3,5,NA,4,3,4,3,3,5,6,4,2,3,5,3,2,4,5,3,4,3,2,3,4,3,4,3,3,5,2,5,6,3,2,4,3,2,5,2,3,3,1,6,5,3,4,2,1,5,3,4,1,2,4,4,6,5,4,2,5,6,4,5,4,3,5,3,3,5,6,4,4,4,NA,4,5,6,4,3,2,5,3,4,6,6,3,2,5,3,2,1,3,3,4,6,3,4,2,5,3,4,1,4,3,4,3,5,1,4,4,3,6,3,6,5,4,6,4,5,4,4,3,4,6,3,5,6,4,6,4,5,4,2,3,6,3,2,5,6,4,3,2,4,2,4,5,2,3,5,1,4,2,4,1,3,3,4,3,4,3,4,3,5,3,3,4,4,NA,3,5,3,5,2,4,3,4,4,5,3,4,3,5,5,2,4,4,3,4,6,3,5,3,4,3,4,5,4,2,3,4,3,3,2,6,2,4,3,3,5,2,4,4,6
2,1,3,3,1,2,1,5,1,2,2,2,3,1,1,1,3,3,1,2,1,1,3,1,3,1,1,2,3,1,1,5,3,2,1,4,1,2,2,2,1,1,1,1,3,3,1,1,1,3,1,2,5,2,1,2,2,2,2,2,4,1,1,2,2,3,1,1,1,2,4,2,4,3,2,1,3,2,1,1,2,1,5,1,3,1,4,1,4,1,3,1,3,3,2,4,2,3,3,4,3,1,2,2,1,4,2,3,1,4,1,2,4,5,2,2,3,2,1,3,2,2,1,1,1,2,NA,2,4,3,3,3,4,3,3,2,1,2,3,3,4,2,3,2,3,5,2,1,1,4,3,2,1,4,2,2,1,2,2,2,2,3,2,2,1,3,1,4,1,2,2,3,3,1,4,2,4,3,2,1,2,3,2,1,1,1,2,3,2,1,1,3,4,4,4,2,4,3,3,1,1,1,2,1,1,3,2,4,1,1,2,1,2,1,1,2,2,1,3,1,2,3,1,3,1,1,2,2,1,2,1,1,1,2,2,1,3,1,NA,3,2,2,1,1,2,1,2,2,2,1
2,2,3,3,1,2,2,4,1,2,3,1,2,2,1,2,3,1,1,2,2,1,3,2,1,1,2,3,2,1,1,4,3,2,1,3,1,2,1,1,1,2,3,2,4,4,2,1,1,3,1,1,2,2,2,2,1,1,2,1,3,1,1,3,1,3,1,1,1,3,3,2,3,2,2,1,3,2,2,2,3,1,2,1,2,1,2,1,3,2,1,1,2,1,1,2,1,2,2,2,2,3,1,1,1,3,2,1,2,3,2,1,5,3,1,1,1,2,1,1,2,2,1,1,1,3,2,1,1,2,1,2,2,3,2,2,1,1,1,1,3,1,2,1,3,4,2,1,2,1,2,1,1,1,1,2,1,1,2,3,2,3,2,3,2,1,1,2,2,3,3,2,2,1,1,3,2,3,1,1,3,1,2,1,1,1,2,2,2,2,1,2,2,3,4,1,2,2,1,1,3,1,3,1,1,3,2,3,1,1,2,1,2,1,1,1,3,2,2,1,1,2,1,2,1,1,2,3,1,3,1,1,1,2,2,1,3,1,2,1,1,1,1,1,3,2,3,4,2,2
1,3,5,5,1,3,4,6,5,5,4,5,5,4,5,5,6,6,3,3,4,3,4,5,5,5,5,4,5,2,3,5,6,5,5,5,4,5,5,4,3,4,5,4,5,6,3,4,3,4,4,5,4,4,4,4,5,5,5,5,5,5,6,4,5,4,3,5,5,4,6,5,4,5,5,2,5,5,5,4,6,6,5,3,5,2,4,2,5,4,5,5,3,5,5,5,5,5,5,6,6,5,5,4,5,6,5,6,5,5,4,5,5,5,5,5,5,6,5,6,6,5,4,5,4,5,5,6,6,5,5,5,4,5,5,6,4,5,6,6,6,6,5,5,5,6,6,4,5,6,5,4,4,4,5,5,1,3,5,6,4,4,5,6,5,6,6,5,5,5,5,6,6,6,6,6,6,4,6,4,4,3,1,1,6,1,6,4,3,1,1,6,6,6,6,6,6,6,5,5,6,6,4,6,5,6,6,6,6,6,6,6,6,6,5,4,3,6,6,3,6,6,6,6,1,6,6,6,5,6,4,1,6,6,6,4,4,5,5,6,6,5,3,4,6,5,6,6,5,5
1,3,2,2,1,3,3,1,1,2,1,5,4,2,1,1,4,3,1,1,2,1,1,1,4,1,4,6,4,1,1,6,5,1,1,1,1,1,2,4,1,2,5,1,5,4,1,1,1,1,1,1,2,3,1,2,1,3,2,4,3,6,1,2,4,3,1,3,4,3,6,1,1,2,4,1,3,1,2,2,5,6,6,1,3,4,1,1,4,1,1,3,5,5,2,4,2,4,2,2,6,2,1,4,1,6,1,2,1,2,1,3,4,6,2,1,3,4,1,4,2,3,1,2,1,3,2,3,2,4,3,6,4,3,2,3,2,3,2,4,2,3,2,5,3,6,2,3,2,4,3,3,4,5,3,2,3,4,2,4,5,2,4,2,3,2,4,6,3,2,4,2,4,2,4,5,2,3,5,3,2,3,2,4,3,2,3,4,2,3,4,6,2,3,1,2,3,2,2,3,5,2,3,2,3,6,2,3,2,4,3,6,2,3,4,3,2,3,3,4,1,3,4,3,4,3,2,3,4,3,1,1,3,2,3,4,6,2,2,5,5,NA,3,1,6,4,3,6,4,1
4,2,NA,2,4,4,5,1,1,1,1,5,5,5,5,5,5,2,4,1,6,6,2,5,5,1,5,6,6,2,1,5,1,4,1,1,1,4,2,4,2,5,5,4,2,5,5,2,2,2,3,5,2,2,2,3,3,2,2,4,5,3,1,1,2,1,2,3,4,4,6,2,5,3,4,2,5,5,5,5,2,6,6,5,6,1,5,1,4,4,4,2,5,6,6,6,5,6,6,2,2,5,2,1,1,1,5,2,2,2,2,2,4,6,2,2,2,5,1,5,2,5,3,2,5,1,2,1,2,5,2,2,5,5,5,5,5,1,1,2,1,5,5,5,5,5,5,2,3,5,5,5,2,5,2,2,4,4,5,1,2,5,5,5,1,4,4,5,5,4,2,2,2,2,5,5,5,5,5,2,5,5,5,5,4,2,5,5,2,5,4,2,5,5,5,5,2,5,3,3,3,4,5,NA,1,5,6,1,5,2,2,5,2,5,2,3,2,5,2,5,2,2,2,2,2,3,2,2,2,5,2,1,2,5,2,1,4,2,5,1,5,2,4,5,1,3,5,5,5,1
2,1,4,4,1,1,3,2,1,3,2,2,1,3,1,1,4,1,2,1,1,1,2,3,4,2,3,4,3,1,1,4,5,5,2,3,2,2,3,3,2,4,1,1,3,4,3,1,1,1,1,1,3,3,2,1,3,1,2,6,5,1,1,4,5,3,1,1,2,3,2,1,3,3,4,1,3,4,3,1,4,3,3,1,4,1,2,1,3,1,1,3,4,3,4,2,1,1,1,3,3,1,1,3,1,3,1,2,1,1,3,4,1,4,5,4,3,3,1,6,3,4,1,1,1,1,1,1,5,3,4,5,4,4,3,1,1,4,1,1,1,4,6,1,1,5,3,1,1,1,3,1,1,4,2,1,1,1,2,3,1,1,4,5,3,1,1,4,1,1,1,3,4,1,2,4,4,3,3,4,2,1,1,1,1,4,4,3,1,1,1,3,1,4,2,1,1,4,3,1,1,3,4,3,1,4,4,1,3,1,4,1,4,3,2,3,1,1,1,3,3,2,3,1,1,1,3,1,3,1,1,1,1,3,4,1,3,1,1,1,1,3,1,1,1,3,2,4,3,1
2,2,3,2,1,2,2,3,2,1,1,2,3,2,2,1,1,2,3,2,1,2,4,4,3,2,1,2,3,2,1,4,2,2,3,2,1,2,3,2,3,2,1,3,1,3,2,2,1,3,2,3,1,4,2,3,2,4,2,3,2,4,1,2,3,2,4,1,3,3,2,4,1,3,4,2,3,1,3,2,4,3,2,4,1,2,3,1,1,2,1,1,2,2,2,3,1,2,2,1,3,2,1,2,3,1,2,3,2,2,1,2,2,2,1,3,2,3,2,1,1,NA,1,1,1,2,2,2,3,1,2,4,3,1,3,2,4,2,1,1,1,3,2,4,3,2,2,1,2,2,3,2,1,2,1,1,1,1,2,3,2,3,5,4,2,3,3,2,2,4,3,1,3,2,3,2,2,2,1,2,3,2,2,2,3,1,2,4,1,3,2,2,2,4,1,3,2,2,2,3,1,3,2,4,2,3,3,1,2,4,2,3,3,2,1,1,1,2,3,1,4,3,2,2,3,2,3,3,2,4,3,2,2,3,3,3,2,1,2,3,4,3,2,4,3,3,4,3,4,4
1,1,6,6,1,1,1,6,1,2,1,6,4,1,1,1,6,3,1,1,1,1,1,5,3,1,1,4,4,1,1,6,6,4,1,1,1,3,3,4,1,2,1,1,6,6,2,2,1,1,6,1,6,3,1,4,2,1,1,3,4,1,1,4,3,6,1,1,1,6,6,1,1,1,4,1,1,1,1,1,1,6,6,3,1,1,5,1,1,1,1,1,1,1,6,3,1,3,3,1,1,6,4,1,1,4,1,1,1,1,1,1,4,6,3,3,1,1,1,1,1,2,1,1,1,1,1,1,5,2,5,2,3,3,3,1,1,1,1,1,1,3,1,1,1,6,6,1,2,4,3,1,1,6,1,1,1,1,3,5,1,6,3,4,1,4,1,6,1,1,1,4,2,1,6,2,4,4,2,1,4,1,1,1,1,1,1,5,1,1,1,1,3,3,6,2,5,4,3,1,1,1,2,1,1,6,6,6,1,1,1,1,1,3,1,1,1,1,2,1,3,4,3,1,1,1,6,1,3,3,1,1,1,1,4,1,5,1,1,1,3,1,1,1,1,3,2,5,1,1
2,3,4,5,2,3,3,5,3,4,4,4,3,2,4,1,3,4,3,4,1,2,3,4,3,5,4,4,3,4,3,4,5,4,5,2,1,2,1,3,2,3,5,3,5,4,5,3,4,2,5,4,2,3,5,5,3,3,2,3,4,6,3,4,1,2,5,4,1,3,6,4,6,1,4,3,4,2,3,4,2,3,4,5,4,2,5,4,4,2,1,3,5,2,3,5,2,6,3,5,2,4,2,5,3,6,2,4,1,4,2,5,6,6,5,3,2,6,4,1,2,5,3,6,4,5,2,3,5,4,6,5,2,4,1,3,4,2,3,6,3,2,5,2,3,2,4,5,2,4,2,3,2,4,3,4,2,4,3,4,2,4,3,5,6,2,3,2,4,3,5,2,3,4,2,3,2,4,2,6,3,5,5,4,5,2,4,3,3,2,5,3,2,5,4,3,3,5,4,3,2,4,6,5,2,4,3,5,4,2,4,1,5,6,4,3,2,3,5,1,3,4,4,3,1,5,3,2,1,2,4,1,2,4,3,2,3,1,3,2,4,5,1,3,2,5,3,3,2,3
1,1,1,2,1,1,1,2,1,1,3,1,3,1,1,1,2,2,1,1,1,1,1,2,1,1,1,1,3,1,1,3,4,1,1,1,1,1,1,2,1,3,2,3,2,4,1,1,1,3,1,1,4,2,1,1,2,3,1,1,2,1,1,1,1,1,1,2,1,1,4,2,1,1,2,1,4,4,1,1,3,4,1,1,1,1,1,1,2,1,1,1,1,2,2,1,1,2,5,1,2,1,1,1,1,5,1,1,1,1,1,2,5,4,2,1,1,3,1,2,5,5,2,1,1,1,1,1,2,1,1,2,1,2,1,1,1,1,2,1,3,4,2,1,1,6,2,1,1,2,1,1,1,2,1,1,1,3,1,1,1,3,2,1,1,1,1,1,1,1,1,2,1,1,1,2,1,2,1,1,1,2,1,1,1,1,2,1,1,1,1,2,1,1,1,1,2,1,1,1,1,1,1,1,1,5,6,6,1,1,1,1,2,1,1,1,1,4,2,1,1,3,1,1,1,4,1,1,1,6,1,1,1,1,1,1,1,1,2,1,1,1,1,1,6,3,2,6,2,1
1,1,5,5,1,3,5,3,2,3,3,5,5,4,3,4,5,3,4,2,3,1,1,2,1,1,2,3,3,1,1,5,6,6,3,4,2,1,2,1,3,3,1,4,3,6,2,4,2,4,1,1,3,3,2,4,2,5,2,3,4,2,4,4,3,3,1,1,2,4,5,3,2,3,2,1,4,4,4,3,5,3,4,1,3,1,4,1,5,2,2,3,3,2,2,2,1,3,4,2,2,2,1,1,1,3,3,2,2,2,1,2,5,3,3,2,2,5,1,1,4,1,1,1,1,1,2,3,2,3,3,3,2,4,2,4,2,4,2,2,5,5,2,2,4,4,3,1,2,1,1,1,1,3,2,1,1,2,2,1,2,2,4,3,2,1,3,2,1,1,1,3,4,1,5,2,2,3,2,1,1,4,2,1,1,1,2,1,1,1,1,4,1,NA,2,1,2,1,3,1,1,2,5,2,1,6,6,6,3,1,2,1,3,4,1,3,1,1,3,1,1,4,1,2,1,4,2,2,1,1,3,1,3,3,2,2,4,2,2,1,1,3,1,3,6,2,4,6,2,6
1,1,1,2,1,2,1,3,3,3,3,2,1,1,1,1,1,1,2,1,2,1,2,1,2,1,1,1,1,1,1,5,6,6,5,5,4,4,4,5,4,4,5,2,4,3,1,1,1,1,1,1,1,1,1,1,1,1,1,1,2,2,2,2,2,3,3,2,3,3,2,3,2,3,2,3,3,2,3,3,3,3,3,3,2,3,3,3,3,3,2,3,2,3,2,3,2,1,1,1,1,1,1,1,1,1,2,1,1,2,1,2,1,1,1,1,1,1,1,1,1,1,1,1,2,1,1,2,1,2,2,2,2,2,2,2,2,2,1,1,2,1,1,1,2,1,1,2,1,2,1,2,1,2,2,1,1,1,1,1,2,2,2,2,2,2,2,2,2,2,1,1,1,1,1,1,2,1,1,2,1,1,1,1,1,1,1,1,1,1,1,1,1,2,2,2,2,2,2,2,2,2,2,2,3,2,2,3,3,3,2,3,3,2,3,1,1,1,1,1,1,1,2,3,2,3,2,2,2,2,3,2,3,2,2,2,2,2,2,2,1,1,1,2,1,1,2,1,1,1
1,1,1,1,1,1,1,1,2,2,1,1,1,1,1,1,3,1,3,1,1,2,1,1,3,1,3,4,3,3,2,5,1,5,1,1,1,2,2,1,1,2,2,1,4,3,3,1,1,2,1,2,3,1,1,2,1,1,1,3,3,2,1,1,1,1,1,1,3,2,5,1,4,5,1,1,1,1,2,1,2,2,6,3,1,2,1,2,2,2,1,1,4,6,5,2,3,2,1,3,4,1,1,1,1,2,1,1,1,1,2,2,4,5,4,4,6,5,1,4,3,2,1,1,1,1,1,1,3,4,2,2,3,2,2,4,1,1,1,6,1,2,1,1,1,4,2,4,1,1,1,2,1,2,3,1,1,1,2,1,1,1,3,1,1,5,1,4,2,1,1,3,1,4,2,1,1,5,1,2,1,1,1,2,1,1,1,3,1,1,1,1,3,1,3,1,2,1,1,2,1,1,3,6,1,5,6,1,1,1,1,1,2,2,2,2,1,1,1,2,5,3,1,1,1,1,1,1,4,1,1,1,1,1,4,1,4,1,1,1,1,1,2,1,1,1,1,1,1,1
1,2,6,6,1,4,3,1,1,6,6,6,6,6,3,2,3,5,4,2,3,1,2,6,1,2,1,6,6,1,2,4,6,6,6,6,3,2,2,4,1,6,1,1,5,1,1,3,1,4,1,2,3,5,1,1,2,2,1,1,1,1,1,3,2,2,1,1,2,1,3,3,2,2,1,1,3,2,1,1,5,2,2,1,2,1,3,1,4,2,3,2,4,2,1,1,2,1,4,6,3,4,NA,1,2,3,2,1,4,6,1,5,6,1,1,1,2,NA,1,1,6,2,1,1,1,2,3,5,2,4,5,6,4,3,2,1,1,4,2,1,3,1,6,2,4,1,5,1,2,3,4,1,1,2,1,1,1,2,5,1,3,6,4,1,3,2,1,1,1,1,2,6,3,2,4,5,6,2,3,1,2,4,3,1,1,1,1,4,3,1,2,6,1,4,5,1,3,2,2,1,4,3,5,2,1,6,3,4,1,1,5,1,6,4,2,3,1,2,5,1,1,4,1,2,1,5,6,3,1,1,2,1,1,6,4,1,3,1,5,1,2,4,1,1,6,3,2,5,1,4
1,1,1,1,1,1,1,1,1,1,1,1,1,2,1,1,3,4,1,2,1,1,1,1,1,1,1,1,3,1,1,4,1,1,2,1,1,1,1,1,1,1,1,1,2,2,1,1,1,2,1,3,1,1,1,2,1,1,1,1,2,1,1,1,1,2,1,1,1,2,2,2,1,1,1,1,2,1,1,1,1,1,3,1,1,1,1,1,1,1,1,1,2,1,3,1,1,2,3,1,1,2,1,1,1,1,3,1,1,1,1,1,3,4,1,2,1,2,1,1,2,1,1,1,2,1,1,1,2,1,1,2,1,1,1,1,1,1,1,1,1,1,2,1,2,1,1,1,1,1,1,1,1,1,1,1,1,2,3,1,1,1,1,2,1,1,1,2,1,1,1,1,1,1,2,1,2,3,1,1,1,1,2,1,1,2,1,1,1,1,1,1,1,3,1,1,1,3,1,1,1,1,2,1,1,2,3,1,1,1,1,1,1,1,1,2,2,1,1,1,1,1,1,1,1,1,1,1,1,2,1,1,1,1,1,1,1,1,1,1,1,1,1,2,3,1,2,3,1,1
1,1,2,1,1,1,1,2,1,3,2,3,4,1,2,1,3,4,3,1,3,1,2,3,4,1,2,2,1,1,1,5,3,3,2,3,2,3,1,2,1,3,3,2,3,4,2,1,1,2,1,1,3,1,1,2,3,1,4,3,5,4,1,2,4,2,1,2,1,2,4,3,3,4,4,1,3,4,3,3,6,5,5,1,2,3,1,1,3,2,1,2,5,4,5,5,4,5,5,4,4,2,3,3,1,3,3,2,1,1,2,2,1,6,2,4,1,3,5,3,4,3,1,1,1,1,1,1,3,3,3,5,4,4,2,2,1,3,1,2,3,3,2,1,1,3,4,2,1,1,2,2,3,4,1,1,1,3,4,3,1,1,2,3,4,4,3,3,1,1,1,3,5,1,2,1,3,1,2,2,2,1,2,1,2,1,3,2,1,1,2,1,2,4,5,3,1,3,2,1,2,1,3,3,1,5,6,1,3,1,1,1,1,2,2,1,1,1,2,2,1,2,1,1,1,2,3,2,3,1,1,1,3,1,2,1,3,1,1,2,2,3,3,2,1,3,3,4,3,1
2,2,3,4,5,5,5,6,5,4,3,2,1,1,1,2,3,3,2,2,3,4,5,5,6,6,5,4,3,2,1,1,1,1,1,2,2,2,2,2,3,3,3,3,3,4,4,4,5,5,5,6,6,5,4,3,2,1,1,2,3,4,5,6,6,5,4,3,2,1,2,3,4,5,6,6,5,4,3,2,1,1,2,3,4,5,6,6,5,4,3,2,1,1,1,2,3,4,5,6,3,3,1,1,1,1,2,3,4,5,6,4,4,4,5,5,6,1,5,4,2,3,3,3,4,5,5,6,5,5,4,3,2,1,1,2,3,4,5,6,6,6,5,5,5,6,6,4,3,5,5,4,4,5,4,3,2,1,1,2,2,3,3,4,5,6,5,6,4,2,1,1,1,2,2,2,3,3,4,4,4,3,2,1,1,2,3,4,5,6,6,5,5,5,6,5,5,4,4,3,3,2,1,1,2,3,4,5,6,6,5,3,2,1,2,2,3,4,5,6,5,4,3,2,1,2,3,4,5,6,6,5,4,1,2,3,3,3,2,2,1,1,2,3,3,3,4,3,5,6
2,2,5,4,1,2,3,3,1,2,2,4,5,3,1,2,3,4,3,2,3,1,2,2,4,2,2,3,2,1,1,4,6,5,4,5,5,3,2,3,5,4,4,6,3,4,3,3,1,5,2,2,6,2,3,5,4,5,3,5,4,3,1,4,5,6,3,2,2,3,4,5,3,5,3,1,3,3,2,4,5,4,3,4,4,1,4,3,6,4,3,4,3,5,3,4,4,4,5,4,5,4,2,3,3,4,5,4,4,5,4,5,6,6,5,5,5,5,3,4,5,3,2,2,2,4,4,6,5,5,4,4,3,4,3,2,1,5,5,4,3,2,4,2,4,5,5,1,4,6,5,3,4,5,3,2,1,4,3,2,4,3,5,2,4,3,1,5,4,3,1,4,3,2,NA,3,4,5,5,3,4,3,3,2,2,2,4,3,2,3,2,4,5,4,3,2,5,4,4,2,3,4,5,4,3,5,6,3,2,1,3,1,4,5,2,3,2,2,4,2,3,5,4,3,2,3,6,4,1,1,2,2,3,6,3,3,3,2,4,1,2,4,1,5,5,5,5,6,3,2
2,1,2,2,2,1,1,2,2,1,1,1,1,1,1,1,3,1,2,1,4,1,1,1,2,1,1,1,1,1,1,4,1,1,1,1,1,1,1,1,1,1,1,4,2,5,1,1,1,1,1,1,1,1,1,1,1,1,1,1,4,1,1,1,1,1,1,1,1,1,5,1,1,1,1,1,1,3,1,1,2,1,5,1,1,1,1,1,1,1,1,1,1,1,1,1,1,1,4,1,1,1,2,1,1,1,3,1,1,1,2,1,4,3,1,2,1,2,1,1,2,2,1,1,1,5,1,1,4,1,1,2,3,1,1,3,1,1,1,1,2,3,1,1,1,3,2,2,2,3,1,1,1,2,1,1,1,1,2,3,1,1,2,5,1,1,4,3,2,1,1,1,4,1,1,3,1,1,1,2,1,1,1,1,1,3,4,1,1,1,1,1,2,3,2,1,4,1,1,1,1,1,3,1,1,5,5,1,2,1,2,3,1,4,1,1,2,1,2,1,1,1,2,1,1,1,3,1,3,4,2,1,1,1,1,1,1,1,1,2,3,4,1,1,1,1,1,6,1,1
2,3,4,5,1,2,1,2,1,2,4,3,3,2,2,2,5,4,1,2,2,1,2,3,5,1,1,2,4,1,1,6,6,4,3,4,2,1,3,3,2,4,2,5,5,6,2,3,1,4,1,1,6,3,2,2,4,5,3,2,5,1,1,4,4,5,2,2,2,4,6,4,2,3,2,1,4,5,3,2,6,6,4,2,4,1,2,1,3,1,3,2,4,3,2,2,3,2,3,2,5,3,2,3,1,6,3,3,2,3,2,3,5,6,3,2,3,5,4,3,4,2,1,1,2,2,3,5,6,2,3,4,5,5,3,2,1,3,3,3,4,4,5,1,3,3,4,1,3,5,2,3,2,4,5,3,1,2,4,4,3,2,3,2,2,4,1,3,2,2,1,3,2,3,2,5,NA,3,4,2,3,3,2,1,1,2,2,3,3,1,1,4,4,6,5,2,4,4,3,2,3,2,2,2,1,6,4,3,3,2,3,2,2,3,2,4,2,2,3,1,2,3,2,4,1,2,4,3,2,2,2,1,3,4,3,2,3,2,3,1,3,4,1,2,5,3,3,6,4,2
2,1,5,2,4,1,1,3,1,3,5,3,2,2,1,2,5,6,2,3,4,1,1,3,1,1,1,4,5,1,4,3,2,2,1,1,3,2,4,4,1,5,2,1,3,5,1,3,1,4,3,1,2,2,1,1,2,1,4,3,3,2,1,2,3,4,1,1,3,2,4,5,1,1,4,1,2,3,2,1,5,5,6,2,3,1,4,1,4,1,1,1,4,5,1,4,2,2,1,4,3,2,1,1,2,3,2,4,1,2,1,1,3,5,3,1,1,6,1,5,3,3,4,1,1,1,2,1,3,5,4,6,2,5,2,1,1,3,2,1,3,2,6,1,3,6,4,4,3,6,3,1,4,5,1,4,1,3,2,4,2,2,3,1,2,1,1,4,5,2,1,3,4,1,5,6,6,4,3,1,2,1,3,1,1,1,5,5,2,1,1,4,3,5,4,1,5,3,5,4,6,2,4,4,1,5,1,5,2,1,4,1,3,2,1,2,3,1,3,2,2,4,1,3,1,4,5,2,1,1,2,1,2,NA,3,2,5,2,4,1,1,5,1,2,5,3,4,6,2,3
1,1,1,1,1,1,1,1,1,1,2,1,2,1,1,1,3,1,1,1,2,1,1,1,3,1,1,1,2,1,1,3,1,1,1,2,1,1,1,1,1,1,2,1,1,3,1,1,1,2,1,1,2,1,1,1,1,1,1,1,1,1,1,1,1,2,1,2,1,2,3,1,1,2,1,1,2,2,1,1,2,2,3,1,2,1,3,1,1,1,2,1,2,2,1,1,1,2,2,1,3,2,1,1,1,2,1,2,1,1,1,2,2,3,1,1,1,1,1,2,1,2,1,1,1,1,1,1,3,2,2,1,3,2,2,1,1,2,1,1,1,1,2,1,2,3,2,1,1,3,1,1,1,3,2,1,1,1,1,1,1,3,1,2,1,2,3,1,1,1,1,2,2,1,1,2,1,1,1,2,1,1,1,1,2,1,3,1,1,1,2,1,1,3,3,1,2,1,1,1,1,1,2,2,1,3,2,2,2,1,2,1,1,3,1,1,1,2,1,1,1,1,1,2,1,1,1,1,2,2,1,1,1,2,1,1,3,1,1,1,1,2,1,1,2,2,2,3,3,1
2,1,1,3,2,1,1,4,3,1,2,1,2,2,1,1,4,2,1,1,1,1,1,2,4,1,1,1,2,1,1,4,5,5,1,1,1,1,1,1,1,1,1,1,4,6,2,1,1,1,1,2,2,1,1,1,2,1,1,1,2,1,1,2,2,2,1,2,1,1,1,1,2,2,1,1,3,3,2,2,2,4,6,2,2,2,2,1,5,1,2,1,2,1,5,2,1,2,1,2,2,2,2,2,1,2,1,1,1,1,1,1,1,4,3,3,2,2,2,3,3,3,1,1,1,1,1,1,2,1,1,1,1,3,2,1,1,1,3,3,1,2,1,1,1,5,1,1,1,1,1,2,2,2,1,1,1,1,1,5,1,4,3,3,2,1,6,3,1,1,1,1,2,1,1,2,1,1,2,2,1,1,1,1,1,1,1,1,1,1,2,1,2,2,2,3,1,2,2,2,2,2,2,1,1,5,5,1,1,1,1,1,1,2,1,1,1,1,1,1,1,2,1,1,1,1,4,1,1,1,2,1,2,2,2,1,3,1,1,4,1,1,2,1,1,1,1,5,1,2
2,1,2,1,1,1,1,2,1,1,1,1,2,2,1,1,2,1,1,1,2,1,1,1,3,1,1,2,2,1,1,3,1,2,1,1,1,2,1,4,2,2,1,2,2,4,3,1,1,1,1,1,2,1,1,1,3,3,3,2,4,1,1,2,3,1,1,2,1,2,5,2,1,4,4,1,2,1,1,1,1,3,4,2,1,2,2,1,3,1,1,1,3,6,2,1,2,2,1,2,4,1,1,1,1,2,1,1,1,1,1,1,2,3,1,3,1,1,1,2,2,1,1,1,1,1,1,1,1,2,2,3,1,1,1,1,1,1,1,3,2,3,1,1,1,4,3,1,1,1,1,1,3,4,1,1,1,2,4,2,1,1,1,1,1,6,2,2,1,1,1,1,2,1,2,1,4,1,2,1,2,1,NA,1,1,2,1,1,1,1,2,1,1,3,1,1,1,1,1,1,1,1,2,1,1,2,1,1,1,1,1,1,1,1,1,1,1,1,1,1,2,2,1,1,1,1,2,1,2,1,1,1,2,1,4,1,4,1,1,1,1,1,2,1,1,1,1,2,1,1
