"flare","gardens","refuses","railroad","dressed","straw","applicant","blaze","sellers","believer","mustang","lighter","reunion","modifications","robust","duplicate","sung","antiquities","heights","heating","uncanny","cryptography","agrees","objection","boxing","colonial","consisting","multiply","trilogy","tobacco","lease","arriving","enhance","violate","theoretically","bacon","annoy","hips","fools","counters","ambassador","eats","piercing","phrases","waters","cigarette","puzzle","grease","berry","rag","recorder","healer","regulatory","brutal","fin","tendency","moderation","righteous","skeptical","haven","formation","iris","telescope","theology","testimony","founder","temporal","ale","experiencing","guru","ruled","simulate","luckily","probe","bastard","phenomenon","bust","proportion","suspicious","goodness","arrows","vampires","pause","marathon","blatant","planted","stir","appearances","slightest","pun","pedal","despair","interference","utterly","vanilla","bargain","gauge","mother's","wont","covenant","inherent","atomic","killers","prone","scholar","angelic","merit","counseling","lasts","stranger","quietly","acquired","boats","planetary","camel","armies","survived","consequently","freak","bubble","torque","heated","tent","condemn","mentor","acknowledged","implements","threw","merits","altogether","survivors","fuller","amusing","humble","monk","campaigns","painted","slam","nurse","steam","committing","backs","slick","sonic","civilian","emphasize","outline","pertinent","greedy","redundant","southwest","considerably","blows","zombie","examining","traits","retained","retreat","equity","dragged","toe","admittedly","generates","periodically","yell","preventing","locks","aging","probable","inevitable","peaceful","consecrate","figuring","assignments","tournaments","unbelievable","manipulation","naval","idle","halt","budgets","ripped","dignity","circuits","instances","worker","plasma","tempest","dodge","indicator","transaction","anniversary","converter","proves","threshold","originated","tire","upside","conscious","biblical","finite","cooked","automobile","breeds","shine","reporter","tense","protects","avoiding","towns","powered","erotic","forge","dim","stretching","distant","designers","substances","awaiting","communism","occasions","handful","pollution","hop","prophecy","razor","shrink","abroad","chasing","gloves","boycott","domination","refugees","sucked","weights","responds","vegetables","bastards","sticks","carriers","conquer","mankind","rogue","decreased","owning","faithful","leviathan","assembled","judging","theirs"
2,3,3,2,4,2,5,3,2,4,3,2,5,6,3,4,2,5,4,2,2,6,3,4,2,4,3,2,4,3,2,4,3,4,6,3,2,2,2,3,5,2,4,3,2,5,3,2,2,1,2,1,4,1,1,4,5,6,5,3,2,2,4,3,4,3,4,2,3,2,3,4,3,2,1,5,1,3,5,3,2,4,2,4,3,2,1,4,3,1,2,2,4,3,5,4,6,3,2,5,4,3,2,1,3,4,2,4,2,3,3,4,2,5,3,4,3,5,2,4,6,2,1,5,2,6,3,2,2,4,5,2,3,5,2,5,2,1,2,2,1,2,2,1,5,5,2,4,2,4,3,5,2,2,4,2,4,2,4,5,1,4,3,6,1,3,2,2,4,4,3,5,4,4,5,4,5,2,1,2,4,5,3,5,3,2,4,5,3,4,4,4,3,2,5,4,1,2,5,4,3,2,4,2,1,3,2,3,3,2,3,2,4,1,3,2,5,4,2,5,3,2,3,1,5,4,2,4,2,2,4,3,3,2,4,3,5,4,3,3,4,2,4,3,4,2,6,5,3,2
1,1,1,1,1,1,1,1,1,3,2,4,4,2,3,1,1,5,1,2,1,5,1,1,1,2,2,1,1,3,1,1,2,2,3,1,1,1,1,1,1,2,3,5,1,1,1,2,1,1,2,2,2,1,1,1,1,3,1,2,3,3,1,3,1,1,1,2,1,1,1,1,3,3,1,4,1,1,1,1,1,2,3,3,2,2,1,3,2,1,1,1,4,2,1,6,6,1,3,1,1,1,1,1,5,5,1,2,1,4,1,1,1,2,1,3,1,5,1,2,4,2,1,6,1,4,4,3,1,3,1,4,1,2,1,5,1,1,1,1,3,1,1,1,4,1,1,3,1,5,2,4,1,3,4,1,3,5,1,1,2,5,4,5,1,3,1,3,4,4,4,5,3,2,4,2,1,1,4,1,2,1,3,5,2,1,1,1,5,1,1,3,1,1,3,3,2,1,6,2,3,4,1,2,1,1,1,2,2,1,1,1,1,1,2,2,3,3,3,3,4,2,2,1,3,2,1,2,1,1,1,2,3,1,2,1,1,1,1,3,3,2,5,5,3,2,6,3,5,6
1,2,2,3,2,1,3,2,2,3,3,2,3,4,3,4,2,5,2,2,2,5,2,3,2,3,3,2,3,3,2,2,2,2,5,2,2,1,1,2,4,1,3,2,1,4,2,2,2,2,3,2,4,2,1,4,4,4,4,2,3,2,3,4,4,2,3,1,4,2,2,3,2,1,3,4,1,3,4,2,2,3,2,3,3,2,1,3,2,1,1,2,3,2,2,3,3,2,1,3,4,2,2,1,3,3,2,3,1,2,2,3,2,4,2,2,3,4,2,1,2,2,1,3,2,4,4,2,2,3,3,2,3,3,1,4,2,1,1,1,3,2,1,2,3,4,2,3,2,4,3,4,2,3,4,2,3,2,2,2,1,3,3,4,1,3,2,2,3,4,3,4,3,5,4,3,4,2,2,1,4,2,3,2,3,2,3,3,2,3,4,4,3,2,2,4,1,2,4,3,2,2,3,1,1,2,2,2,3,2,3,2,2,1,3,2,4,3,3,4,3,2,3,1,4,2,2,2,2,2,3,4,3,2,2,2,4,3,2,2,4,2,3,3,2,3,4,3,3,2
2,2,2,2,2,2,3,1,1,2,2,3,3,3,2,3,1,6,6,4,3,6,2,2,2,4,4,3,2,3,4,3,1,3,4,1,2,1,1,2,6,3,5,3,2,4,2,3,2,1,3,2,5,4,1,2,3,4,3,1,2,3,4,4,4,3,4,1,2,6,5,4,3,2,3,6,2,3,4,2,1,3,2,4,1,2,1,3,2,1,2,3,4,4,3,3,5,2,3,5,4,3,2,1,1,3,1,4,1,2,2,3,1,2,1,2,3,4,1,2,6,4,1,2,1,5,4,2,3,4,3,2,3,3,1,2,1,1,3,4,2,1,1,1,3,2,4,5,2,3,4,3,1,2,3,2,4,1,2,1,1,4,3,4,2,3,2,4,3,4,3,5,2,3,3,4,3,2,2,1,3,2,4,4,5,1,2,3,4,3,2,4,3,5,4,2,1,1,3,2,4,3,2,1,2,4,3,4,2,1,2,1,2,1,3,2,4,3,2,3,3,1,3,1,3,2,2,1,2,2,1,3,4,2,4,2,4,2,2,2,5,2,4,3,3,5,5,4,4,5
1,1,1,1,1,1,1,1,1,1,2,1,1,1,3,1,1,4,1,1,1,4,1,1,1,1,1,1,1,1,1,1,1,1,4,1,1,1,1,1,1,1,1,1,1,1,1,1,1,1,1,1,1,1,1,1,1,4,1,5,1,4,1,3,1,1,1,1,1,1,1,1,1,1,1,3,1,1,4,1,1,1,1,1,4,1,1,1,1,1,1,1,3,1,1,3,5,1,1,1,1,1,1,1,1,1,1,2,1,1,1,1,1,1,1,1,1,1,1,1,4,1,1,4,1,3,1,1,1,1,1,1,1,1,1,3,1,1,1,1,1,1,1,1,1,4,1,3,1,1,1,1,1,1,1,1,1,1,1,1,1,1,1,1,1,1,1,1,1,1,1,4,1,1,1,1,1,1,1,1,1,1,1,1,1,1,3,1,1,1,1,1,1,1,1,1,1,1,4,1,5,1,1,1,1,1,1,1,1,1,1,1,1,1,1,1,1,1,1,1,1,1,1,1,5,1,1,1,1,1,1,1,3,1,1,1,1,1,1,1,1,1,1,1,1,1,4,1,1,3
1,1,1,1,3,1,1,2,1,3,1,1,1,1,1,1,1,1,5,1,1,3,1,1,1,1,1,1,1,2,1,1,1,1,1,1,1,1,1,1,1,1,3,3,1,1,1,1,2,1,1,1,1,2,1,1,1,3,1,1,1,1,1,1,1,1,1,1,1,3,1,1,1,1,1,5,1,1,1,1,1,1,5,1,3,1,1,1,1,1,2,1,1,1,2,2,4,1,1,1,1,1,1,1,1,1,1,1,1,1,1,1,1,1,1,1,1,2,1,1,3,1,1,3,1,1,1,1,1,1,1,1,1,5,1,1,1,1,1,1,1,1,1,1,4,1,1,1,1,1,1,1,1,1,1,1,2,1,2,1,1,1,1,1,1,1,1,3,1,1,1,3,2,1,6,4,2,4,1,1,3,1,1,1,1,1,1,1,1,1,1,1,1,4,1,1,1,1,4,1,3,1,3,1,1,1,1,1,1,1,1,1,4,1,1,1,4,1,1,1,2,1,1,1,3,1,1,1,2,1,1,1,1,1,2,1,1,1,1,1,4,1,3,1,1,1,3,1,1,1
2,3,2,2,3,4,3,2,4,3,3,5,5,5,4,4,4,3,2,2,2,5,3,5,3,3,2,4,2,2,4,3,3,4,4,2,3,1,3,2,5,2,3,3,2,5,3,2,2,1,2,3,4,4,1,2,3,4,3,3,2,2,4,6,5,4,2,2,5,2,3,3,3,2,4,4,1,4,3,3,3,4,2,3,2,4,4,5,2,1,2,3,3,4,3,2,3,4,3,3,5,3,3,2,3,5,3,3,4,2,2,4,4,5,3,2,2,4,3,4,6,2,1,6,2,5,5,5,2,3,2,3,3,3,1,5,4,4,3,3,2,3,2,3,3,5,2,5,3,5,4,3,4,2,3,3,4,4,3,3,3,4,NA,4,4,3,3,3,3,5,3,3,4,2,4,3,2,3,4,3,2,3,4,3,2,4,3,3,3,5,5,4,3,3,4,3,1,1,2,NA,3,5,2,4,3,3,4,3,4,3,3,2,3,1,2,4,4,1,4,4,4,3,4,2,3,5,3,4,NA,1,5,4,2,3,4,3,2,5,4,3,4,3,2,3,3,3,3,2,4,2
1,1,3,1,1,1,2,1,1,1,3,4,4,2,1,4,4,3,2,1,3,3,2,1,1,6,1,2,1,1,4,1,2,2,2,1,1,1,3,1,3,1,4,4,1,2,1,1,1,1,2,1,1,1,1,1,1,5,3,2,1,4,2,4,1,1,3,3,2,1,1,1,1,1,1,5,1,1,2,1,1,1,1,1,4,1,1,1,3,1,1,2,3,2,1,4,5,1,1,3,4,1,1,2,4,3,1,4,2,1,2,2,1,1,1,1,1,2,1,1,5,1,1,3,1,2,1,1,2,1,1,1,1,1,1,2,1,1,1,1,1,1,1,1,3,3,1,2,1,2,1,2,1,1,1,1,1,1,2,1,1,1,1,1,1,1,1,1,2,3,1,3,3,1,1,1,1,1,1,1,2,1,3,2,1,1,4,2,1,1,1,2,3,1,3,2,1,1,3,1,3,1,2,1,1,1,1,1,1,1,1,1,1,1,1,1,2,1,2,1,2,1,1,1,3,1,1,1,1,1,3,1,3,1,2,1,1,1,1,1,3,1,4,1,1,1,5,1,2,4
1,1,1,1,1,1,1,1,1,1,1,1,1,1,2,1,1,1,1,1,1,3,1,1,1,1,1,1,1,1,1,1,1,1,1,1,1,1,1,1,1,1,1,1,1,2,1,1,1,1,1,1,1,1,1,1,1,1,1,1,1,2,1,1,1,1,1,1,1,1,1,1,1,1,1,1,1,1,1,1,1,1,1,1,1,1,1,1,1,1,1,1,1,1,1,1,1,1,1,1,1,1,1,1,1,1,1,1,1,1,1,1,1,1,1,1,1,1,1,1,1,1,1,1,1,1,1,1,1,1,1,1,1,1,1,1,1,1,1,1,1,1,1,1,1,1,1,1,1,1,1,1,1,1,1,1,1,1,1,1,1,1,1,1,1,1,1,2,1,1,1,3,2,1,1,1,1,2,2,4,3,1,1,3,NA,1,1,1,1,1,1,1,1,2,1,1,1,1,1,1,2,1,1,1,1,1,1,1,1,1,1,3,1,1,1,1,2,1,1,1,2,1,1,1,3,2,1,1,1,1,1,1,3,1,1,1,1,1,1,1,3,1,1,1,1,1,3,2,2,1
1,4,1,5,2,4,4,4,3,4,4,2,4,2,2,3,3,5,3,4,2,2,2,3,4,2,5,3,3,3,3,1,2,4,4,2,2,2,4,3,3,5,3,3,4,3,3,2,NA,2,4,4,NA,1,4,4,4,NA,2,NA,1,NA,2,4,2,NA,4,2,4,5,5,3,2,4,2,4,5,2,2,4,4,3,3,1,3,3,2,4,NA,2,4,2,3,4,2,4,2,2,2,3,3,NA,4,4,2,2,3,NA,3,4,6,6,1,1,1,1,1,1,2,3,5,1,1,4,4,5,3,4,1,1,3,NA,5,1,3,4,5,5,5,5,3,2,2,3,2,4,4,2,1,2,3,3,1,2,2,2,NA,3,4,2,NA,4,3,NA,3,2,2,NA,4,3,2,3,6,4,5,3,5,1,4,1,4,1,3,2,1,1,4,1,4,1,4,1,4,3,2,3,3,2,4,4,4,1,1,3,2,3,3,3,2,3,3,3,2,4,4,3,4,2,4,4,3,1,3,4,4,4,3,2,3,2,3,2,5,5,4,2,4,3,2,4,4,2,4,4,4,4,2,4,4,4
3,3,3,3,3,3,3,3,3,3,3,3,3,3,3,3,3,3,3,3,3,6,3,3,3,3,3,3,3,3,3,3,3,3,3,3,3,3,3,5,4,4,4,5,5,5,3,3,2,2,2,2,2,2,2,2,2,2,2,2,2,2,5,5,5,5,1,1,1,4,1,1,1,1,1,3,3,3,3,3,3,3,3,3,3,3,1,3,1,3,3,2,2,2,2,3,3,3,3,3,2,2,2,3,3,3,2,2,2,4,3,3,3,3,3,2,3,3,2,2,3,3,4,4,3,2,2,3,3,3,3,3,2,2,2,3,3,3,3,3,3,3,3,3,3,3,3,3,3,3,3,3,2,2,2,2,2,2,2,3,3,3,3,3,3,3,2,2,3,3,2,2,3,3,3,2,2,2,4,3,3,3,2,2,3,3,3,3,2,3,3,3,2,3,3,3,3,2,2,3,3,3,3,4,4,3,3,2,2,2,3,3,3,3,3,2,2,4,3,2,3,3,3,4,3,3,3,3,2,3,3,2,3,4,3,4,3,3,2,3,3,3,3,2,2,3,3,3,4,3
3,1,1,3,4,4,4,4,3,4,3,3,3,3,3,3,3,4,2,2,3,2,2,3,3,3,3,3,3,3,3,3,3,3,3,3,3,3,3,4,3,3,2,3,3,2,2,3,3,1,2,2,2,1,1,3,2,4,3,2,1,2,1,3,3,3,1,1,1,3,3,3,3,3,2,2,1,2,4,2,3,3,3,3,2,3,2,3,2,1,2,2,3,2,3,2,2,2,2,2,1,1,2,3,3,2,3,4,5,1,1,3,4,2,1,1,2,2,2,2,3,3,4,3,2,3,3,2,3,2,2,2,2,2,2,2,1,3,4,4,1,1,1,2,4,4,3,6,4,1,2,2,3,2,1,1,2,2,2,2,3,3,2,3,3,2,2,2,2,3,2,2,2,2,4,4,1,3,4,3,3,4,2,2,3,2,3,4,1,1,2,2,2,3,2,3,2,2,2,1,3,2,2,2,3,2,2,1,2,3,3,3,1,1,3,4,2,1,1,3,4,2,2,2,3,4,1,2,3,1,2,3,3,3,2,3,3,3,1,3,3,3,1,1,4,3,3,2,1,3
1,1,2,1,1,1,1,1,1,1,1,4,1,2,1,3,1,2,4,1,1,6,1,2,1,2,1,1,3,1,1,1,3,1,1,1,1,1,1,1,1,1,4,6,1,3,1,1,1,1,1,1,2,1,1,3,4,6,1,2,4,1,2,2,1,1,1,2,3,1,1,1,1,1,1,3,1,1,2,1,1,1,2,1,4,1,1,1,3,1,1,1,1,1,1,1,4,1,3,1,1,1,1,1,4,1,1,1,1,1,2,2,1,1,1,1,1,1,1,1,3,1,1,3,1,3,1,1,1,3,1,1,1,1,1,4,1,1,1,1,1,1,1,1,3,6,1,1,1,1,1,1,1,1,1,1,1,1,1,1,1,1,1,1,1,1,1,3,1,1,1,1,1,6,1,2,1,1,5,1,6,1,2,1,1,1,1,1,3,1,5,1,1,1,3,1,2,1,4,1,6,1,4,1,1,1,1,1,3,2,1,2,2,1,4,1,6,3,1,2,4,1,4,1,1,1,2,NA,2,4,2,2,4,3,1,3,5,4,5,1,6,1,6,1,1,3,6,1,5,1
2,1,3,1,2,1,3,2,1,1,4,2,2,4,3,2,2,4,2,2,4,5,2,2,1,6,3,2,2,3,1,3,2,5,4,1,2,1,1,3,2,1,4,5,1,5,2,2,1,1,1,1,3,2,1,3,2,2,4,2,1,1,2,3,2,2,4,2,2,3,2,5,2,4,3,6,1,2,3,2,2,2,4,2,3,2,1,4,2,1,2,2,4,3,2,6,6,1,3,2,1,1,1,2,4,3,2,4,1,2,2,5,1,4,2,2,3,6,1,1,5,3,1,3,2,5,3,2,4,3,3,1,3,3,1,4,2,1,1,1,4,2,1,1,4,3,2,5,3,5,1,4,2,3,2,2,4,1,3,2,1,2,2,3,2,4,2,3,5,6,2,3,2,4,3,2,5,3,2,3,4,2,4,3,3,2,4,3,2,4,6,5,3,2,3,3,1,1,3,2,4,2,4,3,2,4,3,2,2,1,4,3,4,2,3,2,3,2,4,3,2,3,2,1,5,3,1,3,2,1,1,3,3,2,3,2,4,3,2,3,6,1,4,2,3,2,5,2,2,4
1,1,3,1,2,1,1,1,2,2,3,3,2,2,1,1,1,3,2,2,1,5,2,1,1,2,2,3,2,1,2,1,1,1,2,1,2,1,2,1,1,1,1,2,2,2,3,2,2,2,1,1,2,2,3,3,1,5,2,1,1,3,3,3,3,2,2,1,3,4,2,3,3,3,2,2,4,3,3,2,1,1,1,5,3,3,3,2,1,1,2,1,5,5,5,3,NA,6,6,3,3,1,1,2,2,3,3,2,4,3,5,5,3,3,3,2,1,3,3,4,2,1,2,3,2,4,2,4,3,1,2,2,3,1,1,2,1,2,2,3,4,3,1,2,2,3,3,2,1,5,2,3,1,1,2,2,4,3,2,2,3,2,1,2,3,1,3,2,5,2,2,1,3,2,2,1,3,2,2,1,2,2,3,2,1,1,2,1,5,2,4,2,2,3,4,2,1,4,1,2,3,2,3,2,1,2,2,3,2,1,2,2,6,1,3,2,3,2,2,6,3,2,1,2,3,2,1,3,NA,1,2,3,3,NA,1,3,2,2,1,3,2,NA,1,2,2,3,1,2,2,1
1,2,2,2,2,2,3,3,2,4,2,2,3,3,3,3,3,6,2,2,4,5,2,3,2,4,2,2,3,3,2,2,3,3,4,2,3,1,2,2,3,1,3,3,2,4,3,2,2,1,2,2,4,2,1,3,2,4,5,3,3,2,3,4,4,2,2,2,4,2,2,3,3,3,3,4,2,3,4,2,2,3,2,3,2,2,2,3,3,2,2,3,3,3,2,2,3,2,2,3,3,4,3,2,3,2,2,3,2,3,3,3,2,3,2,3,3,4,2,3,5,2,1,2,2,4,2,1,3,2,3,2,2,2,2,3,2,2,3,2,2,1,2,3,4,4,2,4,2,3,3,4,2,3,4,2,3,2,3,2,2,3,2,3,2,3,1,2,2,4,3,5,3,4,5,4,5,3,3,2,3,2,3,3,3,2,3,3,2,3,4,4,3,2,4,4,2,2,3,3,3,3,4,2,2,3,2,2,3,2,3,4,4,1,2,2,4,4,2,4,4,2,3,1,4,3,2,2,2,2,3,3,4,2,4,2,5,2,1,3,4,2,3,2,3,3,6,3,3,4
2,1,2,1,1,1,1,1,1,2,2,3,1,2,1,1,1,5,2,1,1,3,1,2,1,1,2,2,1,1,1,1,2,1,4,1,1,1,1,1,2,1,1,2,1,1,1,1,1,1,3,1,3,1,1,1,1,3,2,1,1,1,1,2,1,1,1,1,3,2,1,1,2,2,1,2,1,2,3,1,1,2,2,1,1,1,1,3,3,1,1,1,2,2,1,3,2,1,1,2,2,1,1,1,2,2,1,3,1,1,3,2,1,1,1,1,1,2,1,1,5,1,1,3,1,5,1,1,1,2,1,1,1,1,1,3,1,1,1,1,1,1,1,1,2,4,2,2,1,3,3,4,1,1,2,1,2,1,2,1,1,2,2,2,1,2,1,1,2,3,2,1,2,2,4,3,4,2,2,1,2,1,1,1,1,1,2,1,2,2,2,3,3,2,2,1,1,1,3,1,2,1,2,1,1,1,2,2,2,2,2,1,2,1,2,1,3,2,NA,1,2,1,2,1,3,1,1,2,1,1,1,3,1,1,3,1,2,1,1,2,2,1,3,2,1,1,3,3,2,2
1,1,4,3,2,3,2,1,1,1,2,1,1,4,1,4,1,6,3,2,1,4,1,1,1,3,1,3,3,2,5,1,1,4,4,1,1,1,1,2,2,1,1,3,1,3,3,3,2,1,4,4,5,2,1,3,1,1,4,2,1,2,3,5,2,2,4,1,2,5,2,2,2,2,1,5,1,2,5,3,1,4,1,2,1,1,1,3,1,1,1,1,3,2,1,2,4,2,3,5,5,2,2,4,3,4,2,4,2,2,4,4,1,5,1,1,1,3,1,1,3,1,1,2,1,3,3,3,1,1,3,1,2,1,4,3,2,1,1,1,2,1,1,1,1,3,1,6,1,3,3,2,1,1,3,2,2,2,5,2,2,3,4,3,2,2,2,2,2,2,2,5,2,4,3,1,3,2,2,1,1,1,1,1,1,1,1,1,1,1,1,3,1,1,3,1,3,2,2,3,5,2,2,2,2,2,2,2,4,2,2,4,2,1,2,3,3,3,2,1,2,1,2,1,2,1,1,1,2,1,1,3,3,2,1,1,3,2,1,1,3,1,5,3,2,2,6,2,1,3
2,1,2,1,1,2,3,1,1,4,1,5,3,4,1,5,1,6,5,2,2,5,1,3,2,2,1,1,2,2,3,2,1,1,2,1,1,1,1,2,4,1,2,3,2,2,3,3,1,1,2,2,4,1,1,2,5,6,1,3,2,2,1,1,2,3,1,4,3,2,1,3,2,1,1,5,1,1,4,1,1,1,3,2,2,1,1,3,5,1,2,1,4,2,1,3,6,2,1,4,2,1,1,1,3,2,1,3,1,2,4,6,1,1,1,2,3,4,1,1,3,1,1,5,3,4,1,2,1,2,2,1,1,1,2,4,2,1,1,1,1,1,1,2,2,4,2,1,1,1,3,2,2,2,1,1,1,1,2,3,1,1,1,1,1,1,1,3,2,4,1,3,4,6,5,3,4,3,4,1,4,1,1,3,1,1,1,1,4,3,4,1,1,2,2,1,3,1,5,1,2,2,1,1,1,2,2,4,6,3,5,3,4,1,4,1,4,2,1,2,2,1,5,1,6,1,1,2,3,2,1,3,3,2,5,2,6,2,1,1,4,2,3,1,1,1,5,6,5,2
2,1,2,2,3,1,3,1,1,5,5,2,5,3,5,3,2,6,5,2,4,6,1,5,1,6,3,4,6,5,2,1,2,3,6,1,1,1,1,2,5,1,5,6,1,3,6,1,1,1,2,2,5,2,2,5,5,5,5,1,5,4,4,6,4,3,4,1,6,1,2,3,4,1,2,6,1,5,6,1,1,5,1,1,4,1,1,6,6,1,1,5,5,5,1,4,6,1,1,4,5,1,1,1,6,1,1,4,1,4,4,6,NA,5,1,1,4,6,1,1,6,1,1,6,1,6,3,3,1,4,4,1,1,4,1,6,1,1,1,1,1,1,1,1,6,6,3,5,1,5,3,3,1,5,5,1,5,1,5,5,1,4,4,6,1,3,3,3,5,6,3,6,3,6,6,4,5,2,6,1,6,4,6,2,2,2,6,6,6,4,4,5,4,4,4,4,3,1,6,4,5,2,4,2,2,3,3,3,5,2,3,4,5,1,5,2,6,4,4,4,6,3,4,1,6,1,3,3,2,2,5,4,5,3,6,2,6,2,1,4,5,2,6,2,2,3,3,4,4,3
2,1,1,2,1,1,1,1,2,3,1,2,2,1,1,1,1,3,2,2,1,2,1,1,1,2,1,1,1,1,3,1,1,1,2,1,1,1,2,2,1,2,2,3,1,1,1,2,1,1,1,2,1,1,1,1,1,2,1,1,1,1,1,2,1,3,1,1,1,1,1,1,1,1,1,1,1,1,1,1,1,1,2,1,1,1,2,1,3,1,1,1,1,2,1,1,4,2,1,1,3,NA,1,1,3,1,1,2,1,2,1,1,3,2,1,1,1,1,2,1,3,3,1,2,1,3,1,2,1,1,1,2,1,1,2,3,2,1,2,2,1,1,1,1,1,1,1,1,2,2,1,1,1,1,2,2,2,2,1,1,1,1,1,1,1,1,1,1,1,1,3,1,2,2,2,1,1,1,2,1,1,1,1,2,1,1,1,NA,2,1,1,2,1,1,1,2,1,1,1,1,3,2,3,2,2,1,1,1,1,2,2,1,3,1,2,1,3,1,2,1,1,1,1,1,4,1,1,1,2,1,1,1,2,2,2,1,1,1,1,2,3,1,2,1,2,3,6,1,2,3
1,1,1,1,1,1,1,1,1,1,1,1,2,1,1,2,1,3,1,1,1,2,1,1,1,1,1,1,1,1,1,1,1,1,2,1,1,1,1,1,1,1,1,1,1,1,1,1,1,1,1,1,1,1,1,1,1,3,2,1,1,1,1,1,1,1,1,1,1,2,1,1,1,1,1,1,1,1,1,1,1,1,1,1,1,1,1,1,1,1,1,1,2,2,1,1,3,1,1,1,1,1,1,1,1,1,1,1,1,1,1,2,1,1,1,1,1,1,1,1,1,1,1,2,1,2,1,1,1,1,1,1,1,1,1,3,1,1,1,1,1,1,1,1,1,2,1,2,1,1,1,2,1,1,1,1,1,1,2,1,1,2,1,1,1,1,1,1,1,1,1,2,2,2,2,2,1,1,2,1,1,1,1,2,1,1,1,1,1,1,1,1,1,1,1,1,1,1,2,1,2,1,1,1,1,1,1,1,2,1,1,1,1,1,1,1,2,1,1,1,1,1,1,1,2,1,1,1,1,1,1,1,1,1,1,1,1,1,1,1,1,1,3,1,1,1,2,1,1,2
2,1,2,2,2,1,1,2,2,2,1,3,3,4,1,3,1,5,4,4,3,5,2,4,4,4,4,3,4,2,4,4,3,1,5,1,3,1,1,2,4,1,2,5,1,3,2,3,3,1,2,3,4,1,1,4,5,5,3,2,4,2,3,3,4,2,1,1,4,1,2,3,3,2,2,5,1,4,5,2,3,3,2,3,2,2,1,4,4,1,1,2,4,4,1,2,3,2,1,3,3,2,2,3,3,1,1,4,1,3,4,4,1,3,1,3,3,4,2,2,3,3,1,NA,1,5,3,1,1,2,2,1,4,2,1,3,3,1,2,2,4,1,1,1,2,3,2,3,2,2,3,4,1,2,4,2,3,2,3,2,1,3,2,3,1,3,1,3,3,4,4,2,3,3,3,3,4,2,2,1,1,2,3,2,3,2,1,2,2,2,3,4,3,2,3,4,2,3,4,2,3,3,3,2,2,2,2,1,3,1,2,1,2,1,4,3,4,3,4,3,4,1,4,1,3,1,1,1,3,3,3,4,2,2,3,3,2,1,1,3,3,2,2,3,3,3,4,4,4,2
1,2,2,2,3,4,2,1,4,4,3,2,3,5,5,6,1,6,3,2,2,6,2,2,1,4,6,2,1,5,1,2,6,3,6,2,2,1,1,2,6,1,6,2,1,6,3,1,1,1,2,1,6,2,1,4,6,6,6,3,4,2,2,2,6,1,6,1,6,3,1,6,1,2,1,6,1,2,6,2,2,6,2,6,6,1,1,6,2,1,1,1,2,2,2,3,4,1,5,4,4,3,2,2,3,1,2,5,1,1,2,2,1,4,2,1,3,6,1,2,6,2,1,6,3,6,6,2,6,6,6,1,2,1,1,3,2,1,1,1,6,1,1,2,6,6,1,6,2,6,2,6,1,2,3,2,3,2,3,2,1,2,3,6,1,2,1,1,6,6,2,6,3,2,6,2,6,6,1,1,2,2,2,6,6,1,6,2,1,2,3,3,6,1,6,3,1,1,6,2,5,1,3,1,1,2,1,2,2,1,2,6,6,1,3,2,4,6,4,6,6,1,6,1,6,1,2,2,2,1,6,5,6,1,2,2,6,1,1,1,2,2,3,6,2,2,6,6,3,1
3,3,4,3,2,3,1,4,NA,3,2,4,3,4,2,1,3,2,4,3,2,5,4,2,4,NA,5,4,1,1,3,4,2,2,3,2,4,1,2,2,3,4,3,4,5,1,1,1,1,1,2,3,2,4,5,2,2,1,1,2,3,4,5,5,5,5,4,2,2,1,1,1,1,5,3,1,1,1,3,2,1,1,1,1,1,1,1,1,1,1,1,1,1,1,1,1,1,1,1,1,1,1,1,1,1,1,1,1,1,1,1,1,2,2,2,2,2,2,2,2,2,1,1,1,1,1,1,1,1,1,1,1,1,1,1,1,1,1,1,1,1,1,1,1,1,1,1,1,1,1,1,1,1,1,1,1,1,1,1,1,1,1,1,1,1,1,1,1,1,1,1,1,1,1,1,1,1,1,1,1,1,1,1,1,1,1,1,1,1,1,1,1,1,1,1,1,1,1,1,1,1,1,1,1,1,1,1,1,1,1,1,1,1,1,1,1,1,1,1,1,3,2,1,6,5,4,3,3,2,1,1,1,3,1,6,5,4,3,2,1,2,3,4,5,6,5,4,3,2,1
1,1,2,1,2,1,1,1,1,3,1,4,2,2,1,1,2,2,5,1,2,3,2,1,1,3,1,1,1,2,2,1,1,1,1,1,2,1,1,1,1,1,3,3,1,2,4,2,1,1,1,1,1,1,2,1,2,5,2,2,4,2,1,4,1,1,1,3,1,3,3,1,2,1,1,5,1,1,1,1,2,1,1,1,2,1,1,3,4,1,1,3,1,1,2,1,4,1,4,3,1,1,1,1,3,1,1,1,4,1,2,4,1,1,1,1,1,3,1,2,5,2,1,3,1,3,1,1,1,4,1,1,1,1,1,5,1,1,1,1,2,1,1,1,1,2,1,2,2,2,1,3,1,1,2,3,2,1,3,2,1,2,3,2,1,1,1,1,2,2,1,6,2,3,3,2,1,1,1,1,2,1,2,2,1,1,1,1,1,2,1,2,2,2,1,3,1,1,5,2,1,1,1,1,1,1,1,1,2,1,1,1,2,1,3,1,4,1,1,2,2,1,3,1,2,2,2,1,2,1,1,3,2,3,4,2,3,1,1,2,3,1,5,3,1,1,3,3,2,1
2,1,2,1,1,4,3,1,1,1,1,1,1,1,1,1,1,5,3,1,5,6,1,3,1,1,1,1,6,3,1,1,1,1,1,1,5,1,1,1,3,1,4,3,1,2,1,1,1,1,1,1,1,1,1,1,2,4,3,4,1,3,1,4,4,3,4,5,2,4,5,3,4,2,4,6,1,1,1,1,1,1,1,1,6,3,2,1,2,1,1,1,1,4,4,2,2,2,4,5,5,5,5,5,3,4,2,2,3,2,2,2,2,4,3,2,2,4,2,2,2,2,2,4,4,2,4,3,2,2,2,2,2,2,2,2,2,2,1,1,1,2,2,1,1,1,1,5,1,2,2,4,1,1,3,3,2,4,4,4,1,6,6,6,1,2,2,2,2,2,2,2,1,1,1,3,3,1,6,1,3,4,2,2,2,2,2,2,2,6,6,6,2,2,3,1,2,3,2,1,2,2,1,1,2,1,2,2,1,1,1,4,1,2,2,2,3,3,1,2,4,4,2,1,1,4,3,3,2,2,3,1,3,2,2,1,2,2,1,1,2,1,1,1,1,2,5,1,2,3
1,2,3,1,2,1,3,1,1,3,2,2,3,2,1,4,1,5,1,1,1,5,1,1,1,4,1,2,1,4,1,3,1,3,5,1,1,1,1,2,1,1,2,2,1,3,1,1,1,1,1,1,3,1,1,3,1,5,4,2,1,1,3,3,2,3,2,1,4,2,1,3,4,1,3,6,1,2,3,1,1,3,2,1,1,1,1,3,2,1,1,3,4,3,1,3,2,1,1,3,2,1,2,1,1,2,1,4,1,1,3,2,1,3,1,1,1,5,1,1,4,1,1,3,2,4,4,2,2,3,3,2,3,2,1,3,1,1,1,1,1,1,1,2,4,4,2,4,2,2,1,5,1,2,4,1,1,1,3,4,1,3,2,3,1,3,1,1,2,5,1,4,4,2,4,5,3,1,1,1,2,1,3,3,2,1,1,1,1,2,1,3,2,2,1,5,1,1,2,3,4,2,4,1,1,3,2,1,4,1,2,4,3,1,4,1,3,3,4,4,4,1,2,1,4,3,1,3,2,2,1,4,6,2,1,1,4,2,1,3,4,1,4,1,1,1,6,4,3,2
1,1,1,1,1,1,1,1,1,1,1,2,1,1,1,1,1,3,3,1,NA,3,1,1,1,1,1,3,2,1,1,1,1,1,1,1,1,1,1,1,1,1,1,2,1,1,1,1,1,1,1,1,1,1,1,1,2,4,1,1,3,1,1,3,1,1,1,3,1,2,1,1,1,1,1,3,1,3,3,1,1,1,3,1,2,1,1,2,3,1,1,2,1,1,1,1,3,1,1,1,1,1,1,1,1,1,1,2,1,1,1,2,1,1,1,2,1,3,1,1,5,1,1,3,1,5,1,2,1,2,1,1,1,1,2,5,1,1,1,1,1,1,1,1,1,3,1,1,1,1,1,1,1,1,1,2,1,1,1,1,2,1,1,2,1,1,1,2,1,1,2,2,2,3,4,2,1,1,1,1,3,1,1,2,1,1,1,1,4,1,1,1,1,1,1,2,1,1,5,1,1,1,4,1,1,1,1,1,2,1,1,1,3,1,1,1,3,1,1,2,3,1,3,1,3,1,1,4,1,1,1,3,3,1,1,1,2,1,1,1,3,1,3,1,1,1,4,1,1,2
1,1,1,1,1,1,1,1,1,1,2,3,3,1,1,1,1,4,4,1,2,4,1,2,1,5,2,2,2,1,1,1,1,1,2,1,1,1,2,2,1,1,3,3,1,2,1,2,1,1,1,1,1,1,1,2,1,3,2,1,1,1,2,3,1,2,1,2,3,2,1,1,1,1,1,3,1,1,4,1,3,1,3,1,1,1,1,4,3,2,1,1,2,2,1,2,4,1,1,2,1,2,1,1,2,2,3,3,1,1,5,5,2,1,1,2,1,5,2,1,5,1,1,6,1,5,1,1,1,1,1,2,1,2,1,5,1,1,2,1,1,1,1,1,3,3,3,1,2,1,3,1,1,2,2,2,2,1,5,1,2,1,1,1,1,1,3,1,1,1,2,1,1,3,3,1,1,1,2,1,1,1,1,3,1,1,1,1,1,1,1,1,1,3,2,1,2,1,4,1,1,3,6,1,1,1,1,1,3,1,1,1,2,1,1,1,5,1,1,1,3,1,3,1,2,1,2,4,2,2,2,3,1,2,3,1,1,1,1,2,6,1,6,1,3,3,3,1,3,3
