"solicit","whale","nationalist","nuisance","crowds","brushes","intimidate","starred","celebrities","segmentation","patrons","lad","hats","clipboard","kernels","blessings","leverage","percussion","deprivation","unsuccessful","deem","puzzled","quorum","blob","dread","defy","spices","kid's","fission","lawsuits","pawn","conceived","outbreak","grads","stain","vectors","replicate","cardinal","resides","dorm","unification","stubborn","shrinking","renewed","grazing","bitterness","majesty","antibodies","mobility","fanatic","crusader","prevalent","summers","antibody","reckless","paraphrase","autonomous","bilateral","volleyball","hideous","bantam","ante","confidentiality","flashing","mammals","downs","shaved","revolt","satire","heed","minotaur","exposition","balances","ceased","distinctions","shifts","arose","substrate","recession","folly","latency","attaches","petite","cascade","chewing","warranted","disposable","bluff","reviewing","sixties","belonged","lighten","bargaining","psychologist","summed","lodging","sewers","accounted","builders","rises","dagger","mayo","rebellion","intuition","cleanly","griffin","piston","restraints","energies","scandal","hoax","premature","learns","eliminates","endeavors","starving","bland","filtered","brine","son's","judo","transmitting","subsystems","quotation","oddly","rebate","objected","hemoglobin","supervise","dolphins","briefs","tragic","commanded","struggles","cones","compares","endorsed","franchise","teamwork","yoga","compressor","nickel","subtract","framing","comedian","salute","pesticides","remarked","ferret","reacted","wilt","uneducated","insulation","waking","blondes","pivot","mortality","solitary","smokers","chiefs","asthma","halves","rug","mast","lush","flashes","duplex","auditor","papa","subcommittee","consulted","resembling","encode","crease","childbirth","pork","dictator","truncated","admissions","attracting","vines","clarified","tyranny","entrepreneurs","turnaround","historian","deploy","amnesia","propulsion","rhymes","offenders","algebra","martyrs","whereabouts","crust","selves","boo","flint","weaken","spouses","tore","cooled","inalienable","sikh","fluent","acute","spill","prodigal","alchemy","rebuttal","gadget","conquered","asphalt","coaching","captive","castor","headline","overcoming","facets","numb","wiping","beholder","pleasures","juvenile","taxi","penal","teenagers","ahem","exploit","indicative","somebody's","advisable","harvest","novelty","kosher","deception","behaving","waiver","insistence","continuation","opus","taxpayer","repent","presto","meadows","cheated","antiques","studs","mammoth","coconut","miserably"
2,2,5,6,3,1,1,2,3,4,5,1,1,2,1,2,2,4,6,2,4,5,3,4,4,3,1,2,6,4,3,6,4,1,3,4,5,4,4,2,6,4,2,3,4,1,2,2,2,3,2,4,1,2,1,4,4,1,2,4,2,3,4,2,1,3,4,1,3,2,1,5,4,6,6,2,3,1,4,1,3,4,4,1,3,1,5,1,4,3,3,5,3,6,2,4,3,2,3,1,1,2,4,6,4,2,1,3,3,1,5,5,4,2,3,1,1,3,4,1,1,1,3,5,3,4,3,3,3,4,4,4,1,4,4,4,3,5,1,1,2,3,1,3,3,2,5,3,1,1,2,3,5,4,5,4,1,2,3,5,3,4,1,1,1,2,1,4,1,1,2,3,4,4,3,3,3,3,4,3,4,4,4,5,3,2,1,4,6,4,1,5,6,3,3,4,1,4,3,4,4,3,6,6,1,5,3,4,3,1,5,6,4,5,3,1,4,2,4,3,3,1,4,4,3,5,5,5,5,5,2,3,1,1,3,5,2,3,4,5,6,1,1,2,3,3,5,2,1,1,2
3,4,2,6,2,2,3,2,2,2,2,1,1,3,3,1,2,3,2,2,3,1,5,1,3,3,2,2,5,2,4,3,2,2,4,2,2,3,2,1,2,2,2,2,3,2,4,2,2,3,3,3,2,3,4,2,5,5,2,3,3,5,3,2,2,1,2,1,3,2,5,2,2,5,2,1,3,2,4,3,2,2,5,2,1,2,2,1,3,2,2,2,4,5,2,3,2,2,3,2,2,1,2,2,2,1,2,2,3,2,4,3,2,2,4,2,2,2,2,1,3,2,2,3,2,2,2,4,2,5,2,2,2,2,2,1,2,1,1,3,2,3,1,2,2,2,3,2,2,2,1,2,2,2,3,2,2,2,2,3,4,4,1,1,2,2,2,2,1,2,2,2,2,3,2,1,2,3,2,2,2,2,4,5,2,2,2,3,2,5,2,3,5,2,1,2,1,1,2,2,2,2,3,5,2,2,1,3,3,2,3,4,5,3,2,2,2,3,2,5,3,2,3,3,2,2,2,2,3,2,2,2,1,2,2,2,2,3,2,2,3,2,3,2,3,3,4,1,2,1,2
2,1,2,4,2,1,4,2,2,2,4,1,1,1,2,1,3,2,3,1,1,1,4,1,2,3,2,1,3,2,3,3,1,1,2,1,3,1,3,1,4,2,2,2,3,3,4,1,2,2,3,3,1,1,1,1,5,4,1,4,1,4,5,1,1,1,1,4,5,1,4,4,1,5,5,1,3,4,4,4,5,5,5,5,1,3,4,1,3,3,3,1,4,6,1,3,1,4,4,1,3,3,4,5,1,1,1,4,3,1,4,4,3,3,5,1,1,1,3,1,2,1,1,3,1,2,1,3,3,3,3,1,2,2,1,1,1,3,1,2,2,5,4,3,4,3,3,4,4,4,1,5,4,4,3,2,2,3,1,3,3,3,1,1,1,1,2,3,1,3,2,2,1,3,1,1,1,3,1,1,1,2,5,5,1,3,3,4,3,5,1,1,5,1,1,1,1,1,1,3,1,1,4,4,4,4,1,4,5,4,4,5,5,1,1,1,1,1,2,1,1,1,3,4,2,2,1,1,2,2,1,1,1,3,2,3,1,1,1,3,3,1,1,1,3,3,4,1,2,1,3
6,3,3,6,2,3,2,2,3,3,4,1,1,2,4,3,4,2,4,4,1,2,6,1,2,2,2,1,2,1,1,4,2,1,1,2,3,2,2,1,3,2,2,5,2,3,5,1,2,1,1,4,1,1,2,5,5,2,2,4,1,4,5,3,1,1,3,1,4,1,5,2,3,5,2,3,1,3,4,3,2,5,3,3,5,2,2,1,4,4,2,5,4,4,1,3,1,2,4,1,1,1,3,2,3,1,1,4,4,3,2,3,2,2,4,2,1,4,4,1,1,3,5,5,1,2,2,3,3,5,3,3,1,2,2,2,3,3,1,1,1,1,2,1,4,5,6,1,1,2,1,3,3,4,2,1,2,2,1,4,5,4,1,1,5,5,2,4,1,2,2,2,1,4,2,1,3,5,4,3,2,2,5,6,3,3,2,5,4,6,3,2,6,5,1,3,1,1,3,5,1,1,3,6,3,1,1,3,5,2,4,4,6,3,2,1,3,2,5,3,4,2,4,4,3,4,3,4,5,3,3,2,1,3,3,4,2,4,2,1,1,3,1,1,3,4,4,1,1,1,4
1,1,4,6,1,1,2,1,3,3,5,1,1,3,1,1,1,3,1,3,1,2,6,1,3,3,4,1,4,2,1,4,1,1,1,2,2,2,5,1,5,1,1,4,1,1,1,3,3,3,5,5,1,2,1,3,5,6,1,2,3,3,3,1,2,1,1,3,1,1,6,4,3,4,2,1,1,2,4,1,2,1,6,3,2,2,2,1,4,1,1,3,3,6,1,2,1,3,5,1,1,2,4,4,1,1,2,1,5,2,2,3,1,1,4,1,1,1,1,1,4,2,4,2,1,1,3,6,2,3,4,3,3,1,2,1,1,1,2,1,3,1,1,2,5,5,5,2,1,3,1,4,5,1,3,1,2,1,2,4,5,1,1,1,1,1,6,6,1,4,2,1,1,2,6,1,3,6,3,1,2,1,1,6,3,1,1,6,2,5,1,5,6,3,1,1,1,1,3,3,1,1,4,6,2,6,1,5,6,2,6,6,3,1,1,1,3,3,3,1,3,3,5,6,1,1,1,3,1,1,1,4,4,2,4,3,2,1,2,6,6,2,1,1,6,3,6,1,4,2,4
1,1,1,6,1,1,1,3,1,6,3,1,1,1,1,1,1,1,6,1,3,1,6,1,1,1,1,1,1,1,1,1,1,1,1,4,1,1,1,1,1,1,1,1,1,1,1,1,3,1,1,1,1,1,1,1,4,1,1,3,1,1,1,1,1,1,1,1,1,1,6,4,1,1,1,1,1,1,1,1,1,1,1,1,1,1,1,1,1,1,1,1,1,1,1,1,1,1,1,1,1,1,1,6,1,1,1,1,1,1,6,1,1,1,6,1,1,1,4,1,1,1,1,4,1,1,1,6,1,1,1,1,1,1,1,1,1,1,1,1,1,1,1,1,1,6,1,1,1,1,1,1,1,1,1,1,6,6,1,1,3,1,1,1,1,1,1,1,1,1,1,1,1,1,1,1,1,6,1,1,1,1,4,6,1,1,1,1,6,1,1,1,6,1,1,1,1,1,1,1,1,1,1,1,1,1,1,1,1,1,1,1,6,1,1,1,1,1,1,1,1,1,1,6,1,6,1,6,6,1,1,1,1,6,6,1,1,1,1,6,1,1,1,1,1,1,6,1,1,1,1
6,4,1,6,1,1,1,1,2,3,1,1,1,1,1,1,2,3,3,1,1,1,6,1,1,4,1,1,5,1,1,3,1,1,1,1,2,2,1,1,2,1,1,1,1,1,4,1,2,4,4,3,1,1,1,1,1,1,1,2,3,4,3,1,1,1,1,1,5,1,3,1,1,3,1,1,4,2,3,1,1,1,4,3,1,1,1,1,1,1,1,1,2,6,1,1,1,1,1,1,1,1,1,3,1,1,3,3,2,1,5,1,1,1,1,1,1,1,1,1,1,1,1,1,1,1,1,4,1,2,3,3,1,1,1,1,1,5,1,4,1,1,1,1,1,1,1,1,1,1,1,1,1,1,3,5,1,1,1,1,5,1,1,1,1,1,2,1,1,1,1,1,1,1,1,1,5,4,1,1,1,1,6,4,1,1,1,6,1,6,1,3,6,1,1,1,1,1,1,1,1,1,2,4,1,1,1,6,6,2,1,1,6,4,1,1,1,1,1,1,1,1,1,1,1,1,1,1,3,1,1,4,1,1,2,4,1,1,1,1,3,1,1,1,1,1,4,1,1,1,2
6,6,4,1,2,3,1,6,2,3,4,1,1,1,1,1,1,1,3,3,6,3,4,2,6,6,1,1,4,1,6,3,1,6,6,3,5,2,3,6,1,1,6,4,6,1,1,3,4,5,2,3,4,3,1,1,3,5,1,1,4,6,1,4,1,5,6,3,4,6,1,1,1,6,2,5,2,4,5,6,4,3,1,1,1,5,4,6,6,6,4,4,5,1,4,4,3,2,1,6,3,1,1,2,4,2,1,4,5,2,6,1,5,4,5,3,4,2,4,6,6,6,3,2,5,4,5,6,4,1,3,1,4,3,6,6,4,2,3,1,4,1,3,4,1,3,4,2,3,1,4,4,3,1,1,1,4,3,1,6,5,6,1,5,5,4,3,1,1,5,5,3,2,3,1,1,5,4,1,3,4,1,2,4,6,5,4,2,5,6,1,1,1,2,3,6,6,4,1,3,2,1,6,6,4,5,5,4,4,3,1,1,6,1,1,4,3,2,6,3,6,5,4,1,1,5,4,6,5,4,6,NA,1,1,1,2,4,2,4,3,4,2,3,2,4,2,4,3,2,1,4
4,3,2,2,4,4,4,4,4,4,4,4,2,NA,3,3,4,NA,2,1,1,3,NA,4,NA,4,2,NA,3,3,NA,4,4,3,2,3,3,NA,4,3,1,NA,2,3,NA,3,NA,1,2,4,NA,NA,4,NA,5,1,5,4,3,4,3,3,4,1,3,NA,4,4,4,4,4,4,4,4,4,4,4,4,4,NA,3,3,4,4,3,2,2,3,3,2,1,2,3,4,5,4,4,4,3,4,3,3,2,3,3,4,4,3,2,3,1,1,1,1,1,1,1,1,1,1,1,6,1,6,6,6,6,6,6,6,6,6,6,6,6,6,6,6,6,6,6,6,6,6,6,6,6,6,6,5,5,6,5,4,4,4,2,1,2,3,3,4,5,5,6,6,NA,4,2,4,4,4,5,4,3,2,4,3,3,4,5,3,3,3,4,4,4,4,4,4,4,4,2,4,5,3,NA,5,2,4,2,3,4,5,5,4,3,3,3,3,3,3,3,3,3,4,5,5,5,5,5,5,4,4,3,4,2,2,2,1,1,1,1,1,6,1,6,6,6,6,6,6,6,1,1,1,2,3,5,5,3
1,1,1,2,2,2,2,2,2,2,3,3,2,2,2,2,2,1,1,1,1,1,1,1,2,2,2,2,2,1,1,1,2,2,2,1,1,2,2,2,1,1,2,2,2,2,2,2,2,1,1,1,1,1,1,1,1,2,2,1,1,1,1,1,1,1,1,1,2,2,2,2,2,1,1,1,2,1,2,2,2,1,1,1,1,2,2,2,2,2,1,1,1,1,2,2,1,1,1,1,1,1,1,2,2,2,2,2,2,2,2,2,3,3,3,3,3,3,2,2,1,1,1,1,2,2,2,2,1,1,2,3,3,3,3,3,3,2,1,1,1,1,2,2,2,1,2,2,2,2,2,1,1,1,1,1,1,1,1,1,2,2,2,1,2,2,2,2,1,1,1,1,1,2,2,2,2,2,1,1,1,2,2,2,1,1,1,1,1,1,1,1,1,2,2,2,2,1,1,2,2,1,1,1,1,1,2,2,2,2,2,1,1,1,2,2,1,1,1,1,2,2,2,2,2,2,1,1,1,1,1,1,2,1,1,1,2,2,1,2,1,2,1,2,1,2,1,1,1,1,2
1,1,1,4,2,1,1,2,1,1,2,1,1,1,1,1,1,2,2,2,1,1,6,1,2,1,1,1,3,1,1,1,1,1,1,1,1,1,1,1,1,1,1,1,2,1,1,2,1,1,1,1,1,2,1,2,3,3,1,1,2,3,3,1,1,1,1,1,1,1,5,1,1,1,1,1,1,4,3,1,1,1,3,1,1,1,2,1,1,1,1,1,1,4,1,1,1,1,1,1,1,2,2,2,1,1,2,1,1,1,3,2,1,1,4,1,1,1,1,1,1,1,1,2,1,1,1,3,1,2,1,1,1,1,1,1,1,1,1,1,1,1,1,2,2,1,1,1,2,1,1,1,2,1,1,1,1,1,1,1,3,1,1,1,1,1,1,1,1,1,1,1,1,1,1,1,1,6,2,1,1,1,5,6,1,2,1,1,2,4,1,1,6,1,1,1,1,1,1,2,1,1,3,5,1,1,1,4,3,3,2,2,4,1,1,1,1,1,2,1,2,1,2,1,1,1,1,1,1,1,1,2,1,1,3,2,2,1,1,2,2,1,1,1,2,1,3,1,1,1,1
1,1,2,4,1,1,NA,NA,2,4,1,1,1,1,1,1,1,3,1,1,1,4,5,1,3,1,2,1,1,2,4,3,2,1,1,2,1,1,4,1,2,1,4,1,1,NA,4,NA,1,1,6,2,2,1,2,2,1,3,4,5,6,6,1,1,1,1,1,1,1,1,5,1,1,1,2,3,4,2,NA,2,4,2,5,4,2,5,2,2,4,5,2,4,5,6,1,1,3,1,3,2,1,1,2,1,2,4,1,2,4,2,5,1,1,1,2,1,1,1,1,3,1,1,2,1,1,1,3,4,2,4,1,1,1,1,4,2,1,2,3,1,1,4,2,1,6,1,1,2,3,2,4,2,3,1,1,5,2,1,1,4,3,2,1,1,1,1,1,3,3,2,1,3,4,2,1,1,1,4,3,2,3,2,4,5,1,2,2,1,3,1,4,5,2,2,2,2,1,1,2,3,2,1,4,5,1,1,1,4,6,3,6,2,1,1,1,1,1,2,4,1,4,2,2,4,2,1,1,6,2,1,3,2,3,4,4,2,3,1,4,2,4,2,2,1,2,2,3,2,3,3,2
1,1,5,5,1,1,1,1,1,1,1,1,1,1,1,1,2,1,2,1,1,1,6,1,2,1,1,1,5,4,1,1,1,1,1,1,1,1,2,1,2,1,1,1,1,1,1,2,2,1,1,2,1,1,1,5,5,1,1,5,1,3,3,1,1,1,1,2,2,1,5,6,1,2,5,1,1,3,3,1,1,1,3,1,1,3,3,1,3,4,1,6,5,6,1,5,1,3,3,1,1,1,4,6,2,1,1,3,3,1,5,2,1,3,5,1,1,1,1,1,1,3,5,5,1,1,2,5,2,5,2,2,3,1,1,2,2,3,1,1,2,3,2,1,4,2,4,2,2,5,1,4,4,1,1,2,3,2,2,2,6,4,1,1,1,1,2,2,1,3,2,2,1,2,3,1,2,3,5,3,1,3,6,6,5,4,2,6,5,4,2,5,6,6,1,1,1,1,3,3,1,1,4,4,4,1,1,3,5,2,4,5,5,4,3,1,5,4,4,3,1,3,4,5,1,1,3,2,2,5,2,3,2,2,3,5,4,4,3,5,1,2,2,2,4,3,6,1,2,2,4
4,3,4,6,1,2,3,1,3,5,2,1,1,1,4,5,2,2,2,4,1,1,5,2,1,4,2,1,5,4,1,5,1,1,1,1,3,2,1,1,3,2,2,1,1,1,2,2,1,1,2,1,1,1,1,4,6,5,1,5,2,4,3,1,1,2,1,1,4,1,6,2,3,2,2,1,2,4,5,1,1,1,2,5,4,3,2,2,2,1,2,5,6,6,2,2,3,1,2,3,1,2,5,5,2,1,1,3,3,2,5,3,1,2,1,3,4,2,1,1,1,3,4,5,2,2,3,3,2,5,4,3,1,1,1,2,1,5,1,1,3,3,3,5,2,2,5,2,1,1,1,2,2,2,3,1,2,2,1,5,6,4,1,1,1,3,5,1,1,4,1,2,1,1,1,1,2,4,4,3,1,4,5,6,2,5,3,6,6,6,3,5,6,3,1,1,1,1,1,2,1,1,5,6,2,1,1,4,6,5,6,5,6,3,4,2,2,3,4,NA,2,3,5,6,2,2,4,2,4,2,2,2,1,2,2,4,4,5,5,5,5,2,1,1,2,2,6,1,2,3,2
1,2,3,4,5,6,5,4,3,2,1,2,3,4,5,6,5,4,3,2,1,2,3,4,5,6,5,4,3,2,1,2,3,4,5,6,5,4,3,2,1,2,3,4,5,6,5,4,3,2,1,2,3,4,5,6,5,4,3,2,1,2,3,4,5,6,5,4,3,2,1,2,3,4,5,6,5,4,3,2,1,2,3,4,5,6,5,4,3,2,1,2,3,4,5,6,5,4,3,2,1,2,3,4,5,6,5,4,3,2,1,2,3,4,5,6,5,4,3,2,1,2,3,4,5,6,5,4,3,2,1,2,3,4,5,6,5,4,3,2,1,2,3,4,5,6,5,4,3,2,1,2,3,4,5,6,5,4,3,2,1,2,3,4,5,6,5,4,3,2,1,2,3,4,5,6,5,4,3,2,1,2,3,4,5,6,5,4,3,2,1,2,3,4,5,6,5,4,3,2,1,2,3,4,5,6,5,4,3,2,1,2,3,4,5,6,5,4,3,2,1,2,3,4,5,6,5,4,3,2,1,2,3,4,5,6,5,4,3,2,1,2,3,4,5,6,5,4,3,2,1
2,1,1,4,1,2,1,1,3,5,2,1,1,2,1,1,2,3,4,3,1,4,4,1,2,2,1,1,3,1,1,4,3,1,2,1,3,1,2,1,2,2,2,2,1,1,2,2,3,2,3,2,1,1,1,3,5,2,1,3,3,3,4,1,2,1,2,1,1,1,3,4,1,5,2,1,2,2,4,1,3,2,2,1,2,2,3,1,3,2,2,1,2,4,1,2,2,1,1,1,1,1,3,3,1,2,2,2,1,2,3,2,2,1,3,1,1,1,1,1,1,1,1,5,1,2,2,3,2,4,2,2,1,1,1,1,2,2,1,1,3,2,1,1,3,2,2,1,1,2,1,3,5,2,2,1,2,2,1,3,4,2,1,1,1,1,2,2,1,3,3,2,1,2,3,1,2,2,4,2,1,2,3,5,2,2,1,4,3,5,2,3,4,2,1,1,1,1,1,1,1,1,2,4,2,2,1,4,3,2,2,3,3,2,2,2,1,2,3,1,2,1,3,4,2,3,2,1,3,2,2,3,2,2,2,3,1,1,2,4,3,1,1,1,3,2,4,1,3,1,3
2,3,2,3,2,2,2,3,2,3,3,2,2,2,3,2,3,2,2,2,2,2,3,2,2,2,1,1,3,2,2,2,2,3,2,2,3,2,3,3,3,2,3,3,4,3,3,2,3,2,2,3,2,2,2,2,3,2,3,3,2,1,1,2,2,2,3,4,2,3,2,3,3,2,4,3,4,3,3,2,3,NA,4,3,3,4,3,3,4,3,4,3,2,3,4,3,3,2,3,2,3,4,2,4,3,2,3,4,3,3,2,4,3,2,3,3,3,2,3,4,2,3,3,2,3,2,3,4,3,3,3,3,4,3,3,3,2,3,4,3,2,3,4,4,4,3,2,3,2,3,2,3,4,2,3,3,3,4,3,2,3,2,3,2,2,3,3,2,3,3,2,2,3,3,2,3,2,3,2,2,1,2,3,2,3,3,2,4,4,3,2,2,3,2,2,2,1,2,2,3,2,2,2,3,3,2,2,3,3,2,3,2,3,2,2,2,2,2,3,2,2,2,2,3,2,2,2,3,2,3,1,2,2,3,2,2,2,1,2,2,3,2,2,2,3,2,2,3,3,2,3
4,4,6,5,1,1,1,3,1,2,4,1,1,1,3,1,3,3,4,2,1,3,1,1,2,4,4,1,3,1,1,1,1,1,1,1,1,3,3,1,3,1,1,3,3,1,1,2,4,3,4,4,1,3,1,1,3,4,1,5,3,3,5,1,1,1,3,3,4,1,4,2,3,1,2,1,1,1,1,1,3,6,5,1,1,1,1,1,2,1,2,1,6,3,1,1,1,1,1,3,5,3,5,5,4,1,3,3,2,3,2,3,1,2,3,1,1,3,1,1,4,1,1,2,1,1,1,2,3,1,1,2,1,1,1,2,2,3,2,2,2,2,2,3,2,3,NA,1,1,NA,1,1,3,3,1,1,1,1,3,NA,3,3,1,1,1,1,4,3,NA,3,2,3,1,1,1,1,1,1,1,1,3,2,2,1,1,1,2,3,4,5,2,2,3,2,2,1,1,1,1,1,1,1,3,4,1,1,1,4,3,2,2,3,3,2,NA,2,2,2,2,1,1,1,2,3,3,4,3,3,1,6,NA,3,2,1,3,3,5,2,2,2,3,2,3,2,2,1,4,1,1,3,4
4,2,2,6,1,1,3,2,4,3,2,1,1,1,3,2,4,3,3,2,1,2,4,1,1,1,2,1,3,2,1,2,1,1,2,4,3,2,2,2,4,3,2,2,1,2,5,2,3,2,6,3,2,2,1,2,5,3,2,4,3,2,2,1,1,1,1,1,4,1,3,2,2,3,2,2,2,3,2,1,2,1,3,2,1,3,2,1,3,2,4,3,5,2,1,2,1,1,2,2,1,2,4,3,1,2,1,4,2,1,4,2,1,1,4,2,1,1,2,1,1,3,2,4,2,2,1,4,2,3,1,1,1,1,1,1,2,3,1,2,1,1,2,1,1,3,4,1,2,1,1,2,1,1,1,1,2,2,1,2,1,1,1,1,1,1,2,1,1,3,2,2,1,2,1,1,2,5,2,2,1,1,3,5,1,1,1,1,4,3,1,2,6,2,1,2,1,1,1,1,1,1,3,6,2,1,1,4,2,1,1,4,3,1,1,1,2,1,1,1,1,1,1,2,1,2,1,4,2,1,1,1,1,1,1,1,1,2,2,1,4,1,1,1,2,1,4,1,1,2,3
4,2,1,3,1,2,2,1,2,1,1,1,1,1,2,1,1,4,1,1,1,2,5,2,1,1,2,1,2,1,1,2,1,1,1,1,2,NA,1,1,1,1,2,1,1,1,3,1,2,2,1,1,1,1,1,1,2,1,1,2,1,1,2,2,1,1,1,1,1,1,2,1,1,1,2,2,1,1,2,1,1,1,1,3,1,1,1,1,1,1,1,1,1,3,2,1,1,1,1,1,2,2,2,3,1,2,1,NA,1,1,2,1,1,1,1,1,1,1,1,1,NA,2,3,1,1,1,1,2,2,1,1,1,1,1,1,1,1,1,1,1,2,3,1,1,2,3,1,1,1,1,1,1,1,1,2,1,1,1,1,1,1,3,1,1,1,1,3,2,1,2,2,1,1,1,1,1,2,4,1,1,1,1,NA,3,1,1,1,3,1,2,1,1,1,2,2,1,1,1,1,1,1,1,1,1,1,1,1,1,1,1,1,1,1,1,1,2,1,1,1,1,1,1,NA,1,1,1,2,1,2,2,1,NA,1,NA,NA,1,1,1,1,1,1,1,1,1,1,1,1,1,1,1,1
1,1,1,1,1,1,1,1,1,1,1,1,1,1,1,1,1,1,1,1,1,1,4,1,1,1,1,1,1,1,1,1,1,1,1,1,1,1,1,1,2,1,1,1,1,1,1,1,1,1,1,1,1,1,1,4,1,1,1,3,1,1,1,1,1,1,1,1,1,1,1,1,1,1,1,1,1,1,1,1,1,1,1,1,1,1,1,1,1,1,1,1,4,6,1,1,1,1,1,1,1,1,1,4,1,1,1,1,1,1,3,1,1,1,4,1,1,1,1,1,1,1,1,1,1,1,1,1,1,4,1,1,1,1,1,1,1,1,1,1,1,1,1,1,1,1,1,1,1,1,1,1,1,1,1,1,1,1,1,1,4,1,1,1,1,1,1,1,1,3,1,1,1,1,1,1,1,1,1,1,1,1,2,4,1,1,1,1,1,3,1,4,1,1,1,1,1,1,1,1,1,1,1,3,1,1,1,2,2,1,3,3,5,1,1,1,1,1,1,1,1,1,1,1,1,1,1,1,1,1,1,1,1,1,1,1,1,1,1,1,1,1,1,1,1,1,1,1,1,1,1
2,1,6,6,1,1,3,2,3,5,NA,1,1,4,2,3,6,2,5,3,1,3,6,1,2,1,1,1,3,4,1,3,5,2,1,2,3,2,1,1,5,5,1,5,2,4,2,1,3,1,2,2,1,2,1,2,3,6,2,2,5,4,6,1,4,3,3,2,4,1,4,3,5,1,6,3,2,1,4,1,2,3,1,3,1,6,4,1,3,1,3,1,5,6,1,4,1,4,3,1,3,1,6,4,2,3,2,4,1,3,4,NA,2,2,4,3,2,2,NA,4,2,5,4,3,1,2,3,2,5,1,2,2,5,4,1,2,3,2,2,1,2,1,3,4,2,3,2,5,3,4,1,2,4,1,3,2,2,3,4,1,4,3,1,2,1,3,2,3,1,NA,5,5,3,1,3,2,NA,3,5,6,1,2,3,2,4,5,1,2,3,NA,4,2,5,4,1,2,1,2,3,3,2,3,4,1,3,1,1,4,2,3,2,5,4,2,4,2,2,3,1,1,3,2,2,4,1,3,3,1,3,5,4,2,3,2,5,3,2,1,5,5,1,4,2,3,2,3,4,1,6,1,6
1,1,1,5,1,1,1,1,3,1,3,3,1,1,1,1,1,4,1,2,1,1,4,1,1,1,1,1,4,1,4,2,1,1,1,2,1,NA,1,2,1,1,1,1,1,1,2,1,1,1,3,1,1,1,1,2,6,1,1,1,2,1,1,1,1,3,1,1,1,1,3,1,1,2,1,1,1,1,2,4,3,1,1,1,1,3,1,2,1,1,1,1,1,1,1,4,4,3,1,1,1,1,1,1,1,1,1,1,2,1,5,1,1,1,4,1,1,1,1,1,2,1,3,1,1,1,1,3,1,1,1,1,1,1,2,2,3,3,1,1,1,1,1,1,3,1,1,1,3,1,1,1,3,1,4,1,1,1,1,2,2,5,1,1,1,1,1,3,1,1,2,4,1,3,1,1,1,2,4,1,1,1,3,5,1,1,1,3,1,6,1,1,5,3,1,3,2,1,1,1,1,1,4,4,1,2,1,2,4,1,4,1,2,1,1,1,1,1,1,4,1,1,3,3,1,3,1,1,1,1,1,1,1,2,1,1,1,1,1,1,3,1,1,1,2,1,4,1,1,1,1
