"spherical","differing","kindred","takeover","autopsy","screenplay","diploma","refunds","tweak","ambition","representations","crossroads","cosmetic","stun","bail","tow","crawled","faked","planners","educating","diversion","unimportant","deed","pentagon","alerts","forehead","divert","spurs","demonstrating","invaluable","originality","servo","abbreviation","thinkers","suppression","generators","appended","booked","surviving","intern","conversely","instincts","manuscript","confession","shielded","surname","prevailing","discouraged","tracked","vulnerability","directional","weary","poltergeist","insofar","divorced","citations","membrane","spindle","coca","avalanche","dunk","seated","strands","conceptual","punched","perfume","handing","fundamentals","industry's","curly","reptile","bladder","strained","undo","obesity","hairy","exploded","chicks","reflex","liberated","metaphor","hierarchical","traumatic","miniature","pouring","pint","retract","mixer","diary","lowering","stacked","clauses","shouted","missionaries","drip","placebo","illustrator","interstellar","geology","pharmaceutical","sine","fiancee","mermaid","shameless","acquisitions","impending","practitioners","mornings","laughs","extraterrestrial","waving","reread","accredited","insisting","accommodate","unload","legislatures","workout","celebrity","groom","entrepreneur","psychiatry","endangered","formulated","deduct","bake","boxer","gangs","spheres","groin","blasphemy","qualitative","ratification","inverse","softer","chameleon","technicians","commonwealth","allergy","contributor","freezer","acknowledgement","picky","expo","overrun","imprisoned","affiliate","strapped","comprehend","sampled","bulldog","ticks","pauses","monitored","accomplishment","coerced","thieves","starring","secretly","patriots","lantern","comma","declining","hypocritical","portrayed","verdict","disciplines","ridicule","beds","lizards","kindness","remedies","administering","snapshot","ramifications","paused","unconscious","legalized","modifying","mutations","eyed","treasures","protesting","argues","reprints","subsidy","cooperate","firepower","evils","sacrifices","colon","commissioner","ow","nature's","mislead","swan","revise","spaniel","prosecute","cocoa","repressed","refuge","blizzard","respondents","reorganization","nucleus","criticizing","cocktail","tortoise","tangle","inclusive","interlaced","contamination","submarine","claw","poisoned","equate","homeland","sideways","goo","windshield","disgust","doo","dizzy","yin","drawer","snare","verge","dearly","embarrassing","ventilation","sesame","alcoholism","goat","rink","chancellor","finale","durable","heir","masturbate","spotlight","defeating","proponents","bootleg","mack","moo","celebrated","smelled","obligated","optimistic","histories"
5,1,1,1,2,1,1,1,1,1,1,1,1,1,1,1,1,1,1,1,2,1,1,1,1,1,2,1,1,1,1,1,1,1,1,1,2,1,1,1,3,1,3,1,2,1,1,1,1,1,1,2,6,4,1,1,1,1,1,1,1,1,1,2,1,1,1,1,1,1,2,1,1,1,3,1,1,1,1,1,2,6,1,1,1,2,1,1,1,1,1,2,1,1,1,4,1,1,1,6,3,4,1,1,6,1,3,1,1,3,1,2,3,1,1,1,2,1,1,1,4,6,1,1,2,1,1,1,4,3,6,1,1,1,1,5,2,1,2,1,1,3,1,1,1,1,2,1,1,1,1,1,2,1,1,3,2,1,1,1,1,2,1,5,1,1,2,1,1,1,1,3,1,1,4,1,4,1,1,1,1,1,1,1,1,2,4,1,1,1,1,3,1,1,2,2,2,1,3,2,1,2,1,1,1,1,1,1,2,1,1,1,1,1,1,3,1,1,1,1,1,2,1,1,2,3,1,2,1,1,1,3,2,1,1,6,5,3,6,2,1,2,3,1,1,1,1,1,2,2,1
6,2,1,1,4,2,1,1,3,1,2,1,1,1,1,1,1,1,1,3,1,1,2,1,1,2,1,1,1,2,1,1,2,1,3,1,3,4,1,1,2,1,1,1,4,1,1,3,1,2,1,4,5,4,1,6,1,1,3,1,4,3,1,2,1,4,1,1,2,1,1,1,3,1,3,4,1,1,2,1,6,6,6,6,4,4,1,1,1,1,1,3,3,3,1,6,2,5,4,6,2,6,1,1,2,1,4,1,6,2,1,2,3,1,2,1,6,1,6,1,6,6,1,1,1,1,1,1,5,2,6,2,1,1,1,3,2,1,1,1,1,4,1,1,1,1,3,1,1,1,1,1,2,1,3,6,2,1,1,1,1,1,1,1,1,1,5,2,1,1,1,2,1,1,1,2,5,1,1,1,2,3,1,3,1,1,1,1,2,1,2,1,1,1,1,1,1,3,1,5,1,3,1,1,1,3,5,1,6,1,1,1,1,1,1,2,1,1,1,1,3,4,1,1,1,5,1,4,3,1,1,5,1,2,1,6,6,1,5,1,1,3,1,1,1,1,2,1,1,1,2
5,2,1,1,4,1,2,1,1,2,3,1,1,1,1,2,1,1,2,3,2,1,1,1,1,1,4,2,1,1,2,4,3,1,1,1,4,1,3,1,3,3,2,1,2,1,2,3,1,2,1,2,4,3,2,4,1,1,1,5,1,1,1,4,1,2,1,2,1,1,1,1,1,1,3,2,1,1,2,1,4,6,4,3,1,4,1,1,2,1,1,4,1,3,1,4,2,1,2,6,2,3,1,1,4,1,4,1,3,5,1,1,2,1,1,1,3,1,3,1,3,6,3,1,2,1,1,1,3,2,6,4,2,1,1,4,3,1,3,1,1,2,NA,1,1,3,2,1,1,1,1,1,2,1,2,5,2,1,2,3,1,3,2,4,1,1,3,3,1,2,1,2,1,1,2,2,3,1,2,2,1,3,1,2,1,5,2,1,1,1,2,NA,1,NA,1,2,1,2,1,4,1,1,1,3,1,2,2,1,4,1,2,3,2,1,1,1,3,1,2,1,1,2,1,1,2,5,1,2,1,2,1,3,1,1,1,4,2,1,6,3,1,1,2,1,1,1,2,1,1,2,1
6,2,4,1,2,1,1,2,3,4,5,1,2,1,1,2,4,3,1,2,4,2,3,2,2,6,NA,6,2,1,3,1,5,1,3,4,2,1,1,1,6,3,2,3,4,5,6,4,3,6,5,4,6,1,2,3,1,2,6,6,1,1,2,3,2,1,1,2,4,6,1,2,2,1,4,3,2,3,5,3,6,6,4,4,2,1,1,2,2,1,3,5,2,3,1,2,1,2,3,6,2,3,1,1,4,1,3,1,3,4,1,1,3,1,2,1,2,1,2,2,6,5,1,1,1,2,1,1,6,5,6,2,3,2,1,5,3,3,1,2,1,2,2,1,3,2,1,2,1,2,1,2,2,2,3,5,6,1,2,1,1,3,1,2,1,2,2,1,1,2,1,4,2,1,2,1,3,2,2,2,3,3,1,2,2,4,5,1,3,4,5,2,1,2,1,1,2,3,3,6,2,1,2,2,2,1,2,1,6,1,4,3,3,NA,1,3,3,1,2,1,1,4,2,2,1,4,1,1,3,2,1,1,2,2,1,3,1,1,6,3,1,1,2,1,2,1,2,2,2,1,1
5,2,2,1,3,1,2,1,3,1,2,1,2,1,3,2,1,1,2,3,3,2,2,1,1,1,1,3,1,2,1,2,2,1,2,1,2,1,2,1,1,1,1,1,2,1,1,2,1,3,2,1,3,1,1,2,1,1,6,2,3,1,2,1,2,1,1,1,2,2,1,1,1,1,2,3,3,3,1,1,2,1,3,2,1,1,2,1,1,1,1,1,2,2,1,3,3,3,2,5,2,2,1,1,4,2,3,1,6,4,2,1,1,1,2,1,3,1,2,1,2,5,2,1,2,2,2,1,3,1,2,1,2,1,3,2,2,1,1,2,1,2,2,1,1,1,2,1,2,3,1,2,1,2,1,1,1,2,3,4,2,1,1,3,2,1,2,2,1,2,2,3,1,2,2,3,3,2,1,2,3,2,1,1,2,2,1,3,2,2,1,2,1,2,2,1,2,2,3,5,2,1,1,2,3,2,2,3,1,3,4,3,3,1,1,2,1,3,2,2,2,1,1,1,2,2,1,1,2,2,1,1,1,2,3,2,1,1,2,2,2,3,1,3,1,2,2,3,2,2,2
3,2,1,1,3,1,1,1,2,1,1,2,1,1,2,2,2,1,1,3,1,2,1,1,1,2,1,1,1,2,1,1,2,1,2,1,2,1,1,1,2,1,1,2,3,2,1,1,1,2,1,1,4,2,1,2,1,2,1,3,1,2,1,3,1,1,1,1,2,2,1,2,2,1,3,1,1,1,1,2,4,5,3,4,2,1,1,2,2,1,1,3,2,2,1,5,3,2,2,6,2,5,1,2,3,2,3,1,4,2,1,1,2,1,3,1,2,1,2,1,4,5,3,1,1,1,1,1,2,1,3,2,1,2,1,3,3,2,2,1,1,3,1,1,2,1,2,2,1,2,1,1,2,1,2,3,2,2,1,1,2,2,1,3,1,2,3,2,1,1,1,2,1,1,2,1,3,1,1,2,1,2,1,3,1,2,3,2,1,2,1,3,1,2,1,1,2,1,2,3,2,1,2,1,1,3,2,2,3,1,1,2,1,1,1,2,1,1,1,1,3,1,1,2,1,1,1,1,1,2,1,2,2,1,1,3,1,1,2,3,2,2,1,1,1,1,2,1,1,1,2
NA,NA,NA,NA,NA,NA,NA,NA,NA,NA,NA,NA,NA,NA,NA,NA,NA,NA,NA,NA,NA,NA,NA,NA,NA,NA,NA,NA,NA,NA,NA,NA,NA,NA,NA,NA,NA,NA,NA,NA,NA,NA,NA,NA,NA,NA,NA,NA,NA,NA,NA,NA,NA,NA,NA,NA,NA,NA,NA,NA,NA,NA,NA,NA,NA,NA,NA,NA,NA,NA,NA,NA,NA,NA,NA,NA,NA,NA,NA,NA,NA,NA,NA,NA,NA,NA,NA,NA,NA,NA,NA,NA,NA,NA,NA,2,2,NA,NA,NA,NA,NA,NA,NA,NA,NA,NA,NA,NA,NA,NA,NA,NA,NA,NA,NA,NA,NA,NA,NA,NA,NA,NA,NA,NA,NA,NA,NA,NA,NA,NA,NA,NA,NA,NA,NA,NA,NA,NA,NA,NA,NA,NA,NA,NA,NA,NA,NA,NA,NA,NA,NA,NA,NA,NA,NA,NA,NA,NA,NA,NA,NA,NA,NA,NA,NA,NA,NA,NA,NA,NA,NA,NA,NA,NA,NA,NA,NA,NA,NA,NA,NA,NA,NA,NA,NA,NA,NA,NA,NA,NA,NA,NA,NA,NA,NA,NA,NA,NA,NA,NA,NA,NA,NA,NA,NA,NA,NA,NA,NA,NA,NA,NA,NA,NA,NA,NA,NA,NA,NA,NA,NA,NA,NA,NA,NA,NA,NA,NA,NA,NA,NA,NA,NA,NA,NA,NA,NA,NA,NA,NA,NA,NA,NA,NA,4,NA,NA,3,NA,NA
4,2,1,2,5,1,1,1,3,4,4,4,1,1,3,1,4,3,1,2,3,2,1,1,2,3,2,4,2,4,3,1,3,3,2,1,2,1,2,3,2,4,3,3,2,2,3,4,2,3,4,3,5,2,3,3,4,2,1,5,1,3,2,3,1,3,2,1,2,2,1,3,3,1,2,3,1,1,2,1,1,4,3,3,3,2,1,2,2,1,2,3,3,4,1,2,2,2,3,5,2,4,3,3,4,2,3,2,3,2,2,3,1,1,1,3,3,2,2,1,4,5,2,1,1,2,1,2,3,4,2,2,3,2,1,4,4,3,2,1,1,2,1,1,2,3,2,1,1,2,1,1,4,2,2,3,3,1,1,2,1,1,2,2,3,1,2,2,1,1,3,2,2,2,3,4,4,2,3,3,2,3,1,3,2,2,3,2,2,1,1,3,2,2,3,1,1,3,2,3,2,3,1,1,3,3,2,3,4,3,2,4,3,3,1,3,3,2,2,1,3,1,1,1,1,1,3,2,4,1,3,1,2,4,1,2,5,3,4,2,3,3,2,1,1,1,1,1,3,1,4
6,2,5,2,5,3,4,2,3,2,3,4,3,1,1,2,3,3,2,4,6,3,2,2,2,4,2,3,2,4,3,2,2,4,5,2,2,5,4,5,5,4,3,5,6,3,3,6,5,5,3,5,6,5,4,3,5,5,5,6,1,4,3,5,5,3,3,2,3,4,5,1,4,1,4,3,2,3,3,3,6,6,5,3,4,1,2,1,4,2,5,5,5,5,1,3,4,2,2,6,1,3,1,3,4,3,5,2,4,6,3,4,3,1,3,4,6,2,4,1,6,6,4,3,1,1,1,2,5,2,4,4,5,2,1,4,5,3,4,3,2,6,2,1,2,3,2,3,2,5,1,1,4,3,3,4,5,1,2,2,1,1,3,4,3,3,6,3,1,3,2,3,4,2,3,4,5,2,3,2,3,5,4,4,2,3,4,2,1,3,1,3,1,4,4,3,1,3,2,3,3,2,3,4,3,3,5,4,6,2,1,3,2,4,1,5,2,1,2,1,3,1,1,2,1,4,3,3,2,2,2,1,4,2,1,4,4,3,4,3,4,5,2,3,1,1,3,2,2,3,4
5,2,1,2,3,1,2,1,4,3,3,2,1,1,3,1,1,1,1,1,3,1,1,1,1,3,1,1,2,1,1,2,3,1,3,1,2,1,2,1,3,1,3,3,3,1,3,3,1,2,3,2,3,2,3,3,3,2,1,4,1,3,1,2,1,1,1,1,5,1,2,2,3,2,1,3,1,1,1,1,4,3,4,2,3,3,2,3,2,1,1,3,3,4,1,3,1,1,1,4,1,5,3,1,1,3,4,2,3,3,2,3,2,1,2,3,2,3,2,1,4,5,3,2,3,1,1,1,4,4,5,3,3,2,1,3,3,3,2,2,1,4,2,1,2,3,2,2,1,1,2,1,3,1,2,1,2,1,1,3,1,1,2,5,4,3,3,3,1,2,1,2,1,1,3,3,4,2,3,3,1,3,1,3,1,2,1,1,1,1,1,2,1,5,3,1,1,3,2,6,2,2,1,1,3,3,2,4,3,1,1,2,3,2,1,3,4,1,1,1,3,2,1,1,2,1,1,1,3,1,3,4,2,3,1,1,3,2,6,1,4,3,2,1,1,1,2,1,1,1,4
6,1,1,1,6,1,1,2,1,6,4,2,1,1,2,1,4,1,1,2,4,1,1,1,2,2,1,1,1,4,2,1,6,2,6,2,2,1,1,1,2,6,1,6,4,1,4,6,1,2,6,4,6,1,4,4,1,1,1,6,1,2,1,6,2,1,1,1,1,1,2,1,2,1,2,2,1,4,1,1,6,6,6,6,4,3,1,1,3,1,1,4,4,6,1,6,3,1,4,6,1,6,3,2,6,1,6,3,6,6,1,3,2,1,1,3,2,2,2,1,6,6,3,1,1,1,1,1,6,6,6,3,3,2,2,6,6,6,3,1,1,6,1,1,1,3,2,1,1,1,1,1,3,1,4,4,4,2,1,3,1,2,1,4,NA,2,6,1,1,1,1,2,2,2,5,3,6,2,2,5,6,4,1,2,1,2,2,2,1,3,1,4,1,2,2,1,1,4,2,3,1,2,1,1,5,4,NA,3,6,1,1,2,4,6,1,4,5,1,1,1,4,1,1,1,1,4,1,2,2,2,4,6,6,3,1,6,3,2,4,2,4,3,1,1,1,1,3,1,3,3,3
4,3,4,2,4,2,2,4,4,1,2,3,1,1,1,1,3,1,3,1,3,1,1,2,3,3,2,2,2,3,2,4,6,2,6,1,6,2,3,1,3,4,6,3,3,2,2,3,2,2,3,4,6,4,6,4,2,6,2,6,1,2,3,2,5,3,3,2,4,3,2,1,3,1,1,3,4,2,2,2,1,4,2,4,3,4,2,3,4,3,2,5,4,2,1,5,3,3,5,5,1,6,1,3,4,2,6,3,6,6,2,NA,1,2,3,5,2,3,2,2,4,5,5,2,1,1,1,3,6,5,6,2,2,3,1,3,2,3,3,2,1,5,3,1,1,2,3,3,6,2,3,1,6,4,4,6,4,5,4,2,4,2,3,2,4,1,3,2,1,NA,3,4,2,4,2,4,6,2,3,2,3,4,2,4,3,6,5,4,2,4,2,5,2,3,3,2,1,3,5,2,4,4,3,1,3,3,5,NA,NA,2,NA,5,NA,4,2,2,2,4,5,1,3,2,1,3,1,3,2,4,3,5,4,3,2,2,1,5,4,4,5,2,4,2,3,2,1,1,3,3,2,3,2
6,2,3,2,3,2,4,1,3,3,3,1,3,1,1,1,2,2,2,3,3,2,2,1,1,2,2,1,3,4,3,5,5,2,3,2,3,2,2,1,3,4,4,3,2,4,4,3,2,3,4,4,6,6,3,3,3,2,2,5,1,1,1,3,1,2,1,3,3,2,2,1,1,2,3,1,1,2,2,3,4,5,5,4,3,1,2,1,2,3,2,4,2,4,1,5,5,4,4,6,3,3,2,2,5,4,4,3,3,5,2,1,3,2,2,3,2,2,3,1,6,5,4,5,3,1,2,1,3,3,4,4,3,2,2,5,4,4,1,3,4,3,1,4,2,4,5,2,3,1,1,1,3,2,3,4,4,1,2,4,3,4,3,5,4,3,3,3,1,2,1,3,4,3,4,3,5,4,4,3,3,2,3,3,2,5,4,2,3,5,2,3,1,2,1,2,3,3,4,5,4,5,4,5,5,6,5,3,6,3,3,5,4,4,3,4,3,2,3,1,2,1,1,1,3,4,3,3,2,2,3,4,3,1,1,5,3,3,4,3,2,3,3,2,1,1,4,3,4,4,3
4,1,1,1,4,1,3,1,1,2,1,1,1,1,1,1,1,1,1,3,4,5,1,3,2,3,4,1,6,5,3,1,3,1,3,2,1,2,2,1,1,1,5,1,2,1,4,1,1,6,1,1,4,2,3,3,2,2,1,4,1,1,1,3,1,3,1,5,3,1,1,1,1,1,4,1,2,4,1,3,5,6,3,2,1,1,1,1,1,1,1,3,2,4,1,5,3,2,2,5,1,3,1,1,3,1,2,1,4,4,1,1,3,1,2,1,4,1,2,2,6,6,2,3,1,1,1,1,3,2,6,3,2,2,1,6,2,3,1,2,1,1,1,2,1,2,2,1,1,1,1,1,1,1,2,4,3,1,2,2,2,3,1,4,2,1,3,2,1,2,1,3,2,1,2,1,4,2,2,1,1,1,1,1,1,4,2,1,1,2,3,2,1,2,2,1,1,3,2,4,2,3,2,2,2,4,2,1,3,1,1,1,2,1,1,2,3,1,1,1,2,2,1,1,1,1,1,1,2,2,2,1,4,1,1,3,5,1,6,5,2,2,2,1,1,1,2,1,3,4,2
5,2,2,1,4,1,2,1,2,1,1,1,1,2,2,2,1,2,1,1,1,1,1,1,NA,1,1,1,2,2,2,1,2,1,1,3,1,1,1,1,1,4,1,2,3,1,1,2,1,1,1,2,2,1,1,2,1,1,1,1,1,1,1,1,1,2,1,1,1,1,1,1,3,1,1,2,1,1,1,1,2,4,3,1,3,2,1,1,2,1,1,1,2,3,1,2,1,1,2,3,1,2,2,1,1,1,1,1,3,2,2,2,2,1,2,2,2,1,1,1,6,3,2,1,1,1,1,1,3,2,2,2,3,1,1,4,3,2,1,1,1,6,1,1,1,3,2,1,1,4,1,1,1,1,1,2,2,1,1,2,1,1,2,2,1,1,2,1,1,1,2,1,1,1,1,1,3,1,1,1,1,2,1,1,1,1,2,1,1,1,2,2,1,1,2,1,2,2,2,1,1,1,1,1,1,1,1,1,4,1,1,1,1,1,1,2,2,1,1,1,2,1,1,1,1,1,1,1,1,3,1,3,1,2,1,1,2,1,3,1,1,1,1,1,1,1,1,1,1,1,1
5,1,1,1,6,1,2,1,1,4,5,1,1,1,2,1,1,2,1,1,3,1,1,1,1,2,1,1,1,3,2,1,3,1,2,3,2,1,2,1,1,5,1,4,3,1,1,1,1,1,3,3,2,1,NA,5,1,1,1,6,1,1,1,3,1,4,1,1,1,1,1,2,1,1,5,1,2,1,1,2,2,5,6,2,1,3,2,1,6,1,1,3,1,4,1,6,3,1,2,5,3,5,1,1,5,1,6,1,1,2,2,1,2,1,1,1,4,1,3,1,5,4,1,1,1,3,1,2,5,6,3,5,4,1,1,4,3,1,1,4,1,4,1,1,1,5,2,1,1,1,1,1,NA,2,1,4,5,3,1,6,1,1,3,5,1,1,3,6,1,1,1,4,2,1,5,5,6,1,1,6,1,1,1,3,1,3,4,1,1,4,4,3,2,1,1,5,2,6,2,5,1,2,1,1,1,3,4,1,6,1,5,1,1,1,1,6,5,1,1,1,1,1,1,1,1,3,1,3,4,2,1,6,1,6,1,1,3,1,5,1,4,4,1,1,1,1,2,1,3,1,1
4,2,3,2,3,1,1,1,2,3,2,1,2,2,1,1,2,1,1,3,3,2,1,1,2,2,1,2,3,1,2,1,3,2,4,2,1,1,1,1,3,2,1,2,2,1,2,2,1,2,3,2,5,1,3,2,2,2,1,3,1,1,1,3,2,1,2,3,3,2,2,1,2,1,3,2,3,1,1,3,2,4,4,2,2,1,2,1,2,3,1,4,2,5,1,2,4,3,1,6,1,1,1,1,3,2,4,2,3,4,2,1,4,3,4,3,4,1,2,1,5,4,3,2,NA,1,1,1,3,2,4,4,5,2,2,4,5,3,3,2,1,4,1,1,1,2,3,1,2,2,1,1,3,3,4,4,3,3,3,3,1,2,2,3,1,1,NA,NA,1,2,1,2,3,1,4,3,4,4,3,4,3,2,1,2,2,2,3,NA,2,3,1,NA,1,3,1,2,1,3,2,1,2,1,2,3,4,3,4,1,NA,2,2,2,4,3,3,3,2,1,1,1,3,NA,1,2,2,3,2,2,1,2,4,2,2,1,1,2,1,1,3,2,1,1,3,1,1,1,2,3,2,3,2
4,1,1,1,3,1,2,2,2,2,2,3,2,2,2,2,2,1,1,2,3,2,1,3,3,3,2,1,1,2,2,3,3,2,2,4,3,2,2,1,2,2,3,2,4,3,3,4,3,3,2,3,4,4,3,4,2,3,4,4,1,3,2,3,2,2,2,3,3,2,2,2,3,3,3,2,3,1,3,4,4,5,6,5,3,3,3,2,2,2,2,2,1,2,1,4,4,3,5,6,1,5,2,2,4,2,3,3,3,6,2,2,3,3,3,2,4,4,4,2,5,6,4,3,2,1,2,1,3,3,4,4,3,4,3,4,5,4,2,3,2,5,2,1,1,3,3,3,2,3,2,1,3,3,3,3,4,3,2,3,1,2,3,3,2,2,3,3,1,3,3,4,3,4,3,4,5,3,3,4,6,4,2,4,2,2,5,4,3,4,5,4,1,4,3,4,4,3,3,4,4,5,4,5,6,3,3,3,5,2,3,3,6,4,5,5,4,2,2,1,4,3,1,1,1,6,3,4,3,5,4,4,5,3,1,5,6,3,4,3,4,3,4,2,1,1,5,3,4,3,2
5,5,1,1,3,1,1,1,3,2,4,1,1,1,1,1,3,1,1,1,2,1,2,1,1,3,1,3,2,2,3,6,3,1,3,1,3,1,1,1,2,1,1,1,1,4,4,3,1,3,1,5,6,6,3,4,1,1,1,4,1,1,1,4,1,3,1,2,1,1,2,1,3,1,1,2,1,1,1,3,5,6,6,6,3,1,1,1,2,1,3,4,2,6,1,2,1,4,6,5,6,6,1,1,3,1,4,1,4,1,2,2,3,1,3,1,4,1,1,1,6,6,2,3,1,1,1,1,4,1,6,6,1,1,1,3,4,1,4,1,1,6,1,1,1,1,4,1,4,1,1,1,2,1,5,4,2,1,3,4,1,1,2,5,6,1,5,3,1,1,1,1,5,1,4,1,5,1,4,1,1,1,1,3,3,5,5,1,1,3,1,4,1,5,1,1,3,5,2,1,2,5,1,3,4,6,6,1,4,1,1,4,5,2,1,4,1,1,1,1,1,4,2,1,6,3,2,5,1,5,4,3,4,1,1,5,1,1,5,6,1,4,3,2,1,1,1,2,4,3,1
4,1,NA,2,2,2,2,1,1,2,2,2,2,2,1,2,3,2,1,2,2,1,2,1,2,1,1,NA,2,1,2,2,1,1,1,1,2,1,2,1,2,1,2,3,3,2,2,3,1,1,2,1,1,2,1,NA,2,2,2,2,1,3,1,2,2,2,2,2,1,1,2,2,1,2,1,1,2,2,1,1,2,2,1,2,1,2,2,1,1,2,1,2,2,1,2,2,2,2,2,2,2,2,2,2,NA,1,1,1,2,2,2,2,2,1,1,1,1,1,2,1,3,3,3,2,1,1,1,1,1,NA,2,2,3,1,1,3,3,3,1,1,1,3,1,1,1,1,1,1,2,1,1,1,1,2,2,1,1,1,1,1,1,1,2,NA,2,1,2,2,1,1,1,2,2,2,2,1,2,2,2,2,1,1,2,1,2,1,1,1,1,1,1,1,1,1,1,1,2,2,2,1,2,1,2,2,1,1,2,1,1,1,2,1,2,1,2,2,1,2,2,2,1,2,2,1,1,1,1,1,1,2,2,2,3,1,1,2,2,2,1,1,1,1,2,2,1,1,2,NA,2,2,1
5,4,5,1,4,1,1,1,3,3,1,1,1,1,1,2,4,1,1,5,5,1,2,3,3,4,1,2,1,3,3,1,4,1,3,4,1,3,1,1,3,1,4,4,5,2,3,4,3,4,3,1,2,1,3,NA,2,4,3,5,1,2,1,4,1,2,1,2,3,1,1,1,4,1,3,3,1,2,1,1,5,6,4,4,3,1,1,4,5,2,1,4,1,4,1,3,1,1,4,6,3,6,1,5,6,1,5,1,3,5,1,2,4,1,3,1,2,1,5,1,4,6,2,1,1,1,4,4,6,3,5,5,1,1,1,6,6,1,4,2,NA,6,1,1,1,5,4,3,1,3,1,2,6,1,3,6,4,1,3,4,1,3,3,1,3,1,4,1,3,1,4,1,4,1,3,4,5,1,1,5,4,3,2,3,4,1,4,2,4,3,1,4,1,3,1,4,3,1,3,1,2,5,2,3,4,6,5,1,6,4,1,3,3,1,3,1,3,1,1,1,3,2,1,1,1,4,1,4,3,4,1,3,3,3,1,5,5,4,4,2,1,1,2,1,1,1,3,1,3,2,4
6,5,3,3,2,3,2,2,5,2,3,3,4,5,3,3,4,2,3,2,3,2,2,3,1,4,3,5,3,2,3,5,3,4,2,3,2,1,3,2,3,2,3,3,4,5,4,3,2,3,2,3,4,2,3,2,3,2,2,3,2,4,2,3,3,2,3,3,5,3,2,3,2,3,4,3,2,2,2,3,3,4,5,4,2,1,2,3,2,2,3,2,5,4,3,2,3,3,4,5,2,3,2,3,5,3,2,2,2,5,4,2,3,2,4,3,5,2,3,2,4,3,2,3,5,1,2,5,2,6,4,2,3,5,2,4,2,3,1,2,4,2,3,5,2,3,4,2,3,1,3,1,2,4,3,5,2,3,2,4,3,2,5,4,3,2,3,2,3,1,4,2,3,3,5,2,3,2,3,2,4,5,3,3,4,2,5,3,5,2,1,3,4,2,3,2,4,3,5,2,3,2,4,2,3,1,3,4,2,5,3,2,4,3,2,4,3,2,6,3,1,3,4,2,3,3,2,4,3,2,3,4,2,3,4,3,3,2,3,2,3,3,2,3,3,2,3,2,2,3,2
6,3,3,2,5,4,3,2,2,3,5,2,5,2,3,2,5,1,1,2,3,2,1,3,1,4,1,2,4,6,6,4,6,3,6,6,2,2,4,1,4,5,6,4,6,4,5,2,1,6,5,2,6,3,2,3,1,1,1,3,1,3,1,5,2,2,1,3,6,2,2,1,3,1,3,4,4,2,1,5,2,6,6,6,4,1,2,2,3,2,2,3,3,6,1,3,4,4,4,6,1,3,2,1,6,2,6,3,3,6,1,3,3,2,2,1,5,4,3,1,6,6,4,3,2,1,1,1,4,1,5,6,6,2,1,5,6,2,1,4,2,6,1,1,2,3,2,1,3,1,1,1,2,2,3,4,2,1,3,2,1,1,2,3,4,1,5,4,1,2,1,4,2,1,4,1,4,2,5,4,1,4,2,2,3,2,4,1,1,4,1,5,1,6,1,1,2,3,3,1,2,2,2,3,5,6,5,1,2,1,3,3,5,4,1,4,3,1,1,1,4,2,1,1,1,3,2,2,2,4,5,6,6,1,1,3,4,3,5,4,2,3,3,1,1,1,4,4,4,4,5
6,2,2,1,4,1,2,2,4,2,4,3,2,2,2,3,2,4,3,3,3,2,3,3,3,3,2,2,4,4,3,2,5,5,2,3,3,5,3,4,3,NA,3,2,3,2,4,4,3,3,4,3,2,2,2,4,2,3,2,4,3,2,3,4,2,2,4,3,4,2,3,3,2,3,3,2,3,4,3,3,2,2,4,3,4,3,2,2,3,4,3,2,3,3,4,4,3,3,2,3,1,3,4,4,3,2,2,4,4,2,3,3,2,1,3,2,4,3,2,3,3,2,5,4,4,3,2,4,2,3,4,4,2,3,3,3,4,3,3,4,3,6,2,2,3,4,4,2,4,4,2,1,4,3,5,6,6,1,1,2,1,2,1,3,3,3,2,3,1,1,2,2,3,1,2,4,5,3,3,2,1,2,1,2,1,4,3,1,2,3,2,2,1,2,1,1,2,3,1,3,1,2,2,5,1,4,4,1,5,2,2,2,3,1,1,2,3,1,1,1,2,3,1,1,2,3,3,3,1,2,2,4,2,1,1,3,3,1,4,1,1,3,4,1,1,1,1,2,3,3,1
3,2,2,2,2,1,1,1,2,6,6,3,1,2,2,2,3,2,1,2,5,1,2,1,1,2,2,2,1,2,3,1,6,2,6,2,1,2,2,1,2,1,1,4,5,2,3,3,2,2,4,3,4,1,2,5,2,2,1,3,2,2,1,3,2,3,1,1,3,2,3,1,2,1,3,2,1,1,1,2,4,6,2,3,2,2,1,1,4,2,2,3,3,6,1,4,1,2,2,6,2,5,3,2,6,2,6,2,4,5,2,5,2,2,3,2,4,3,2,1,6,6,2,2,2,1,1,1,6,3,5,4,3,2,1,4,6,4,3,3,2,6,2,1,2,3,4,2,2,2,1,1,2,2,3,2,5,2,2,3,2,2,2,5,3,2,3,2,1,2,2,3,5,2,6,2,6,3,2,6,5,3,2,2,2,5,6,2,2,3,2,5,1,3,3,3,3,2,3,3,3,2,2,1,6,4,3,2,3,1,2,2,6,4,2,3,3,1,3,1,4,2,1,2,1,3,2,2,3,3,6,3,4,2,2,3,2,2,5,3,2,2,3,2,1,1,2,2,3,4,4
2,3,2,1,3,2,4,1,2,2,5,3,2,1,1,1,4,1,3,2,4,3,1,2,2,2,3,1,3,4,2,1,2,3,4,3,2,2,4,2,4,5,4,3,5,3,2,4,2,4,6,4,6,3,3,5,3,2,1,3,1,3,2,3,1,2,1,5,3,2,2,2,2,1,2,3,2,4,2,2,4,5,5,3,4,3,2,2,4,3,2,4,3,5,2,3,2,4,5,6,1,3,4,3,5,2,4,2,4,5,3,2,4,2,4,2,5,3,5,1,5,6,4,3,2,1,1,1,4,5,5,6,6,3,3,5,4,5,3,3,1,5,2,1,3,3,4,2,3,1,2,1,3,3,6,3,5,3,3,4,1,1,3,6,3,1,2,3,1,1,1,3,4,2,4,5,5,3,4,3,2,3,5,6,3,5,4,3,2,3,2,3,1,4,5,1,3,3,4,2,3,4,2,4,6,4,3,3,5,1,3,2,4,3,1,4,3,2,3,1,3,2,1,3,1,3,2,3,4,5,5,3,3,2,1,3,4,2,3,3,4,4,5,2,1,1,3,3,4,4,4
6,1,1,1,5,1,2,1,1,6,6,1,2,1,1,3,1,3,1,1,3,1,1,1,1,2,1,1,2,4,2,4,6,2,1,1,1,3,1,1,3,1,3,1,1,1,3,4,1,2,5,1,6,5,2,5,1,1,4,5,1,2,1,5,5,3,1,2,1,1,3,1,2,1,3,1,1,1,1,3,5,6,5,2,3,1,1,1,2,1,1,4,3,3,1,5,1,2,3,6,2,4,1,1,3,1,6,2,5,6,2,1,2,1,3,1,6,1,3,1,5,6,5,3,1,1,1,1,6,3,6,4,4,2,1,6,6,3,3,3,1,5,1,2,1,3,2,1,2,1,1,1,4,1,4,6,3,1,2,1,1,1,3,3,1,1,5,2,1,1,2,3,1,1,3,2,5,4,3,6,2,2,1,2,1,3,5,1,1,6,3,4,1,1,2,2,1,3,3,6,1,4,1,1,3,4,5,1,6,1,2,1,5,2,1,3,6,1,1,1,3,2,1,1,1,4,2,5,NA,3,6,3,6,1,1,6,3,4,6,4,5,2,2,1,1,1,2,1,4,1,2
6,2,2,3,4,2,5,3,3,2,2,2,4,1,1,1,4,2,1,3,1,1,3,3,2,2,2,2,3,2,2,1,2,1,2,2,3,2,3,1,3,3,5,4,4,2,4,5,5,2,3,1,6,3,4,4,3,3,1,6,1,2,2,6,6,4,3,3,2,1,2,2,3,1,3,3,2,2,4,4,4,6,3,3,3,1,1,2,2,2,3,2,2,3,1,6,2,2,2,6,1,6,1,1,6,2,6,2,2,6,2,2,5,4,4,4,4,3,3,1,6,6,4,4,4,1,1,1,6,2,6,2,2,4,2,5,6,3,3,3,3,5,1,1,1,3,3,3,3,2,2,1,5,4,4,4,3,3,3,2,2,2,3,3,4,5,4,4,1,4,1,5,3,1,5,5,6,3,3,3,1,4,4,3,3,5,5,4,1,5,1,4,1,1,3,1,1,5,5,1,3,4,4,4,3,3,4,3,5,1,4,4,5,5,1,4,4,4,4,1,2,3,1,1,1,4,2,2,2,4,4,1,6,1,1,3,2,2,4,5,4,2,2,1,1,1,2,2,3,2,2
