"submerged","sirs","eldest","localities","jurors","bolster","enemy's","alienate","brindle","triangular","darkened","sociological","cider","tensed","facile","setter","allegory","ducking","repel","rearing","inhibitor","incline","artery","how'd","tragedies","misty","motherland","doubtless","ascribe","earthly","indifference","audition","lubrication","fittings","ginseng","immigrate","supermarkets","influencing","downed","must've","hoods","reappear","inventing","purists","envious","sizable","obeyed","newsstand","thesaurus","bowing","contradicted","assuring","robes","hammered","demonstrators","ingestion","scoundrel","unqualified","styling","competed","cologne","entrenched","fantasia","archaeologists","dispense","remorse","fouled","renal","veterinarians","augment","philosophically","accompanies","rents","delegated","endured","complicate","conformance","caper","iced","endangering","lodged","hinted","heartfelt","bugged","pronouns","denote","harem","exaggeration","gripes","reproducible","slur","adorable","dismantle","crackpot","commune","dominating","beatings","phew","prowess","gasps","jewels","inaugural","deteriorating","nectar","pamphlets","braille","thrilling","blotter","fastened","oldies","trainee","dummies","reflexes","retracted","radiology","purged","yak","encompass","heaving","stamping","gamblers","rook","bonded","stochastic","nothingness","departing","recalling","wig","nebulous","numerals","eradicate","octaves","seduced","harrassment","inaccessible","stomped","warping","reclamation","microfiche","steely","thermostat","perils","directorate","sarcastically","circulate","fangs","impair","coefficients","subtitled","dyed","normalized","juniper","choreography","depress","nitpick","overwhelm","uninteresting","tacked","petitions","loopholes","amounted","questionnaires","restless","cyclical","miraculously","bun","mop","ebb","scatter","ornament","polka","marches","roaming","racket","porcupine","dreamt","attorney's","inertial","growers","demeanor","spokeswoman","perfected","consort","opaque","uptight","sanitary","ambitions","swayed","reverence","capsules","saline","lubricant","gleaned","groves","irresponsibility","prerequisite","intermediary","multiplied","impacted","turntable","speck","saloon","knuckles","decomposition","patient's","virtuous","gunshot","dresser","brainstorm","collated","reigns","harshly","superstition","psychoactive","mobilization","misinterpretation","unorthodox","wailing","flagrant","shadowy","longshot","parallelism","deviate","subtleties","name's","chests","scattering","gamut","vividly","pollute","arty","crave","lucidity","wheeled","pelvic","preachers","sojourn","shunned","tosses","mogul","disallowed","docks","public's","nonviolent","taut","drips","horseshoe","indignation","garbled","boyhood","legislate"
6,6,2,2,1,1,3,6,5,1,3,4,6,6,6,2,1,3,2,1,2,1,1,4,5,4,1,5,1,2,3,5,2,3,1,2,1,2,5,6,2,2,3,4,1,1,1,1,5,6,3,2,5,6,2,4,2,3,4,1,6,2,1,4,3,2,5,1,3,6,6,2,4,3,1,4,3,1,5,3,1,2,1,5,1,2,2,5,3,1,1,2,4,2,3,2,1,1,3,5,3,4,NA,1,2,6,6,1,3,1,1,2,2,2,4,5,5,2,3,1,4,2,2,5,3,1,2,2,5,1,4,6,2,1,6,6,2,2,3,1,2,3,5,2,5,1,1,1,3,1,2,1,3,2,5,2,2,4,2,1,3,2,4,3,1,5,4,5,2,2,3,2,4,2,1,2,1,1,1,2,3,1,1,6,2,1,1,1,1,3,4,2,2,1,2,4,2,1,1,2,3,1,5,2,4,5,3,1,1,1,6,2,3,5,4,5,2,3,1,1,2,4,2,5,1,1,1,5,4,2,1,2,2,2,1,2,3,3,2,5,1,2,2,1,6,3,4,4,6,1,1
4,3,2,3,3,1,1,3,2,4,2,4,2,1,3,1,4,1,2,2,3,1,2,1,3,1,2,3,4,1,1,2,2,1,5,3,2,3,2,2,1,3,3,4,4,3,3,1,5,3,3,2,1,1,2,4,5,4,2,2,4,2,3,3,2,1,2,2,3,2,3,4,1,3,2,2,3,1,2,2,2,1,2,1,2,3,3,2,2,2,1,1,2,1,1,2,1,3,3,1,2,3,2,1,4,4,2,1,2,1,2,1,2,2,1,1,2,2,3,1,1,2,2,5,2,1,1,1,4,3,3,3,2,1,2,1,3,2,5,3,2,2,3,2,1,1,1,3,1,3,2,1,3,1,1,2,2,1,2,1,2,3,1,3,3,1,1,2,2,1,1,2,3,2,2,1,2,3,1,3,2,NA,2,5,2,1,1,2,3,2,3,2,3,1,3,4,4,2,1,2,1,3,5,2,4,2,1,2,1,2,3,2,2,4,1,3,2,2,3,1,1,2,3,2,2,1,1,3,2,1,1,1,3,2,1,2,4,2,2,3,2,1,1,2,3,1,3,4,4,1,3
2,2,NA,NA,NA,NA,NA,NA,NA,NA,NA,NA,NA,NA,NA,NA,NA,NA,NA,NA,NA,NA,NA,4,NA,NA,NA,NA,NA,NA,NA,NA,NA,NA,NA,NA,NA,NA,NA,NA,NA,NA,NA,NA,NA,NA,NA,NA,NA,NA,NA,NA,NA,NA,NA,NA,NA,NA,NA,NA,NA,NA,NA,NA,NA,NA,NA,NA,NA,NA,NA,NA,NA,NA,NA,NA,NA,NA,NA,NA,NA,NA,NA,NA,NA,NA,NA,NA,NA,NA,NA,NA,NA,NA,NA,NA,NA,NA,NA,NA,NA,NA,NA,NA,NA,NA,NA,NA,NA,NA,NA,NA,NA,NA,NA,NA,NA,NA,NA,NA,NA,NA,NA,NA,NA,NA,NA,NA,NA,NA,NA,NA,NA,NA,NA,NA,NA,NA,NA,NA,NA,NA,NA,NA,NA,NA,NA,NA,NA,NA,NA,NA,NA,NA,NA,NA,NA,NA,NA,NA,NA,NA,NA,NA,NA,NA,NA,NA,NA,NA,NA,NA,NA,NA,NA,NA,NA,NA,NA,NA,NA,NA,NA,NA,NA,NA,NA,NA,NA,NA,NA,NA,NA,NA,NA,NA,NA,NA,NA,NA,NA,NA,NA,NA,NA,NA,NA,NA,NA,NA,NA,NA,NA,NA,NA,NA,NA,NA,NA,NA,NA,NA,NA,NA,NA,NA,NA,NA,NA,NA,NA,NA,NA,NA,NA,NA,NA,NA,NA,NA,NA,NA,NA,NA,NA,NA,NA,NA,NA,NA,NA
3,1,1,2,3,1,2,3,1,2,1,3,1,1,4,1,2,1,1,3,1,1,1,1,3,1,1,2,2,4,2,3,3,1,4,1,1,3,2,1,1,3,1,3,3,3,3,2,5,2,1,3,1,1,2,4,4,4,2,1,6,2,3,6,2,1,3,2,4,4,3,2,1,1,2,1,1,1,1,3,3,1,2,1,3,1,2,3,1,3,1,1,1,1,1,2,3,2,2,1,3,5,4,1,3,5,1,1,2,1,3,1,1,2,4,3,1,2,3,1,2,1,1,5,2,1,1,1,4,2,3,2,1,2,4,1,1,3,6,1,2,1,3,2,2,1,2,5,3,2,1,3,5,1,1,2,1,1,3,1,3,3,1,5,5,1,1,1,1,1,1,3,3,1,2,3,2,4,1,3,1,2,1,5,2,2,4,1,2,3,3,3,3,1,3,6,6,3,2,1,1,2,1,3,4,5,1,1,2,2,3,1,2,4,3,2,3,2,1,1,2,3,3,6,1,1,1,2,2,3,1,1,4,1,1,2,5,1,1,1,2,1,1,3,4,1,NA,4,3,1,4
1,2,2,2,4,4,2,4,2,3,1,4,1,2,3,1,3,2,1,3,3,1,1,2,2,1,1,3,3,2,1,2,2,2,5,2,1,1,1,1,1,1,1,3,2,1,1,1,3,2,2,2,1,1,2,1,5,1,1,1,3,2,5,3,1,2,1,3,3,3,4,4,1,1,1,1,1,3,1,1,1,1,1,1,2,3,3,1,2,4,1,1,1,1,2,1,2,3,4,1,1,5,2,1,2,3,1,1,1,1,2,2,1,1,1,1,1,1,1,2,1,1,1,4,3,2,1,1,3,1,2,2,1,1,4,1,2,2,4,2,2,2,2,1,1,1,1,3,1,2,1,3,3,1,1,1,1,2,1,1,1,1,1,1,1,1,1,3,2,1,1,1,1,1,2,2,1,2,1,1,1,1,3,3,1,1,1,1,3,1,1,1,3,2,1,1,2,1,1,3,1,3,3,2,1,1,1,1,2,3,3,3,4,3,3,3,3,3,4,2,2,2,2,3,1,1,1,3,1,1,1,1,3,1,2,2,4,3,3,3,4,1,1,1,1,1,2,4,3,2,2
3,1,1,4,3,2,4,NA,2,2,3,3,4,3,4,2,1,1,1,1,3,1,1,1,4,1,1,2,4,1,1,3,2,2,4,2,1,2,2,2,1,1,1,2,2,2,2,1,4,2,3,3,2,2,3,3,3,4,3,3,5,4,6,6,4,4,4,4,6,3,6,4,2,2,2,2,2,2,3,3,4,3,3,3,3,3,3,5,4,4,1,1,1,1,3,3,3,3,3,4,2,5,5,1,6,6,4,1,5,4,2,2,2,2,6,3,1,3,1,1,1,1,2,6,4,4,3,1,3,3,3,4,4,4,4,3,3,4,6,3,4,2,4,5,4,1,1,4,3,3,2,3,6,2,2,2,5,1,3,2,4,5,3,3,6,1,1,1,2,3,4,3,3,3,4,4,2,1,1,5,3,3,2,6,3,3,3,3,4,2,2,3,2,3,6,4,4,4,2,4,1,1,1,4,3,2,2,1,3,3,3,3,4,5,5,5,5,2,2,2,2,5,2,3,3,2,1,3,3,3,3,1,4,4,4,2,4,4,2,2,4,1,1,1,2,2,1,4,2,3,5
2,1,1,4,5,2,2,3,3,4,3,5,4,2,6,2,3,1,2,3,2,2,2,3,4,3,5,5,2,3,2,4,2,3,5,2,1,3,1,2,2,1,1,3,3,4,3,2,5,2,1,2,5,2,2,6,2,3,5,2,NA,3,6,6,3,1,2,1,5,3,6,4,2,3,3,2,1,1,2,3,4,2,3,1,1,3,2,4,3,2,4,3,2,3,2,2,3,5,5,3,2,6,5,2,4,4,3,1,3,1,2,4,3,2,3,3,1,4,3,2,3,3,2,5,4,3,2,2,2,2,3,4,2,4,2,1,5,2,6,5,2,3,5,4,5,3,3,2,3,2,4,2,5,4,2,3,2,1,3,3,2,4,3,2,4,1,3,2,2,NA,3,3,2,4,2,3,4,2,2,3,3,2,3,5,3,1,2,2,3,4,2,5,4,2,4,6,5,2,4,3,4,5,6,4,2,6,2,5,3,3,2,2,3,5,4,5,3,3,4,2,1,5,4,2,2,3,2,1,2,3,4,2,4,2,2,4,5,3,2,3,3,2,3,2,3,1,1,2,2,1,2
1,2,1,3,3,1,1,2,1,1,1,3,1,1,1,1,2,1,1,1,2,1,2,1,3,1,1,2,2,1,1,1,2,1,4,1,1,1,1,1,1,2,2,2,3,1,1,1,4,1,3,1,1,1,1,3,3,1,1,1,4,3,1,3,1,2,1,3,3,1,2,1,1,3,1,1,1,1,1,1,1,1,3,1,1,1,1,1,1,1,1,1,1,1,1,1,1,3,3,3,1,1,4,1,3,3,3,1,1,1,2,1,1,1,1,3,1,1,2,1,1,1,1,3,1,1,1,1,3,1,3,2,5,1,1,1,1,1,4,1,3,1,3,1,1,1,3,1,1,1,1,1,3,1,1,1,1,1,3,6,1,1,1,3,4,1,1,4,1,1,4,1,1,1,4,1,1,4,1,4,1,1,1,5,1,1,1,1,4,1,1,4,1,1,1,1,1,1,1,1,1,1,1,1,1,1,1,1,1,1,1,1,3,1,1,1,1,1,1,1,1,3,4,4,1,1,1,3,1,1,1,1,3,1,3,1,3,1,1,3,1,1,1,1,1,1,1,3,2,1,3
6,3,3,3,4,1,4,5,1,1,1,1,1,1,2,1,2,1,1,1,2,1,1,2,1,1,1,2,1,1,1,1,1,1,2,1,1,1,2,2,1,1,1,3,2,2,3,1,3,3,1,2,1,1,1,2,2,3,1,1,4,1,3,4,1,1,2,1,1,2,2,1,1,1,1,1,1,1,2,1,1,1,1,1,2,1,2,3,2,2,2,1,1,1,1,1,1,3,2,2,2,2,2,1,2,2,1,1,1,1,1,1,1,1,1,1,1,1,1,1,1,1,1,2,1,1,1,1,2,1,1,2,1,1,1,1,1,1,5,1,3,1,1,1,1,1,1,1,1,2,1,1,3,1,1,2,2,1,1,3,1,3,1,3,1,1,1,1,1,1,1,2,1,1,3,2,1,1,2,2,1,1,1,3,2,1,2,2,1,2,1,1,2,1,1,3,1,1,1,1,1,1,4,1,2,2,1,1,1,2,2,1,2,4,2,1,4,1,2,2,1,3,1,3,2,1,1,4,1,2,1,1,2,1,1,1,4,1,1,2,1,1,2,2,2,1,1,1,1,1,1
2,3,1,1,2,1,3,2,5,1,2,1,3,4,6,1,2,1,2,3,1,4,2,1,3,1,1,6,2,3,2,4,5,1,6,2,1,1,3,5,1,2,1,3,4,4,5,1,5,2,1,2,4,3,1,3,2,1,4,2,6,2,6,5,1,1,3,4,5,1,3,2,1,2,2,3,2,1,4,2,3,1,NA,4,1,2,3,5,6,2,1,1,2,1,4,2,3,6,4,1,2,3,5,2,5,6,3,2,4,3,5,3,2,1,2,4,1,1,2,1,2,1,3,6,2,1,1,1,6,4,3,6,3,2,4,2,5,3,6,1,2,3,2,1,4,1,2,4,3,2,2,3,5,1,1,4,1,2,5,1,3,6,2,5,6,1,1,5,1,2,4,1,3,1,5,4,2,4,1,1,1,2,1,5,2,1,4,2,3,2,4,4,2,2,3,4,3,2,3,2,2,1,6,2,4,3,1,1,2,3,5,2,3,6,3,2,4,1,5,2,1,3,4,1,2,1,2,5,2,3,2,2,4,2,1,3,6,2,1,6,2,1,2,1,1,2,3,4,3,2,2
2,3,5,3,5,3,4,3,5,5,2,4,3,3,1,2,2,3,4,2,3,3,4,3,2,5,4,3,5,4,5,3,5,3,4,4,4,3,5,3,4,5,2,3,3,5,2,1,2,4,4,3,2,3,5,3,5,3,5,4,5,5,6,4,3,3,6,4,3,3,3,4,3,2,3,3,5,3,4,4,5,5,6,2,5,3,3,4,2,4,4,4,5,3,3,2,4,2,5,3,5,3,4,2,5,2,6,3,4,2,3,2,5,3,1,2,2,5,4,2,4,5,4,5,3,4,4,2,4,4,3,4,3,4,5,5,3,4,3,2,4,4,2,3,4,3,4,3,4,4,4,2,4,3,3,4,3,6,5,2,4,6,3,5,4,4,5,3,3,5,4,5,5,3,5,3,4,4,4,4,4,5,2,2,NA,4,4,3,5,5,3,5,6,3,4,4,4,4,5,4,4,3,3,3,5,3,4,3,3,4,3,5,4,5,3,5,6,2,6,2,1,5,6,6,1,5,6,6,3,5,1,3,5,3,4,3,3,4,3,5,3,4,5,3,4,2,4,4,2,2,3
3,5,4,2,4,3,5,3,2,5,2,5,5,2,4,2,3,1,1,1,3,1,4,2,4,4,1,5,4,2,1,3,2,1,5,2,1,3,2,5,1,1,1,4,5,1,3,1,6,1,2,3,2,3,5,4,6,2,3,1,4,2,3,6,1,1,3,1,6,3,6,1,1,1,2,1,1,1,1,4,3,2,1,2,1,2,4,6,1,4,3,1,3,1,2,3,4,5,6,3,2,6,6,1,4,5,3,2,1,1,3,4,5,3,6,3,1,3,4,1,1,1,1,4,2,1,1,3,4,2,5,4,3,4,3,2,3,4,6,3,2,3,4,5,4,1,2,4,2,2,4,4,6,1,1,3,1,1,3,1,1,6,1,4,3,1,1,1,2,1,3,1,1,1,4,1,3,5,3,1,1,1,2,3,4,1,2,1,4,3,1,3,2,2,4,6,6,5,3,4,1,3,1,2,2,4,1,3,1,3,2,4,5,6,6,6,6,4,5,4,3,6,5,6,3,2,4,5,6,4,2,1,4,3,2,3,6,4,2,6,4,1,3,4,5,3,1,5,4,1,5
2,1,1,1,2,1,1,1,2,1,1,4,3,1,1,1,1,1,1,1,1,1,1,1,2,1,1,4,4,1,1,1,2,1,4,1,1,2,1,1,1,1,1,1,1,1,1,1,3,1,1,1,1,1,1,3,3,1,1,1,6,2,3,5,1,1,2,1,1,1,2,1,1,1,1,1,1,1,1,1,3,1,1,1,1,1,3,4,1,1,2,1,1,1,1,1,1,1,1,1,1,2,1,1,1,1,1,1,4,1,1,1,1,2,1,1,1,2,1,1,1,1,1,5,1,1,1,1,2,1,1,3,1,1,2,1,1,1,6,1,1,1,3,1,1,1,1,1,1,1,1,1,1,1,1,2,1,1,1,1,1,1,1,4,1,1,1,1,1,1,2,1,1,1,6,1,1,1,1,1,1,1,1,5,1,1,4,1,2,1,1,1,1,1,1,3,1,1,1,1,1,1,1,1,1,2,1,1,1,1,1,1,3,3,1,1,1,1,1,1,1,1,1,5,1,1,1,5,1,2,1,1,2,1,1,1,3,1,1,1,1,1,1,1,1,1,1,1,1,1,4
2,3,5,5,1,3,2,6,6,2,3,2,2,2,5,5,3,2,3,1,1,6,4,4,2,2,3,2,1,2,1,2,5,5,4,2,3,NA,6,6,2,1,3,2,1,6,3,2,1,4,4,3,2,2,1,5,1,1,2,4,5,2,2,1,3,1,5,4,4,2,1,2,3,5,6,3,4,NA,2,1,3,2,3,6,5,3,1,1,3,5,1,6,4,2,6,4,1,3,3,2,6,2,2,1,NA,5,6,1,2,4,3,1,5,5,5,3,6,2,NA,2,3,1,4,4,3,1,2,6,6,2,5,1,4,5,4,3,1,1,NA,4,3,1,2,2,1,6,1,5,2,3,4,2,1,4,3,2,5,1,4,4,3,1,3,3,5,2,3,1,3,3,4,2,6,5,3,4,2,4,4,3,1,6,4,3,1,2,1,4,4,3,3,NA,1,2,5,6,2,1,1,5,6,2,2,2,1,4,4,2,6,5,5,4,1,NA,4,2,1,3,4,3,2,2,1,1,5,3,4,2,2,4,2,4,1,1,5,3,3,4,5,2,5,2,1,1,2,3,6,5,3,1,1
6,5,4,5,5,5,6,6,4,5,3,6,3,3,4,2,4,3,4,5,6,3,4,5,4,2,3,5,5,4,3,3,4,2,4,2,1,3,3,3,2,2,2,4,4,3,3,3,5,3,3,3,4,2,2,3,NA,5,3,3,4,5,5,6,4,2,4,3,3,5,6,4,1,3,4,3,3,4,2,3,3,2,2,2,3,4,6,5,3,3,2,3,3,1,3,2,2,5,4,3,2,4,4,2,4,5,4,4,4,3,4,3,4,3,4,5,1,2,2,2,3,4,2,6,3,4,3,3,4,5,5,4,3,3,2,4,4,4,3,4,3,4,2,3,2,2,2,4,3,4,3,4,3,3,5,5,4,4,5,5,5,4,4,5,5,1,1,5,4,4,3,3,3,5,4,4,5,3,4,3,5,4,3,4,4,3,3,3,3,5,3,3,4,3,4,5,3,4,3,3,3,3,3,4,3,4,3,4,4,4,4,3,3,3,4,4,3,3,4,4,4,4,4,3,4,4,4,3,3,4,4,4,4,4,3,4,3,3,3,4,4,1,3,3,3,3,4,3,3,3,5
6,6,1,5,6,6,1,5,4,3,5,4,2,4,6,6,6,6,1,6,6,6,6,3,5,2,3,5,6,5,6,3,6,4,6,3,6,4,5,4,3,5,1,4,5,3,6,6,3,5,6,4,2,5,5,6,6,3,1,1,6,6,6,5,5,6,6,6,6,6,6,6,1,6,4,6,6,4,2,5,6,6,5,6,5,6,5,6,6,6,1,6,6,6,6,6,6,3,6,4,6,5,6,6,5,6,5,4,6,5,5,5,4,6,4,6,1,6,6,6,6,1,6,6,6,6,6,2,5,6,6,6,6,6,6,6,6,6,6,6,6,6,6,6,6,6,6,6,6,6,6,6,5,6,6,6,4,5,6,5,4,5,4,6,5,1,1,2,3,5,6,6,6,6,4,4,5,5,6,6,6,6,6,6,6,6,6,6,6,6,6,6,6,6,6,6,6,6,6,6,6,6,6,6,6,6,6,6,6,6,6,6,6,6,6,6,6,6,6,6,6,6,6,6,3,NA,3,3,4,3,4,2,6,6,3,6,6,6,6,6,6,6,6,6,6,6,6,6,6,6,6
1,2,1,1,1,1,2,1,1,1,1,3,2,1,4,1,1,1,1,2,1,1,1,3,2,1,1,3,1,1,1,2,2,1,3,1,1,1,1,3,1,1,1,1,2,1,3,1,4,2,1,1,1,1,1,2,1,1,1,2,4,1,1,3,1,1,1,1,1,3,1,1,1,1,1,1,1,1,3,1,2,1,1,1,1,1,2,5,1,1,1,1,1,1,1,1,1,3,1,1,1,1,1,1,1,4,1,1,1,1,1,1,1,1,1,1,1,1,1,1,1,1,1,3,1,1,1,1,2,1,1,3,1,1,1,1,1,2,5,1,1,1,1,1,2,1,1,4,3,3,1,1,3,1,1,1,1,1,2,1,1,3,1,1,1,1,1,1,1,1,3,1,1,1,1,1,1,4,1,1,1,1,1,4,1,1,2,2,1,2,3,1,1,1,1,3,1,1,1,1,1,1,3,2,4,2,1,1,1,1,6,1,2,1,2,2,1,1,1,1,1,1,1,5,1,1,1,1,1,1,1,1,2,1,1,1,4,1,NA,1,1,1,2,1,3,1,1,2,1,1,1
4,4,2,1,5,2,5,2,1,5,5,2,6,2,4,3,3,3,6,6,6,2,4,1,3,1,6,5,1,3,2,1,3,2,6,5,5,1,2,4,2,2,5,5,6,2,2,2,4,4,5,1,6,4,3,6,5,1,1,1,6,3,NA,2,3,2,5,4,2,3,5,4,4,2,2,1,1,4,6,4,2,2,1,5,1,1,4,2,3,4,2,1,2,6,4,4,4,1,5,3,2,2,5,2,1,5,2,5,1,6,3,4,4,3,1,2,1,1,5,3,3,5,5,5,2,2,1,5,1,5,3,1,6,4,2,2,1,4,5,6,6,2,4,1,5,3,2,1,1,5,5,5,1,2,3,3,4,1,2,2,4,2,3,5,2,5,5,3,1,NA,1,6,1,1,4,2,5,6,3,1,5,4,4,4,1,5,3,1,4,4,1,1,3,1,3,4,6,1,1,4,1,2,2,5,3,2,5,3,3,4,1,1,6,4,1,1,5,1,3,3,5,3,6,2,2,1,3,6,6,3,6,4,5,6,1,4,3,4,2,4,3,4,1,3,2,5,5,5,2,4,3
1,1,3,4,4,1,3,5,2,4,3,6,1,2,4,1,6,4,2,1,6,1,2,3,4,2,1,6,4,3,2,4,1,1,1,1,1,3,2,2,1,1,2,4,3,1,3,1,6,6,6,3,1,1,1,3,4,3,2,1,4,3,6,6,3,1,2,4,6,6,6,1,1,1,4,1,3,1,1,5,4,2,1,1,2,1,6,6,1,3,1,1,1,1,1,1,1,6,5,1,3,6,5,1,5,6,2,1,5,1,1,1,2,2,4,1,1,3,1,6,1,1,1,4,5,1,2,2,6,5,5,4,3,2,3,1,4,3,5,1,4,3,5,4,1,1,1,4,4,1,2,5,4,2,3,6,3,2,4,1,4,5,1,6,4,1,1,3,NA,3,5,3,1,1,1,2,4,6,1,1,1,1,1,6,1,4,5,1,4,2,1,3,4,1,5,6,6,5,2,1,1,1,6,3,4,6,1,1,1,1,3,1,4,3,1,6,2,1,1,1,1,5,1,4,1,1,1,3,1,2,1,1,4,1,2,1,6,3,1,5,1,1,1,1,4,1,1,5,2,1,6
3,1,2,4,2,1,1,3,1,3,1,NA,2,1,4,1,3,1,1,1,2,1,2,2,2,1,1,6,3,3,1,2,5,2,5,1,1,2,1,3,1,1,2,3,3,4,2,1,3,4,1,3,1,1,3,5,2,2,2,2,6,1,2,6,1,2,3,5,3,3,6,1,1,3,3,1,1,3,2,2,6,2,1,1,1,2,4,2,1,2,1,1,2,1,3,2,2,5,5,1,2,4,4,2,5,6,2,1,5,1,5,2,4,1,5,4,6,1,4,2,3,1,1,6,1,1,1,1,4,6,3,6,3,1,2,1,6,3,6,2,2,1,5,2,5,1,3,2,2,6,1,5,6,2,2,4,1,2,3,1,2,3,2,6,1,1,1,3,1,1,2,1,2,2,3,6,1,4,2,4,1,1,1,6,2,1,2,2,1,2,5,3,5,2,3,4,2,2,1,3,2,2,6,2,2,3,1,1,1,3,6,1,4,6,1,3,2,5,3,4,1,3,4,6,1,1,3,5,1,1,1,1,5,5,4,2,6,2,1,6,3,1,1,1,6,1,2,2,5,1,4
1,6,1,2,5,1,6,6,6,5,2,6,4,3,6,1,2,1,1,5,5,4,3,5,5,2,3,5,1,4,3,2,2,4,2,4,2,5,5,4,1,1,2,3,4,2,2,3,6,4,3,2,3,3,1,3,5,4,3,3,4,NA,6,5,4,1,2,4,6,6,6,2,1,2,2,2,1,1,4,5,3,2,1,4,2,2,6,5,4,4,3,4,2,1,4,5,5,6,NA,NA,NA,NA,NA,NA,NA,NA,NA,NA,NA,NA,NA,NA,NA,NA,NA,NA,NA,NA,NA,NA,NA,NA,NA,NA,NA,NA,NA,NA,NA,NA,NA,NA,NA,NA,NA,NA,NA,NA,NA,6,5,6,4,6,4,1,1,5,3,4,3,6,6,3,1,5,NA,3,4,2,3,6,5,5,4,2,3,3,3,NA,1,2,2,1,5,4,5,3,2,5,2,4,1,6,2,3,4,4,3,2,6,2,3,1,6,6,4,6,4,1,2,6,5,4,5,4,1,1,1,2,6,2,3,6,5,4,4,6,2,4,1,6,3,5,5,3,3,4,6,3,1,1,3,5,4,3,6,6,3,6,6,4,5,1,1,1,2,4,3,1,4
3,5,3,5,5,3,4,6,4,5,3,5,3,4,5,3,4,3,2,4,5,5,3,5,6,2,4,4,3,4,4,5,5,3,6,5,5,6,3,6,2,4,4,3,5,4,4,5,4,4,5,5,1,5,6,6,6,6,3,4,6,5,6,6,4,3,4,2,5,6,6,6,2,4,3,4,5,2,3,5,4,4,5,3,5,4,3,6,5,5,2,3,4,4,3,3,4,3,4,3,4,5,5,3,4,5,4,3,4,4,5,5,4,4,5,3,4,4,5,3,4,2,3,6,5,4,4,1,6,4,4,5,4,3,5,4,3,5,6,2,4,3,5,4,4,2,3,4,3,4,4,4,6,3,4,5,4,3,4,3,5,6,4,5,6,1,1,1,3,4,5,3,4,3,4,4,3,5,3,5,4,3,2,6,4,3,5,5,6,6,3,5,5,3,5,6,5,5,4,5,3,2,5,4,4,5,3,2,4,3,5,3,5,6,5,5,6,5,4,3,3,5,4,6,3,2,3,2,2,3,2,2,3,5,4,4,5,4,3,4,4,2,3,4,5,2,4,5,3,3,3
3,1,1,3,4,1,2,2,1,2,1,3,3,3,3,1,2,1,2,2,3,1,2,3,4,1,2,4,2,2,1,3,2,1,5,2,1,2,1,2,1,1,1,2,4,3,2,1,5,2,1,4,1,1,2,2,2,1,2,1,5,3,5,4,1,1,2,4,4,4,3,2,1,1,2,1,2,1,1,1,2,1,2,1,2,1,4,4,1,4,1,1,1,1,1,1,1,2,2,1,2,4,4,4,2,6,1,1,4,2,2,2,1,1,3,2,1,2,1,1,1,1,1,4,2,1,1,1,5,3,1,3,4,1,2,1,2,4,6,3,2,2,1,2,2,1,2,2,2,3,2,1,4,1,1,2,2,1,2,1,1,3,1,3,4,1,1,1,1,1,2,1,1,1,1,3,3,4,2,2,3,3,1,5,5,2,2,1,2,4,5,3,2,2,3,4,4,2,1,1,1,1,5,3,3,4,1,1,2,3,5,1,3,4,2,2,2,3,3,2,1,3,4,5,1,1,1,4,1,2,2,1,4,3,2,1,5,1,1,4,2,1,1,5,5,1,5,3,1,1,4
1,2,2,3,3,4,5,6,6,6,6,6,2,2,3,3,4,4,4,4,4,3,3,3,2,2,2,2,3,3,3,3,3,3,3,3,2,2,3,3,3,2,3,4,3,3,2,3,2,3,2,3,2,3,2,2,2,2,2,2,2,2,2,4,5,4,5,4,3,3,3,3,3,3,4,4,4,4,4,4,2,3,2,4,3,3,3,4,4,3,4,3,2,2,2,2,2,2,2,2,2,3,3,3,3,4,4,4,4,5,3,2,2,1,3,3,4,5,5,4,4,4,4,5,5,5,5,6,6,6,6,5,5,5,4,4,4,4,3,3,3,3,2,2,2,2,1,1,1,1,1,2,2,2,2,3,3,3,3,2,2,2,3,3,2,2,2,3,3,4,4,5,4,4,4,3,3,3,3,4,4,4,5,5,5,5,4,4,4,4,4,4,5,5,6,6,6,6,6,6,6,6,6,5,5,5,6,5,5,5,6,6,6,6,3,3,3,2,2,2,2,3,3,3,2,1,1,1,4,4,4,1,1,1,2,2,2,2,1,1,1,1,2,2,2,4,4,4,4,4,4
NA,1,1,1,2,2,3,3,1,3,1,3,2,1,2,1,2,1,1,1,2,1,1,3,2,1,1,3,2,3,2,3,2,1,2,1,1,2,2,3,1,3,1,2,3,2,3,3,4,1,2,2,2,1,2,1,2,1,2,2,4,1,2,3,1,2,2,2,1,3,3,3,1,3,3,2,2,2,3,3,2,1,3,1,3,5,3,5,2,4,3,4,2,1,3,3,2,5,3,3,3,4,3,2,3,4,1,1,1,2,1,1,1,1,2,1,1,2,2,1,1,1,1,3,2,1,1,1,2,2,1,2,2,1,3,1,2,2,3,2,1,1,3,1,2,1,2,2,2,3,1,2,3,1,1,2,1,1,1,2,2,3,1,3,3,1,1,1,1,3,2,1,2,1,3,3,3,2,2,3,2,1,2,4,3,2,2,2,2,2,2,2,2,2,3,3,3,3,1,2,1,2,4,2,2,2,1,1,1,2,3,1,1,3,2,1,1,2,2,2,1,2,2,2,2,1,1,2,1,2,1,2,2,2,1,2,3,1,1,1,1,1,1,2,2,1,3,1,1,1,1
