"invoked","inspiring","gazette","milestone","uncovered","maid","nationals","filmed","steadily","hooks","disabling","overdue","lining","whiskey","amplifiers","hires","jacks","housed","painfully","lounge","regulating","overturned","coincidental","chronological","vat","bigot","endorsement","adventurers","locker","driver's","tilt","causality","subconscious","unfounded","powdered","plywood","riff","unpredictable","compulsory","textures","rouge","puck","postulate","nonprofit","cleanup","paycheck","brightest","punishing","outlook","proteins","riverside","aching","chipped","conductor","popping","equip","solvent","barber","suburban","flooding","reminiscent","kudos","pseudonym","saturated","economies","shah","servants","contour","monarchy","charters","spaghetti","life's","overthrow","keg","stout","fossil","adolescent","dentist","launches","grossly","arrogance","sickness","caucus","outlets","flipping","paced","frogs","artificially","iguana","settling","afterward","opponent's","appoint","preach","labelled","costumes","orthodoxy","affinity","complimentary","containers","coup","piles","dune","greens","tiers","angst","recovering","galaxies","dung","induced","denotes","wounds","vein","gratefully","partisan","depart","fluctuations","vent","crescent","algae","carnival","complement","surgical","carrots","bombed","constants","repeater","rib","spoon","preceded","mushrooms","decompression","tau","pursuant","apiece","orioles","supervisors","inflicted","deposited","murdering","numbering","township","compassionate","emission","circuitry","cubic","advocated","spontaneously","chalk","extremes","occult","utopia","psychiatric","somerset","floral","parental","bulls","greyhound","muzzle","uncontrolled","canned","presumption","incorporating","disprove","willingly","wrongly","progressively","salad","smashing","depot","devoid","imaginative","rattle","specialization","granting","traveler","knocks","uninformed","margins","bulletins","dialect","disguised","rulings","slippery","slime","lurk","personalized","realizes","workable","revelations","thrash","inception","bypass","authoritarian","transporter","blush","pillar","paved","ghetto","sailed","horrendous","suckers","viewpoints","cemetery","hog","standardization","illogical","accountability","swings","parole","striving","director's","unhealthy","drastic","profoundly","bubbles","confiscated","blasting","likelihood","lyre","inquisition","coolest","irreversible","legality","shortcut","clown","panther","inhabitants","bleach","fictional","inhibit","fiance","forwards","integrating","shaving","decimal","sorcery","misunderstand","paintings","wink","neglect","dumps","fluke","playful","irritating","warlock","thirteen","purified","ankle","dependence","persuasion"
4,4,4,2,2,6,2,2,4,1,3,1,5,6,6,2,1,4,2,6,1,3,4,3,4,3,4,3,4,3,4,3,4,3,4,3,4,3,4,3,4,3,4,3,4,3,4,3,4,3,4,3,4,3,4,3,4,3,4,3,4,3,6,3,4,6,5,6,6,6,6,5,4,1,2,4,6,4,6,4,6,2,5,1,1,2,1,4,6,2,2,4,4,5,5,3,6,2,2,2,3,3,3,2,5,6,3,3,1,3,3,6,6,6,6,1,3,3,3,6,3,3,3,3,3,3,3,1,1,6,2,3,6,4,6,6,4,3,4,2,2,3,6,5,6,2,3,6,5,5,5,4,6,5,2,3,1,4,3,3,4,3,4,3,4,3,4,3,4,5,5,3,3,4,3,3,6,3,4,4,5,6,3,3,3,4,4,5,3,3,3,4,3,4,3,2,2,2,5,3,3,3,3,3,1,3,3,3,3,4,3,3,3,3,3,3,4,2,3,5,5,2,3,2,3,2,2,3,4,4,3,4,3,3,3,3,5,3,3,2,5,1,2,1,3,3,3,3,4,3,6
2,3,2,1,2,1,4,3,2,1,3,2,3,1,3,2,1,3,2,2,3,2,4,5,1,3,3,2,2,1,1,5,4,3,3,1,1,3,4,2,4,1,3,2,1,1,3,3,2,2,1,4,3,2,1,3,2,1,4,3,5,2,6,3,3,1,3,2,3,1,4,1,3,1,2,1,4,3,2,3,2,1,4,3,2,2,1,4,4,1,2,3,2,1,3,3,3,4,3,2,3,1,1,1,2,4,3,2,1,2,2,5,3,1,3,3,3,1,4,5,3,3,2,2,1,3,2,1,2,3,1,3,4,4,3,2,2,2,2,2,2,1,2,1,4,2,3,4,3,2,2,1,4,2,3,2,1,1,2,1,2,2,2,1,1,4,2,2,1,3,2,4,2,3,1,2,3,2,2,3,2,4,2,1,1,1,2,2,3,2,1,2,1,4,2,2,3,1,2,1,4,1,2,5,1,3,2,2,1,2,1,3,4,1,3,2,4,1,3,2,2,1,4,3,2,1,1,3,1,3,2,4,3,2,3,3,6,2,1,3,3,1,2,1,3,1,2,1,2,2,4
2,3,2,4,6,2,6,5,5,2,5,4,2,6,6,3,2,3,4,3,5,4,5,5,1,4,5,5,3,3,2,4,4,4,4,5,1,4,5,5,2,2,5,5,5,5,5,3,4,3,4,4,3,5,3,4,4,3,3,3,3,3,2,4,2,3,3,2,3,4,2,3,3,3,2,3,4,4,3,4,2,2,2,2,2,NA,3,2,3,4,4,4,3,2,2,2,3,3,3,4,4,4,3,3,2,2,4,3,2,2,2,3,2,3,4,4,2,4,3,2,3,3,3,4,2,3,4,3,2,5,3,5,1,3,2,3,3,2,3,2,2,3,3,3,3,5,3,5,3,3,NA,3,4,NA,2,2,2,5,2,4,4,3,2,2,3,2,2,2,3,2,2,2,2,4,2,3,2,4,2,3,3,3,3,2,3,2,3,3,4,2,3,2,4,4,3,2,4,2,2,2,3,4,3,2,2,3,2,3,3,2,3,3,2,4,2,3,4,2,4,NA,2,4,4,2,3,5,NA,3,4,NA,3,3,2,4,4,2,2,3,4,3,4,2,2,2,2,2,NA,3,4,4,4
6,1,6,1,1,3,1,1,1,1,1,1,1,1,1,1,1,1,1,4,1,1,6,3,1,3,1,1,1,1,1,6,1,1,1,1,1,1,1,1,3,1,6,1,1,1,1,1,1,1,1,1,1,1,1,3,1,1,3,1,6,1,6,1,1,6,1,1,1,1,1,1,1,1,3,1,4,1,1,4,1,1,3,1,1,1,1,1,4,1,1,1,1,1,1,1,3,1,1,1,3,1,1,1,4,6,1,1,1,1,1,1,1,1,6,1,3,1,1,6,1,1,1,1,1,1,1,1,1,1,1,1,6,4,1,6,1,1,6,1,1,1,1,1,6,1,1,1,1,1,3,6,3,4,1,1,1,1,1,1,1,3,3,1,1,1,2,1,1,1,6,1,1,3,1,1,1,1,1,1,1,1,1,1,1,1,1,1,1,3,4,1,1,3,1,1,1,1,1,1,3,1,1,1,1,3,1,1,1,1,1,1,1,1,3,1,1,1,1,6,6,1,1,1,1,1,1,3,1,1,1,1,1,1,1,1,1,1,1,1,1,1,3,1,1,1,1,1,1,1,6
1,1,1,1,2,2,4,4,3,4,3,1,4,1,5,2,1,2,1,2,1,2,1,2,2,1,2,2,1,1,1,1,2,1,2,2,2,2,1,3,3,2,2,1,3,3,4,4,5,5,4,3,2,2,2,1,1,2,3,3,2,3,2,3,2,1,2,2,3,2,1,2,3,2,3,3,2,3,3,2,2,1,2,2,1,1,2,3,2,2,3,2,1,2,3,1,2,1,2,1,2,3,4,4,5,5,5,5,5,4,4,2,3,2,3,3,2,2,2,3,4,2,1,2,3,2,3,2,3,2,3,3,2,3,2,3,2,1,2,3,4,5,3,1,3,2,3,2,3,2,3,3,1,2,3,3,2,3,2,2,1,1,1,2,3,3,2,3,2,3,3,2,3,2,3,3,NA,2,1,2,1,3,2,2,1,2,2,2,2,1,2,2,1,2,2,2,2,2,2,1,NA,2,1,2,1,2,1,2,1,1,2,2,1,2,1,2,2,2,2,3,2,1,2,3,2,1,2,1,2,1,2,1,2,1,2,1,2,2,2,1,2,2,1,2,3,2,2,3,2,2,3
3,2,6,3,2,1,1,1,3,1,2,2,3,3,2,1,1,2,1,4,1,1,4,5,1,1,2,4,1,1,1,4,3,3,2,4,1,3,3,4,3,1,4,3,1,1,5,2,1,3,1,4,2,1,1,4,2,1,3,1,6,5,6,2,3,6,2,1,5,2,4,2,3,1,2,1,5,1,3,1,2,1,4,2,1,1,1,3,4,2,2,3,2,2,3,2,5,3,2,1,1,1,1,1,4,3,2,6,1,3,1,4,3,4,5,1,3,1,5,6,2,2,4,2,1,1,4,1,1,4,2,3,1,5,3,6,4,3,2,2,2,3,4,4,6,5,3,5,6,4,3,3,6,2,1,1,1,3,1,2,1,3,2,2,2,1,3,1,4,1,1,3,1,3,1,4,3,4,3,5,1,4,2,2,1,1,3,2,2,4,4,5,3,5,2,2,2,1,5,2,4,1,2,2,1,3,5,3,1,1,1,3,3,1,2,5,3,2,1,6,3,1,4,2,3,1,1,4,3,2,2,5,3,3,1,3,6,3,2,1,1,1,1,1,3,2,4,3,4,3,5
3,3,6,1,1,1,1,1,2,1,2,2,1,1,4,2,1,1,1,3,2,2,5,6,1,3,3,4,1,1,1,1,4,2,2,2,2,2,3,3,4,1,6,1,1,1,3,2,1,1,1,1,1,1,1,3,3,2,4,2,6,3,6,4,3,5,2,2,1,1,1,1,1,1,1,1,2,1,3,2,4,1,5,1,2,2,1,4,3,2,2,2,1,1,1,1,3,2,2,2,2,2,1,1,1,3,2,5,3,2,4,1,1,1,5,1,5,1,4,4,2,1,3,1,1,1,3,1,1,3,1,4,5,6,2,4,2,2,2,1,1,1,4,3,4,2,5,4,1,2,2,3,2,4,1,1,1,2,2,3,2,2,3,1,2,2,4,1,1,2,4,3,1,2,2,4,2,3,3,2,3,3,2,2,4,NA,NA,2,3,4,2,1,1,5,4,2,4,2,3,3,3,1,2,3,1,4,4,4,2,4,2,3,1,2,3,1,1,2,2,4,5,1,2,4,1,1,2,5,3,2,4,2,1,3,2,4,3,2,3,1,1,1,2,1,2,2,3,2,1,2,4
2,3,3,4,2,4,1,4,3,2,5,3,2,5,2,3,3,2,4,4,2,1,5,3,2,4,3,6,4,2,2,1,4,4,6,5,2,2,3,4,4,3,2,5,3,2,4,2,5,1,1,3,4,5,4,3,3,4,6,2,6,2,3,5,4,5,2,6,3,2,NA,NA,NA,NA,NA,NA,NA,NA,NA,NA,NA,NA,NA,NA,NA,NA,NA,NA,NA,NA,NA,NA,NA,NA,NA,NA,NA,NA,NA,NA,NA,NA,NA,NA,NA,NA,NA,NA,NA,NA,NA,NA,NA,NA,NA,NA,NA,NA,NA,NA,NA,NA,NA,NA,NA,NA,NA,NA,NA,NA,NA,NA,NA,NA,NA,NA,NA,NA,NA,NA,NA,NA,NA,NA,NA,NA,NA,NA,NA,NA,NA,NA,NA,NA,NA,NA,NA,NA,NA,NA,NA,NA,NA,NA,NA,NA,NA,NA,NA,NA,NA,NA,NA,NA,NA,NA,NA,NA,NA,NA,NA,NA,NA,NA,NA,NA,NA,NA,NA,NA,NA,NA,NA,NA,NA,NA,NA,NA,NA,NA,NA,NA,NA,NA,NA,NA,NA,NA,NA,NA,NA,NA,NA,NA,NA,NA,NA,NA,NA,NA,NA,NA,NA,NA,NA,NA,NA,NA,NA,NA,NA,NA,NA,NA,NA,NA,NA,NA,NA,NA,NA,NA,NA,NA,NA,NA,NA,NA,NA,NA,NA
3,3,4,4,3,2,3,4,3,5,3,2,6,4,2,4,3,2,3,5,2,3,5,5,3,2,4,3,3,5,3,2,4,5,3,2,4,5,2,5,3,2,4,3,5,3,2,4,3,2,5,3,4,3,5,3,2,5,4,2,4,4,2,4,3,2,5,3,3,2,4,2,4,3,2,4,3,2,5,3,4,2,3,4,2,4,3,4,3,2,3,5,3,4,3,2,4,3,6,4,3,2,4,5,4,3,2,4,5,2,3,4,5,1,4,4,3,5,5,2,5,5,3,2,4,5,3,3,2,5,4,3,5,5,3,5,2,4,2,5,3,5,2,4,3,5,3,2,5,6,3,5,4,2,4,6,3,2,4,5,3,2,4,6,2,4,3,4,6,2,5,3,2,3,4,NA,5,3,2,3,6,4,3,4,5,2,3,4,2,4,5,4,3,5,5,6,2,3,4,NA,4,2,4,3,5,1,3,4,6,2,4,5,3,6,3,2,5,2,4,3,3,5,2,1,3,4,5,3,5,2,4,2,5,3,5,3,2,6,3,2,5,2,6,3,5,1,3,5,3,5,3
5,5,6,2,2,1,4,5,5,1,5,2,1,5,6,1,1,3,2,6,5,4,5,6,1,2,5,5,1,1,1,5,5,4,1,1,1,5,5,6,6,1,6,2,2,2,5,5,2,2,3,5,2,4,4,2,5,1,2,5,6,2,6,5,3,1,2,6,4,1,6,2,2,1,1,5,6,2,4,5,2,2,2,5,2,1,1,5,6,5,2,3,1,1,2,2,6,6,6,4,6,1,1,1,4,5,3,5,1,1,1,2,3,4,2,2,5,1,4,6,3,6,4,2,4,2,1,1,1,4,3,5,6,6,2,6,4,NA,2,4,4,3,5,3,5,1,5,6,5,5,4,6,6,5,1,5,1,2,4,5,1,5,2,5,5,5,5,2,5,2,5,5,2,6,5,2,2,5,3,4,4,5,5,5,1,1,1,5,6,6,5,6,2,6,5,3,2,2,5,2,6,2,2,5,1,6,6,6,5,2,2,2,5,1,5,2,6,2,2,6,6,5,6,5,2,5,3,5,3,4,5,5,1,6,2,3,6,5,4,1,2,2,3,3,3,5,3,5,2,6,6
1,2,5,1,1,1,3,1,3,1,2,1,3,3,2,3,1,4,2,4,3,1,5,5,3,3,2,2,1,1,3,3,2,1,1,1,1,2,3,3,6,1,2,1,1,1,2,3,1,3,1,5,2,2,1,2,2,2,2,2,5,5,6,2,1,6,2,4,4,2,4,1,1,1,3,2,4,3,3,2,2,1,6,1,1,2,2,3,5,2,1,3,1,1,2,2,3,2,2,2,4,1,4,1,5,3,2,3,2,2,1,3,2,1,4,1,3,1,5,6,2,1,2,1,2,1,1,1,1,1,2,1,6,6,2,5,3,2,3,2,2,1,2,3,6,4,3,3,2,2,6,4,6,3,3,2,1,1,2,1,2,2,1,2,1,2,2,2,1,3,5,2,1,2,1,3,4,2,2,4,3,5,3,2,1,3,3,2,1,1,1,2,1,3,1,1,3,3,6,2,5,1,1,2,2,3,2,2,1,2,1,1,NA,2,1,2,2,1,2,6,2,1,2,2,1,2,1,3,1,2,1,5,1,2,3,2,5,1,1,1,4,1,4,1,2,1,1,2,2,2,5
3,1,4,1,1,2,4,1,4,1,2,1,3,2,5,2,1,1,1,5,2,1,6,6,1,1,NA,4,1,4,1,6,6,3,2,3,1,1,4,3,6,1,3,1,1,1,5,1,1,4,2,5,1,1,1,5,1,1,3,5,5,6,6,2,2,1,3,2,5,1,4,4,3,1,1,1,4,2,4,5,4,1,4,1,1,3,1,4,4,1,2,3,1,2,4,2,2,2,3,2,4,3,1,1,3,4,2,3,3,2,3,4,4,1,2,1,4,1,3,4,2,2,4,1,5,1,4,1,1,6,1,3,5,4,3,3,2,2,3,2,3,1,3,5,5,4,3,5,1,4,1,4,5,1,3,1,1,1,1,2,1,4,3,2,3,3,1,1,1,6,2,2,2,6,1,2,5,2,1,1,5,5,2,1,1,1,2,2,1,4,3,5,2,5,1,2,1,1,5,1,3,2,2,5,1,3,4,3,1,4,3,2,5,2,2,4,3,1,1,3,3,1,3,1,1,1,1,2,1,3,2,4,1,3,3,3,3,1,1,2,1,2,1,2,NA,1,1,4,4,2,5
4,3,4,2,2,6,5,1,3,3,1,5,5,1,3,4,1,2,4,1,4,4,6,3,NA,2,2,5,3,1,5,3,1,5,2,5,2,NA,3,3,2,4,5,2,5,2,3,5,4,3,4,2,3,4,5,1,2,4,3,1,4,3,3,4,1,2,3,4,2,2,1,1,5,2,5,3,4,1,2,3,1,4,5,4,2,3,5,3,3,1,4,5,3,1,2,4,5,6,2,3,2,1,3,4,2,NA,5,5,2,6,3,4,3,4,2,1,5,3,5,3,4,6,3,1,1,4,1,3,4,5,2,5,6,3,6,1,2,4,2,3,4,1,4,5,2,5,3,4,2,5,1,5,3,4,2,5,1,2,5,6,4,1,3,2,5,1,3,5,4,1,3,3,4,3,2,1,2,4,4,1,3,5,4,3,1,5,4,2,4,5,3,5,4,2,3,3,1,2,5,3,5,5,1,3,5,3,3,2,6,1,4,2,4,3,5,2,1,6,2,5,3,2,4,1,3,4,4,3,2,3,NA,1,4,2,1,3,2,4,2,2,5,3,1,2,4,2,5,3,4,4,6
2,3,1,2,2,3,6,3,3,1,6,2,5,1,4,6,1,2,3,4,2,2,3,4,1,2,3,2,1,1,1,3,3,1,2,1,1,2,1,4,6,1,4,4,1,1,5,1,1,6,2,6,2,1,1,1,2,1,3,6,6,3,6,4,6,1,1,2,4,1,4,1,1,3,6,4,6,1,6,6,5,1,6,1,1,6,1,6,6,2,1,1,3,6,4,3,3,1,1,3,6,6,6,1,5,6,1,4,1,3,6,3,6,6,2,1,6,2,6,6,1,1,1,2,6,1,2,1,1,6,3,5,6,2,4,2,6,2,4,1,1,2,6,5,6,1,3,6,6,5,1,5,6,2,5,1,1,3,4,2,2,6,2,2,2,6,5,3,1,3,4,4,2,6,1,2,4,2,1,2,1,6,3,1,2,1,3,2,2,1,1,4,1,4,1,3,4,4,6,6,3,2,6,2,1,2,1,1,1,2,1,1,4,1,4,3,6,1,2,6,3,1,2,3,1,1,3,1,6,4,2,4,2,2,3,4,3,1,4,1,1,1,2,1,2,1,1,5,4,1,3
1,2,1,1,2,2,4,1,2,1,2,4,1,4,3,4,1,1,1,6,2,2,2,6,1,1,1,3,1,2,1,2,6,1,3,3,1,1,2,2,6,1,3,1,1,1,6,5,1,4,2,4,4,1,1,3,1,1,1,4,6,4,6,1,2,2,1,1,2,4,4,2,3,1,1,1,5,1,4,5,1,1,1,1,1,6,2,5,2,1,2,3,2,1,3,5,4,1,1,1,2,4,3,1,5,4,1,1,1,5,4,3,3,1,6,1,6,1,6,6,1,1,1,1,4,2,2,1,1,4,3,5,1,3,4,4,3,1,1,1,1,4,5,2,6,3,1,2,5,4,2,2,6,1,2,1,1,1,2,3,3,5,1,1,1,1,2,1,5,6,1,5,1,6,1,3,4,3,5,1,1,6,1,1,1,1,1,2,1,5,6,5,1,4,1,1,1,1,2,2,5,2,3,5,1,6,6,2,1,4,1,1,3,3,3,2,1,1,2,2,6,1,2,4,5,1,4,2,1,6,1,6,3,2,2,6,6,1,1,2,1,3,3,1,2,1,4,3,3,2,6
1,2,2,1,4,2,6,1,2,1,3,5,1,3,1,1,1,3,1,6,4,1,6,5,1,4,2,3,1,2,2,4,6,3,2,2,1,2,2,2,6,1,4,1,1,1,5,1,2,2,1,5,2,1,1,5,3,1,2,2,5,5,6,3,2,1,2,3,4,1,4,1,1,1,3,1,5,1,4,2,3,1,3,1,3,5,2,6,3,1,2,3,3,1,2,1,4,2,2,1,6,1,1,1,3,2,2,4,1,5,2,3,2,1,2,1,4,1,5,6,2,3,3,2,5,2,3,1,1,5,2,4,6,3,2,1,2,1,3,4,1,3,4,2,4,2,2,5,2,5,2,3,6,1,1,2,2,4,1,3,2,5,2,1,4,3,3,2,1,4,3,3,1,6,2,1,1,2,4,1,2,5,3,2,1,2,3,2,2,4,1,6,1,3,1,1,2,1,6,2,4,2,3,3,2,5,2,2,1,2,3,1,2,2,3,1,2,1,3,5,5,1,3,1,1,3,2,3,1,5,2,6,2,2,2,4,4,1,1,2,1,1,1,1,3,1,2,2,2,5,6
1,2,3,4,5,6,5,4,3,2,1,2,3,4,5,6,5,4,3,2,1,2,3,4,5,6,5,4,3,2,1,2,3,4,5,6,5,4,3,2,1,2,3,4,5,6,5,4,3,2,1,2,3,4,5,6,5,4,3,2,1,2,3,4,5,6,5,4,3,2,1,2,3,4,5,6,5,4,3,2,1,2,3,4,5,6,5,4,3,2,1,2,3,4,5,6,5,4,3,2,1,2,3,4,5,6,5,4,3,2,1,2,3,4,5,6,5,4,3,2,1,2,3,4,5,6,5,4,3,2,1,2,3,4,5,6,5,4,3,2,1,2,3,4,5,6,5,4,3,2,1,2,3,4,5,6,5,4,3,2,1,2,3,4,5,6,5,4,3,2,1,2,3,4,5,6,5,4,3,2,1,2,3,4,5,6,5,4,3,2,1,2,3,4,5,6,5,4,3,2,1,2,3,4,5,6,5,4,3,2,1,2,3,4,5,6,5,4,3,2,1,2,3,4,5,6,5,4,3,2,1,2,3,4,5,6,5,4,3,2,1,2,3,4,5,6,5,4,3,2,1
NA,3,NA,NA,NA,NA,NA,NA,NA,NA,NA,NA,NA,NA,NA,NA,NA,NA,NA,NA,NA,NA,NA,NA,1,2,NA,NA,NA,NA,NA,NA,NA,NA,NA,NA,NA,NA,NA,NA,NA,NA,NA,NA,NA,NA,NA,NA,NA,NA,NA,NA,NA,NA,NA,NA,NA,NA,NA,NA,NA,NA,NA,NA,NA,NA,NA,NA,NA,NA,NA,NA,NA,NA,NA,NA,NA,NA,NA,NA,NA,NA,NA,NA,NA,NA,NA,NA,NA,NA,NA,NA,NA,NA,NA,NA,NA,NA,NA,NA,NA,NA,NA,NA,NA,NA,NA,NA,NA,NA,NA,NA,NA,NA,NA,NA,NA,NA,NA,NA,NA,NA,NA,NA,NA,NA,NA,NA,NA,NA,NA,NA,NA,NA,NA,NA,NA,NA,NA,NA,NA,NA,NA,NA,NA,NA,NA,NA,NA,NA,NA,NA,NA,NA,NA,NA,NA,NA,NA,NA,NA,NA,NA,NA,NA,NA,NA,NA,NA,NA,NA,NA,NA,NA,NA,NA,NA,NA,NA,NA,NA,NA,NA,NA,NA,NA,NA,NA,NA,NA,NA,NA,NA,NA,NA,NA,NA,NA,NA,NA,NA,NA,NA,NA,NA,NA,NA,NA,NA,NA,NA,NA,NA,NA,NA,NA,NA,NA,NA,NA,NA,NA,NA,NA,NA,NA,NA,NA,NA,NA,NA,NA,NA,NA,NA,NA,NA,NA,NA,NA,NA,NA,NA,NA,NA,NA,NA,NA,NA,NA,5
3,3,4,3,3,3,3,5,3,2,3,3,3,3,4,3,5,3,1,4,3,4,3,3,3,3,4,3,1,4,3,3,3,5,3,3,3,3,5,3,2,3,3,5,3,3,3,3,6,3,3,4,4,4,3,3,4,3,3,3,3,2,3,3,3,3,4,3,3,2,3,3,3,4,3,3,3,3,3,3,5,3,3,3,5,3,3,3,4,3,1,3,3,3,4,3,3,3,3,4,2,3,3,6,3,3,4,3,5,2,3,3,2,5,3,3,3,4,3,3,3,3,3,3,3,3,3,3,4,3,3,3,5,3,3,3,2,3,3,4,4,3,3,3,4,3,3,3,1,3,4,3,3,4,3,3,3,4,3,3,2,3,3,3,4,3,3,3,1,4,3,3,3,3,3,3,3,3,3,2,4,3,4,3,3,3,4,3,3,2,3,4,3,3,1,3,1,1,1,3,3,3,3,4,3,4,3,6,1,3,5,3,3,5,3,3,3,3,3,3,4,3,1,4,4,5,4,2,4,4,5,4,4,4,4,4,3,2,5,5,3,4,2,4,3,4,4,3,4,3,3
4,3,6,4,3,4,3,3,3,4,3,4,3,4,3,4,3,4,3,3,3,3,4,3,3,4,4,5,4,4,3,4,4,4,6,6,5,5,5,5,4,5,4,4,4,3,3,4,3,4,3,4,4,3,3,3,4,4,3,3,4,4,4,3,4,4,4,3,4,3,4,3,4,4,3,3,4,4,3,3,4,4,2,3,4,2,4,4,3,3,4,2,3,3,4,4,3,3,2,4,5,3,5,2,3,2,4,3,3,2,4,2,4,2,3,4,3,4,3,4,2,2,3,2,2,3,3,2,2,2,3,2,2,4,3,3,4,3,3,5,3,5,1,1,5,2,3,4,3,2,1,1,6,1,1,1,1,1,1,1,1,1,1,1,1,1,1,1,1,1,1,1,1,6,4,4,3,3,3,3,3,3,3,3,2,2,2,2,2,2,4,3,3,2,2,2,3,3,6,4,3,3,3,4,4,3,3,3,3,4,3,3,4,4,3,4,3,3,3,3,2,2,3,3,4,4,2,2,6,6,6,6,4,5,5,4,6,3,3,4,3,4,3,3,2,3,4,4,4,5,6
2,2,3,1,1,1,2,1,1,1,1,2,2,5,1,1,1,1,1,2,1,1,3,3,1,1,1,2,1,1,1,1,5,2,1,1,1,1,1,1,3,1,1,1,1,1,4,2,1,4,1,5,1,1,1,3,1,1,2,1,6,4,6,2,1,3,1,2,4,3,5,1,1,1,2,1,6,1,1,2,3,1,5,1,1,2,1,4,2,1,1,4,4,4,3,3,5,1,1,2,6,1,1,1,3,6,1,2,2,3,2,2,2,1,1,1,2,1,5,6,1,1,2,1,3,1,1,1,1,2,1,3,6,4,3,3,2,2,2,1,1,1,2,2,5,5,1,2,2,2,2,6,6,2,1,1,1,2,2,1,1,1,2,1,1,4,2,1,1,6,2,1,1,3,1,1,5,1,3,1,1,2,1,1,1,1,2,2,1,1,2,2,1,2,1,1,1,1,4,1,1,1,1,2,1,1,1,1,3,3,3,1,2,1,1,1,4,1,2,6,3,2,1,1,2,1,2,1,3,1,1,6,1,1,2,2,3,1,2,1,1,1,1,1,1,1,3,2,1,2,3
1,1,1,1,1,1,3,1,NA,1,1,1,1,1,1,1,1,2,1,4,1,NA,3,3,1,1,1,1,1,1,1,3,3,1,1,1,1,1,1,1,4,1,1,NA,NA,1,2,1,1,1,1,1,1,1,1,1,1,1,1,3,4,1,6,1,1,1,1,3,1,1,4,1,1,1,2,1,3,1,2,1,1,1,4,1,1,1,1,2,3,1,1,1,1,1,1,1,3,1,2,1,6,1,1,1,4,NA,1,1,1,1,1,3,6,1,2,1,2,1,3,3,1,1,1,1,1,1,1,1,1,1,1,1,3,3,1,3,1,1,1,1,1,1,3,1,2,1,1,1,1,1,1,1,6,1,1,1,1,1,1,1,1,3,1,1,1,1,1,1,1,1,2,1,1,2,1,1,1,1,1,1,2,1,1,1,1,1,1,2,1,1,1,1,1,2,1,1,1,1,4,1,1,1,1,1,1,1,3,1,1,1,1,1,1,1,1,1,2,1,1,4,3,1,1,1,1,1,1,1,2,1,1,6,1,1,1,1,3,1,1,1,1,1,1,1,3,1,1,1,1,1,1
2,4,2,3,2,4,1,3,4,2,4,3,2,4,6,3,5,3,4,5,4,2,5,5,3,4,2,4,3,2,2,3,4,5,4,4,3,2,2,2,3,3,2,3,4,2,3,3,4,2,4,3,4,4,3,2,4,2,4,2,4,5,4,3,2,4,2,4,2,3,2,2,4,4,3,3,2,4,2,3,5,4,2,4,3,2,4,2,4,2,3,4,5,4,4,2,3,4,3,3,3,2,3,5,4,3,2,3,3,2,3,2,3,4,2,3,4,4,2,3,4,3,3,4,2,4,2,4,NA,3,4,2,3,4,2,3,4,2,2,3,2,3,3,2,2,3,2,2,3,3,3,2,3,2,3,3,2,3,2,3,2,3,3,2,3,1,2,3,4,2,3,4,2,3,3,2,3,4,4,2,3,3,2,4,3,2,3,4,2,4,3,4,3,4,3,3,4,4,3,3,4,3,4,4,3,2,3,4,2,3,3,2,4,2,2,3,4,3,3,2,3,4,2,4,3,4,3,3,4,3,3,3,2,3,4,4,4,3,4,3,2,4,2,3,2,4,3,1,3,2,3
1,3,2,2,1,2,5,1,3,1,2,3,2,5,3,1,1,3,2,6,2,1,4,6,1,3,2,2,1,2,1,6,6,3,NA,1,1,2,4,3,3,1,2,1,2,5,6,4,1,4,2,5,6,1,3,2,1,1,1,3,6,2,6,5,2,3,1,5,6,5,5,1,4,1,3,1,4,1,4,2,1,1,3,2,1,3,1,5,3,2,1,1,2,3,1,1,2,1,1,3,3,2,1,1,3,4,1,3,2,2,1,2,3,1,2,3,6,1,4,4,1,1,2,1,3,2,4,1,1,3,4,4,1,3,4,3,3,1,1,4,4,3,3,4,3,1,1,3,5,5,3,2,6,3,1,1,1,3,1,2,2,5,4,2,3,3,2,1,3,1,3,2,1,5,2,3,6,1,1,1,3,4,4,1,2,1,2,3,1,5,6,5,1,5,3,4,1,2,4,3,3,1,2,3,1,5,2,1,4,1,4,1,2,3,4,1,3,4,1,5,3,3,2,2,4,2,5,2,3,4,1,3,2,4,4,1,2,1,5,1,2,1,2,2,2,1,1,2,3,2,5
1,1,2,1,1,1,1,1,1,1,1,1,3,2,1,3,1,1,1,1,2,1,1,1,1,4,3,3,1,1,1,3,1,1,1,3,1,1,2,1,6,1,4,1,1,2,1,2,3,3,1,6,1,4,1,3,1,1,2,2,3,1,6,1,1,6,3,2,1,1,2,1,1,1,1,2,3,1,1,1,2,1,6,1,1,1,1,3,6,1,1,1,1,1,1,1,2,3,1,3,2,1,1,1,4,5,1,1,1,1,1,1,4,1,3,1,2,1,1,6,1,1,1,1,1,1,1,1,1,2,1,1,6,1,1,3,1,1,1,1,1,1,3,1,1,1,2,3,6,1,1,1,6,2,1,1,1,4,1,1,1,1,1,2,1,1,1,1,1,4,1,1,1,2,1,1,4,1,1,1,1,1,1,1,1,1,1,1,1,1,1,1,1,4,1,1,1,1,6,1,1,1,1,4,1,3,1,1,1,1,1,1,1,1,1,2,1,1,1,6,2,1,1,2,1,1,1,1,1,1,1,3,1,1,4,3,2,1,1,3,1,1,3,1,1,1,2,1,1,1,1
