"acclaimed","ratified","chalice","slapped","tossing","knot","goldfish","twilight","appointments","wedge","bolo","slipping","grandparents","tails","stationary","sabre","tease","mediocre","fierce","disagrees","protests","transplant","roster","manuscripts","plead","assisted","vogue","irregular","slogan","lord's","shafts","topped","celebrating","administer","beams","launching","seals","prom","powerless","famine","aerobic","unprotected","lows","exempt","exodus","remembers","ruthless","nurses","savior","incompetence","inverted","readiness","smuggling","suing","theatrical","stitches","disputes","trembling","moan","tourism","negro","discarded","chap","rosen","survivor","mitre","weaknesses","chuckle","regression","outrage","forbids","incentives","descending","trailing","admitting","sis","melodies","incidence","innocence","apostle","daisy","vacations","maxim","bottomless","washer","swept","republics","immortality","disappointment","trauma","handlers","sharply","strictest","kindergarten","peasant","bandits","sprayed","telephones","disrupt","rarity","fig","patron","dispose","expectation","averaged","glued","superstar","slut","departmental","mandated","melted","solder","rewriting","resting","muddy","perpetual","veterinary","superficial","declares","accesses","institutes","suppress","appalling","wallet","sneak","fats","widow","hesitant","zodiac","furnish","dialed","confront","denominator","fridge","imbalance","reactors","crows","markers","pitfalls","append","goalie","exceeds","assisting","nitrogen","conformation","discourage","generals","rumored","replica","intolerant","pumped","degrading","rocking","solves","fries","atheism","continents","tuner","shudder","oblivion","banging","vegan","cords","seeming","aurora","retaining","brat","assortment","echoes","headache","insider","sorcerer","plastics","residue","coated","forte","spur","nimbus","autograph","gospels","designate","discovers","succession","coward","labyrinth","frowned","kennel","taxing","beck","titans","garland","graves","whispered","freaks","autism","ninth","overweight","classify","bandit","strive","apparatus","possessing","chunky","brushing","ounces","recruits","navigator","summarized","verb","nested","preparations","batter","micron","fiddle","jovial","degradation","narrative","liberalism","robe","redistributed","destroyer","concordant","undermine","businessmen","eligibility","subparagraph","groove","frightening","mister","coping","tranquility","grabbing","sorrow","heroine","disrespect","blinded","problematic","melodic","discredit","scholarships","barring","bikini","grading","flicker","overlay","bridal","disgusted","padding","arbitrarily","guerrilla","genres"
2,3,5,5,3,4,4,2,3,4,5,3,2,3,5,3,4,5,1,2,3,4,4,4,4,6,5,4,4,3,5,5,4,3,4,5,6,6,2,4,3,3,5,5,4,5,5,5,5,3,4,4,5,NA,4,4,2,3,4,4,3,6,6,5,3,4,3,4,3,4,2,3,5,5,1,2,3,3,3,4,5,4,4,5,4,3,4,5,5,4,4,3,5,5,6,6,5,4,2,4,2,4,4,5,3,4,3,4,4,5,2,3,3,5,5,5,4,4,4,4,4,5,5,4,4,5,6,2,3,5,3,3,3,3,4,5,5,5,5,4,4,6,5,5,5,4,2,4,5,5,4,4,5,5,5,4,5,6,5,6,2,3,3,5,5,4,4,4,3,5,6,3,3,3,4,4,5,4,2,2,4,6,5,4,4,4,5,3,4,4,4,4,4,3,5,5,5,5,5,1,4,6,6,1,2,3,5,6,5,4,3,4,5,4,5,3,4,6,4,3,4,3,6,5,4,3,4,5,4,4,3,3,2,3,3,3,3,4,3,4,4,2,2,3,4,5,3,3,4,4,3
3,3,3,4,4,4,4,4,4,3,3,3,3,3,4,4,4,4,4,3,3,3,3,3,2,3,6,4,4,4,3,3,3,4,4,4,3,3,3,3,4,4,3,3,3,4,3,4,3,4,3,4,3,4,3,4,4,4,3,4,3,4,4,4,4,4,4,3,3,3,3,3,3,4,4,1,4,3,3,5,3,4,3,3,3,3,3,4,4,4,3,3,3,3,3,3,3,3,3,4,1,4,3,3,3,3,4,1,4,4,3,3,3,3,1,3,3,3,3,3,3,3,6,3,3,3,3,3,3,3,3,3,3,4,4,4,4,4,4,4,4,4,4,4,4,4,4,4,4,4,3,3,3,3,3,3,3,3,3,3,3,3,3,3,3,3,3,3,4,4,4,4,4,4,4,4,4,4,4,4,4,4,4,4,4,3,3,3,3,3,3,3,3,3,3,3,3,3,3,3,3,3,4,4,4,4,4,4,4,4,4,4,4,4,4,4,4,4,4,3,3,4,3,4,3,4,3,4,3,4,4,3,3,3,3,4,4,3,3,3,3,3,3,NA,2,2,2,2,6,6,4
2,2,6,1,1,5,1,3,1,1,5,1,1,1,2,6,1,5,1,1,1,1,1,1,2,1,5,1,1,1,2,1,1,2,1,2,1,1,1,5,6,1,2,2,2,1,4,1,3,2,2,3,1,6,5,1,1,1,4,3,6,1,2,2,1,6,1,1,1,2,1,5,1,1,1,1,1,5,5,6,1,2,1,1,1,2,1,1,1,4,1,1,1,1,3,1,1,1,1,4,1,1,1,1,1,2,1,1,1,1,1,6,1,1,1,2,5,1,1,2,1,1,4,1,1,1,2,1,1,1,1,1,1,1,1,3,5,1,1,1,2,3,3,3,1,1,1,1,1,1,1,1,1,1,1,5,1,3,1,1,1,1,5,1,5,2,1,1,6,6,1,5,1,5,1,6,1,1,3,1,4,1,3,1,5,1,1,1,1,3,1,2,1,1,1,5,1,1,1,1,5,1,1,1,5,1,1,1,1,1,1,1,4,1,1,1,1,1,1,3,1,3,1,1,1,1,1,1,1,1,1,1,1,6,1,4,1,5,1,1,1,6,1,1,2,3,1,1,6,6,6
3,3,3,3,3,3,2,2,2,3,3,4,4,4,3,3,3,4,4,4,4,4,4,4,4,4,4,4,4,4,4,4,4,4,4,4,4,4,3,3,3,2,2,1,1,2,2,2,4,3,4,5,4,5,4,4,4,4,4,3,3,3,4,5,5,4,5,4,4,3,3,3,3,3,3,3,4,5,6,5,NA,5,5,4,4,3,3,2,1,3,4,3,5,4,4,5,4,NA,3,3,3,2,2,2,2,1,3,3,4,4,3,3,4,NA,3,4,5,6,NA,6,5,4,4,4,4,4,4,4,3,2,2,2,3,4,4,4,4,3,3,3,3,3,4,4,4,5,2,3,2,2,3,NA,4,5,4,4,5,3,3,3,4,5,4,5,3,3,3,3,4,5,5,4,3,4,3,4,3,3,3,3,NA,4,4,5,5,NA,5,5,5,5,5,5,5,4,4,5,5,5,5,5,5,5,5,5,5,5,5,5,5,5,5,5,5,5,5,5,5,5,4,4,4,4,4,4,4,4,4,4,4,4,4,4,4,4,4,4,4,4,4,4,4,4,4,4,4,4,4,4,4,4,4
1,1,4,1,1,1,1,1,NA,2,3,3,2,2,2,2,3,2,NA,2,3,4,3,4,3,3,3,3,2,3,2,2,2,2,2,2,2,1,1,1,1,1,1,2,1,1,1,1,2,2,2,2,3,2,2,2,1,1,1,1,1,1,1,1,1,1,1,1,2,1,NA,3,3,3,3,3,2,3,2,1,2,1,2,2,3,2,1,1,1,1,1,1,1,1,2,2,2,2,2,2,2,2,4,4,3,2,4,4,3,2,1,2,3,2,5,6,1,1,1,1,1,1,1,1,1,1,1,1,1,1,1,1,1,1,1,1,1,1,1,1,1,1,1,1,1,1,1,2,3,3,3,3,3,3,3,3,4,3,3,3,3,3,3,3,3,3,3,3,2,1,1,1,1,1,1,1,1,1,1,1,1,1,1,1,1,1,1,1,1,1,1,1,1,1,1,1,1,1,1,1,1,1,1,1,1,1,1,1,1,1,1,1,2,2,2,2,2,2,2,2,2,2,2,1,1,3,3,3,1,1,1,2,1,1,1,1,1,1,1,1,1,1,2,1,4,4,4,4,1,4,4
1,3,5,1,1,5,1,6,2,4,1,1,1,2,5,6,2,5,5,1,1,1,1,2,1,1,5,1,1,1,1,1,4,1,1,4,1,1,1,3,6,1,1,3,3,1,1,1,1,4,1,3,1,3,1,5,1,1,3,3,1,1,1,1,1,6,2,5,4,1,1,5,6,1,1,1,1,5,6,6,2,4,3,1,3,1,1,1,5,5,1,3,1,1,4,1,1,5,1,2,1,1,2,5,1,4,1,1,1,2,1,1,6,1,1,1,1,1,2,2,2,1,1,1,2,1,3,1,1,1,1,1,1,5,4,3,1,1,1,1,2,5,1,5,5,5,5,2,1,1,1,1,1,2,2,1,1,2,1,1,1,2,1,1,5,3,1,1,6,6,2,6,1,2,1,4,1,1,6,1,2,1,6,1,5,1,1,1,1,1,1,2,5,2,4,2,6,1,1,2,1,1,1,1,4,4,1,2,1,1,4,1,1,1,2,3,1,1,1,1,1,1,1,6,6,6,1,6,1,2,1,1,1,3,1,1,1,1,1,5,1,2,2,1,1,1,1,1,1,6,6
4,4,4,4,3,3,3,3,3,2,3,2,3,3,3,3,3,3,3,3,3,3,3,2,2,2,2,2,2,2,2,2,2,2,2,1,1,1,1,1,1,1,1,1,1,1,1,1,1,1,1,1,1,1,4,4,4,4,4,4,4,4,4,4,4,5,5,5,5,5,5,5,5,5,5,3,3,3,3,3,3,3,3,3,3,3,2,2,2,2,2,3,2,1,1,1,1,1,1,1,1,1,1,1,1,1,1,1,2,3,3,2,2,3,3,2,3,2,3,2,2,1,1,1,2,1,2,1,2,2,1,2,2,2,2,2,1,2,1,1,2,2,3,3,4,4,3,3,4,4,4,3,4,3,4,4,4,2,2,3,3,3,2,2,1,1,1,2,2,2,2,1,1,1,2,2,3,3,3,2,2,1,1,1,1,1,1,2,3,3,3,3,3,3,2,2,2,1,1,1,2,1,1,2,1,2,1,2,1,2,1,2,2,1,1,2,2,2,2,2,1,2,2,2,2,1,1,1,2,1,1,2,2,3,3,3,3,3,3,2,3,3,3,2,3,3,2,2,2,NA,3
5,5,6,6,6,2,6,6,6,5,4,5,6,1,6,5,6,6,4,6,6,6,5,6,4,6,5,6,6,2,3,5,6,6,2,6,2,2,6,3,2,3,1,5,5,6,6,5,6,6,6,6,6,6,6,6,6,6,6,6,6,4,6,6,6,6,6,6,6,6,6,6,6,6,6,2,6,5,4,5,4,6,6,6,6,5,6,6,6,6,5,5,5,6,6,6,5,5,5,6,6,6,6,6,6,6,6,6,6,6,6,6,6,5,6,6,6,6,6,5,5,5,6,6,6,6,6,6,6,6,6,6,6,5,5,5,5,6,6,6,5,6,6,6,6,6,6,6,6,6,5,5,6,6,6,6,6,6,6,6,6,4,5,5,6,6,6,6,5,6,6,6,6,6,6,6,6,6,5,5,6,6,6,6,6,5,5,6,6,6,6,6,6,6,5,5,5,5,6,6,6,6,6,6,6,6,6,6,6,6,6,5,5,NA,5,5,6,6,6,5,6,6,6,6,6,6,6,6,6,6,6,6,6,5,6,5,5,6,5,5,6,6,6,6,6,6,6,6,6,6,6
4,4,4,2,2,4,1,3,2,1,1,2,1,3,4,2,3,4,3,2,1,1,1,3,3,1,4,2,NA,4,2,1,3,2,1,4,4,2,1,2,3,3,1,1,1,1,2,1,4,2,2,3,3,4,4,3,2,3,4,4,3,3,1,1,2,3,2,2,3,1,2,4,4,4,2,1,3,4,4,6,2,3,1,1,1,1,2,3,3,3,2,1,2,3,4,1,1,3,3,3,1,2,2,2,2,4,1,1,3,3,2,2,2,2,1,2,2,2,3,3,3,3,3,1,3,1,1,2,4,2,3,2,4,2,2,3,1,2,1,2,4,2,2,3,3,4,2,2,3,2,1,2,2,2,3,4,2,2,2,4,3,2,1,2,6,3,1,2,3,1,2,3,1,2,1,2,1,2,4,2,2,2,4,1,3,1,1,2,1,1,1,1,3,2,4,2,4,2,1,1,5,3,2,2,3,1,2,3,2,2,3,1,2,1,3,3,1,4,1,3,2,2,1,4,4,4,2,2,1,2,3,2,1,6,2,2,2,1,1,3,1,1,1,1,1,1,2,1,6,6,3
2,1,2,1,1,1,1,1,2,1,2,1,1,1,2,2,1,2,1,1,1,1,1,2,1,1,3,2,1,1,1,1,2,1,1,2,1,1,1,2,3,1,NA,1,1,1,1,1,2,1,1,2,1,1,2,1,1,1,1,2,2,1,1,1,1,2,1,1,2,1,1,1,1,1,1,1,2,2,2,2,1,1,1,1,1,1,1,1,1,2,1,1,1,1,2,1,1,1,NA,2,1,1,1,1,1,1,1,1,1,1,1,2,2,1,1,2,1,2,1,1,1,1,1,1,1,1,1,1,1,1,2,1,1,2,1,1,1,1,1,1,2,1,1,2,1,3,1,3,1,1,1,1,1,1,1,2,1,2,1,1,1,2,1,1,3,1,1,1,3,3,1,2,1,2,1,3,1,1,3,2,1,1,2,1,4,1,1,1,1,2,1,1,2,1,3,1,4,1,1,1,3,3,1,1,2,3,NA,4,1,1,3,1,4,1,5,4,NA,1,1,2,3,3,1,2,1,3,3,3,1,1,2,1,1,3,1,1,1,1,1,2,1,3,1,1,1,1,1,1,3,6,6
5,4,2,2,2,4,3,5,4,3,1,3,4,1,4,6,4,6,4,2,3,2,1,4,2,4,6,4,3,2,2,1,4,4,1,5,2,2,4,3,2,4,1,5,3,3,4,3,2,5,4,5,3,3,5,2,2,3,2,4,4,3,1,3,5,4,5,4,5,5,5,5,4,4,4,1,4,5,5,5,2,2,2,2,3,3,4,5,5,3,2,2,2,4,3,4,4,4,4,3,1,3,4,5,4,3,4,1,5,4,2,2,2,1,2,5,6,4,2,5,5,NA,5,1,1,1,4,4,2,2,2,5,5,4,2,2,2,1,5,2,3,5,5,5,5,5,6,4,5,5,3,4,3,1,1,6,5,1,4,4,1,2,1,2,3,3,1,4,2,4,1,2,3,3,1,1,1,3,2,2,2,2,4,1,2,4,3,3,5,1,3,1,3,1,5,4,5,2,1,1,5,5,2,2,5,5,4,5,1,2,4,2,2,2,5,2,4,4,1,4,4,5,2,4,5,5,2,5,1,3,5,2,2,3,2,2,4,2,2,4,2,3,2,1,1,2,2,4,6,6,6
2,4,4,3,3,2,5,3,4,3,2,5,3,5,2,4,3,2,5,3,5,2,3,5,2,4,4,3,2,3,4,6,3,4,2,3,4,5,3,5,2,4,3,5,3,5,2,4,3,5,2,3,5,4,3,5,3,5,2,4,3,5,3,5,2,3,5,4,3,5,3,3,6,2,5,4,2,5,3,5,2,5,4,2,6,3,5,3,2,4,5,2,3,6,2,4,3,2,5,3,6,3,4,2,5,3,3,6,4,5,4,3,2,4,6,4,2,4,2,5,2,3,4,4,3,2,5,3,3,4,6,3,4,2,5,3,2,4,3,4,2,4,5,3,5,3,4,3,2,4,3,5,3,3,5,4,3,4,5,3,2,3,4,4,5,3,4,2,5,3,4,4,5,4,3,2,4,4,2,2,4,5,3,5,3,4,2,3,4,5,3,4,5,6,3,2,5,3,4,3,4,2,3,2,5,3,NA,3,3,3,4,4,5,3,2,4,3,3,4,5,2,3,2,5,2,4,3,4,2,3,2,4,5,4,5,3,3,1,3,4,3,4,3,3,5,3,4,3,5,2,4
3,2,3,1,2,3,1,1,2,3,1,1,1,1,2,6,3,6,NA,2,1,1,2,3,5,1,6,1,5,1,1,1,1,2,1,1,2,1,1,6,4,1,2,2,6,1,1,1,3,1,1,1,1,2,1,1,1,4,6,1,6,1,1,6,1,6,1,1,1,3,1,1,1,1,2,1,6,2,1,6,1,1,1,1,1,1,1,3,1,6,1,1,2,2,1,1,1,1,1,1,1,6,1,1,1,2,1,1,1,1,1,1,1,1,2,1,1,2,1,3,1,1,2,1,1,1,1,1,6,1,1,1,6,1,1,1,1,1,2,6,1,1,2,2,1,1,1,6,1,1,1,1,1,1,1,1,1,1,1,1,1,1,1,1,6,1,1,1,6,1,1,6,1,2,1,6,1,1,1,1,1,1,1,2,6,1,1,1,1,6,1,1,1,1,6,6,1,1,1,1,1,1,1,1,6,1,1,6,1,1,1,1,6,1,6,1,1,1,1,1,1,1,1,1,3,3,1,1,1,1,3,1,1,4,1,1,3,6,1,1,1,1,1,1,1,3,1,1,6,6,6
1,2,3,4,5,6,5,4,3,2,1,2,3,4,5,6,5,4,3,2,1,2,3,4,5,6,5,4,3,2,1,2,3,4,5,6,5,4,3,2,1,2,3,4,5,6,5,4,3,2,1,2,3,4,5,6,5,4,3,2,1,2,3,4,5,6,5,4,3,2,1,2,3,4,5,6,5,4,3,2,1,2,3,4,5,6,5,4,3,2,1,2,3,4,5,6,5,4,3,2,1,2,3,4,5,6,5,4,3,2,1,2,3,4,5,6,5,4,3,2,1,2,3,4,5,6,5,4,3,2,1,2,3,4,5,6,5,4,3,2,1,2,3,4,5,6,5,4,3,2,1,2,3,4,5,6,5,4,3,2,1,2,3,4,5,6,5,4,3,2,1,2,3,4,5,6,5,4,3,2,1,2,3,4,5,6,5,4,3,2,1,2,3,4,5,6,5,4,3,2,1,2,3,4,5,6,5,4,3,2,1,2,3,4,5,6,5,4,3,2,1,2,3,4,5,6,5,4,3,2,1,2,3,4,5,6,5,4,3,2,1,2,3,4,5,6,5,4,3,2,1
6,6,6,4,2,1,1,4,5,4,1,3,NA,NA,NA,NA,NA,NA,NA,NA,NA,NA,NA,NA,NA,NA,NA,NA,NA,NA,NA,NA,NA,NA,NA,NA,NA,NA,NA,NA,NA,NA,NA,NA,NA,NA,NA,NA,NA,NA,NA,NA,NA,NA,NA,NA,NA,NA,NA,NA,NA,NA,NA,NA,NA,NA,NA,NA,NA,NA,NA,NA,NA,NA,NA,NA,NA,NA,NA,NA,NA,NA,NA,NA,NA,NA,NA,NA,NA,NA,NA,NA,NA,NA,NA,NA,NA,NA,NA,NA,NA,NA,NA,NA,NA,NA,NA,NA,NA,NA,NA,NA,NA,NA,NA,NA,NA,NA,NA,NA,NA,NA,NA,NA,NA,NA,NA,NA,NA,NA,NA,NA,NA,NA,NA,NA,NA,NA,NA,NA,NA,NA,NA,NA,NA,NA,NA,NA,NA,NA,NA,NA,NA,NA,NA,NA,NA,NA,NA,NA,NA,NA,NA,NA,NA,NA,NA,NA,NA,NA,NA,NA,NA,NA,NA,NA,NA,NA,NA,NA,NA,NA,NA,NA,NA,NA,NA,NA,NA,NA,NA,NA,NA,NA,NA,NA,NA,NA,NA,NA,NA,NA,NA,NA,NA,NA,NA,NA,NA,NA,NA,NA,NA,NA,NA,NA,NA,NA,NA,NA,NA,NA,NA,NA,NA,NA,NA,NA,NA,NA,NA,NA,NA,NA,NA,NA,NA,NA,NA,NA,NA,NA,NA,NA,NA,NA,NA,NA,NA,NA,NA
NA,NA,NA,NA,NA,3,NA,NA,NA,NA,1,NA,NA,NA,NA,NA,NA,NA,NA,NA,NA,NA,NA,NA,NA,NA,NA,NA,NA,NA,NA,NA,NA,NA,NA,NA,NA,NA,NA,NA,NA,NA,NA,NA,NA,NA,NA,NA,NA,NA,NA,NA,NA,NA,NA,NA,NA,NA,NA,NA,NA,NA,NA,NA,NA,NA,NA,NA,NA,NA,NA,NA,NA,NA,NA,NA,NA,NA,NA,NA,NA,NA,NA,NA,NA,NA,NA,NA,NA,NA,NA,NA,NA,NA,NA,NA,NA,NA,NA,NA,NA,NA,NA,NA,NA,NA,NA,NA,NA,NA,NA,NA,NA,NA,NA,NA,NA,NA,NA,NA,NA,NA,NA,NA,NA,NA,NA,NA,NA,NA,NA,NA,NA,NA,NA,NA,NA,NA,NA,NA,NA,NA,NA,NA,NA,NA,NA,NA,NA,NA,NA,NA,NA,NA,NA,NA,NA,NA,NA,NA,NA,NA,NA,NA,NA,NA,NA,NA,NA,NA,NA,NA,NA,NA,NA,NA,NA,NA,NA,NA,NA,NA,NA,NA,NA,NA,NA,NA,NA,NA,NA,NA,NA,NA,NA,NA,NA,NA,NA,NA,NA,NA,NA,NA,NA,NA,NA,NA,NA,NA,NA,NA,NA,NA,NA,NA,NA,NA,NA,NA,NA,NA,NA,NA,NA,NA,NA,NA,NA,NA,NA,NA,NA,NA,NA,NA,NA,NA,NA,NA,NA,NA,NA,NA,NA,NA,NA,NA,NA,NA,NA
1,2,2,1,1,4,1,1,1,1,1,1,1,1,3,5,2,3,2,1,1,1,1,3,1,1,3,2,1,1,2,1,2,2,1,3,1,1,1,1,4,1,1,2,2,1,1,1,1,2,2,1,1,2,3,2,2,2,1,1,1,1,2,1,1,3,1,1,3,1,1,2,2,2,2,1,2,3,3,3,2,1,2,1,1,1,1,2,2,3,1,1,2,1,1,1,1,1,2,2,1,1,1,3,2,2,1,1,2,2,1,1,3,1,1,3,2,2,1,2,2,1,2,1,2,1,1,1,1,1,2,1,2,1,1,1,1,1,1,1,2,2,1,1,3,2,2,2,2,1,1,1,1,1,1,1,1,1,1,1,1,2,1,1,6,2,1,1,2,3,1,3,1,1,2,2,1,1,6,1,1,1,3,1,5,1,1,1,1,1,1,1,2,1,2,1,1,1,1,1,3,2,2,1,2,1,1,1,1,NA,3,1,1,1,2,NA,1,1,1,2,2,2,2,3,2,5,2,2,1,3,2,1,1,2,1,1,1,2,1,3,1,1,1,1,1,1,2,1,3,5,3
3,2,4,2,2,4,1,4,3,1,1,2,2,1,1,2,2,2,2,2,2,1,1,3,1,2,1,2,1,1,1,2,2,2,2,3,1,1,2,1,3,1,1,1,1,2,1,1,1,3,1,4,2,1,4,1,1,1,1,2,1,2,1,2,2,2,3,2,NA,2,1,4,4,2,2,1,3,4,2,2,1,2,1,NA,1,1,2,3,4,1,2,2,3,4,1,1,2,2,2,1,1,1,1,2,2,1,1,1,4,2,1,3,4,1,3,1,5,5,1,5,2,3,3,2,2,1,1,2,1,1,2,1,2,1,1,2,1,1,2,2,1,2,2,1,2,2,1,1,1,NA,2,2,1,1,1,3,3,1,2,1,1,1,1,2,1,2,1,3,3,3,1,3,2,1,1,1,1,1,1,1,3,2,4,1,5,2,3,1,1,1,1,1,2,2,2,1,2,3,NA,1,2,4,2,2,2,1,3,4,1,2,2,2,2,3,4,2,4,3,1,3,1,2,1,3,5,3,2,4,1,1,3,2,2,3,2,1,1,1,1,3,2,1,1,1,1,1,3,2,4,4,2
5,1,6,2,2,6,1,5,2,6,1,2,1,1,1,1,3,3,5,1,1,1,1,2,3,3,5,2,1,1,2,2,1,1,1,1,3,1,1,1,6,1,1,1,4,1,1,2,2,4,2,1,3,6,5,2,6,1,5,5,3,3,1,1,1,3,3,5,2,2,4,4,6,3,4,1,5,3,3,5,4,2,3,3,1,3,1,2,2,1,1,1,2,3,1,1,2,5,1,2,1,1,1,4,4,1,1,2,1,1,1,6,5,2,1,5,6,2,1,4,2,2,2,2,1,1,1,2,1,1,4,1,3,6,2,3,3,2,2,2,5,5,4,1,3,3,2,4,1,3,1,3,4,3,1,6,4,6,2,2,2,1,3,3,6,2,1,2,4,2,2,6,2,2,2,2,1,1,4,2,1,1,3,1,6,5,3,1,1,1,1,1,4,2,3,1,2,1,1,1,4,2,2,1,1,3,2,2,1,1,2,4,3,3,1,2,5,2,4,2,2,3,2,3,2,1,4,5,1,3,2,2,2,4,2,1,1,1,1,3,3,2,1,3,1,1,1,2,1,6,5
1,2,2,1,1,6,1,2,1,2,5,1,1,1,1,6,2,5,3,1,1,1,1,5,1,1,6,1,1,1,1,1,3,1,1,1,1,1,1,3,6,1,1,2,2,1,1,1,1,1,1,2,1,3,1,1,1,1,4,4,4,1,1,2,1,6,1,2,1,1,1,3,4,1,1,1,1,5,5,4,1,1,2,1,1,1,1,1,1,3,1,1,2,1,4,1,1,2,1,1,1,1,1,1,3,1,1,1,1,1,1,3,5,1,1,1,1,1,1,1,1,1,2,1,1,1,1,1,2,1,2,1,1,4,1,1,1,1,1,1,4,5,1,5,1,3,1,2,1,1,1,1,1,1,5,6,1,4,1,2,1,1,1,1,5,2,1,1,6,5,2,3,1,5,1,5,1,1,5,1,1,1,3,1,6,1,1,1,1,1,1,2,4,1,5,2,5,1,1,2,1,2,1,1,1,3,1,4,1,1,1,1,5,1,5,2,1,3,3,1,1,1,2,2,5,6,2,3,1,1,3,1,2,5,1,3,1,1,1,5,1,6,2,1,1,1,1,1,6,6,6
3,3,2,1,1,4,1,2,2,1,3,1,1,1,4,5,1,5,3,2,2,1,1,2,1,2,3,3,2,1,1,1,3,3,1,4,1,1,1,3,4,2,1,2,1,1,3,1,4,3,1,3,4,4,4,1,2,3,2,3,4,3,1,3,3,4,2,2,3,1,1,4,5,1,2,1,3,5,5,5,1,1,3,1,2,1,2,3,3,3,2,2,3,3,3,1,1,2,2,2,1,3,1,4,2,2,1,1,2,2,1,2,3,1,1,4,2,4,1,3,3,3,3,2,1,1,3,2,2,1,2,3,2,2,3,3,2,1,1,2,1,3,1,2,2,3,1,3,2,2,2,3,1,1,1,4,2,2,1,3,1,2,1,2,4,2,1,2,4,4,2,2,1,1,1,3,1,2,3,2,4,1,4,2,4,2,1,2,1,2,1,1,3,1,2,3,3,1,1,1,4,3,1,1,3,3,2,3,1,2,4,2,2,1,2,3,1,3,1,3,1,3,1,2,2,5,2,4,1,2,3,1,1,4,1,1,2,1,2,4,2,3,2,1,1,1,3,2,6,6,2
3,1,6,2,1,6,1,2,2,6,2,1,1,4,4,6,4,6,6,2,2,1,1,3,4,4,6,2,1,2,3,3,5,2,4,4,4,1,1,5,6,1,3,5,6,3,2,2,4,3,2,6,5,6,3,5,4,3,6,4,3,3,1,1,2,6,2,5,6,6,2,6,6,4,2,1,2,6,6,4,2,5,3,3,2,2,3,2,3,6,5,3,2,3,6,2,2,2,1,1,1,2,2,2,4,5,3,1,4,3,2,5,4,2,4,5,4,6,3,4,3,3,1,4,5,1,2,2,3,1,4,2,4,5,2,4,3,1,1,3,2,1,1,2,3,5,5,3,3,2,3,2,2,6,5,3,1,4,3,2,5,4,2,1,6,2,1,3,3,3,2,5,2,2,3,3,3,3,1,3,3,1,6,1,6,3,1,3,1,2,2,2,6,3,3,3,5,2,3,2,4,4,1,1,4,5,2,2,1,2,2,4,2,1,5,3,5,2,3,3,3,3,4,6,3,2,2,2,4,2,2,5,3,2,3,4,2,3,4,3,4,2,2,4,1,3,2,2,3,5,6
4,2,3,3,3,3,2,3,2,3,3,2,1,1,3,1,3,4,3,2,NA,4,1,2,2,1,6,2,3,1,1,2,2,1,2,2,3,1,4,2,5,3,1,2,3,3,3,2,4,4,2,3,3,4,4,5,1,1,5,NA,1,3,1,3,1,3,4,2,4,3,4,3,3,3,4,1,5,2,3,3,4,3,1,1,1,1,2,3,4,4,2,3,2,4,5,1,1,3,1,1,1,2,1,4,2,4,1,1,2,3,1,2,3,4,2,4,2,5,1,4,1,2,3,1,5,1,2,2,1,1,4,1,2,1,2,3,4,2,4,2,3,2,2,3,2,5,4,1,1,2,3,2,2,1,4,6,2,3,1,1,1,3,1,3,4,4,1,2,5,3,1,4,1,5,5,2,1,1,5,1,4,2,5,2,5,1,3,1,1,2,3,5,2,1,6,2,4,2,1,1,2,3,1,4,5,2,2,3,1,1,4,1,3,1,4,2,1,1,1,3,2,4,1,2,2,4,1,4,1,2,4,1,2,4,1,2,1,1,3,1,1,4,1,1,1,1,3,1,4,6,6
3,3,4,1,3,5,2,5,3,4,3,2,2,4,2,3,3,4,4,2,NA,NA,NA,NA,NA,NA,NA,NA,NA,NA,NA,NA,NA,NA,NA,NA,NA,NA,NA,NA,NA,NA,NA,NA,3,3,3,NA,2,3,3,3,3,3,3,2,3,3,3,3,2,3,1,3,2,2,2,3,2,1,1,2,2,2,2,1,3,2,3,3,1,NA,NA,NA,3,3,4,1,3,3,3,3,3,4,3,3,3,3,3,1,1,3,3,3,3,4,3,3,3,3,3,4,3,3,2,3,3,4,3,3,NA,3,3,3,3,3,3,3,4,3,2,3,3,3,3,3,3,3,3,2,3,2,NA,3,3,3,2,3,3,3,3,3,3,3,3,4,3,1,2,3,3,1,2,3,2,2,2,2,3,2,2,4,2,2,1,2,1,2,2,2,2,3,3,2,4,3,3,3,3,2,4,2,3,1,3,2,1,2,NA,2,2,2,3,2,3,2,2,2,2,2,3,3,2,4,3,4,3,3,1,4,3,2,2,3,4,4,3,4,3,2,3,2,2,3,2,4,3,3,4,3,2,4,2,3,3,3,4,2,1,2,3
4,6,3,2,1,3,2,4,2,3,1,2,4,4,2,3,2,2,3,2,1,1,1,4,1,2,3,2,3,3,3,2,1,4,2,2,1,4,3,2,3,2,4,4,2,4,2,3,2,4,3,2,3,2,2,3,1,5,3,2,3,1,1,6,3,2,3,1,5,3,2,3,3,2,3,2,3,2,4,4,3,2,2,3,2,1,3,2,4,3,3,2,3,2,3,2,4,3,2,1,2,2,1,2,2,1,3,2,4,2,3,2,3,2,2,1,4,3,2,2,2,4,3,3,2,1,2,2,5,3,2,3,2,4,3,2,1,2,1,3,2,2,4,3,2,3,3,2,3,2,4,3,2,3,2,1,3,2,3,2,3,2,4,3,2,1,2,3,2,3,3,1,4,4,3,5,2,6,3,2,3,2,2,1,4,3,2,3,2,4,3,2,3,2,4,2,3,3,3,3,2,3,1,5,4,2,3,3,2,2,1,3,2,5,6,5,4,4,3,2,5,5,4,3,3,4,3,2,3,3,2,4,3,4,3,2,3,2,3,3,2,3,3,2,3,4,2,3,2,5,4
1,1,4,3,3,2,3,4,3,2,3,3,2,2,2,3,2,3,3,3,2,1,1,3,2,3,2,3,2,3,3,2,3,3,3,2,2,2,2,2,2,3,2,2,2,2,4,2,2,2,3,3,4,3,2,3,2,2,2,2,3,3,4,3,2,3,3,2,3,2,3,3,3,2,2,2,3,6,5,5,2,3,3,3,4,3,2,3,3,4,3,3,2,3,3,2,3,3,2,3,3,4,4,3,3,2,2,3,3,2,3,3,2,2,1,3,3,4,4,2,4,3,2,3,4,3,2,3,4,3,2,4,3,2,3,2,3,4,2,4,3,2,4,3,3,3,2,3,3,3,2,2,3,4,2,2,3,2,2,3,4,4,3,4,3,3,4,3,4,3,4,1,2,2,2,3,2,3,3,3,5,4,3,2,3,4,2,2,2,4,4,4,2,2,2,3,3,4,4,3,2,5,1,1,2,2,2,2,1,2,1,1,3,1,5,2,2,2,3,2,2,3,4,2,4,2,2,3,2,2,3,2,1,6,1,3,2,1,1,1,1,1,1,1,1,3,2,1,4,6,5
5,6,6,2,1,5,1,5,3,3,2,3,1,2,1,4,2,4,2,1,1,1,3,4,3,1,5,1,2,1,1,1,1,1,1,3,1,1,1,4,5,3,1,1,5,2,1,1,4,1,1,1,3,4,2,2,2,1,1,3,3,1,1,4,3,6,1,1,3,1,1,5,5,3,2,1,5,5,5,6,3,1,6,1,1,1,1,3,1,5,1,1,1,4,6,4,3,5,4,4,1,3,1,1,1,3,1,2,2,1,1,3,2,1,1,4,5,NA,1,2,4,1,4,1,1,1,1,1,1,3,4,1,4,3,1,1,1,1,1,4,5,3,1,3,1,4,2,1,3,1,1,1,1,1,2,6,1,4,1,1,1,1,2,1,6,3,1,1,5,3,2,1,1,1,1,5,1,4,1,2,1,NA,5,1,6,1,4,1,1,4,3,1,1,1,1,4,1,1,1,3,4,1,1,2,6,4,1,1,1,1,4,1,6,5,6,3,4,1,1,3,5,5,1,1,4,1,1,1,1,1,4,1,4,6,1,1,NA,4,1,1,4,4,1,1,1,2,4,2,5,6,3
