"hazy","alchemist","scratchy","rotting","meadow","perpetually","linguist","cysts","fixation","whispering","love's","vandalism","calorie","whiskers","thug","inns","quarry","commemorate","deflect","exposes","yielded","dissenting","binoculars","secession","eased","hamburgers","unbeatable","booker","husky","tattooed","lover's","fleets","rescuing","subliminal","accomplishes","dichotomy","raft","liquids","spanning","policing","feud","lecturing","unclean","woolly","moratorium","shivering","immaterial","attire","blender","walrus","boner","sentimental","persuasive","sizeable","interviewer","reassuring","injuring","appease","mind's","tic","gage","strut","excavation","peaked","afforded","awaited","tabby","peptide","suction","airmail","creeps","damnation","clerks","negation","gong","zeros","heartless","synthesize","yearning","repentance","fermented","awaken","obeying","pinto","cleric","promoter","plucked","bubbling","vibrate","fanfare","naught","relativistic","swat","doctrinal","pioneering","commuting","tremble","antiquity","anchors","repayment","grapevine","poisons","charisma","victimization","promoters","saddles","remnant","alerted","sludge","haste","ration","craftsman","screeching","intrigue","archbishop","tremor","semicolon","giggling","mow","magpie","underline","contrived","enclave","mariner","biochemical","patriotism","prophesy","meddling","undetected","renounce","dank","cohorts","shipper","clenched","plantations","liberally","runabout","braid","overpopulation","interceptor","worshippers","presenter","sonata","poof","magistrate","enriched","monoxide","obese","gutter","rejoin","inhibition","nominally","smacks","rabies","depreciation","sneakers","nervousness","dignified","onwards","liturgy","milling","picket","emphatically","ornaments","cessation","refill","pitfall","snort","restate","apostrophe","silo","escalate","undertaker","baggy","powerfully","simplex","peep","evoke","dipping","savant","falsehoods","freer","categorically","foreseeable","hobgoblin","formulating","gruesome","sympathies","vodka","cursory","slaps","sitter","fanny","rector","syntactic","composure","centennial","royale","blower","summertime","perched","shattering","unmistakable","extrapolation","easing","horse's","jolt","stoves","chock","sped","plow","equivalence","mosques","grated","squadrons","embracing","semblance","joust","loony","stimulant","affirmed","zooming","prying","toying","posterity","outcry","extrapolate","omitting","redress","diversification","brilliantly","stingray","brevity","pouch","translucent","messes","repay","spasms","emperors","alfalfa","appropriation","taunt","synagogue","skew","plastered","groomed","campers","pies","conservatory","uniqueness","chipper"
1,3,3,1,2,1,1,1,1,2,1,1,3,3,1,1,3,3,2,1,2,1,1,3,1,1,1,1,1,2,1,1,1,1,2,3,1,3,1,1,4,1,1,2,1,1,1,1,1,1,1,1,2,2,1,1,1,1,2,1,3,1,1,1,1,1,1,1,1,1,1,1,1,1,1,1,1,2,4,3,1,1,2,2,2,1,1,1,1,1,4,2,2,3,2,2,1,2,2,2,2,3,4,3,1,2,2,2,2,2,4,1,1,4,4,2,2,2,2,2,2,2,4,4,3,3,3,1,2,3,1,2,1,1,1,1,1,1,1,2,1,2,2,1,4,1,1,1,1,1,3,2,1,3,4,2,2,2,1,4,1,1,2,1,2,2,1,1,1,4,2,2,1,1,1,1,1,2,1,2,1,1,1,2,1,2,2,3,2,2,1,1,1,1,1,1,2,4,3,1,2,1,2,2,2,2,1,3,1,1,2,2,3,2,3,2,3,3,2,2,1,1,1,1,3,1,2,1,2,2,2,1,2,2,4,2,1,2,2,2,2,3,4,3,2,2,1,1,1,3,1
1,3,1,1,1,2,3,3,1,3,1,1,1,1,1,3,3,1,1,1,3,2,4,1,1,1,1,1,1,3,1,1,1,1,1,4,1,1,1,1,1,1,1,3,3,3,1,1,1,3,1,1,3,1,1,1,1,1,1,2,3,NA,1,1,1,1,3,1,1,1,1,1,1,3,3,1,1,1,1,1,1,1,1,1,3,1,1,1,1,1,4,3,1,3,3,1,1,1,2,1,1,1,3,1,1,3,3,1,3,1,2,1,1,3,3,2,1,2,1,1,1,1,1,2,1,1,3,1,1,1,1,3,1,3,1,3,2,1,1,1,2,1,3,1,3,1,1,2,1,1,1,1,1,2,1,1,1,3,1,3,1,1,3,1,3,1,1,2,1,2,3,1,1,2,1,1,1,1,2,1,1,2,1,1,1,1,2,1,1,2,1,1,1,1,1,1,1,2,1,1,2,1,1,1,1,1,1,1,2,1,1,2,2,1,1,2,1,3,1,1,1,1,2,1,3,1,2,3,1,3,3,1,3,1,3,1,1,3,3,1,1,1,4,3,1,1,1,1,3,4,1
2,4,1,1,3,3,1,1,1,2,1,1,1,1,1,1,3,1,1,1,1,1,1,5,1,1,1,1,1,1,1,1,3,2,1,5,1,1,1,3,5,1,1,1,2,1,1,1,1,1,3,1,1,1,1,5,1,1,1,1,1,1,3,1,1,1,1,1,5,1,1,1,1,1,1,3,1,1,3,1,1,1,1,2,1,1,1,1,3,1,4,3,1,1,1,1,1,4,3,1,1,1,4,3,2,1,1,1,3,5,4,1,1,6,3,4,1,1,2,1,1,4,4,1,3,1,5,1,1,1,1,1,1,1,1,1,1,1,1,4,1,1,1,1,3,2,1,4,1,1,1,1,1,3,5,1,1,1,1,5,1,1,5,1,6,1,1,1,1,4,4,1,1,1,1,1,1,4,1,3,1,1,1,1,4,1,4,1,3,1,1,1,1,1,3,5,6,5,1,1,1,1,1,5,1,1,1,1,1,1,1,3,6,2,5,1,1,4,2,1,1,1,1,1,2,1,5,3,3,1,2,1,1,1,6,2,2,1,1,1,3,1,6,2,2,1,1,1,1,5,1
2,2,1,1,3,2,3,1,1,3,1,1,1,2,2,1,3,2,1,1,4,1,1,3,2,1,1,1,1,1,2,1,3,1,1,4,1,2,1,1,3,1,1,1,3,1,1,1,1,1,1,3,2,3,1,2,2,2,1,1,1,1,3,1,2,2,1,1,1,1,1,2,1,3,1,3,1,2,4,1,1,1,3,1,3,1,1,1,1,1,6,2,1,1,3,2,2,4,1,3,2,1,2,NA,1,2,2,1,3,2,2,1,1,2,3,1,2,1,3,1,1,3,3,1,2,3,1,2,2,3,1,2,1,3,1,1,2,1,2,1,2,3,3,1,2,1,2,1,2,1,3,1,3,2,2,3,2,2,1,4,1,2,3,2,1,1,1,1,1,5,2,1,2,1,3,1,2,2,1,2,1,2,3,1,2,2,1,2,1,2,1,2,3,1,2,3,1,2,2,3,2,1,2,3,2,1,2,1,1,1,1,3,4,2,1,2,1,3,1,1,1,2,1,1,2,2,1,3,1,1,2,1,1,3,1,1,2,1,1,2,4,3,2,2,2,1,1,1,1,3,1
1,1,2,1,2,1,1,1,1,1,1,1,2,2,1,2,1,1,1,1,1,1,1,3,1,1,1,1,1,1,1,1,1,1,1,2,1,1,1,1,3,1,1,1,1,1,1,1,1,1,1,1,1,1,1,1,1,1,1,1,1,1,1,1,1,1,1,1,1,1,1,1,1,1,1,1,1,1,1,1,1,1,3,1,1,1,1,1,1,1,3,1,1,1,1,1,1,1,1,1,1,1,1,1,1,1,1,1,1,1,1,1,1,1,1,1,1,1,1,1,1,1,1,1,1,1,3,1,1,1,1,1,1,1,1,1,1,1,1,3,1,1,1,1,1,1,1,2,1,1,1,1,1,1,1,1,1,1,1,2,1,1,1,1,3,1,1,1,1,4,1,1,1,1,1,1,1,1,1,1,1,1,1,1,1,1,1,1,1,1,1,1,1,1,1,1,3,1,1,1,1,1,1,1,1,1,1,1,1,1,1,1,1,1,1,1,1,1,1,1,1,1,1,1,1,1,1,1,1,1,1,1,1,1,3,1,1,1,1,1,1,1,1,1,1,1,1,1,1,1,1
1,6,1,1,1,2,1,2,2,1,2,1,2,1,1,2,2,1,1,1,2,1,2,5,1,1,2,3,1,2,2,1,3,2,3,6,1,3,1,3,4,2,1,3,1,1,1,2,1,2,1,1,4,4,2,3,2,3,1,2,4,2,4,2,1,1,1,3,3,3,1,1,2,3,1,1,2,3,2,3,2,2,2,2,1,1,1,1,1,3,4,3,3,4,3,1,2,3,3,1,4,2,3,4,2,3,2,2,3,2,3,2,3,3,4,2,2,1,1,2,2,3,2,2,2,3,2,2,1,4,1,2,2,2,3,2,2,3,3,2,2,2,2,1,NA,NA,NA,NA,NA,NA,NA,NA,NA,NA,NA,NA,NA,2,1,2,2,1,3,1,3,2,1,1,3,5,2,3,2,1,1,1,1,3,2,3,2,2,2,1,3,2,3,3,1,2,2,2,1,2,3,3,3,3,1,2,3,2,2,4,3,2,1,3,1,2,2,4,5,1,3,1,2,2,2,2,1,1,1,2,2,2,1,2,1,3,2,1,2,2,3,2,1,2,2,1,4,4,6,1,2,2,1,2,2,3,1
1,3,2,1,1,3,3,2,1,1,1,2,1,1,1,1,2,4,1,1,1,1,2,3,2,1,2,1,1,1,1,1,1,2,2,4,1,1,1,1,1,1,1,1,4,1,1,1,1,1,1,1,1,1,1,1,1,2,1,1,1,1,2,1,1,1,1,1,1,1,1,1,1,1,1,1,1,1,1,2,2,1,1,1,2,1,1,1,1,1,1,1,1,1,1,1,1,2,1,1,1,1,2,3,1,1,1,1,1,1,1,1,1,1,2,1,1,1,1,1,1,1,1,1,1,2,2,1,1,1,1,1,1,1,1,2,1,1,1,2,1,1,1,1,2,1,2,1,1,1,1,1,1,1,2,1,1,1,1,2,1,1,2,3,2,1,1,1,1,3,1,1,1,1,1,1,1,1,1,1,1,1,1,2,1,1,1,1,1,1,1,1,1,1,1,1,1,1,1,1,1,1,2,3,1,1,1,1,1,1,1,1,1,1,1,1,1,1,1,1,1,1,1,1,1,1,2,1,1,3,1,1,2,1,1,1,1,1,1,2,2,1,4,1,1,1,1,1,1,3,1
2,4,5,2,4,3,5,4,2,3,2,4,2,5,1,2,2,4,2,1,3,4,2,4,3,1,4,3,2,3,2,4,2,3,4,6,2,4,4,2,3,4,2,3,3,5,4,1,5,3,6,4,2,4,5,3,2,4,3,1,4,5,3,4,2,5,1,4,3,4,1,2,1,2,1,1,3,4,5,2,1,2,2,1,3,1,2,3,4,2,2,4,1,2,3,4,2,3,2,2,3,2,6,3,1,4,3,1,5,2,4,2,3,5,3,1,3,4,1,3,1,4,2,3,1,2,6,4,2,1,1,5,4,2,5,2,4,1,3,6,1,2,4,1,6,4,3,1,1,3,2,4,2,4,3,1,4,5,3,6,2,4,2,2,4,3,1,1,3,6,1,5,2,1,3,5,1,5,4,3,4,1,4,3,3,1,6,3,1,4,1,1,3,2,3,5,2,4,1,1,4,3,2,5,4,2,1,1,1,1,1,4,5,1,3,2,3,2,2,4,3,1,1,1,4,2,4,3,4,2,3,2,5,4,2,3,1,2,5,6,2,3,6,1,3,2,2,1,3,4,2
3,5,2,1,2,2,3,3,2,3,2,2,3,2,2,1,2,1,1,2,3,3,3,2,2,1,2,1,1,3,1,1,2,3,5,6,1,2,1,2,2,1,2,1,4,2,2,2,1,1,1,1,3,3,3,1,1,2,1,1,2,1,3,2,1,2,1,2,1,2,1,2,1,2,1,2,2,4,2,3,2,1,2,1,2,1,2,1,1,1,2,4,1,2,1,1,2,3,3,1,2,2,3,3,1,2,1,1,2,1,2,1,1,3,4,2,3,2,1,2,1,2,2,2,3,3,3,2,1,2,1,2,1,3,3,2,2,2,2,2,1,1,1,1,3,3,3,2,1,2,2,1,1,2,3,2,4,2,2,3,2,2,4,1,3,1,1,1,2,6,2,2,1,1,1,2,1,2,1,1,2,1,4,2,3,1,3,3,1,2,1,1,1,1,1,2,2,1,1,1,2,1,3,4,2,2,1,2,1,1,1,4,3,2,3,2,2,2,1,2,2,1,2,1,2,2,3,1,2,4,2,1,2,2,4,1,1,1,2,1,3,2,5,1,3,2,1,2,5,5,2
1,1,2,1,2,2,3,3,1,1,1,1,1,1,1,1,2,1,1,1,2,1,1,2,2,1,1,1,1,1,1,1,1,1,1,3,1,1,1,2,3,1,1,1,1,1,2,2,1,1,1,1,3,2,2,2,2,1,1,1,1,1,3,1,2,2,1,1,1,1,1,1,2,1,1,1,2,2,2,1,1,1,3,1,2,1,1,1,2,2,4,1,2,2,3,2,1,2,2,2,3,3,3,2,1,2,1,2,2,2,2,1,1,4,3,1,2,3,2,1,1,1,1,2,3,2,3,1,1,3,1,2,2,3,3,2,3,3,1,1,2,1,1,1,1,2,3,2,2,3,2,2,2,3,4,2,3,2,2,3,2,2,4,1,2,1,1,1,1,3,1,1,2,2,2,1,1,1,1,2,2,3,2,2,2,2,2,2,1,2,1,1,1,1,2,2,2,3,2,1,2,1,1,1,2,1,1,2,2,1,1,2,3,1,2,1,1,3,2,2,3,2,3,2,3,4,2,2,2,3,3,3,3,4,3,2,3,1,4,2,3,4,5,3,2,1,1,2,2,4,3
2,4,2,1,3,5,5,4,1,1,2,2,1,1,1,1,5,5,2,2,2,1,3,5,2,1,1,1,1,1,2,2,5,5,5,6,1,1,1,1,1,3,2,4,6,5,4,2,1,1,1,4,4,5,5,5,5,5,2,1,1,NA,6,4,3,3,1,1,1,1,1,5,2,3,1,1,1,6,6,6,6,2,2,1,4,2,2,2,1,1,5,5,1,4,4,4,1,1,2,4,2,2,2,5,5,2,2,2,1,1,1,4,4,4,5,1,3,2,1,1,2,5,2,2,3,4,NA,2,2,4,1,5,1,1,3,1,1,1,5,5,5,2,5,1,5,2,2,1,1,1,4,4,4,1,6,2,5,2,2,4,3,2,5,5,5,1,2,1,1,5,3,1,2,2,2,2,1,1,4,6,6,2,5,5,5,5,5,5,2,2,2,2,1,1,4,3,5,2,3,3,3,3,4,6,2,2,1,1,1,1,1,4,5,2,2,2,4,3,1,5,5,5,2,2,3,3,5,5,4,6,6,1,1,1,2,NA,1,5,5,5,5,5,6,3,4,2,2,2,5,5,2
1,1,1,1,1,2,2,1,1,1,1,1,1,1,1,1,2,2,1,1,1,1,1,2,1,1,1,2,1,2,1,1,2,1,1,5,1,1,1,3,4,1,1,3,4,1,1,1,1,1,1,3,3,1,1,1,2,1,1,1,1,1,2,1,1,1,1,1,1,1,1,1,1,1,1,1,1,2,1,1,1,1,1,2,1,1,1,1,1,1,2,3,1,1,1,1,1,4,1,1,1,1,2,2,1,1,1,1,1,1,1,1,1,2,1,1,1,1,1,1,1,1,1,1,1,2,3,1,1,1,1,1,1,1,1,1,1,2,1,1,1,1,3,1,2,1,1,1,1,1,1,1,1,1,2,1,1,1,1,2,1,1,1,1,2,1,1,1,1,4,1,1,1,1,1,1,1,1,1,2,1,1,1,1,4,1,1,1,1,1,1,1,1,1,2,1,3,1,1,1,1,1,1,3,1,1,1,1,1,1,1,4,4,1,1,1,1,3,1,1,1,1,1,1,2,1,2,1,1,1,1,1,1,1,2,1,1,1,1,2,1,1,1,1,1,1,1,1,1,4,1
2,5,2,1,4,4,5,5,3,2,2,1,2,1,2,1,2,2,1,2,3,2,4,6,2,1,1,1,1,3,1,1,2,4,2,6,1,3,1,4,6,4,2,4,5,2,1,1,1,1,3,2,5,4,3,1,2,4,2,1,1,1,4,4,2,1,1,2,3,2,1,2,3,4,1,2,1,4,5,4,3,4,5,2,5,2,1,1,4,3,6,5,3,5,4,3,2,3,4,2,1,3,5,5,2,1,2,3,4,5,6,3,2,5,5,4,5,2,3,4,3,4,3,4,5,5,6,2,1,3,1,4,1,3,4,5,5,3,3,4,3,3,4,1,3,3,2,4,1,4,2,3,4,3,4,4,3,4,3,4,NA,3,5,1,5,1,1,1,2,6,4,3,2,1,1,2,1,2,1,5,3,4,5,5,4,5,6,5,1,2,1,3,4,3,6,4,5,2,3,2,2,4,6,5,2,1,1,1,1,1,3,5,6,3,6,3,4,4,3,3,4,3,4,4,5,4,5,2,3,5,3,1,5,2,5,1,1,1,3,4,1,2,5,3,3,1,1,2,5,6,1
1,3,1,1,2,1,2,1,1,2,1,1,1,2,1,1,4,1,1,1,4,2,1,4,2,1,2,1,1,3,2,1,2,2,2,4,1,2,1,2,4,3,1,2,2,2,2,1,1,2,1,1,2,2,1,2,2,3,1,1,3,1,3,3,2,2,2,2,3,1,1,3,1,2,2,1,2,2,2,1,1,2,2,2,2,1,2,2,1,2,3,2,1,2,2,2,1,3,4,1,2,3,4,3,2,2,1,1,3,2,3,1,3,3,4,2,2,1,2,2,1,2,1,1,2,2,3,1,1,3,1,1,1,2,3,2,3,2,2,1,2,1,2,1,2,2,5,2,1,2,2,1,2,2,4,2,2,2,1,3,1,1,3,1,2,1,1,1,1,3,1,2,1,1,1,3,1,1,2,2,2,2,1,2,1,1,2,2,1,2,1,1,1,1,2,3,2,2,1,1,3,2,1,3,2,1,1,1,3,1,1,2,3,1,3,1,1,2,1,1,1,1,1,1,2,2,2,1,1,3,2,1,2,5,2,1,1,1,1,1,3,4,6,1,1,1,1,2,2,4,1
1,5,5,1,2,1,2,1,2,3,2,1,1,2,3,1,2,1,5,1,2,1,3,2,1,1,2,1,1,4,2,1,1,2,5,5,1,2,1,2,4,5,3,1,2,3,1,1,2,1,1,2,4,3,2,3,2,3,2,1,2,1,2,3,2,1,1,2,3,2,1,3,2,1,4,1,2,4,3,3,1,1,2,3,2,1,1,3,2,1,5,2,1,2,2,1,1,1,5,1,2,4,2,2,1,1,1,2,1,1,2,2,1,5,5,1,1,2,1,1,2,1,1,2,5,1,5,2,4,4,1,1,3,6,2,1,1,2,1,2,1,1,2,1,2,4,1,1,1,1,2,1,2,1,4,3,2,1,1,2,1,1,6,1,2,1,1,1,2,5,1,2,1,3,2,1,1,1,2,1,2,1,3,2,1,1,3,1,1,2,1,1,1,3,4,2,3,2,1,1,2,1,2,1,3,2,1,2,4,1,1,3,6,1,3,3,1,3,1,2,1,2,1,1,2,3,1,2,1,3,2,1,1,3,1,1,1,2,1,1,2,3,4,1,2,1,1,2,1,4,2
3,2,2,4,5,4,2,1,3,2,2,1,4,5,4,3,3,2,6,6,1,4,4,2,2,1,3,6,2,5,1,1,2,5,4,3,4,3,5,1,1,1,2,5,5,2,3,4,5,2,3,3,NA,1,2,NA,1,1,2,2,5,3,NA,2,6,1,2,2,2,1,1,NA,4,5,3,2,4,3,3,5,6,2,3,3,3,2,5,3,5,3,3,2,1,1,1,3,2,2,3,5,3,5,3,1,1,5,4,3,2,2,1,1,3,6,4,1,1,3,6,6,2,4,2,1,4,2,1,2,2,2,4,3,4,2,2,2,NA,2,1,1,4,2,6,3,2,4,4,3,2,2,2,1,NA,1,3,4,3,1,3,3,3,2,2,6,6,5,2,1,3,2,3,NA,1,3,2,5,5,6,1,1,2,3,1,4,4,2,NA,2,5,6,6,NA,2,2,1,4,4,5,2,6,6,6,5,4,3,3,2,1,2,3,2,1,3,6,3,3,5,3,2,1,3,2,5,5,NA,5,3,4,1,NA,5,3,1,4,3,4,1,NA,2,6,6,1,1,NA,2,1,3,5,6,5,3
1,2,3,4,5,6,5,4,3,2,1,2,3,4,5,6,5,4,3,2,1,2,3,4,5,6,5,4,3,2,1,2,3,4,5,6,5,4,3,2,1,2,3,4,5,6,5,4,3,2,1,2,3,4,5,6,5,4,3,2,1,2,3,4,5,6,5,4,3,2,1,2,3,4,5,6,5,4,3,2,1,2,3,4,5,6,5,4,3,2,1,2,3,4,5,6,5,4,3,2,1,2,3,4,5,6,5,4,3,2,1,2,3,4,5,6,5,4,3,2,1,2,3,4,5,6,5,4,3,2,1,2,3,4,5,6,5,4,3,2,1,2,3,4,5,6,5,4,3,2,1,2,3,4,5,6,5,4,3,2,1,2,3,4,5,6,5,4,3,2,1,2,3,4,5,6,5,4,3,2,1,2,3,4,5,6,5,4,3,2,1,2,3,4,5,6,5,4,3,2,1,2,3,4,5,6,5,4,3,2,1,2,3,4,5,6,5,4,3,2,1,2,3,4,5,6,5,4,3,2,1,2,3,4,5,6,5,4,3,2,1,2,3,4,5,6,5,4,3,2,1
1,3,2,1,1,3,3,4,2,2,2,3,2,2,1,1,2,4,2,2,2,3,3,3,1,2,2,1,1,3,1,1,1,2,1,3,1,2,1,1,4,1,1,1,4,3,2,2,1,1,1,3,4,3,3,2,2,1,1,1,1,1,2,1,1,1,1,1,1,1,1,2,1,1,1,1,1,3,2,3,2,1,1,1,1,1,1,2,1,1,1,4,1,2,3,2,1,3,1,1,1,1,1,2,1,1,1,1,2,1,1,1,2,4,1,1,1,1,1,1,1,1,2,1,1,2,3,1,1,3,1,2,1,1,1,1,1,1,1,1,1,1,3,1,4,1,1,1,1,1,4,2,1,1,3,1,2,1,1,1,1,1,4,1,1,1,1,1,1,4,1,1,1,1,2,1,1,1,1,1,1,1,1,1,3,1,4,2,1,1,1,1,1,1,2,1,1,3,1,1,1,1,2,3,1,1,1,1,1,1,1,3,5,2,3,2,3,4,1,1,1,1,1,1,3,1,4,1,1,4,3,1,1,1,5,1,1,1,3,4,2,1,4,1,1,1,1,1,2,4,1
3,4,3,4,5,4,3,4,3,4,4,3,3,5,4,4,4,4,5,3,5,4,4,3,5,3,4,5,3,5,4,3,4,5,4,4,5,4,3,5,4,5,3,5,4,4,5,5,4,3,3,4,5,4,4,3,5,4,3,4,5,4,4,5,4,4,4,3,5,4,4,3,5,4,4,3,5,3,5,5,5,3,4,5,4,3,5,4,5,3,4,4,3,5,4,4,3,4,4,4,3,5,3,5,3,3,3,5,5,4,3,3,3,4,5,3,3,4,4,5,4,3,5,5,4,4,5,5,4,4,5,3,4,4,4,3,3,3,3,5,5,4,4,5,4,3,4,4,5,3,4,4,4,3,5,4,4,4,3,4,4,5,5,4,4,4,4,5,4,3,3,4,4,5,4,3,4,4,3,4,4,3,5,4,4,3,4,3,4,4,3,4,5,4,4,3,4,4,3,4,4,3,3,4,4,3,4,4,3,3,3,4,3,5,4,5,3,4,5,4,3,5,4,4,4,3,3,5,5,4,3,4,3,4,3,5,4,3,3,4,4,4,4,4,5,4,4,3,4,4,3
2,5,2,1,3,4,3,4,2,2,1,2,3,2,1,1,2,3,2,2,2,1,2,2,3,2,2,2,1,5,1,1,3,3,3,5,1,3,2,2,4,2,1,4,4,1,2,1,1,1,1,2,2,2,3,4,2,2,1,1,1,1,3,1,1,1,1,1,2,1,1,2,1,2,1,1,2,2,3,2,1,1,1,1,1,1,1,1,2,1,5,1,1,2,2,1,1,2,3,1,1,1,3,2,1,1,1,1,2,1,3,1,1,3,1,1,2,1,2,1,1,1,3,1,2,1,2,1,1,2,1,1,1,1,2,1,1,1,1,1,1,1,2,1,1,1,2,2,1,1,2,1,1,1,2,1,1,1,1,3,1,1,3,1,3,1,1,1,1,4,1,1,1,1,1,1,1,1,1,2,1,2,1,1,1,1,1,1,1,1,1,1,1,1,5,2,2,2,1,1,1,1,1,3,2,1,1,1,1,1,1,2,3,1,1,1,2,2,1,1,1,1,1,1,2,1,1,1,2,3,1,2,1,1,3,1,1,1,2,3,1,1,6,2,1,1,1,1,1,3,1
1,3,1,1,3,5,5,6,3,1,1,2,3,1,1,1,4,3,1,1,3,2,3,5,1,1,1,1,1,3,2,1,5,4,1,3,1,3,1,5,6,3,1,1,5,3,3,3,1,2,1,1,3,1,4,1,2,2,1,1,2,1,1,1,1,3,1,1,2,1,1,4,1,4,1,1,2,4,4,3,3,1,4,3,1,2,1,2,1,1,5,4,3,3,3,1,1,4,3,1,1,2,5,4,1,1,2,1,3,3,4,1,1,5,3,1,1,1,1,4,1,2,4,3,2,2,4,1,1,1,1,3,1,1,1,3,1,1,3,3,2,1,5,1,4,1,3,2,1,1,3,3,1,2,3,3,4,1,1,4,1,1,4,2,4,1,1,1,1,3,3,2,1,1,3,2,1,1,1,5,4,3,4,4,2,3,4,4,2,4,1,1,1,2,4,3,3,5,1,1,1,1,2,4,3,1,1,2,1,1,3,4,6,3,4,3,4,3,2,2,2,1,3,1,3,1,4,4,2,3,3,3,4,2,5,1,1,2,3,5,2,4,5,3,2,1,1,1,4,5,1
1,3,2,1,2,1,3,2,3,1,1,3,1,1,1,1,3,3,2,1,1,3,2,4,4,1,2,2,1,1,1,2,2,4,2,4,4,1,2,2,1,3,2,2,4,4,2,1,1,4,2,4,2,2,1,2,1,4,1,1,2,4,2,2,1,1,3,4,3,2,1,4,1,1,2,1,1,4,2,3,2,1,1,2,3,1,1,1,1,3,6,3,1,4,3,3,3,5,2,2,1,3,5,5,2,3,3,3,4,1,1,1,3,3,4,3,4,2,1,2,1,3,3,2,4,4,3,2,1,3,1,2,1,2,2,3,1,1,1,3,2,1,1,1,2,2,4,3,2,1,3,3,1,1,4,2,3,3,2,4,3,2,4,2,3,1,1,1,2,3,1,1,1,2,1,2,1,2,1,2,1,1,4,4,4,5,6,2,2,3,1,1,1,3,2,2,3,1,1,1,3,3,4,4,1,1,2,1,1,1,1,2,2,1,3,3,4,2,4,2,2,3,1,1,3,1,2,2,1,3,1,1,3,1,2,1,1,3,2,2,3,2,4,1,3,1,1,1,2,2,1
2,4,3,2,2,1,3,2,4,2,1,1,2,2,3,2,2,2,1,2,1,3,4,4,2,2,1,2,1,2,1,1,3,2,3,4,1,3,2,3,2,3,2,3,4,3,2,2,2,2,2,3,3,2,2,3,2,1,1,1,3,2,3,2,2,2,1,2,3,1,1,3,2,4,3,2,1,4,4,5,3,2,5,2,3,1,1,2,2,2,3,4,2,4,5,2,5,5,4,2,3,4,2,5,1,2,2,1,2,3,2,1,2,1,3,2,3,2,2,1,1,2,2,1,4,3,4,2,1,2,1,3,2,2,4,3,1,1,4,5,3,2,3,2,4,2,4,3,2,2,4,4,2,3,3,2,3,4,2,4,3,2,4,3,3,1,1,2,2,4,3,3,1,1,1,3,2,3,2,3,2,2,3,4,5,2,4,3,2,3,1,1,2,2,4,1,5,3,2,2,1,2,3,4,2,1,1,2,2,1,1,3,6,2,4,4,3,3,1,3,2,1,2,2,4,1,3,1,1,5,3,6,3,4,6,1,1,1,3,5,4,3,6,1,2,1,2,2,4,6,2
1,5,3,1,2,3,3,4,2,1,2,2,3,1,1,1,1,3,2,1,3,1,4,4,2,2,2,1,1,1,1,1,6,4,4,6,1,2,1,4,3,2,2,1,5,3,2,2,2,2,1,5,5,4,2,2,1,1,1,1,1,1,5,2,1,1,1,1,1,1,1,2,2,1,1,1,3,4,2,5,4,2,3,1,2,1,1,1,1,1,6,4,1,2,2,2,4,2,6,2,3,4,5,3,3,2,2,1,4,4,4,2,2,3,5,3,2,1,1,1,2,4,4,3,4,2,6,1,2,2,1,2,2,2,2,5,3,2,2,5,2,3,1,1,2,1,3,3,2,3,2,3,1,1,4,2,4,5,2,3,2,1,4,4,5,1,1,1,1,5,2,2,2,1,2,1,1,1,1,1,4,2,4,2,5,4,5,4,1,1,1,1,1,1,2,3,3,3,1,1,2,2,2,4,2,2,1,1,2,1,2,3,4,2,3,2,2,3,2,2,1,1,2,2,2,1,1,1,2,4,3,2,2,2,4,2,1,1,2,3,3,2,4,1,2,1,1,2,3,4,2
1,5,2,3,2,3,4,4,2,3,2,3,1,4,1,3,4,3,2,3,5,4,5,6,3,2,2,1,1,3,4,2,3,2,3,5,1,2,2,2,4,1,1,1,5,3,4,2,1,1,1,4,5,2,3,2,4,5,1,1,1,1,3,2,3,5,2,1,1,2,3,4,1,2,1,4,3,4,2,2,3,1,2,1,1,2,2,3,1,3,4,4,1,2,5,3,3,6,6,3,2,4,6,2,1,3,4,1,3,1,1,2,4,5,4,3,2,3,1,4,3,2,2,3,3,4,5,2,2,3,1,5,3,2,1,3,4,1,2,2,4,1,3,1,5,3,3,5,1,2,4,3,1,1,2,2,4,6,2,5,2,1,2,3,5,1,1,1,1,6,2,1,3,1,3,4,1,1,3,4,2,5,2,3,3,2,4,5,1,3,1,1,1,1,5,4,5,6,2,3,2,2,3,2,5,2,1,1,1,1,1,3,6,1,5,2,3,6,1,2,2,2,5,2,3,2,3,4,2,1,1,2,1,3,2,5,1,3,4,6,1,1,6,1,2,2,2,1,3,6,1
2,6,2,1,3,2,5,5,3,5,5,4,3,5,5,2,4,NA,3,3,6,1,4,6,4,2,2,1,3,2,5,3,3,3,4,6,2,4,1,3,6,1,1,1,2,3,3,4,1,1,3,2,5,4,3,3,3,4,4,1,3,2,6,3,3,3,1,2,3,4,1,2,2,2,2,3,2,6,6,2,2,3,4,2,3,3,2,2,4,3,5,4,2,3,3,3,2,4,6,2,3,4,6,2,2,2,1,1,5,5,3,1,2,6,6,3,3,2,4,3,1,3,4,2,6,4,4,2,2,3,3,4,4,3,2,2,2,4,2,3,4,2,3,3,5,3,3,4,1,2,2,2,2,3,3,2,3,5,2,5,1,1,5,2,4,2,2,2,3,6,3,3,4,3,3,2,2,3,3,4,2,3,3,4,4,3,3,4,2,2,1,1,2,2,6,3,5,5,3,3,3,2,3,3,3,4,3,2,2,1,2,3,6,3,4,3,4,5,1,3,2,1,3,5,3,4,5,4,2,1,3,2,2,4,5,2,2,3,2,2,5,4,6,2,2,3,2,3,2,5,1
1,1,1,1,1,1,1,1,1,6,6,6,6,6,6,6,6,6,6,6,6,6,6,4,4,4,4,4,4,4,4,4,4,4,4,4,4,4,3,3,3,3,3,3,3,3,3,3,3,3,3,3,3,3,2,2,2,2,2,2,2,2,2,2,2,2,4,4,4,4,4,4,4,4,4,4,4,4,4,3,3,3,3,3,3,3,3,3,3,3,3,3,3,3,2,2,2,2,2,2,2,2,2,2,2,2,2,2,1,1,1,1,1,1,1,1,1,2,2,2,2,2,3,3,3,3,3,3,3,3,3,3,3,3,3,3,3,3,2,2,2,2,2,2,2,2,2,1,1,1,1,1,1,1,1,1,1,1,1,1,1,1,1,1,2,2,2,2,2,2,2,2,2,2,2,2,2,2,2,4,4,4,4,4,4,4,4,4,4,4,4,4,4,4,3,3,3,3,3,2,2,2,2,2,2,2,2,2,1,1,1,1,1,1,1,1,1,1,1,1,5,5,5,5,5,5,5,5,5,5,4,4,4,4,4,4,4,4,4,4,4,3,3,3,3,3,3,3,3,3,3
1,1,1,1,3,1,3,5,1,1,1,1,3,1,1,2,1,1,1,1,1,1,1,5,1,1,1,1,1,1,1,1,1,1,1,2,1,1,1,1,5,1,1,1,1,1,1,2,1,1,1,1,2,3,2,1,1,3,1,1,1,1,1,1,1,1,1,1,1,1,1,1,1,1,1,1,1,2,3,1,1,1,4,2,4,1,1,1,1,1,2,1,1,1,2,1,1,2,1,1,1,1,2,1,1,2,1,1,1,2,1,1,1,4,1,1,1,1,1,1,1,1,1,1,1,1,5,1,1,1,1,1,1,1,1,1,1,1,1,4,1,1,1,1,1,1,1,1,1,1,1,1,1,1,4,3,3,1,1,2,1,1,5,1,5,1,1,1,1,5,2,1,1,1,1,1,1,1,1,2,1,1,1,1,1,1,3,1,1,1,1,1,1,1,1,1,4,3,1,1,1,1,1,1,3,1,1,1,1,1,1,3,2,1,1,1,1,3,1,1,1,1,1,1,1,1,1,1,1,1,1,1,1,1,3,1,1,1,1,1,1,2,1,1,1,1,1,1,1,1,1
2,4,2,2,2,3,3,4,3,3,1,2,3,3,1,1,3,3,2,3,4,4,4,4,3,1,2,2,1,2,1,1,2,3,3,6,1,2,1,3,5,2,1,3,6,4,4,4,1,2,1,3,4,4,4,4,4,2,1,1,1,1,3,3,2,2,1,4,3,3,1,4,2,3,1,2,1,3,4,3,3,2,3,3,3,2,3,1,1,2,6,5,1,4,4,3,2,4,4,1,1,3,5,3,1,2,3,2,2,3,3,2,3,4,6,2,5,3,1,3,1,3,4,3,4,4,5,3,2,3,1,2,1,1,1,1,2,3,1,2,3,2,4,1,2,3,4,3,1,3,3,3,1,3,4,2,1,3,2,4,4,4,5,4,5,1,1,1,1,6,2,1,1,1,1,3,1,2,2,4,4,4,2,3,4,3,5,5,1,4,1,2,1,2,4,4,4,4,1,1,1,1,3,3,3,1,1,1,2,1,1,3,3,4,4,3,4,4,3,1,2,1,2,2,4,3,5,3,3,4,4,1,4,1,5,2,1,2,2,3,2,4,5,1,1,1,1,1,3,5,2
1,1,1,1,2,1,1,1,1,3,1,1,2,2,1,1,2,1,1,1,1,1,2,1,1,1,1,1,1,3,1,1,1,1,2,2,1,1,1,1,2,1,1,1,1,1,1,1,1,2,1,1,2,1,1,1,1,1,1,1,1,1,2,1,1,1,1,1,2,1,1,1,2,2,2,NA,1,1,2,1,1,1,1,1,1,1,1,1,1,1,1,1,1,3,2,1,1,3,1,1,1,2,3,2,2,3,2,2,1,1,1,1,1,1,2,1,1,1,1,1,1,3,1,2,1,1,2,2,1,2,1,1,1,1,2,1,1,1,1,2,1,1,1,1,NA,1,1,2,1,1,1,1,1,1,1,1,1,1,1,2,1,1,1,1,3,1,1,1,1,3,1,2,1,1,1,1,1,1,1,1,1,2,1,1,1,1,2,2,1,1,1,1,1,1,2,1,2,2,1,1,1,1,1,2,1,1,1,1,3,1,1,NA,NA,1,1,1,2,1,1,1,1,1,1,1,1,1,1,1,1,1,2,1,1,1,1,1,1,3,2,1,1,1,2,3,1,1,1,1,2,2,1
