"defendants","disclose","tortured","gateways","prep","fab","fascists","infringement","portray","glow","starvation","photograph","tearing","flee","grasping","riddle","evaluations","wines","silhouette","indices","sinful","solicited","entertained","amusement","bugger","commanders","hemisphere","binder","bankrupt","carriage","uniquely","clearer","capacities","deity","atrocities","rushing","fined","canoe","husband's","realistically","enrolled","sheriff","dives","bottleneck","unpopular","voiced","farewell","disbelief","corpus","securely","umpire","stockings","howdy","curses","sailors","snack","eagerly","mole","nutritional","impressions","joking","seam","susceptible","exhaustive","sleazy","bigoted","bloated","subs","burial","capsule","heaven's","receipts","oval","startled","pest","buds","employs","typesetting","dwell","rushed","longitude","accusing","reconsider","sank","traveled","utilizes","riptide","compelled","survives","prosecuted","squeezed","legalize","missionary","banshee","exchanging","assigning","flotilla","bark","enrollment","energetic","victorious","sloppy","ripping","scrambled","psychologists","optic","commandment","jab","warmed","wavelength","activism","basil","herding","digestive","louder","samba","herring","miter","typhoon","proficient","aligned","asserted","sadness","balm","exquisite","printout","fertile","demise","felony","masturbation","humiliation","allegiance","heater","aesthetic","notorious","deficiency","fart","drown","lineup","aloud","declarations","citron","derive","inclination","midst","voter","averaging","enlisted","slender","stresses","militant","heavenly","redwood","capitalists","relentless","oxide","hysteria","disasters","boulevard","duct","diaper","fend","transformer","thyroid","grains","rulers","villa","wool","misplaced","planting","contradictions","clitoris","designation","intentional","relaxation","nameless","trader","whistle","sinner","reusable","rudder","madden","rebound","transcript","convex","fellows","marking","woo","barley","inept","unlawful","sew","mart","discern","butts","revoked","stabilize","prose","upstairs","prestige","removable","behaved","repaired","abundant","weighs","incurred","innings","provocative","scimitar","comprised","feeble","fluoride","decorated","fortified","attendant","southwestern","populace","guesses","unprecedented","jerks","rosettes","exhausted","handicap","brethren","worded","negotiating","millennium","pharmacy","swami","gratitude","barrels","merging","individual's","benign","interpreting","supper","glanced","intruder","grooming","disenchant","continual","foreground","withdrew","treaties","standby","crate","undoing","illustration","clutter","investigative","astonished"
1,2,2,2,2,2,2,2,2,2,2,2,2,3,3,3,3,3,3,NA,2,1,1,1,1,1,1,2,3,4,4,4,3,3,3,3,2,2,2,2,2,3,3,4,4,4,4,3,3,3,2,2,2,2,2,2,3,3,3,1,1,1,1,1,2,3,3,3,3,4,4,4,4,4,4,5,5,5,5,5,5,5,6,6,6,6,6,1,1,1,1,1,1,2,2,2,2,3,3,3,4,4,4,5,5,2,2,2,2,2,2,3,3,3,3,4,3,2,2,2,2,2,2,2,3,3,3,3,3,3,3,3,3,3,3,3,2,2,2,2,2,2,2,2,4,4,4,4,4,4,4,4,4,4,4,4,2,2,2,2,2,2,1,1,2,2,2,2,2,1,1,1,1,1,1,1,2,2,2,2,2,2,2,1,1,1,1,1,1,1,1,2,2,2,2,2,2,2,2,2,2,2,2,2,2,2,2,2,3,3,1,1,1,1,1,1,3,3,3,3,3,1,1,1,1,1,1,1,1,1,2,2,2,2,2,2,2,2,1,1,1,1,1,1,1,1,1,1,1,1,1
2,3,6,1,3,1,6,3,2,1,3,2,1,1,1,2,3,1,6,6,1,5,2,1,1,1,4,1,1,4,5,1,4,5,6,2,1,2,1,3,2,2,1,2,1,3,2,2,1,1,1,1,1,1,2,1,3,1,2,2,1,3,6,5,4,4,2,1,2,1,3,4,1,4,1,1,2,1,1,4,4,3,2,1,2,4,3,2,2,2,2,1,2,3,4,5,6,1,1,2,3,1,3,2,5,4,4,1,2,2,3,3,3,3,2,2,3,2,1,2,3,2,1,3,4,1,1,1,1,4,5,4,2,5,4,5,1,3,1,1,3,1,1,1,2,1,2,2,2,1,2,3,1,3,1,1,4,1,5,1,3,1,1,2,2,1,1,1,NA,2,4,3,2,3,2,1,1,4,1,2,3,1,1,2,2,1,1,1,1,2,1,1,1,5,1,1,1,2,1,4,1,2,1,3,4,3,1,1,6,1,1,2,1,1,2,2,2,2,5,1,4,2,1,5,1,3,4,5,2,1,1,2,2,6,3,2,3,1,1,2,1,1,2,3,1,1,1,4,1,3,3
1,1,2,1,1,1,5,2,1,1,3,3,1,1,1,2,4,1,6,4,1,4,1,2,1,1,3,1,2,5,1,1,3,6,4,1,3,6,1,NA,1,2,1,3,2,1,2,3,3,2,3,1,2,2,2,1,3,4,3,3,5,5,5,3,3,6,2,1,4,4,1,2,1,1,1,1,1,2,1,1,1,2,2,2,3,2,1,2,2,4,2,3,3,3,2,3,6,1,1,2,5,2,1,2,6,5,2,1,2,2,3,5,4,5,2,6,3,3,4,3,5,2,1,2,5,1,4,4,4,4,4,5,2,6,3,3,1,2,1,2,3,3,2,3,2,1,2,1,1,1,3,2,1,2,2,4,5,1,5,2,4,1,2,3,1,1,1,3,1,1,3,2,3,2,3,1,1,1,1,1,1,1,1,2,2,1,1,1,2,4,1,5,1,4,1,2,2,2,2,6,3,1,1,2,2,4,3,6,6,3,3,5,1,2,1,1,2,1,3,1,4,1,1,3,1,1,3,2,4,1,1,1,1,6,1,2,1,2,2,1,3,1,2,2,1,2,1,3,2,3,3
2,2,3,2,1,1,6,5,1,1,5,5,3,1,2,1,5,2,6,3,1,4,3,3,1,2,5,1,2,3,6,3,3,6,4,2,2,1,2,4,3,2,1,1,2,3,1,4,1,2,1,3,2,3,3,1,4,1,5,4,1,2,4,4,3,4,3,1,2,2,3,4,1,2,1,1,1,3,1,2,3,2,1,1,2,3,1,2,2,2,3,3,4,4,4,5,6,1,2,3,4,1,2,2,5,1,2,1,2,4,4,1,2,3,3,2,2,1,3,4,3,2,1,2,5,2,3,1,2,3,4,5,3,6,3,4,1,2,2,2,3,3,1,3,2,1,4,2,1,2,2,3,1,3,3,2,4,1,5,2,2,1,1,4,3,1,1,1,2,1,3,2,4,4,4,3,1,3,1,2,1,1,3,2,1,2,1,1,1,1,2,1,1,3,1,2,3,1,4,4,3,2,3,1,4,2,2,1,3,3,2,4,2,3,2,4,3,3,4,1,5,6,1,3,2,5,5,5,3,2,2,2,4,6,3,1,2,1,2,3,4,4,3,3,1,1,2,5,1,3,4
2,1,3,1,1,1,6,6,1,1,1,1,1,1,1,1,3,1,6,6,1,1,1,1,1,1,3,1,1,1,1,1,3,6,6,1,1,1,1,3,1,1,1,1,1,1,1,1,1,1,3,1,1,1,2,1,1,1,1,1,1,3,4,6,4,3,1,1,1,1,1,3,1,1,1,1,2,1,3,1,1,1,1,1,1,3,1,1,1,3,2,1,3,2,1,1,6,1,1,1,3,2,1,1,3,1,1,1,1,1,3,4,1,1,1,6,3,3,6,1,1,1,1,1,6,1,3,4,1,1,1,3,1,6,3,1,1,1,1,1,1,3,1,2,3,1,1,1,1,1,6,1,1,3,1,3,6,1,4,1,3,1,1,4,1,1,3,1,1,1,3,5,1,2,1,1,3,1,1,2,1,1,1,1,3,1,1,1,1,1,1,3,1,1,1,3,1,1,1,6,1,1,1,2,1,1,1,1,6,1,1,3,1,2,1,1,3,1,3,1,6,1,1,3,1,6,6,1,3,1,1,3,1,2,1,6,1,1,1,3,6,1,1,1,1,1,NA,1,1,1,6
1,1,3,1,1,1,4,2,1,1,1,2,1,1,1,1,1,1,6,2,1,3,1,1,1,1,2,2,1,2,4,1,1,5,5,1,1,3,1,4,2,1,1,1,1,1,1,2,1,1,1,1,1,1,1,1,1,1,1,2,2,1,4,3,1,4,1,1,2,3,2,5,1,1,1,1,1,1,1,1,1,2,1,1,1,1,1,1,1,1,3,1,2,1,1,4,6,1,1,1,1,1,1,1,5,1,1,1,1,1,1,3,1,3,2,1,4,4,2,3,3,1,1,1,4,1,1,1,1,1,1,2,1,6,1,3,1,1,1,2,1,3,1,1,3,1,1,1,1,1,3,2,1,1,1,1,2,1,5,1,2,1,1,2,1,1,1,1,1,1,1,1,3,1,2,1,1,3,1,1,1,1,2,1,1,1,1,1,1,2,1,6,1,1,1,1,1,1,1,3,1,1,1,1,3,2,1,1,4,1,1,6,1,1,1,1,3,2,3,1,3,2,1,3,1,2,1,2,2,1,1,1,1,4,1,1,1,1,1,1,1,1,2,1,1,1,1,3,1,1,1
3,2,4,2,1,1,5,5,3,1,3,6,3,1,2,1,4,2,6,5,2,4,3,3,1,2,5,1,3,5,6,3,4,3,5,3,1,4,2,3,1,4,1,3,1,2,2,2,1,3,2,2,1,2,1,1,3,1,3,3,1,2,3,4,3,4,3,1,1,2,3,4,1,2,1,1,3,4,2,3,2,3,2,1,3,4,2,3,2,3,4,2,5,6,3,4,5,1,2,2,3,1,1,3,5,3,2,1,1,5,3,2,4,3,2,1,1,1,6,4,4,3,2,1,4,2,2,4,1,3,3,5,2,4,1,4,1,1,2,3,2,5,3,2,3,2,4,2,3,1,3,3,1,2,1,5,4,2,6,1,2,1,2,6,2,1,1,1,3,1,3,2,5,3,NA,4,3,5,3,2,2,3,1,5,3,2,3,1,2,6,3,1,1,4,2,4,2,1,4,5,3,2,3,3,5,2,2,3,6,2,1,3,2,3,1,5,4,5,5,1,5,3,2,5,1,4,5,4,5,3,4,3,4,6,3,5,3,2,2,6,3,4,3,4,2,1,1,2,2,3,3
4,4,4,4,4,4,4,4,4,4,4,3,3,3,3,3,3,3,3,3,3,3,2,2,2,2,2,2,2,2,2,3,3,3,3,3,3,3,4,4,4,4,4,4,4,3,3,3,2,2,2,2,2,2,2,2,3,3,3,3,3,3,3,3,4,4,4,4,4,4,4,4,3,3,3,3,3,3,3,2,2,2,2,2,3,3,3,3,4,4,4,4,4,4,4,4,4,4,4,4,3,3,3,3,3,3,3,3,3,3,3,3,2,2,2,2,2,3,3,3,3,3,3,3,3,3,3,3,3,3,3,3,3,2,2,2,2,2,2,2,2,2,4,4,4,4,4,4,4,4,4,4,4,4,4,3,3,3,3,3,3,3,2,2,2,2,2,2,2,2,2,3,3,3,3,3,3,3,3,3,3,3,4,3,4,4,4,4,4,5,5,5,5,5,5,4,4,4,4,4,4,4,4,4,4,4,3,3,3,3,3,3,3,3,3,3,2,2,2,2,2,2,2,2,3,3,3,3,3,3,3,3,2,2,2,2,2,2,3,3,3,3,3,3,3,3,3,3,3,3,3
2,2,2,1,1,1,2,1,2,2,3,2,3,3,2,2,1,1,1,2,2,2,1,1,1,2,2,2,1,2,1,1,2,1,2,1,2,1,2,1,1,1,2,2,1,1,1,2,1,2,1,2,1,2,2,1,2,1,2,2,1,1,2,1,1,2,2,2,2,1,2,1,2,1,2,1,2,1,1,2,2,1,1,2,2,2,1,1,1,1,2,2,2,1,1,1,2,2,1,1,2,2,2,2,1,1,1,1,2,2,2,1,1,1,2,2,1,2,2,2,4,3,2,2,2,1,2,1,2,1,2,2,3,3,3,3,2,1,2,3,1,1,2,3,2,1,2,2,1,2,1,2,2,1,2,1,2,2,3,3,2,1,2,2,1,1,2,3,2,1,1,1,2,2,1,1,2,3,2,2,2,1,1,2,2,1,2,1,1,2,2,2,1,1,1,1,2,2,2,2,1,1,2,2,2,3,3,3,2,2,3,3,3,2,2,1,1,1,2,2,2,1,2,2,1,2,1,2,1,2,3,1,2,2,2,2,2,1,2,2,1,2,1,1,2,2,2,1,2,2,1
3,1,1,3,1,1,1,3,1,1,1,1,1,1,1,1,2,2,5,5,1,4,2,1,5,1,3,1,1,5,5,1,1,1,2,1,5,1,1,1,1,1,1,1,1,1,1,1,3,1,1,1,1,1,1,1,2,1,1,1,1,1,1,1,2,5,1,1,1,1,1,1,1,1,2,1,1,5,1,1,1,5,1,1,1,1,1,1,1,1,1,1,1,1,1,1,5,1,1,1,1,1,1,NA,1,1,1,1,1,1,1,1,1,1,1,1,1,1,5,5,1,1,1,1,1,1,1,1,2,1,1,1,1,1,1,1,1,1,1,1,1,4,1,1,1,1,1,2,2,1,1,1,1,1,1,1,2,1,1,1,3,1,1,1,1,1,1,1,1,1,1,1,1,1,1,1,1,1,1,1,1,1,2,1,1,1,1,1,1,4,1,1,5,3,1,5,1,5,1,4,NA,1,1,1,1,5,5,5,5,5,1,1,1,1,1,1,1,1,1,1,5,1,1,5,5,1,5,1,5,1,1,1,1,5,1,5,5,1,1,5,1,1,1,1,1,1,1,2,NA,5,5
1,1,2,1,1,1,1,2,1,1,2,2,2,1,1,1,2,1,4,5,1,2,1,1,1,1,2,1,1,2,2,1,2,4,3,1,NA,2,1,1,1,2,1,1,1,1,1,1,1,1,1,1,1,1,1,1,1,1,3,3,1,1,2,3,2,3,1,1,4,4,3,1,1,1,1,1,2,2,1,1,2,2,1,1,1,2,1,1,2,2,1,2,2,1,1,1,4,1,1,1,2,1,1,1,5,1,1,1,1,1,1,1,1,2,2,1,1,1,3,4,4,1,1,1,5,1,5,2,2,1,3,6,1,6,5,5,1,1,1,2,1,1,2,1,3,1,2,1,1,1,1,3,2,1,1,3,5,2,6,1,4,1,1,2,1,NA,1,2,1,1,2,2,2,2,1,1,1,2,1,2,1,1,2,1,1,1,1,1,1,1,1,3,1,1,1,2,1,1,1,2,1,1,1,1,4,1,1,2,2,1,1,6,1,1,1,1,4,4,1,1,2,3,1,2,1,2,3,3,3,1,1,1,2,3,1,1,2,1,1,1,1,2,1,1,1,1,1,2,1,1,1
5,1,4,4,1,1,3,3,3,3,5,4,1,1,4,2,4,4,3,2,2,3,2,2,3,3,4,2,2,2,6,5,5,2,4,4,1,2,4,2,5,3,1,2,4,3,2,5,4,4,2,3,4,4,4,1,4,1,5,5,1,1,4,4,2,3,2,1,4,5,3,5,1,3,1,4,4,5,2,5,5,5,5,1,4,5,1,4,2,2,3,3,5,4,3,5,4,1,4,5,5,2,2,3,5,1,4,1,3,3,4,4,4,4,3,1,5,3,2,5,5,5,4,3,6,1,4,3,3,4,2,4,3,3,4,4,1,3,3,1,3,4,2,4,5,1,5,3,1,1,3,3,1,3,4,6,6,5,4,1,3,1,3,5,4,4,1,1,3,2,NA,3,5,5,4,3,3,5,1,3,2,1,4,4,2,1,1,1,2,5,2,1,1,5,1,3,4,1,2,5,5,2,4,4,2,5,5,3,5,4,2,6,5,3,4,2,5,3,5,1,5,2,3,5,3,5,5,6,3,2,4,3,5,5,4,2,4,5,1,6,5,4,2,5,1,1,5,5,1,5,4
2,3,3,2,3,4,3,3,2,2,5,3,4,2,3,4,4,3,4,2,4,3,6,3,5,3,2,3,5,3,2,4,3,5,2,4,3,2,4,4,3,2,4,3,6,4,5,3,2,4,3,3,3,5,2,3,4,5,2,3,5,4,2,NA,3,5,4,4,3,5,2,3,4,3,2,5,4,3,4,2,5,4,3,2,4,5,3,2,3,5,3,5,2,4,2,4,3,5,2,4,5,2,4,3,3,5,3,2,4,3,5,3,2,5,3,3,4,3,2,4,4,3,2,5,4,2,4,3,4,2,5,5,3,4,3,4,2,3,5,4,3,3,2,4,3,3,3,6,5,3,2,5,3,2,NA,3,4,6,2,3,4,2,3,5,5,3,4,3,4,2,4,3,3,4,3,5,NA,3,2,5,2,4,3,1,3,4,3,5,3,2,5,2,3,4,3,5,4,2,3,5,3,3,5,3,4,3,1,3,4,5,3,4,2,5,4,3,4,2,4,3,2,4,3,4,5,4,3,2,4,3,5,2,3,4,3,3,4,4,5,3,4,3,4,3,2,4,5,5,3,2,4
1,1,2,1,3,2,2,4,1,1,2,3,1,1,2,1,3,1,6,5,2,5,2,4,2,2,3,1,3,4,5,2,3,4,2,2,3,4,2,2,2,5,2,2,4,4,4,4,2,4,1,1,3,3,2,2,3,1,2,4,5,1,2,4,4,6,1,1,2,5,5,6,3,4,3,1,5,2,2,1,3,4,4,4,4,5,1,2,2,3,5,2,6,6,5,6,5,1,1,2,2,3,3,4,6,2,2,1,3,4,1,4,2,4,3,4,5,5,6,5,6,3,1,3,6,2,2,1,5,1,5,6,1,6,1,6,1,1,1,3,2,5,5,1,5,1,2,1,2,3,3,3,1,3,2,4,6,5,4,2,3,1,1,4,4,2,1,1,1,1,2,5,4,2,2,2,1,6,1,4,3,2,2,2,1,3,1,3,3,6,1,4,2,3,2,5,5,4,3,5,4,4,4,3,5,5,6,5,6,5,4,5,4,5,1,3,3,6,2,1,5,2,3,5,1,6,1,3,4,2,5,5,4,6,1,2,1,1,1,3,2,2,2,3,1,5,2,6,4,5,5
1,1,1,1,1,1,3,1,1,1,1,3,1,1,1,3,1,1,4,3,1,3,1,1,1,1,4,1,1,3,4,1,3,5,2,1,1,5,1,2,1,1,1,1,1,1,1,1,1,1,1,1,1,1,1,1,1,1,1,1,1,1,1,2,1,1,1,1,1,2,1,2,1,1,1,1,1,1,1,1,2,1,1,1,1,1,1,1,1,1,1,1,1,2,1,5,4,1,1,2,1,1,1,1,6,1,1,1,1,1,1,3,1,1,1,1,4,2,4,1,5,1,1,5,2,1,3,2,1,1,1,1,1,6,1,2,1,1,1,1,1,2,1,1,1,1,1,1,1,1,1,1,1,1,1,1,1,1,3,1,1,1,1,1,1,1,1,1,1,1,1,1,2,1,1,1,1,1,1,1,1,2,1,1,1,1,1,1,1,3,1,6,1,2,1,1,1,1,1,2,1,1,1,1,6,1,1,1,2,1,1,4,1,1,1,1,1,4,1,1,1,1,1,1,1,1,1,3,1,1,1,1,1,6,1,1,1,1,1,1,1,1,1,1,1,1,1,1,1,1,1
3,2,1,1,1,1,4,4,3,1,1,3,1,1,3,1,4,2,5,6,4,4,3,2,1,2,4,1,4,4,5,3,2,5,6,1,1,5,4,5,1,1,1,1,3,3,1,2,4,2,4,3,1,1,2,1,4,1,4,4,2,4,5,5,3,6,4,1,3,3,2,5,4,3,1,1,3,1,4,1,5,3,3,1,2,4,1,2,2,4,3,3,2,5,4,3,6,1,2,3,4,1,2,3,3,4,4,1,1,2,2,4,3,4,1,1,2,4,4,3,4,2,2,1,4,1,2,4,2,4,3,5,1,4,4,3,1,1,2,1,3,3,4,4,2,1,3,3,2,1,3,2,3,3,4,4,4,3,5,4,1,1,2,3,1,1,5,1,2,2,5,5,4,4,3,1,1,3,1,3,2,1,1,3,4,1,1,1,2,3,2,5,1,4,1,2,3,2,1,4,3,2,2,3,4,4,3,4,5,2,1,3,1,3,2,1,4,2,4,1,5,4,2,6,1,3,2,3,1,2,1,1,1,4,3,1,1,2,1,4,4,3,1,2,1,1,2,3,1,4,4
3,2,4,2,2,2,6,6,3,2,5,2,2,2,3,4,6,2,6,5,1,6,5,3,3,1,5,4,6,4,6,4,6,6,6,3,2,5,5,6,5,3,3,2,2,6,2,3,6,6,5,4,5,2,2,4,6,1,6,5,4,3,6,6,6,6,3,2,4,5,5,5,4,3,2,1,3,6,6,3,4,4,4,2,3,6,3,4,5,5,4,5,6,6,6,5,6,3,5,6,3,3,3,5,6,5,2,3,2,4,3,2,3,5,5,5,6,3,6,4,6,5,4,5,6,3,5,4,5,6,5,6,4,6,6,6,2,3,2,1,6,4,NA,6,4,2,6,4,3,6,3,5,3,5,4,6,6,5,5,2,4,2,5,6,5,4,5,4,3,3,5,6,6,5,4,3,3,5,2,6,4,5,4,6,6,3,2,2,4,6,5,4,2,5,3,4,5,3,2,5,3,4,4,5,6,5,5,6,6,5,6,6,3,6,5,3,5,6,6,2,6,6,4,6,1,6,6,6,5,3,2,5,6,6,5,2,4,2,5,6,4,2,3,4,2,2,4,6,1,6,6
1,1,1,1,1,1,3,2,1,1,1,5,1,1,1,1,1,1,4,1,1,3,1,1,1,1,1,1,1,1,3,1,1,1,2,1,1,3,1,2,1,1,1,1,1,1,1,1,1,1,1,1,1,1,1,1,2,1,3,1,1,1,2,2,1,1,1,1,1,1,1,5,1,3,1,1,1,1,1,1,1,1,1,1,1,1,1,1,1,1,1,1,1,1,1,1,4,1,1,1,2,1,1,1,6,1,1,1,1,1,2,1,1,1,1,1,1,1,5,1,1,1,1,1,2,1,1,1,1,1,1,1,1,5,3,1,1,1,1,1,1,2,1,3,1,1,1,1,1,1,3,1,1,1,1,1,1,1,2,1,1,1,1,1,1,1,1,1,1,1,1,1,1,1,1,1,1,4,1,2,1,1,1,1,1,1,1,1,1,1,1,4,1,2,1,1,1,1,1,3,1,1,1,1,2,1,1,2,4,1,1,3,1,1,1,1,2,1,1,1,1,2,1,2,1,2,2,5,4,1,1,1,1,5,1,1,1,2,1,2,2,1,1,1,1,1,1,1,1,1,1
1,1,4,1,1,1,5,6,1,2,3,3,5,1,1,2,3,1,6,6,1,5,2,2,1,1,3,1,1,4,6,3,5,5,6,1,1,4,1,2,3,1,2,2,1,4,1,3,1,3,1,1,1,1,2,1,1,1,6,3,1,1,2,4,1,2,3,1,2,4,4,6,3,3,1,1,1,1,1,1,3,2,1,1,1,3,1,1,1,1,4,2,3,1,4,5,6,1,2,3,3,1,1,2,6,1,1,1,2,4,1,1,1,3,1,1,2,1,4,6,5,3,1,2,4,1,2,1,1,2,3,3,1,6,2,5,1,3,4,1,1,3,2,2,1,1,4,1,1,2,1,2,1,1,2,1,4,2,5,1,3,1,2,4,3,2,1,1,4,1,6,1,2,3,3,3,3,5,1,4,1,1,1,3,1,2,1,1,1,1,1,2,1,3,1,1,1,1,2,5,2,2,4,1,6,3,1,1,5,2,1,4,1,2,1,1,4,5,4,1,4,3,1,1,1,4,1,5,6,3,3,4,5,6,3,1,4,3,1,3,1,2,2,2,1,1,1,3,1,1,3
1,1,1,1,1,1,2,1,1,1,1,5,1,1,1,1,1,1,6,1,1,1,1,1,1,1,1,1,1,1,1,1,1,1,1,1,1,1,1,1,1,1,1,1,1,1,1,1,1,1,1,1,1,1,1,1,1,1,1,1,1,1,1,5,1,1,1,1,1,1,1,1,1,1,1,1,1,1,1,1,1,1,1,1,1,1,1,1,1,1,1,1,1,1,1,1,1,1,1,1,1,1,1,1,6,1,1,1,1,1,1,2,1,1,1,1,1,1,1,1,1,1,1,1,6,1,1,1,1,1,1,1,1,6,1,1,1,1,1,1,1,1,1,1,1,1,1,1,1,1,1,1,1,1,1,1,1,1,6,1,4,1,1,1,1,1,1,1,1,1,1,1,1,1,1,1,1,4,1,1,1,1,1,1,1,1,1,1,1,1,1,1,1,3,1,1,1,1,1,1,1,1,1,1,6,1,1,1,4,1,1,5,1,1,1,1,1,1,1,1,1,1,1,1,1,1,1,6,1,1,1,1,1,6,1,1,1,1,1,1,1,1,1,1,1,1,1,1,1,1,1
2,1,2,1,1,1,4,3,2,1,5,3,2,1,2,1,1,1,4,3,1,3,3,2,1,1,1,2,3,2,4,1,3,2,1,2,1,3,1,4,2,2,1,1,1,1,1,3,1,2,2,1,1,1,2,1,1,1,4,3,1,1,3,3,1,3,2,1,2,2,1,3,2,1,1,1,1,2,2,1,3,2,1,1,2,3,1,2,1,3,2,2,2,2,3,4,6,1,1,2,4,1,1,2,6,1,1,1,1,1,3,4,1,3,1,3,1,3,4,5,1,1,1,1,5,1,1,1,2,5,5,6,1,5,4,3,1,1,1,2,5,4,3,5,3,2,3,2,1,1,1,3,1,4,1,2,3,1,2,1,4,1,1,3,1,1,4,1,2,1,1,3,1,2,5,1,1,1,1,5,1,1,2,3,3,1,1,1,1,3,2,4,1,2,1,4,2,1,1,3,5,4,2,3,2,1,1,3,6,4,1,3,1,3,1,1,1,3,4,1,4,4,1,3,1,5,3,2,3,1,1,1,2,5,3,1,1,2,1,5,3,1,2,2,1,1,1,1,1,4,1
4,4,4,4,4,4,4,4,4,4,4,4,4,4,4,3,4,4,3,3,3,3,3,3,4,4,4,4,4,4,3,3,3,3,3,3,3,3,3,3,3,3,3,3,3,3,3,3,3,3,3,3,3,3,3,3,3,3,3,3,4,4,4,4,4,4,4,4,4,4,4,4,4,4,4,4,4,4,4,4,4,4,4,3,3,3,3,3,3,3,4,4,4,3,3,4,4,4,4,4,4,4,4,4,5,5,5,5,5,5,3,3,3,4,4,4,4,3,3,4,4,4,4,4,4,4,4,4,4,4,4,4,4,4,4,NA,5,5,5,5,5,5,5,5,NA,4,5,5,4,4,5,4,4,4,4,4,4,4,4,4,4,3,3,3,3,3,3,3,3,3,3,3,3,3,3,3,3,3,3,3,3,3,3,3,3,3,3,3,3,3,3,3,3,4,4,4,4,4,4,4,4,4,4,4,4,4,4,3,3,3,3,3,3,3,3,3,3,3,3,3,3,3,3,4,4,4,4,4,4,4,4,4,4,4,4,4,4,3,3,3,3,3,3,3,3,3,3,3,3,3,3
3,2,1,2,1,1,6,4,2,1,1,1,1,1,3,2,3,1,6,3,1,4,2,2,4,3,5,2,1,1,1,1,2,4,3,1,1,3,2,3,1,4,1,1,1,1,2,3,1,1,5,3,1,2,3,2,4,1,1,1,1,1,3,2,3,6,2,1,1,3,2,5,1,3,1,1,1,2,5,1,2,1,2,1,1,2,3,2,2,4,3,2,1,3,1,1,6,1,1,2,1,1,1,3,2,1,1,1,1,1,1,1,1,3,1,2,4,3,4,3,2,1,1,1,1,1,3,2,1,4,3,3,1,5,3,2,1,1,1,1,2,3,2,2,1,1,1,1,1,1,1,2,1,4,2,4,3,1,3,1,2,1,1,4,2,1,5,1,1,1,4,3,2,1,1,1,1,6,2,3,2,2,2,1,1,1,1,1,2,4,2,1,1,2,1,1,3,1,1,4,2,2,1,6,3,2,1,4,6,2,3,3,2,3,1,1,3,1,4,2,5,3,2,5,2,3,4,3,2,2,4,2,2,5,1,1,2,1,1,3,2,2,1,2,1,1,1,3,2,1,1
2,2,4,2,1,1,6,4,3,2,4,5,4,2,2,3,4,2,6,6,1,4,2,2,5,3,6,3,4,5,5,3,4,3,2,2,2,6,1,4,1,5,1,2,2,4,3,4,2,3,4,4,2,3,4,2,5,3,4,4,3,4,6,6,6,6,2,1,2,4,4,6,1,1,1,1,2,2,3,2,5,5,2,1,3,5,2,5,5,6,4,5,6,6,5,5,5,1,3,2,5,3,3,2,6,2,4,1,1,3,2,5,3,5,4,2,5,3,6,5,5,4,2,1,6,1,5,6,5,3,5,5,3,6,6,5,1,2,2,3,4,5,4,3,5,2,3,2,2,3,2,4,1,3,2,3,5,4,4,1,3,1,2,6,3,2,4,4,3,2,4,6,3,4,3,3,2,5,3,4,2,2,2,3,4,2,1,1,2,3,1,1,1,2,2,3,2,4,3,5,2,2,3,2,5,3,3,4,5,4,4,3,1,3,1,1,4,3,4,1,5,5,2,5,2,6,5,6,5,2,3,2,4,5,2,3,2,2,3,6,3,5,4,3,1,2,2,5,4,1,2
3,2,NA,1,1,1,4,3,2,1,2,3,3,1,2,2,2,1,4,4,2,3,3,2,2,2,3,2,4,3,3,2,3,4,4,2,2,4,2,2,3,2,2,2,2,3,3,2,2,3,4,2,3,3,1,2,2,3,1,3,2,1,3,1,2,2,3,3,2,1,3,1,1,2,1,3,4,1,2,3,2,3,3,1,2,4,4,3,2,2,2,3,3,3,1,1,2,2,1,3,2,4,2,1,2,3,2,1,2,3,2,2,2,3,2,1,2,2,3,3,3,4,3,2,2,2,3,2,3,1,2,2,2,1,3,3,2,2,3,2,4,2,4,3,4,2,3,3,3,NA,2,1,3,2,3,4,4,3,4,3,3,3,3,4,2,3,3,2,3,2,1,3,4,4,2,3,2,3,2,2,3,2,3,3,3,2,2,1,3,4,2,4,3,4,3,2,3,4,2,3,3,3,3,3,4,2,2,3,4,NA,3,3,2,2,3,3,3,3,4,3,4,3,3,4,3,3,3,3,4,2,3,2,2,4,3,2,3,2,3,3,2,2,2,3,3,3,2,4,2,3,3
2,1,2,1,1,1,5,3,1,1,1,1,5,1,1,1,3,2,6,3,1,3,2,2,1,1,2,4,2,3,2,3,3,4,6,1,1,3,1,3,1,1,1,1,1,1,3,2,1,2,1,1,1,1,1,1,2,1,3,1,1,NA,6,3,1,3,1,1,2,1,1,3,1,1,1,1,1,1,1,1,4,1,2,1,1,4,1,1,1,2,1,4,1,2,3,6,3,1,1,1,2,1,1,1,1,2,2,1,1,1,2,5,1,4,1,1,1,2,1,4,1,1,1,1,2,1,1,4,2,1,1,3,1,1,3,3,1,1,2,1,2,3,1,2,2,4,2,1,1,1,3,1,1,1,2,1,3,2,6,1,3,1,1,1,1,3,1,1,1,1,3,3,3,2,2,2,2,1,1,1,1,1,2,2,1,1,1,1,1,1,1,3,1,4,1,1,1,2,1,3,2,4,2,2,1,1,1,2,3,1,1,2,1,2,1,1,4,1,3,1,2,5,1,3,1,3,1,1,1,2,2,4,2,6,2,1,1,3,1,3,2,1,1,1,1,2,2,3,1,1,1
2,2,4,1,2,1,5,4,2,1,3,2,4,1,2,2,1,3,3,2,2,1,2,1,1,1,4,1,1,3,5,4,1,3,1,2,2,5,2,1,NA,2,1,1,1,3,4,1,3,4,2,1,1,1,1,1,3,1,3,4,1,3,2,4,3,2,3,1,4,2,3,5,1,2,1,1,2,2,2,3,5,2,3,3,2,2,2,2,1,2,4,3,4,2,1,2,3,2,1,2,3,1,1,1,4,2,1,1,3,3,1,2,4,1,3,5,5,2,4,5,4,4,1,3,5,3,2,2,4,5,4,5,3,5,2,5,2,4,1,3,4,1,2,4,3,1,2,1,1,1,1,3,1,1,3,1,1,2,5,1,5,1,2,5,4,3,1,4,1,1,2,1,5,3,1,2,1,2,2,3,1,2,4,3,2,1,1,2,2,1,2,5,2,4,2,1,2,1,3,5,4,2,3,1,2,3,2,2,1,3,2,4,1,1,2,4,1,5,4,1,2,3,1,4,2,3,4,3,2,1,4,3,1,6,2,3,1,2,2,2,4,2,4,3,2,1,1,2,2,1,2
