"strewn","pickled","raged","crudely","detour","derail","uninhibited","godlike","sausages","angling","sterilize","respite","scissor","disapproved","dualism","squealing","fondle","jamboree","undergoes","treading","when's","heirloom","kindest","trellis","subside","warrantee","allotment","scrooge","couches","cameraman","hardbound","underdeveloped","flutter","nicked","interpolate","revulsion","jackrabbit","peacetime","rattled","ferries","monstrosity","denoting","childless","enclaves","morning's","lioness","confounded","adorned","womanhood","foreheads","donates","absurdly","installments","curbs","plaintiff's","invader","lassie","slinging","shrinkage","bulkhead","plucking","changeling","amending","cowl","girdle","cliffhanger","platters","gulped","formaldehyde","illustrative","merges","adder","wry","yanking","egalitarian","shrubs","incandescent","perchance","prerogative","tiled","dissect","ontology","subsections","interruptions","perilous","elude","moneys","boosts","purging","radiators","lop","hone","affront","melancholy","discernable","malformed","lagers","buckled","ashtray","undisturbed","splatter","whistled","nourishment","sassy","scepticism","occupant","fireside","teapot","loci","cockroach","farmland","amiable","heighten","puss","wench","damsel","soybean","carnation","outgrow","elongated","dolt","incantation","netted","quickness","argumentative","gaunt","fifteenth","creams","constructively","rooftop","oxides","stunningly","tartar","anemic","frostbite","rationalizations","homing","indefensible","precluded","foray","cornflake","secretions","elongation","nucleotide","imbecile","passivity","beefy","lashed","nestle","shrouded","shimmering","henchmen","medium's","slaughterhouse","sediments","separations","dorsal","blueberry","refresher","coroner","momentous","tungsten","travail","pedagogical","braced","fertilization","precondition","charred","ravine","palate","consignment","snout","normalize","anthropomorphic","institute's","unforeseen","clot","inexcusable","energized","nephews","perturbed","nestled","decompose","sportsmanship","choruses","tumbler","generalities","surveyor","frills","harping","bards","brighten","legislated","criminology","signaled","collaborator","wobbly","fertilize","misquote","anxieties","refrained","shrines","climaxed","strikingly","successively","swag","ophthalmology","groping","thumping","blurted","actor's","ecclesiastical","stomachs","positron","midday","complements","balk","estranged","grille","rhyming","proportionately","weatherman","deceleration","tiller","flamethrower","weathered","squatted","grudgingly","awash","dogfight","devoured","consumer's","unprovoked","nonfiction","dreamland","disparities","divination","irregularly","draught","symbolizes","aphrodisiac","reincarnated","deactivated","enforcers","magnetism","armaments","airy","flywheel","despotism","booty","devoting","resented","dislodge","docket","rousing","osmosis","twine","numeral","unravel","primacy","thundering","husbandry","exacerbate","caucuses","marooned","forage","freaky","backers","dangle","usurp","branched","methodical","liquidated","quash","opiates","registries","fainted","nests","peptides","synthetics"
3,2,1,3,3,1,3,1,3,3,3,3,4,2,4,4,3,6,4,1,1,6,2,5,1,6,6,5,2,1,1,1,1,1,1,1,1,3,1,1,4,1,1,1,1,3,4,3,1,2,1,4,4,1,6,1,4,1,1,1,1,1,1,2,2,1,1,1,6,5,2,2,3,2,6,2,6,6,6,2,3,6,6,6,6,4,1,1,3,3,1,1,2,6,6,6,1,1,1,1,1,1,6,1,6,3,1,1,NA,3,2,4,4,1,1,2,2,3,2,4,1,6,2,4,5,1,3,1,3,1,1,4,1,1,2,4,1,6,6,4,4,5,5,6,6,4,2,2,2,2,4,4,2,4,2,4,1,1,3,3,3,5,4,6,NA,6,6,6,4,4,6,1,1,6,4,3,1,3,2,2,4,2,1,2,5,1,4,3,1,1,1,4,4,4,2,2,2,2,3,6,2,2,3,2,6,1,6,3,3,3,1,6,1,5,5,5,1,3,3,6,6,5,6,1,3,4,3,4,2,3,2,1,3,2,2,4,4,4,4,4,6,6,5,3,3,3,2,4,5,1,3,3,3,3,3,6,2,3,3,3,5,5,6,6,2,2,1,4,1,5,3,4,4,3,4,3,2,1,6,6
2,2,4,4,3,3,2,2,2,4,4,4,4,3,2,3,4,3,2,2,2,4,2,3,2,2,2,3,2,2,2,2,2,2,3,3,2,2,2,3,4,4,2,2,2,4,3,3,2,2,2,2,3,1,2,3,4,4,5,2,2,3,2,3,2,2,2,2,5,5,5,2,4,2,3,2,5,5,5,4,3,3,2,2,4,4,2,3,5,5,4,3,2,2,2,2,4,2,1,1,1,5,3,1,3,3,NA,1,5,5,2,4,3,1,1,2,5,4,1,3,2,3,2,2,4,5,3,4,2,2,2,2,1,5,1,3,4,2,2,5,2,5,4,3,4,2,2,1,1,2,2,3,2,4,5,3,4,2,2,2,5,5,5,5,4,3,2,3,4,4,5,4,3,2,3,4,2,5,4,5,5,5,2,4,5,5,5,4,3,3,2,4,3,2,3,4,3,5,5,3,4,3,4,3,3,2,5,5,5,5,3,2,3,2,3,4,3,4,2,3,4,3,2,5,4,2,4,3,2,3,4,4,4,3,3,4,5,4,4,3,4,5,5,4,5,5,5,4,3,3,2,2,3,3,5,5,4,4,2,2,3,4,2,4,5,5,4,2,3,4,3,5,4,4,5,5,3,2,2,5
4,2,6,2,2,1,1,2,5,2,5,6,5,4,2,4,2,2,1,4,6,2,1,2,4,2,1,6,3,1,2,1,3,2,5,5,2,6,1,4,2,3,3,5,2,5,2,1,1,3,6,2,1,2,6,5,6,2,5,2,1,6,2,1,2,1,1,2,5,4,6,2,6,4,4,3,6,4,6,5,6,6,5,5,3,5,2,1,6,4,1,4,1,6,5,3,6,1,3,4,1,5,4,1,6,6,3,1,4,4,1,6,6,4,5,4,2,6,2,5,1,6,1,1,4,6,4,3,2,1,5,2,1,2,5,6,4,2,3,1,4,6,6,5,6,2,1,3,2,3,2,4,1,6,2,6,1,3,3,1,3,4,4,6,6,6,6,4,6,6,6,1,4,6,5,3,1,4,6,6,6,2,5,3,6,3,4,2,1,1,1,6,6,6,3,NA,5,5,6,5,6,5,6,4,2,1,6,5,3,1,1,6,5,5,1,2,1,5,2,6,6,3,6,1,5,3,1,4,6,6,4,2,4,5,3,6,6,4,6,4,6,6,6,5,3,5,2,4,6,1,2,1,6,1,2,5,3,1,1,5,4,2,6,6,2,4,1,2,3,6,3,5,6,3,6,4,3,1,4,4
6,4,3,5,5,4,6,5,6,5,4,5,6,4,3,3,2,3,2,1,3,4,1,5,2,3,6,5,5,4,5,4,2,4,5,6,4,5,3,3,3,2,2,3,4,1,2,3,2,4,1,2,3,2,4,3,4,2,2,4,2,5,3,1,2,3,2,2,6,5,4,2,3,1,2,1,2,4,6,2,2,6,3,2,2,3,2,1,1,2,1,2,1,5,5,4,5,3,1,2,1,2,4,1,5,2,3,4,5,4,1,5,2,1,1,1,3,2,1,2,1,2,3,3,2,4,3,2,3,2,2,1,1,2,2,5,3,3,4,2,1,3,2,3,4,3,2,2,3,4,2,1,2,4,2,5,3,4,2,3,NA,5,3,6,2,3,3,4,3,2,6,1,1,3,3,2,1,3,2,3,5,3,2,1,3,4,5,6,1,3,2,3,2,1,1,1,1,1,2,3,2,3,2,2,5,1,6,2,1,1,1,6,4,2,1,1,1,2,3,4,3,2,1,2,3,2,2,4,2,2,3,4,3,2,2,2,2,3,3,2,5,1,2,2,3,2,1,2,3,2,1,1,2,2,2,1,1,1,1,2,2,2,3,4,4,2,2,NA,2,3,2,4,1,2,1,3,3,1,1,2
2,4,1,1,2,1,5,1,4,5,4,6,5,1,3,1,1,1,1,3,2,5,1,2,1,4,5,1,2,1,1,1,1,1,5,3,1,1,NA,1,3,3,1,5,1,3,1,1,1,1,2,1,1,1,6,1,1,1,1,1,1,6,1,1,1,1,1,1,6,4,2,1,1,1,3,1,4,1,6,3,3,2,1,1,5,4,2,1,3,2,2,1,2,6,4,1,6,3,1,1,1,5,1,1,6,6,1,1,6,2,1,5,6,1,1,3,1,1,1,1,1,5,3,1,3,3,3,1,3,1,6,1,2,4,1,4,4,4,2,1,1,1,2,3,6,5,1,2,3,5,1,1,1,6,1,5,1,1,1,5,3,6,1,6,1,1,1,2,4,4,1,2,1,6,NA,1,1,3,1,2,1,3,1,1,3,1,1,1,1,1,1,1,1,1,1,1,1,2,1,1,1,1,1,1,1,1,6,3,1,1,1,6,3,4,1,1,1,1,5,4,2,1,5,1,1,1,1,1,1,1,5,1,1,1,1,3,5,2,4,3,6,4,3,1,3,5,1,1,5,1,1,3,1,1,4,5,1,3,1,3,1,1,5,6,1,2,1,1,1,6,1,5,2,2,4,2,1,1,1,1
5,3,6,3,1,2,6,2,6,3,2,2,6,1,1,2,3,3,2,6,2,3,2,1,2,3,2,3,2,1,1,1,1,4,2,2,1,4,4,2,3,1,2,2,1,3,2,3,1,2,3,4,2,1,3,1,5,1,2,2,1,1,3,5,5,3,2,1,1,1,5,3,1,2,2,1,5,3,2,2,2,2,1,1,3,5,2,2,3,2,1,3,2,4,3,1,2,3,1,1,2,4,3,1,2,2,2,2,3,1,1,3,6,1,2,1,2,2,2,3,2,3,2,3,4,2,3,3,3,2,3,3,1,3,3,4,4,3,2,2,NA,4,3,2,4,3,1,2,3,2,2,2,3,2,2,1,1,1,2,4,3,2,3,4,1,3,2,3,2,4,4,3,2,5,5,2,1,2,3,2,6,5,2,2,5,1,2,2,1,1,2,4,6,6,5,4,1,2,6,6,3,3,4,2,5,3,6,3,2,3,2,5,4,5,3,2,3,3,3,5,4,5,6,4,3,4,4,4,2,5,3,3,5,3,2,4,4,4,3,3,5,5,4,3,4,6,2,3,3,1,3,2,2,2,2,4,1,3,3,4,4,3,5,5,4,6,2,2,2,1,3,5,5,4,6,4,3,2,4,6
1,2,2,2,2,2,2,1,3,3,1,1,3,1,1,2,1,3,1,1,2,4,1,1,1,2,2,2,1,1,1,1,1,1,2,2,1,2,1,1,2,2,1,2,1,1,2,2,2,2,2,2,1,3,3,2,1,1,1,1,1,2,1,1,1,2,1,2,4,1,3,1,3,1,1,1,1,2,2,1,1,2,1,1,1,3,2,1,3,1,1,1,1,4,3,1,1,1,1,1,1,3,2,1,4,1,1,1,3,1,1,2,5,1,1,1,1,2,1,1,1,1,1,1,1,1,2,1,1,1,2,1,1,3,1,2,2,2,1,1,1,1,1,3,2,2,1,1,1,1,2,3,2,3,1,1,1,1,1,1,1,3,3,2,2,1,1,3,3,5,1,1,1,3,2,1,1,2,1,4,1,1,1,1,4,1,1,1,1,1,1,4,4,2,3,2,2,2,3,1,1,1,2,2,1,1,2,3,1,1,1,3,3,2,1,2,1,1,1,4,2,1,3,1,2,2,2,3,2,3,1,1,1,1,1,2,2,3,3,2,4,2,1,1,1,1,3,3,2,2,1,2,1,1,2,3,2,3,1,3,1,2,2,2,1,2,1,1,1,3,1,1,1,1,3,2,1,1,1,2
5,4,3,5,6,5,5,2,5,5,4,3,5,3,5,5,4,6,3,4,2,6,3,6,2,5,5,5,6,3,3,4,3,3,5,5,3,3,2,4,5,5,3,3,3,4,5,4,2,4,3,5,5,3,6,3,6,3,3,3,2,4,5,5,5,3,2,4,6,5,4,3,5,4,6,3,6,5,6,3,4,5,4,4,5,5,3,2,4,4,3,3,4,5,5,5,4,3,3,3,2,4,5,2,5,4,3,2,4,4,3,5,4,3,3,4,2,3,3,5,4,6,3,3,5,4,4,3,4,3,5,4,5,5,3,5,3,5,5,5,3,4,6,5,6,5,3,3,4,5,4,3,3,4,5,4,3,3,4,5,6,5,6,6,4,4,3,4,5,6,5,5,4,6,4,4,3,5,5,5,4,3,4,3,5,4,5,6,3,3,2,3,4,4,4,5,3,4,4,4,3,3,4,4,3,2,6,5,3,3,3,6,4,4,3,4,3,4,4,5,5,3,5,4,2,3,4,4,3,3,5,5,4,3,3,5,4,4,4,5,6,5,3,4,5,6,3,2,5,2,5,3,4,3,3,5,3,3,3,3,4,3,6,4,NA,5,3,3,3,5,4,5,5,6,4,4,3,3,3,4
2,3,2,4,6,1,2,1,4,6,4,NA,2,1,3,5,3,2,4,1,5,2,3,1,4,2,5,1,3,2,4,6,3,2,1,3,4,2,3,3,2,4,2,1,6,3,4,2,2,3,1,1,5,4,3,2,3,2,2,2,3,1,4,2,5,1,6,3,3,2,1,4,3,4,1,5,3,6,2,2,3,1,4,2,5,6,3,2,2,3,4,3,1,6,2,3,2,2,3,1,4,6,2,3,1,4,3,1,6,2,4,1,5,3,6,1,2,4,6,1,3,4,3,2,3,NA,5,1,2,6,1,3,5,3,3,2,4,1,5,6,2,3,1,5,4,3,5,1,1,2,5,1,3,4,1,2,1,4,3,2,5,NA,1,5,1,6,3,2,4,1,5,6,1,3,2,4,1,3,1,5,2,3,2,6,1,2,4,1,2,4,1,5,1,3,1,4,2,5,1,6,2,3,1,4,5,1,4,2,6,1,3,5,2,4,1,5,3,3,2,4,2,5,4,3,1,4,3,2,4,3,3,2,4,2,5,1,6,1,3,4,2,5,1,3,4,2,3,4,1,6,2,3,5,2,4,1,5,3,4,2,4,1,3,5,4,2,3,5,1,4,3,3,1,2,3,6,4,2,4,3
6,4,2,4,2,4,2,1,6,4,6,3,1,1,1,4,1,6,1,1,1,4,1,6,1,1,3,6,5,1,1,1,1,1,6,6,1,1,1,1,6,1,1,1,1,1,1,1,1,1,1,3,6,1,6,1,4,1,1,1,1,1,1,1,6,4,1,1,6,4,1,1,6,1,4,1,6,2,1,1,1,1,1,1,1,1,1,2,4,1,3,4,NA,4,1,1,1,2,1,2,1,2,1,1,6,1,1,1,1,1,1,1,1,1,6,5,1,1,1,1,1,6,1,1,1,1,1,1,1,1,1,1,4,6,1,5,1,1,1,3,1,1,3,5,6,5,1,1,1,1,1,1,6,1,NA,3,6,1,2,6,3,6,4,6,1,1,1,6,4,1,6,4,1,6,1,1,1,1,1,1,6,2,1,1,1,1,2,1,1,1,1,1,6,6,1,1,1,1,6,6,1,1,1,1,1,1,1,1,1,1,1,6,1,1,1,1,1,1,1,1,1,1,1,1,1,4,1,4,6,1,1,1,1,1,1,1,1,1,2,3,5,3,2,1,1,3,2,1,6,1,1,1,1,2,6,6,1,1,2,1,1,1,6,4,1,1,1,1,1,1,1,6,3,6,6,1,1,1,1,1
3,2,3,2,4,3,4,1,6,5,6,6,6,4,5,3,3,4,5,5,4,3,6,6,5,4,5,3,5,4,5,3,2,2,4,5,6,4,3,4,2,5,6,3,4,2,3,4,3,3,5,1,2,3,5,6,3,2,2,3,6,6,6,5,5,6,4,2,5,4,5,4,4,2,4,2,1,3,2,5,2,2,3,4,3,4,2,4,2,2,3,4,5,5,3,2,2,4,3,1,3,3,2,3,5,3,5,3,3,1,3,2,4,5,4,2,2,3,3,4,4,5,3,2,3,2,4,5,2,3,4,5,3,1,2,3,4,5,3,5,3,2,4,3,5,6,3,2,3,3,4,4,6,4,5,2,3,4,3,2,3,4,1,2,3,4,5,6,4,4,3,4,4,3,2,2,3,3,2,3,5,5,3,4,5,3,5,4,5,3,2,4,4,5,4,3,2,4,4,2,4,2,4,3,4,2,3,4,5,5,2,3,2,3,4,5,6,3,4,2,2,4,3,2,3,2,4,2,3,5,5,4,5,4,2,3,3,4,3,4,3,2,3,2,4,6,2,6,3,2,5,2,5,3,4,5,2,2,3,4,4,5,5,3,3,4,3,4,3,2,4,3,3,5,4,6,4,4,5,5
4,3,5,6,6,4,3,3,5,6,6,2,6,2,4,5,4,1,1,3,3,6,2,1,1,3,4,2,2,1,2,1,1,3,4,6,5,6,6,6,5,6,4,6,2,6,2,3,1,1,2,2,2,3,4,5,2,3,6,2,1,1,2,1,5,1,1,2,2,2,1,3,6,1,1,3,6,5,5,6,1,1,5,5,6,2,2,1,3,1,1,1,2,6,6,5,6,3,4,1,1,5,6,1,6,5,NA,3,6,3,3,5,5,4,6,4,4,4,4,5,2,5,1,4,4,6,6,3,4,1,5,1,1,2,3,4,6,6,5,3,4,3,3,4,4,NA,3,3,3,4,4,4,1,6,2,1,1,4,3,2,3,2,1,1,6,6,4,4,1,1,4,3,2,6,4,3,3,2,2,1,2,3,3,2,2,2,2,3,2,3,4,2,4,1,2,3,2,3,4,2,5,3,5,3,4,1,2,3,3,2,2,4,6,5,3,2,2,2,3,3,2,5,2,1,4,2,2,3,4,4,6,5,1,5,4,3,1,5,3,2,3,2,2,4,2,4,2,3,2,4,1,4,1,3,3,4,2,2,2,4,3,3,4,3,2,3,4,3,5,6,4,5,1,1,3,2,3,1,1,3
2,3,2,2,3,1,4,1,1,2,3,3,4,4,2,4,1,1,4,2,1,2,2,4,1,4,1,4,3,4,2,6,1,1,3,2,4,2,2,1,5,3,4,4,2,5,4,2,4,3,2,2,3,1,2,5,4,2,4,2,1,4,4,1,1,5,2,2,6,3,5,1,6,2,4,3,3,4,5,4,3,2,2,3,4,1,2,2,5,6,1,2,1,5,2,3,3,2,4,5,1,3,2,4,5,3,2,2,3,4,1,6,6,5,2,1,3,4,5,6,1,3,4,3,3,2,5,3,6,4,6,6,1,4,3,4,2,2,1,5,2,NA,2,6,3,3,5,4,2,5,4,2,3,2,4,4,1,2,2,1,5,2,2,4,1,6,6,2,3,4,2,4,5,4,3,3,1,5,3,6,2,4,2,2,5,4,4,5,1,3,2,5,6,5,5,5,2,4,6,6,3,1,4,5,NA,1,6,4,3,3,2,6,6,5,1,2,1,5,3,6,5,4,3,3,2,2,2,3,1,4,6,5,6,6,4,6,3,4,6,4,6,6,3,3,4,3,2,2,5,3,4,3,5,3,5,2,1,5,4,3,2,4,4,3,3,2,5,1,4,2,2,4,5,5,2,3,4,3,3,6
3,2,1,2,2,2,3,1,4,3,3,2,2,3,3,3,2,2,3,2,3,6,1,3,1,4,3,3,3,1,2,1,1,1,3,2,1,3,2,2,4,3,1,2,2,2,2,2,1,2,3,3,2,1,3,1,2,2,3,1,1,2,2,2,2,1,1,2,5,2,2,1,3,1,6,2,3,6,6,2,2,3,2,3,3,2,2,2,2,3,1,1,2,6,3,3,3,2,2,3,1,2,2,1,3,3,3,2,2,3,1,3,3,1,2,2,3,3,1,3,1,3,1,3,3,3,3,2,4,1,3,3,3,3,1,3,2,3,3,1,3,3,3,3,5,2,1,2,2,3,2,2,2,4,1,1,1,1,2,2,3,3,4,6,1,4,4,2,2,2,3,2,2,6,3,3,1,2,2,3,3,1,2,2,4,3,4,2,1,1,1,2,2,3,3,2,1,2,3,3,3,2,3,2,3,1,6,1,1,1,1,6,5,6,1,2,1,3,3,5,5,4,6,1,3,3,3,3,1,1,4,2,3,2,3,3,3,3,4,3,6,3,3,1,2,1,1,1,4,1,1,1,2,1,2,5,1,3,1,2,1,2,4,6,2,2,1,1,1,4,1,3,4,3,2,2,1,1,1,3
1,1,2,1,1,1,1,1,4,1,1,1,1,1,1,2,2,2,1,1,1,3,1,2,1,1,3,2,1,1,1,1,1,1,2,1,1,1,1,1,1,3,1,4,1,2,1,1,1,4,2,1,1,1,2,1,1,1,1,1,1,2,1,1,4,1,1,1,2,1,1,1,3,1,2,1,2,1,2,3,1,1,1,1,1,2,3,1,1,1,2,3,1,5,1,1,1,1,1,1,1,4,1,1,1,1,1,1,1,2,1,3,4,1,1,1,1,1,1,1,2,2,1,1,1,1,3,1,1,1,2,1,1,1,1,2,1,1,1,2,1,1,1,1,3,1,1,1,2,1,1,1,1,3,1,1,1,1,1,1,1,1,2,3,1,1,1,2,3,3,4,1,1,2,1,1,1,1,1,2,1,3,1,1,4,1,1,2,1,1,1,3,5,1,1,1,2,1,2,1,1,1,1,1,1,2,4,3,1,1,1,2,4,1,1,1,2,1,2,4,1,1,1,1,1,1,1,1,1,1,2,3,1,1,1,1,1,1,2,1,3,1,1,1,1,2,1,1,1,1,1,2,4,1,1,1,3,1,1,1,1,1,3,2,1,1,1,1,1,3,1,1,3,4,1,1,1,1,1,1
6,1,1,6,6,1,1,1,6,6,1,1,1,1,6,6,1,1,1,1,1,6,1,1,1,6,6,1,6,1,1,1,1,1,1,1,1,1,1,1,6,1,1,1,1,1,6,1,1,1,1,1,6,1,1,1,1,1,6,1,1,6,1,6,1,1,1,1,6,1,1,1,6,1,6,1,6,6,6,1,1,1,1,1,1,1,1,1,1,1,1,1,1,6,6,1,6,6,1,1,1,6,1,1,6,1,1,1,6,1,1,1,6,6,1,1,1,1,1,1,1,1,1,1,6,6,6,1,1,1,1,1,6,6,1,1,6,1,1,1,1,1,1,6,1,1,1,1,6,6,1,1,1,6,1,1,1,1,1,1,1,6,1,6,1,1,1,1,6,6,6,6,1,6,1,1,1,6,1,6,6,6,1,1,6,1,1,6,1,1,1,6,1,1,1,1,1,1,1,1,1,1,1,1,1,1,6,1,1,1,1,6,6,6,1,1,1,6,6,6,1,1,1,1,1,1,1,6,6,1,6,1,1,1,1,1,1,1,6,1,6,1,1,1,6,6,1,1,6,1,1,1,1,1,1,1,1,1,1,6,1,6,6,6,1,1,1,1,1,6,1,1,1,6,1,1,1,1,1,6
6,4,4,4,3,5,4,1,6,5,6,4,6,3,5,5,3,5,3,4,1,6,1,5,2,4,4,6,4,1,3,1,3,1,4,2,3,3,1,3,4,3,1,4,2,2,3,4,2,4,3,3,2,3,2,4,4,2,3,1,4,2,4,4,3,2,2,4,6,4,5,3,4,3,6,4,4,2,4,4,3,3,3,2,5,5,3,1,4,3,6,4,5,6,5,4,5,2,1,4,2,3,5,1,4,4,1,1,5,4,1,4,3,4,3,4,3,1,1,3,3,4,3,1,2,3,1,2,3,1,4,2,2,5,3,4,2,3,2,4,2,4,3,4,5,3,2,2,3,2,2,2,1,3,3,2,4,2,4,3,3,5,5,4,3,3,2,4,2,2,2,4,2,5,2,4,2,3,1,2,4,2,4,1,4,2,4,3,2,4,2,3,2,4,2,4,2,3,3,5,4,3,2,4,2,1,6,3,1,2,1,5,5,5,1,1,3,2,2,4,3,4,3,2,3,4,2,2,2,2,3,2,3,2,1,3,5,3,5,4,3,3,2,4,2,3,2,1,5,1,3,2,5,2,4,6,5,3,3,2,4,5,5,6,3,5,2,3,3,6,5,4,5,6,4,4,3,1,3,3
4,2,1,3,4,1,3,1,3,2,4,5,4,3,2,3,2,5,2,1,1,6,3,6,2,6,3,5,3,2,1,3,2,1,5,4,2,1,1,2,4,3,2,4,2,3,1,1,2,3,2,1,1,2,4,2,3,2,2,2,1,6,2,4,2,3,1,2,6,3,1,1,4,2,5,2,4,3,4,2,1,4,2,1,3,4,2,1,2,3,4,4,3,5,2,3,5,2,1,2,3,2,4,2,3,2,1,2,6,2,1,3,2,1,2,3,2,1,3,2,1,1,2,1,4,3,2,2,2,1,3,4,5,3,2,3,1,2,3,5,2,2,4,5,3,2,1,1,2,2,3,2,1,4,3,2,2,1,2,3,2,NA,3,6,2,3,2,3,4,2,3,1,2,6,2,1,1,3,2,4,5,2,1,2,5,2,3,4,2,1,1,3,2,4,2,3,2,4,6,3,2,1,2,3,2,1,6,3,2,1,2,4,3,2,1,3,2,3,1,5,3,2,3,2,3,2,4,3,2,1,2,1,2,3,2,4,2,3,2,3,5,2,2,3,3,4,2,1,3,1,3,2,2,1,1,4,1,2,2,3,2,3,2,4,2,1,1,2,1,2,1,3,4,5,3,2,1,1,3,4
2,1,1,1,1,1,1,1,1,1,2,1,1,1,1,1,1,2,1,1,3,3,1,3,1,2,1,2,1,1,1,1,1,1,4,3,1,1,1,1,1,1,1,1,1,1,1,3,1,1,1,1,1,1,1,1,1,1,1,1,1,1,1,1,1,1,1,1,6,1,1,1,2,1,4,1,3,1,2,1,1,2,2,3,2,2,1,1,1,1,1,1,1,1,1,2,1,1,1,1,1,1,1,1,1,1,1,1,3,1,1,2,2,1,1,1,1,1,1,3,1,2,1,1,2,1,1,1,1,1,3,1,1,1,1,1,1,1,1,1,1,3,2,4,4,1,1,1,1,1,1,1,1,1,1,1,1,1,1,1,1,1,1,1,1,1,1,1,1,1,1,1,1,3,1,1,1,3,2,1,1,1,1,1,1,1,1,1,1,1,1,1,1,1,1,1,1,1,1,1,1,1,1,1,1,1,1,1,1,1,1,1,1,1,1,1,1,1,1,1,1,1,1,1,1,1,1,1,1,1,1,1,1,1,1,1,1,1,1,1,1,1,1,1,1,1,1,1,1,1,1,1,1,1,1,1,1,1,1,1,1,1,1,1,1,1,1,1,1,1,1,1,1,1,1,1,1,1,1,1
6,6,6,2,2,3,2,2,6,5,5,5,4,4,3,3,3,3,3,3,1,2,2,3,3,3,4,4,4,3,3,2,1,2,3,3,4,4,5,5,5,4,1,1,1,2,4,3,4,4,4,4,2,4,2,2,2,3,4,5,6,5,4,3,2,1,2,3,4,5,6,5,4,3,1,3,3,3,2,2,4,2,3,3,3,4,3,4,4,3,3,4,4,4,3,3,3,3,4,4,4,3,3,3,3,3,3,3,3,3,3,4,5,6,5,4,3,2,1,2,3,4,5,6,5,4,3,2,1,2,3,4,5,6,5,4,3,2,1,2,3,4,5,6,5,4,3,2,1,2,3,4,5,6,5,4,3,2,1,2,3,4,5,6,5,4,3,2,1,2,3,4,5,6,5,4,3,2,1,2,3,4,5,6,6,4,3,2,1,3,2,3,4,3,4,2,3,4,4,3,3,3,3,3,3,3,3,3,4,4,4,3,3,3,4,3,4,4,3,3,4,4,6,6,6,6,6,6,6,6,6,6,6,6,6,6,6,6,6,5,6,4,4,4,4,3,4,4,5,1,4,4,4,3,4,4,4,4,4,4,4,4,6,4,4,4,4,6,6,6,6,6,6,5,5,5,6,6,5,6
5,4,2,3,1,1,4,1,3,4,5,2,4,1,4,3,2,2,2,3,4,5,1,6,2,3,1,2,4,1,1,1,1,1,3,3,1,3,2,1,1,1,1,2,2,1,3,2,1,1,1,1,1,1,3,3,1,1,2,1,1,4,1,5,2,1,1,3,6,4,5,2,6,1,6,3,5,2,2,2,2,3,2,2,2,3,2,1,3,2,1,1,4,6,6,2,5,4,1,2,2,5,4,1,6,1,1,1,4,3,1,6,5,1,1,2,1,2,1,4,1,5,2,3,4,5,3,1,4,1,5,3,1,5,2,4,2,4,5,2,1,4,5,5,6,3,1,2,4,4,2,1,5,6,4,4,2,1,1,5,5,6,6,6,5,5,5,3,4,3,4,5,3,5,3,1,1,2,4,4,5,4,3,2,5,4,3,6,3,3,4,4,3,4,3,3,2,4,6,4,5,4,5,3,5,2,5,1,1,1,5,6,3,5,3,3,4,4,3,6,4,2,5,3,1,2,3,3,3,4,3,3,NA,2,5,3,4,2,2,5,6,3,2,2,3,4,5,1,2,1,1,2,2,3,2,4,4,3,3,3,3,4,5,2,2,3,2,1,3,3,4,3,4,4,3,4,4,1,1,5
2,2,2,3,3,4,5,4,5,3,5,4,4,3,6,6,5,6,5,3,2,4,3,6,4,6,6,5,4,2,2,4,2,2,3,4,1,1,2,1,3,4,1,3,1,3,2,3,2,3,2,4,3,1,4,3,3,2,3,3,3,5,4,2,2,2,2,2,6,4,3,3,2,1,5,3,6,5,6,2,2,4,5,4,5,4,2,2,1,3,2,1,3,6,6,6,4,3,2,2,2,3,4,3,4,3,3,3,3,3,4,4,5,3,2,3,2,4,NA,5,1,3,3,2,5,2,3,3,4,3,2,1,3,2,3,4,3,4,3,2,3,4,5,6,5,3,2,2,2,3,3,3,3,4,4,4,3,3,3,3,3,2,2,6,2,3,3,2,2,2,3,4,3,6,4,3,2,3,3,4,3,3,3,3,4,3,4,3,4,3,3,5,4,6,5,5,4,4,4,4,4,4,NA,4,5,3,6,5,4,2,NA,4,4,4,5,4,2,3,3,2,5,4,5,5,6,6,5,5,6,4,3,5,4,4,4,4,3,5,4,4,3,5,4,2,3,4,2,5,4,2,2,3,3,1,2,2,1,3,4,3,2,3,3,3,3,3,2,4,2,3,2,3,4,4,4,4,3,2,3,4
3,3,3,4,4,4,2,2,2,3,2,3,2,3,4,3,2,3,3,3,3,3,3,4,4,2,2,3,3,2,2,3,3,4,3,2,3,3,4,3,4,3,2,2,2,4,4,3,2,3,4,3,2,2,2,1,1,1,1,2,3,4,4,3,3,3,4,5,4,2,2,3,2,3,3,4,4,3,2,2,3,3,4,3,4,3,3,3,3,4,5,5,5,6,3,3,3,3,2,3,2,2,3,2,3,2,3,3,3,3,3,2,2,2,3,3,3,3,3,4,3,3,4,4,5,4,4,2,2,2,2,3,3,2,3,2,3,2,3,3,5,3,4,4,4,4,3,3,3,3,2,2,4,3,2,2,2,3,3,3,5,5,6,3,3,3,3,4,4,4,3,3,3,2,3,3,4,3,3,2,3,3,4,3,2,4,2,2,2,3,3,3,3,4,4,3,4,4,3,3,4,3,4,3,4,3,4,3,3,3,2,3,3,4,4,3,3,3,2,3,4,3,3,1,1,3,3,2,3,4,5,5,4,2,2,3,3,4,3,3,2,3,3,2,3,5,3,3,4,4,3,3,3,3,3,3,3,2,3,NA,2,3,2,2,6,5,5,4,3,6,3,3,2,3,4,3,3,3,2,2
6,5,5,6,6,6,6,3,3,3,4,4,3,2,6,4,5,6,3,1,2,6,1,6,2,6,6,4,2,2,2,2,1,1,6,6,3,3,2,1,6,5,1,2,2,2,3,4,1,6,5,4,2,1,5,6,5,3,3,2,1,4,3,3,4,2,NA,1,6,3,1,4,5,2,5,1,4,3,6,6,6,4,2,3,5,4,1,1,1,2,1,1,2,4,5,3,1,1,1,2,1,3,4,1,5,4,1,1,5,4,2,3,3,2,2,5,1,2,1,4,1,3,1,1,3,4,5,1,4,1,5,3,3,5,1,6,1,5,3,4,1,5,5,6,5,3,1,1,4,4,2,3,2,3,5,2,6,1,1,4,3,6,6,5,2,5,3,2,4,4,6,1,1,NA,5,3,1,5,NA,6,5,4,3,2,5,6,6,6,1,1,1,5,4,2,3,2,2,5,4,5,2,1,2,3,3,1,6,2,4,5,2,6,6,6,1,2,1,5,6,6,5,1,2,1,5,3,4,6,5,1,NA,4,3,2,2,5,6,4,5,2,4,3,4,3,4,3,2,5,6,1,2,1,3,1,2,6,4,3,4,4,2,6,6,6,4,4,1,1,2,6,3,5,6,4,6,3,1,1,4,4
3,3,2,3,3,3,3,3,4,2,3,2,2,2,3,3,3,2,3,3,3,6,3,3,2,3,4,2,3,4,4,4,2,2,3,2,4,3,2,2,3,3,3,3,3,3,2,3,3,3,2,4,2,2,3,3,1,2,3,3,3,5,3,4,3,4,4,3,4,2,4,1,1,2,3,2,3,4,6,4,4,5,2,4,4,3,2,2,3,2,1,3,2,2,4,2,3,1,3,3,3,3,3,3,2,3,2,3,2,3,2,3,3,1,NA,3,3,2,3,2,1,3,3,2,2,3,2,3,2,3,2,2,1,3,2,4,2,3,3,3,3,2,3,5,3,4,1,1,4,3,3,3,3,3,4,3,2,4,3,3,3,4,2,6,4,3,3,2,4,2,3,2,4,4,3,3,3,NA,3,3,3,4,2,3,3,4,3,4,2,3,3,1,3,2,2,2,4,3,4,3,NA,2,3,3,5,2,6,2,3,NA,3,6,3,2,2,3,3,2,2,3,3,3,2,1,3,2,2,3,3,2,2,3,2,3,3,3,3,4,5,2,5,2,3,3,3,2,1,2,2,1,1,1,2,2,3,3,1,3,1,4,3,3,4,4,1,1,2,3,2,3,3,4,3,3,3,3,2,1,2,5
2,3,1,2,1,1,1,1,2,3,2,1,2,1,3,3,2,1,1,2,1,3,2,3,1,1,4,3,2,1,1,2,1,1,2,3,1,1,3,2,2,1,1,2,1,1,3,2,1,2,1,3,2,1,3,2,2,1,2,2,1,3,1,1,2,2,1,2,2,2,1,1,1,1,3,1,3,3,4,1,1,2,2,3,2,1,1,1,2,2,1,1,2,3,3,2,3,2,1,1,1,3,2,1,3,2,1,2,1,2,1,2,3,1,1,1,2,3,2,2,1,3,1,2,2,3,2,2,2,1,1,2,1,2,1,2,1,1,2,1,1,3,3,1,2,1,1,1,2,2,1,1,1,3,2,3,1,1,1,2,3,2,2,4,1,3,3,2,2,2,3,2,1,2,1,2,1,2,2,2,2,3,2,1,3,2,3,2,1,1,1,2,1,1,2,1,2,2,3,2,2,1,1,1,2,1,2,1,1,1,1,3,3,3,1,2,1,2,1,3,3,2,3,2,3,2,2,3,1,2,2,2,1,2,1,3,2,2,2,2,3,3,2,2,3,3,2,2,2,1,1,1,2,1,2,1,1,1,2,2,1,1,2,3,2,2,2,1,1,1,2,2,3,2,2,3,2,1,2,2
3,3,1,3,4,1,6,3,5,4,3,3,6,6,4,6,3,4,6,6,1,6,1,2,1,6,3,5,2,2,2,3,2,2,3,4,3,5,3,1,6,2,4,3,1,6,6,2,3,5,4,2,4,1,6,2,1,6,4,1,3,5,5,5,1,4,1,3,5,5,3,2,4,3,5,2,4,3,3,3,2,4,6,6,4,3,4,2,3,2,1,1,3,3,6,3,2,4,3,3,2,6,4,1,6,2,6,3,3,4,3,2,4,1,1,1,3,6,4,4,3,6,1,4,3,3,2,4,5,1,2,4,1,6,3,6,1,3,3,1,4,6,6,4,6,5,1,4,5,4,2,1,5,6,4,6,1,5,2,6,4,3,4,6,3,6,6,3,4,5,6,2,4,6,3,1,1,4,2,6,4,4,2,5,5,4,5,5,1,1,1,3,6,3,6,3,3,5,6,6,4,3,4,4,6,1,6,4,4,3,1,6,5,3,1,2,1,4,3,5,4,1,6,1,4,4,5,4,3,3,4,4,4,6,4,6,6,5,4,4,6,6,5,3,6,4,3,3,6,1,1,1,4,1,4,6,3,3,2,4,3,4,6,6,4,4,1,3,5,6,4,6,6,3,6,4,3,1,1,2
3,1,2,1,1,1,1,1,2,1,1,2,2,1,2,1,1,1,1,1,3,5,1,2,1,2,2,1,2,1,1,1,2,1,1,2,1,2,2,3,3,2,2,1,3,2,2,2,2,2,2,1,2,1,3,2,1,2,1,1,1,2,2,1,1,1,2,1,2,2,2,2,2,1,3,3,1,2,1,3,2,2,1,1,1,2,2,1,2,1,1,2,2,1,1,2,2,1,2,2,2,1,1,1,3,2,1,1,2,1,1,2,1,2,2,2,2,2,1,1,1,1,1,1,2,2,1,1,1,1,2,1,1,2,2,2,2,2,2,1,1,1,1,2,2,1,1,1,1,1,1,1,1,1,1,1,1,1,1,2,2,2,2,2,2,1,1,1,1,2,1,2,1,2,1,2,2,1,2,1,2,1,2,1,2,2,1,1,1,1,1,1,1,1,1,1,2,2,2,2,2,1,1,1,1,1,2,2,1,2,1,3,2,4,1,2,1,4,1,2,1,1,2,1,2,1,2,1,2,2,2,2,2,2,1,2,1,2,1,2,1,2,1,2,2,2,2,2,2,2,2,1,2,2,1,3,1,1,2,1,3,2,2,2,2,3,2,3,2,3,2,3,2,2,1,2,1,2,2,2
1,2,2,3,1,1,1,1,4,1,1,1,4,2,3,1,1,1,1,1,1,1,1,1,1,1,1,1,3,1,1,2,2,3,1,1,1,1,2,1,1,1,1,2,1,1,1,3,1,2,1,1,1,1,1,1,1,1,2,1,1,4,1,1,3,1,1,3,3,1,1,1,1,1,1,2,3,4,1,2,1,2,1,1,2,1,1,1,2,1,1,1,1,3,3,2,2,3,1,2,1,2,1,2,2,1,1,1,2,1,1,1,1,1,1,1,1,1,1,1,1,3,1,1,1,1,1,1,1,1,2,1,1,1,1,3,1,1,1,1,2,2,2,1,2,1,1,2,1,1,1,2,1,2,1,1,1,1,1,1,1,1,1,4,1,1,1,3,1,1,2,2,1,1,1,1,1,2,1,1,2,1,1,1,1,2,1,1,1,1,1,1,2,2,2,1,2,1,1,1,1,1,1,1,1,1,6,1,1,1,1,5,1,1,1,1,1,2,1,1,1,2,1,1,1,1,1,3,1,1,2,1,2,1,1,2,1,1,2,1,1,1,1,1,1,1,2,1,1,2,1,1,1,1,1,1,1,1,1,2,1,2,1,1,1,1,2,1,1,1,2,1,1,1,1,2,1,1,1,1
