"gleaming","communicators","conversational","excursions","maniacs","ineligible","clawed","refutation","kale","quintet","distressed","swamped","fairs","bellows","peering","democracies","deltas","nostalgic","highlands","parsley","electrochemistry","gelatin","crouching","loom","treble","pang","soften","hesitated","varsity","winged","straightened","contestants","retreated","accords","unwillingness","disturbances","victimized","galleries","plank","epsilon","disparate","quasar","bowel","flicking","delve","glistening","classmates","expectancy","stubs","embed","ramming","victim's","leakage","psychiatrists","extraordinarily","undone","hissing","dams","deducted","versatility","hanger","additive","vibrato","inexplicable","perpetuate","unattached","deteriorated","trusty","legislator","hygiene","phrased","paired","flange","invulnerable","touchy","pounce","resurrect","thriving","affirmation","conscientious","barren","conceivably","canning","borough","lunge","maneuvering","engages","ciphers","bureaucrat","hurried","restricts","truthfully","organizes","squashed","blinds","thrashed","watery","footing","praises","innuendo","revue","nutrient","coastline","goofed","bracelet","fulfills","detach","handout","mocking","overheating","custodial","intoxicated","upmost","privy","medallion","eyeballs","streamer","wilder","burglar","swamps","fours","bindery","expedite","embarrass","patronizing","sufferers","burrows","trot","roach","noodle","tofu","flowed","panting","computes","wondrous","courtyard","scraping","itchy","visor","bod","darkroom","enslave","adamant","orphanage","roulette","awarding","kneeling","lends","precipitate","strife","orphan","storylines","posses","sayings","nefarious","giveaway","stressing","demotion","grandchildren","panda","observes","unmatched","apparel","leaflets","adjoining","postgraduate","mahogany","tubular","stiffness","busses","worshipping","poked","siding","systemic","vermin","robber","speechless","balderdash","allowable","femmes","maddening","printable","pasted","briefcase","nighttime","breakthroughs","landlords","theses","instinctively","possessive","infantile","blackness","thereabouts","tightening","pilot's","renewing","drumming","vigilante","clerical","queried","symphonic","denoted","metaphorical","turbulence","lemming","craven","yam","wingman","infancy","beaming","petting","scrapped","crossword","watchdog","bombings","drinkers","resorted","broaden","abbot","reloaded","sprawl","infusion","smoker","agent's","wrought","breech","hinged","formulations","compatriots","interchangeable","shredded","toured","enact","lightfoot","motivating","silica","playmate","safari","preoccupied","scarf","reputations","reckoned","profusely","polarized","datum","mutilation","unsuccessfully","uphill","saltwater","diseased","doubted"
3,3,4,4,2,3,3,4,3,1,1,3,3,1,3,3,1,2,5,1,2,2,4,2,1,2,1,3,1,2,5,1,3,1,3,2,3,2,2,1,3,2,1,1,2,4,2,1,1,1,2,1,3,6,1,3,3,2,1,1,3,2,2,2,3,4,2,1,3,5,4,4,4,1,4,3,1,3,4,5,3,4,3,6,2,5,3,4,6,2,1,2,4,2,2,3,3,3,3,2,4,2,4,2,3,2,3,3,2,3,2,1,3,1,1,3,3,2,3,1,3,2,2,1,3,1,2,1,4,3,2,2,2,2,4,3,4,4,2,1,2,3,2,4,5,3,6,1,2,3,4,3,1,3,2,3,2,4,2,1,3,4,1,3,4,1,1,2,1,1,2,3,3,4,1,1,3,1,3,3,3,2,3,4,5,6,1,3,3,2,3,1,4,4,3,2,2,2,1,3,6,2,4,2,2,2,1,2,1,3,1,2,1,3,4,2,1,3,1,3,2,3,2,3,6,3,3,4,3,4,2,3,1,4,3,4,3,2,4,3,4,3,2,3,2,5,2,1,1,3,5
6,2,2,2,1,5,5,3,6,6,2,1,1,1,2,2,1,3,2,1,2,6,2,1,1,1,2,2,1,1,2,2,2,1,3,2,4,5,1,4,2,6,6,2,6,4,2,2,1,1,2,2,3,4,4,2,1,1,2,2,2,3,1,4,5,6,4,2,5,6,5,1,2,3,1,2,2,1,2,6,1,4,2,6,3,3,3,5,6,2,2,4,4,4,3,3,1,1,3,3,5,2,5,5,6,1,1,1,1,2,1,2,1,1,1,1,1,1,1,2,1,2,4,4,4,2,1,1,1,1,1,4,4,4,4,1,2,1,1,1,1,1,1,6,2,1,5,1,6,1,5,2,1,1,2,2,1,3,1,1,2,2,1,1,2,5,3,3,1,1,2,3,3,6,2,2,2,4,5,6,1,1,1,1,2,3,2,5,3,3,4,1,1,2,1,2,1,4,1,5,6,2,4,4,1,1,1,1,1,1,1,2,1,1,1,1,1,1,3,2,2,3,2,3,5,2,2,2,3,5,1,2,1,1,1,1,1,1,2,1,2,2,3,2,5,2,4,1,1,6,5
2,2,4,3,1,1,2,2,1,2,1,2,2,1,1,2,1,1,2,1,2,1,1,1,1,1,2,1,1,1,2,1,2,1,1,2,1,2,1,1,2,1,1,1,2,1,1,2,1,1,1,1,2,4,5,1,1,1,1,2,1,1,2,1,1,1,1,1,2,2,1,1,2,1,1,2,1,1,1,4,1,3,1,3,1,3,2,2,5,1,1,1,1,1,1,1,1,1,1,1,2,1,1,1,1,1,2,1,1,1,1,1,1,2,2,1,1,1,2,1,1,2,1,1,2,1,1,1,2,1,1,2,1,2,3,2,1,1,1,1,1,1,1,2,3,2,3,1,1,1,1,1,2,1,2,1,1,1,1,1,1,1,1,2,1,1,1,2,1,1,1,1,1,1,1,1,1,2,1,3,1,1,1,1,1,1,1,1,2,2,2,1,1,1,1,1,1,2,2,2,2,1,2,2,1,1,1,1,1,1,1,1,1,1,2,1,1,2,1,1,1,2,1,1,2,1,1,2,2,2,1,2,1,1,1,2,1,2,1,1,2,1,2,1,1,1,2,1,1,2,3
2,3,1,2,1,3,4,3,4,2,4,5,3,4,3,2,1,2,1,2,1,2,3,4,3,5,4,5,6,5,6,5,4,2,1,3,2,4,3,4,5,3,4,3,4,2,3,2,4,5,3,4,2,3,2,1,2,1,4,3,4,2,3,1,3,2,3,1,3,4,5,4,6,4,5,3,4,3,4,5,4,5,3,1,1,3,4,3,3,3,3,3,3,2,2,2,1,1,1,2,2,3,4,3,5,5,5,4,4,4,3,3,2,1,3,2,4,3,2,3,2,1,2,1,2,1,2,3,4,3,4,2,3,3,2,3,2,3,2,3,2,1,2,3,2,3,4,3,5,4,6,5,6,4,5,3,4,3,2,3,2,4,5,4,6,5,4,5,3,4,2,3,2,3,4,5,3,4,3,4,2,3,2,3,1,1,1,2,3,4,6,6,6,5,4,4,4,3,3,2,2,1,2,4,5,3,4,2,2,4,2,4,3,4,5,4,6,4,6,5,4,3,3,2,1,2,1,2,3,2,4,3,4,5,6,4,5,3,2,3,2,3,2,3,2,1,1,3,3,2,2
3,1,2,3,1,3,2,3,2,3,2,1,2,2,2,2,1,2,3,3,3,1,2,1,1,1,2,2,1,3,4,1,2,1,2,1,1,1,1,1,1,3,1,2,1,2,2,1,1,1,2,1,2,4,2,2,2,1,1,1,2,1,1,2,2,3,3,1,2,4,3,3,2,2,3,2,2,3,3,4,1,3,2,4,3,5,2,4,6,3,1,1,1,3,2,2,1,2,3,3,4,2,3,2,2,1,1,2,2,2,2,1,1,3,1,3,3,2,2,1,3,2,2,1,3,1,2,1,3,2,1,2,2,2,2,2,2,1,1,1,1,2,1,3,3,2,3,1,2,1,2,1,1,2,3,2,2,4,2,1,2,2,1,2,2,2,3,3,1,1,2,2,2,2,1,1,1,1,2,2,2,2,2,3,4,4,1,3,2,1,3,1,3,4,2,2,2,4,1,4,3,2,3,2,2,1,1,3,2,3,2,2,1,2,3,2,1,3,1,2,3,3,2,2,4,2,4,2,1,4,2,3,1,4,2,1,2,2,2,1,3,2,2,2,2,3,2,2,1,3,3
3,2,3,4,3,5,3,3,2,1,1,2,2,1,1,3,2,3,6,1,4,3,5,1,2,1,5,1,1,4,6,1,2,1,1,2,1,2,2,1,1,1,2,1,1,3,2,2,1,1,1,1,3,6,3,2,1,1,1,1,2,1,2,1,1,2,3,1,2,6,4,1,3,1,5,5,1,2,5,6,2,5,1,6,6,3,2,4,6,2,1,2,2,1,1,2,2,2,2,3,5,5,4,1,2,1,1,1,1,1,2,1,2,1,1,5,2,2,1,1,3,3,2,2,1,1,1,1,6,1,2,2,1,2,2,1,1,1,1,1,1,1,1,2,2,1,6,1,2,1,1,1,2,1,1,2,1,2,2,2,1,1,1,2,1,1,1,2,1,1,1,1,1,1,1,1,1,1,1,1,1,1,1,3,6,6,1,1,3,1,1,1,3,6,2,1,1,1,1,1,1,1,2,2,1,2,1,1,2,1,1,1,1,1,4,2,1,2,1,1,1,2,1,2,6,1,3,4,2,6,1,2,1,6,1,1,1,1,2,1,4,3,2,2,1,2,1,2,1,2,6
2,1,3,4,1,2,2,2,1,3,1,1,1,2,1,2,1,1,2,1,3,1,2,1,1,1,1,1,1,3,2,1,1,1,2,1,2,1,1,1,3,4,1,1,2,1,1,2,1,1,1,1,1,3,1,1,1,1,1,1,1,1,2,2,3,1,1,1,1,4,1,1,2,2,1,1,2,1,1,3,2,3,1,3,1,4,1,5,5,1,1,1,1,1,1,1,1,1,2,5,6,1,1,1,1,1,1,1,1,1,2,3,1,1,1,1,1,1,2,1,4,1,2,1,1,1,2,1,4,1,1,1,1,2,3,3,1,1,1,1,1,1,3,4,5,1,3,1,1,2,3,1,1,1,1,1,1,1,1,1,1,1,2,2,3,2,2,2,1,1,1,1,1,1,1,1,1,1,2,5,1,1,1,1,1,2,1,3,1,1,3,1,1,1,1,1,1,5,4,6,2,1,3,2,2,2,1,1,2,1,1,1,1,1,1,1,1,3,2,2,1,1,1,1,5,1,1,1,3,2,1,1,2,1,1,4,1,1,1,1,2,2,2,2,3,1,1,1,1,1,1
2,3,3,2,3,2,2,2,3,3,4,4,4,4,4,5,5,4,5,4,5,5,5,1,1,1,3,4,3,4,4,3,4,4,4,3,3,3,1,4,4,4,4,5,4,4,4,4,1,4,4,3,3,3,3,1,1,1,4,4,1,4,4,4,4,3,4,3,3,3,3,3,4,4,3,3,4,3,3,3,2,4,4,4,3,3,3,4,3,3,4,3,3,3,3,2,2,2,2,2,4,3,2,3,3,2,NA,3,3,3,3,4,1,3,4,3,3,2,3,4,5,4,3,4,3,3,3,1,4,4,1,3,3,3,4,3,3,3,1,1,3,4,4,3,4,4,3,4,3,3,3,3,3,3,4,4,3,3,3,1,4,3,4,3,NA,3,4,3,3,3,4,4,3,3,3,3,3,3,3,2,2,4,4,4,4,4,3,3,3,3,2,3,3,3,3,3,2,2,2,4,4,4,3,4,3,1,1,2,2,3,3,2,2,3,3,3,2,2,2,3,3,3,3,4,4,4,2,4,3,4,2,3,3,2,3,3,3,2,2,2,3,2,2,2,3,3,3,3,3,3,4
1,1,1,3,2,3,1,3,1,4,1,1,1,1,1,2,3,5,1,1,3,1,1,1,4,1,3,1,1,1,4,3,3,4,3,1,2,1,1,1,1,6,2,1,6,5,1,1,1,3,1,3,3,5,2,1,2,3,1,5,1,4,4,5,5,3,3,1,5,6,5,3,6,2,1,3,3,2,4,6,3,3,1,5,3,6,1,4,6,1,2,1,1,2,1,4,1,1,1,5,6,5,2,1,3,1,1,1,1,1,1,2,1,4,4,1,1,3,5,2,3,3,5,4,5,3,1,1,1,1,1,1,1,2,4,1,3,2,3,1,1,1,4,4,6,1,4,1,2,4,5,1,4,1,6,1,1,3,1,1,1,1,3,3,2,1,4,4,1,1,1,1,1,2,2,1,1,4,1,5,2,2,1,1,1,1,1,5,2,3,3,1,2,4,1,1,1,5,5,5,4,2,4,3,3,3,1,1,1,1,1,1,1,1,6,1,1,2,4,4,4,3,1,1,6,2,1,1,3,3,1,4,3,1,1,5,1,1,3,1,2,4,4,4,5,3,1,1,1,5,6
1,3,3,5,2,5,2,4,1,4,2,1,1,1,1,3,1,4,2,1,4,1,3,1,4,2,1,1,1,1,2,2,2,2,1,1,2,1,1,4,3,6,1,1,5,3,1,1,1,1,1,1,1,5,4,2,1,1,1,4,1,2,4,4,4,3,3,2,3,3,2,2,2,3,1,1,1,1,1,4,3,3,2,3,1,3,2,5,1,1,1,1,1,1,1,2,1,1,1,4,2,1,1,1,1,1,1,1,1,2,1,3,1,4,1,1,5,1,1,1,1,1,3,3,3,3,3,2,1,1,1,1,1,1,2,1,1,1,1,1,1,1,4,5,5,3,3,1,4,4,3,2,1,1,5,1,1,3,1,1,1,1,1,1,3,2,5,4,2,1,3,1,1,4,5,3,2,4,1,3,2,1,1,1,1,1,1,1,4,1,3,1,4,4,2,1,1,5,2,6,1,1,4,3,3,2,1,1,1,1,1,1,1,1,1,1,1,1,4,1,3,1,1,1,4,3,1,4,5,4,3,3,1,1,3,4,2,2,3,1,3,2,3,2,5,2,2,1,1,1,1
1,1,1,1,1,1,2,4,1,1,1,1,1,1,1,1,1,1,1,1,1,1,1,1,4,1,1,1,1,2,2,1,1,1,1,1,1,1,1,1,1,1,2,1,3,1,1,1,1,1,1,1,1,1,1,1,1,1,1,1,1,1,1,1,1,1,1,1,1,4,1,1,3,1,1,1,1,1,1,5,1,5,1,4,3,6,1,5,6,1,1,1,1,1,1,1,1,1,1,1,3,1,1,1,1,1,1,1,1,1,1,1,1,1,1,1,1,1,2,1,1,1,1,1,1,1,1,1,1,2,1,1,1,1,1,1,1,1,1,1,1,1,1,2,5,1,5,1,1,3,1,1,1,1,1,1,1,1,1,1,1,1,1,3,1,1,6,1,1,1,1,1,1,1,1,1,1,1,1,5,1,1,1,1,1,1,1,3,1,1,3,1,1,1,1,1,1,6,1,1,2,1,1,1,1,1,1,1,1,1,1,1,1,1,1,1,1,1,2,1,1,1,1,1,1,1,1,1,1,1,1,3,1,1,1,1,1,1,1,1,1,1,1,1,1,1,1,1,1,1,1
3,1,2,3,2,3,1,2,1,4,1,1,1,3,3,5,1,6,5,2,4,5,2,1,1,3,2,2,1,2,4,2,4,1,3,2,1,2,1,3,5,6,3,3,1,3,1,2,1,1,1,2,3,5,5,1,1,1,2,5,2,5,6,3,6,4,6,2,3,6,6,5,5,3,5,3,2,2,3,6,1,3,1,5,5,6,2,6,6,3,1,2,2,5,1,2,1,1,2,5,6,3,1,1,4,1,4,1,1,3,4,2,1,4,3,5,4,1,4,1,6,5,6,3,2,4,2,1,6,1,1,1,1,3,5,5,2,5,6,1,2,2,3,6,6,2,6,1,4,2,6,2,2,1,5,1,1,3,4,1,2,3,3,1,4,5,4,3,2,1,2,1,1,3,2,2,2,3,2,5,3,2,2,5,6,6,3,5,5,3,4,2,5,6,2,4,2,6,5,6,6,3,6,4,2,4,1,5,3,5,1,2,2,5,5,2,4,4,3,5,2,4,1,5,6,3,4,2,5,5,3,6,2,6,2,5,3,1,4,1,2,4,5,3,2,2,4,1,2,5,6
6,6,6,6,5,5,4,5,4,6,6,6,4,5,5,5,5,5,5,5,6,4,5,3,3,1,3,6,6,6,6,6,6,5,5,5,5,5,5,5,6,6,6,6,6,6,6,6,6,6,6,6,6,6,6,6,6,6,6,6,6,6,6,6,6,6,6,2,6,6,6,6,6,6,6,6,6,6,6,6,6,6,6,6,6,6,6,6,6,6,6,6,6,6,6,6,6,6,6,6,6,6,6,6,6,6,6,6,6,6,6,6,6,6,6,6,6,6,6,6,6,6,6,6,6,6,6,4,6,4,4,4,4,4,4,4,2,2,2,2,3,3,3,3,3,3,3,3,3,3,3,3,3,3,3,4,4,4,4,1,4,4,4,4,4,5,5,5,5,5,5,5,5,5,5,5,5,5,5,5,5,5,5,5,5,5,5,5,5,5,5,5,5,5,5,5,5,5,6,6,6,6,6,6,6,6,6,6,6,6,6,6,6,6,6,6,6,6,6,6,6,6,6,6,6,6,6,6,6,6,6,6,6,6,6,6,6,6,6,6,6,6,6,6,6,6,6,3,5,5,5
3,2,2,2,4,4,1,2,1,3,2,3,2,2,2,3,1,4,2,2,4,3,3,1,2,1,3,2,2,2,4,1,2,5,4,3,2,5,1,4,4,6,3,2,4,3,3,2,1,5,3,3,4,5,5,2,2,1,1,4,2,3,2,2,5,3,3,1,4,6,6,4,5,3,5,4,3,2,3,6,2,3,2,6,1,5,3,6,6,3,2,1,3,5,1,2,2,3,2,6,5,3,3,4,2,3,1,1,1,3,3,2,4,5,3,2,2,1,5,3,5,3,2,5,4,3,5,1,2,1,5,1,2,3,6,2,2,3,1,1,1,2,4,5,6,2,6,1,2,3,6,4,3,2,4,3,3,2,1,1,3,1,2,4,5,3,6,2,3,2,4,1,1,6,1,1,3,3,2,4,3,2,1,3,3,2,2,6,4,4,5,3,4,3,2,1,2,6,3,6,6,2,3,5,5,2,1,2,2,3,2,1,2,1,4,1,1,3,5,2,6,2,1,2,6,2,3,2,3,3,2,5,1,3,2,5,3,2,3,1,2,3,4,2,5,1,3,2,1,3,6
1,1,1,2,1,1,1,1,1,1,1,1,1,1,1,1,1,1,1,2,1,1,1,1,1,1,1,1,1,1,3,1,1,1,1,1,1,1,1,1,1,3,1,1,1,1,1,1,1,1,1,1,1,1,3,1,1,1,1,1,1,1,1,1,1,1,1,1,1,1,1,1,1,1,1,1,1,1,1,4,1,3,1,3,1,4,1,1,4,1,1,1,1,1,1,1,1,1,1,1,1,1,1,1,1,1,1,1,1,1,1,1,1,1,1,1,1,1,1,1,1,1,1,1,1,1,1,1,1,1,1,1,1,1,1,1,1,1,1,1,1,1,1,1,1,1,1,1,1,1,1,1,1,1,1,1,1,1,1,1,1,1,1,1,1,1,1,1,1,1,1,1,1,1,1,1,1,2,1,1,1,1,1,1,1,3,1,1,3,4,1,1,2,3,1,1,1,1,1,1,1,1,3,1,1,1,1,1,1,1,1,1,1,1,1,1,1,1,1,1,1,1,1,1,1,1,1,1,1,3,2,2,1,1,1,2,1,1,1,1,1,1,1,1,1,1,4,1,1,1,1
1,1,1,3,1,5,1,2,1,5,1,1,1,1,1,1,1,1,1,1,3,1,2,1,2,1,1,1,1,1,3,NA,NA,NA,NA,NA,NA,NA,NA,NA,NA,NA,NA,NA,NA,NA,NA,NA,NA,NA,NA,NA,NA,NA,NA,NA,NA,NA,NA,NA,NA,NA,NA,NA,NA,NA,NA,NA,NA,NA,NA,NA,NA,NA,NA,NA,NA,NA,NA,NA,NA,NA,NA,NA,NA,NA,NA,NA,NA,NA,NA,NA,NA,NA,NA,NA,NA,NA,NA,NA,NA,NA,NA,NA,NA,NA,NA,NA,NA,NA,NA,NA,NA,NA,NA,NA,NA,NA,NA,NA,NA,NA,NA,NA,NA,NA,NA,NA,NA,NA,NA,NA,NA,NA,NA,NA,NA,NA,NA,NA,NA,NA,NA,NA,NA,NA,NA,NA,NA,NA,NA,NA,NA,NA,NA,NA,NA,NA,NA,NA,NA,NA,NA,NA,NA,NA,NA,NA,NA,NA,NA,NA,NA,NA,NA,NA,NA,NA,NA,NA,NA,NA,NA,NA,NA,NA,NA,NA,NA,NA,NA,NA,NA,NA,NA,NA,NA,NA,NA,NA,NA,NA,NA,NA,NA,NA,NA,NA,NA,NA,NA,NA,NA,NA,NA,NA,NA,NA,NA,NA,NA,NA,NA,NA,NA,NA,NA,NA,NA,NA,NA,1,1,1,1,4,1,1,1,1,1,NA,2,1,3,1,1,1,1,1,4
1,2,2,1,5,3,5,2,5,3,2,4,4,5,2,3,4,1,2,3,5,1,4,2,5,2,6,1,3,1,3,6,3,2,2,1,3,2,4,2,4,1,2,3,1,2,1,2,2,1,3,1,4,5,2,6,2,2,3,2,NA,5,5,5,2,2,1,3,5,1,3,4,2,5,2,6,3,2,6,4,1,2,2,1,4,1,5,5,2,5,2,1,4,2,4,1,2,5,3,2,4,1,2,2,1,5,3,4,5,2,3,5,5,3,2,3,1,1,4,4,2,1,1,2,4,2,3,3,2,NA,NA,NA,3,1,3,2,5,2,3,3,4,2,2,2,1,2,4,2,1,2,4,5,2,1,3,3,2,4,6,2,5,2,4,1,1,3,3,6,4,1,2,5,2,5,4,1,3,3,3,5,6,1,4,1,3,2,5,2,1,4,2,5,2,4,2,2,4,1,3,1,4,2,1,5,2,2,4,2,5,2,3,2,4,4,2,2,3,2,4,2,5,5,1,2,4,2,1,1,4,1,4,3,2,5,1,6,1,3,5,2,5,3,2,3,6,5,5,5,2,2,3
1,1,1,1,2,3,1,2,1,1,1,1,1,2,1,1,1,1,1,1,1,1,1,2,3,1,1,3,2,1,2,1,1,1,1,1,1,3,1,1,4,5,1,1,3,1,1,1,1,2,1,1,1,1,1,1,1,1,NA,3,1,2,3,1,1,1,3,1,1,3,5,1,2,3,1,1,4,1,2,1,1,1,1,2,1,1,1,3,6,1,1,1,1,1,1,1,1,1,1,1,4,3,3,3,1,1,1,1,1,1,1,1,1,1,1,1,3,1,4,1,1,2,3,4,2,1,1,1,1,1,1,1,1,1,1,1,1,4,1,1,1,1,1,3,5,1,4,1,3,1,1,1,1,1,3,1,1,1,1,1,1,1,4,5,1,1,1,1,1,1,1,1,1,1,1,1,1,1,1,1,1,1,1,1,1,3,1,3,1,4,1,1,1,1,1,1,1,2,1,1,2,1,3,1,3,1,1,1,1,1,1,1,1,1,1,1,1,3,4,3,2,1,2,1,1,1,1,1,1,1,1,1,1,1,2,1,1,1,1,1,1,1,1,1,5,2,3,1,1,1,4
5,4,3,5,4,4,3,5,4,4,3,4,4,3,3,4,4,5,4,3,3,4,3,5,4,4,3,3,4,4,5,4,3,3,4,4,3,3,4,4,3,3,4,3,4,4,3,4,4,3,4,3,4,3,3,3,4,4,3,3,4,4,3,3,2,3,2,3,3,2,3,5,4,3,3,4,3,3,5,4,3,3,4,3,4,4,3,3,3,4,4,4,3,4,3,4,3,4,4,4,4,3,4,3,4,3,4,3,4,3,3,4,3,3,4,3,4,4,3,3,3,4,4,4,3,4,3,4,3,4,4,3,3,3,3,4,3,4,4,3,4,5,5,4,4,5,3,5,4,4,3,5,4,5,3,3,4,5,4,4,5,4,4,4,3,5,3,3,4,4,5,5,4,5,4,5,4,4,3,4,3,4,4,3,4,3,4,5,4,4,5,4,4,5,4,5,4,4,4,3,4,4,3,3,4,3,4,3,3,4,3,4,3,4,4,5,4,4,3,4,5,4,3,4,4,5,4,4,3,4,5,4,4,3,3,4,3,3,4,4,3,4,4,3,4,5,5,4,4,3,4
6,1,1,6,5,5,5,5,1,5,2,2,1,2,1,3,5,4,3,4,6,3,2,2,3,2,4,2,4,5,3,2,2,5,3,5,2,5,2,3,4,5,3,2,3,3,5,2,4,3,4,4,4,4,3,4,5,4,3,3,4,3,2,3,4,5,4,2,4,3,2,3,2,3,3,4,4,3,2,3,4,4,3,3,3,3,5,5,5,4,4,2,2,2,4,6,5,5,3,4,6,4,2,5,3,4,5,4,4,4,2,3,4,4,3,4,4,4,3,5,5,3,3,5,5,5,3,4,4,4,5,5,4,3,4,4,5,4,2,5,4,1,4,3,4,3,3,4,4,4,4,3,5,4,5,4,3,4,5,4,5,4,3,4,4,3,4,4,4,4,4,3,5,4,5,4,3,2,4,3,5,4,4,3,4,3,4,5,3,2,4,4,4,3,4,3,4,5,5,4,3,4,4,4,3,4,4,2,2,3,3,NA,4,4,3,NA,3,4,3,3,5,3,3,3,5,4,5,4,4,4,4,3,4,5,3,3,3,5,4,3,3,2,4,5,4,2,4,2,3,4,3
1,4,1,3,5,3,5,2,4,2,4,2,5,2,3,4,2,3,4,3,2,4,4,2,5,2,4,2,5,1,4,3,2,4,2,3,4,3,4,1,3,5,1,3,2,4,1,5,2,NA,5,2,4,1,4,2,4,1,2,3,3,4,NA,3,4,3,3,2,3,2,3,2,2,3,4,2,3,3,4,2,3,1,4,2,4,2,3,4,2,3,NA,2,4,3,2,4,2,1,5,3,5,2,2,3,5,4,2,4,3,5,2,3,6,4,2,3,1,1,4,2,5,1,2,4,2,4,1,6,3,1,2,3,5,3,2,2,4,3,5,1,4,4,1,4,5,3,4,1,3,5,3,2,4,2,6,3,2,2,2,3,4,5,4,1,2,3,1,4,2,4,1,5,1,3,2,4,3,1,3,4,2,5,3,4,1,2,4,2,4,5,1,4,2,5,2,5,4,3,1,4,5,4,2,4,5,2,4,NA,3,1,4,6,1,1,4,3,5,3,5,2,4,1,2,5,3,5,2,1,4,6,3,3,1,4,4,2,4,2,5,3,NA,3,1,4,4,2,3,4,6,3,1
2,1,1,1,1,1,1,1,1,2,1,1,1,1,2,1,1,3,2,1,2,3,3,1,1,1,1,1,1,1,2,1,1,2,1,1,1,1,1,3,3,6,2,1,2,3,1,1,1,1,1,1,1,4,1,1,2,1,1,2,2,3,4,2,4,2,5,1,2,4,3,1,4,2,2,1,1,2,1,3,1,2,2,3,1,2,1,3,3,1,1,1,1,2,1,2,1,1,2,4,4,2,1,1,3,1,1,1,1,1,2,2,1,3,2,1,1,1,2,1,1,1,2,2,2,1,2,1,1,1,1,1,1,1,2,1,2,1,2,1,1,1,3,3,3,1,3,1,2,2,2,1,2,1,4,2,1,1,1,1,2,2,2,3,3,2,4,3,2,1,2,1,3,2,1,1,2,4,2,3,1,1,3,3,2,2,1,4,2,2,3,1,2,2,2,2,1,5,2,4,4,2,3,2,3,1,1,1,2,1,1,1,1,1,2,1,1,3,2,1,2,2,1,1,3,2,2,1,2,2,1,1,1,2,1,4,1,1,2,2,2,4,2,1,3,2,2,1,1,2,3
4,5,6,5,2,3,1,2,1,3,4,1,1,2,1,4,1,2,1,2,5,4,2,4,2,1,3,4,1,2,5,4,4,1,5,5,6,2,1,3,2,5,1,2,2,3,2,1,1,2,2,1,3,6,3,1,1,1,2,4,2,2,3,5,4,2,5,1,2,5,2,1,2,4,2,2,3,1,1,5,1,3,1,4,1,6,1,4,6,1,1,1,5,2,1,2,1,2,1,6,3,1,2,2,3,1,1,2,1,5,6,5,2,3,5,2,3,1,2,1,3,4,5,3,4,2,2,1,2,1,1,2,1,2,4,4,1,1,2,1,1,3,6,5,6,1,2,3,5,3,3,1,2,3,5,2,1,1,2,1,2,3,3,1,5,4,4,2,1,2,1,1,1,2,2,1,2,3,2,4,2,1,1,1,1,3,1,4,2,2,1,1,4,1,1,2,2,4,2,4,3,1,5,2,2,1,1,2,3,1,3,1,2,1,3,1,1,3,4,3,1,4,1,1,5,2,1,4,5,4,1,1,1,1,1,1,1,1,2,1,2,1,2,1,3,3,2,1,1,4,2
1,1,1,1,1,1,1,1,1,1,1,1,1,1,2,2,2,2,2,2,2,2,2,2,2,2,2,2,1,1,1,1,1,1,1,1,1,2,2,2,2,2,2,2,3,3,3,3,3,2,2,2,2,1,1,1,1,1,2,2,2,2,2,2,2,1,1,1,1,1,1,1,1,2,2,2,2,2,2,2,2,2,2,2,2,2,2,2,3,3,3,3,3,3,3,3,2,2,2,2,2,2,2,4,4,4,4,4,4,4,4,4,4,4,4,4,4,4,3,3,3,3,3,3,3,3,3,3,3,2,2,2,2,3,3,3,3,3,3,4,4,4,4,4,3,3,3,3,3,2,2,2,2,3,3,3,3,2,2,2,2,2,2,3,3,3,3,2,2,2,2,2,2,2,2,2,2,2,2,2,2,2,2,4,4,4,4,4,4,4,4,4,4,4,4,4,4,3,3,3,3,3,3,3,3,3,3,3,3,3,3,3,2,2,2,2,2,2,2,2,2,2,2,2,2,2,2,1,1,1,1,1,1,1,1,1,1,1,1,1,2,2,2,2,2,2,2,2,2,2,2
3,2,4,4,3,3,3,5,1,4,3,3,1,3,2,4,1,4,4,2,5,3,3,1,2,1,2,3,2,2,4,3,2,3,4,3,4,2,1,3,3,6,1,3,4,3,3,4,2,4,2,4,3,6,5,2,2,1,3,3,2,2,3,4,6,3,4,3,3,4,4,3,4,4,3,3,4,3,4,6,2,5,2,6,2,6,3,6,6,3,3,4,3,3,2,2,3,2,4,6,5,5,3,2,5,3,3,2,2,3,4,3,2,4,4,5,2,2,4,3,5,4,4,3,5,3,2,2,1,1,1,2,2,4,5,3,3,3,2,1,2,3,4,5,4,3,5,3,4,4,4,3,2,2,6,3,2,4,3,1,3,2,3,5,5,4,5,3,2,1,2,1,3,4,2,1,3,4,3,5,3,2,2,3,3,4,2,4,4,3,4,2,4,3,3,3,3,6,6,5,4,3,4,4,3,3,1,2,3,2,1,3,2,3,4,2,1,4,2,2,2,3,1,4,4,1,2,4,5,3,2,3,2,4,2,4,1,2,3,1,2,2,3,3,4,5,5,1,1,2,4
2,3,3,2,2,4,2,4,1,5,2,2,2,2,2,4,2,3,2,1,4,3,2,2,2,2,3,4,2,1,5,2,2,1,4,2,2,2,1,4,5,4,3,2,3,3,2,4,1,2,3,5,2,6,5,2,4,1,4,5,2,2,1,4,3,5,4,2,4,3,3,2,2,4,2,1,2,2,2,5,2,3,2,6,1,4,2,5,5,2,2,3,2,4,1,2,1,1,2,4,2,2,2,3,4,2,5,1,2,3,1,4,2,4,5,1,2,2,1,1,1,2,4,2,3,2,1,1,1,2,2,2,2,1,4,2,4,5,3,1,2,3,4,4,4,3,6,1,2,1,5,2,3,2,4,3,3,3,2,2,3,3,2,2,4,2,5,2,2,2,3,2,1,3,4,3,2,3,3,5,3,2,2,2,2,4,3,6,5,4,3,2,4,3,4,3,2,4,3,4,5,4,3,3,2,2,1,2,3,2,2,2,2,2,3,3,3,3,3,2,2,3,3,4,4,2,3,4,4,4,2,2,3,2,3,4,2,3,4,2,3,3,4,3,3,4,3,2,2,3,4
