"vulgar","guise","punctuation","backyard","spade","nutshell","contingency","runners","exporting","punches","yesterday's","acronym","statistic","onward","tended","reissue","stimulating","abundance","intimacy","mash","tile","butcher","shave","tighter","vessels","mansion","bragging","capacitor","vomiting","frontiers","seriousness","nursery","commitments","climbed","satin","astonishing","concede","intellectuals","skits","spectra","discreet","prosperous","burger","breach","citizenry","breathed","aisle","eyebrows","slalom","confuses","bicycles","hesitation","utilization","prolonged","snug","anthropology","misguided","resent","concurrently","knitting","renew","expiration","showers","promotes","deviation","consenting","defendant","applaud","reiterate","forks","magician","earthquakes","chili","moderately","motivate","jaws","subdue","ouch","doses","statues","realization","exposing","outward","dessert","outraged","conflicting","filler","glaring","amplified","ecosystem","resisted","dog's","dispatch","tougher","suppressive","biographical","scuba","ecstasy","critters","mutually","convictions","shuffle","rotor","severity","attackers","penetration","womb","acids","honored","dormant","trillion","cola","hellfire","bamboo","withstand","concessions","shaping","sodium","metallic","memorandum","funniest","disliked","align","consultation","froze","parachute","ditch","staples","potent","abiding","sensual","urges","flashback","catfish","erect","flushed","expands","arched","sax","loosely","coax","resorts","differs","adventurous","annually","criticisms","validated","polygon","proponent","spilled","decipher","majors","idols","endeavor","magnet","finely","threading","facsimile","distinctive","unarmed","shrug","pharmacology","clipped","archaeological","heresy","lifts","drifted","halls","dedication","voluntarily","lays","canal","canine","restoring","suspicions","cancellation","shooter","mounts","bummer","synthesizer","redirect","tailored","empirical","rationally","sclerosis","boomerang","rewarded","exhibits","sliced","stash","poured","whipped","wills","peas","gossip","assessed","donkey","inmates","linkage","projecting","clamp","blink","revolver","reader's","drafted","screwdriver","flap","peso","locomotive","iceberg","activation","charger","discriminatory","lookup","unsafe","knelt","destined","starve","routed","refrigerator","correspondent","wholeheartedly","concise","entitlement","cough","extremists","nausea","railways","headphones","wort","resonance","curved","clumsy","hem","advent","reflections","stereotype","inject","drool","horribly","alarms","autonomy","heroic","seasoned","locale","trusting","relocate","peg","despise","statistically"
1,2,3,3,2,3,4,5,4,3,2,3,4,5,4,4,4,3,2,1,3,4,3,4,5,5,4,3,3,2,4,5,5,5,3,2,2,2,3,3,4,4,4,4,5,4,3,2,2,3,4,4,3,3,4,5,4,3,2,3,3,3,3,3,3,4,4,3,2,2,5,5,5,4,NA,3,2,2,3,3,3,4,5,5,4,4,4,4,4,3,3,2,2,2,3,3,4,4,5,3,2,3,3,3,3,3,4,3,4,5,2,2,4,4,4,3,5,5,3,2,2,4,4,4,3,2,3,3,2,4,5,4,4,3,3,2,3,4,3,5,4,4,3,NA,2,4,3,4,5,4,4,4,3,3,2,2,2,3,2,3,4,4,3,4,4,5,5,4,3,2,3,4,4,5,4,3,3,2,3,4,5,4,3,4,4,5,5,6,5,4,3,3,3,3,2,3,3,4,4,4,3,3,4,4,5,4,4,3,2,2,4,4,4,4,4,4,4,4,4,3,3,3,3,3,3,3,4,4,4,4,4,4,4,4,4,4,4,3,3,3,3,3,4,5,5,4,3,3,4,4
3,6,6,1,5,2,4,1,1,3,2,1,3,3,2,4,3,3,6,1,3,1,5,6,5,6,2,3,1,5,6,3,2,4,1,3,5,5,2,3,1,6,1,5,5,4,3,3,6,3,6,4,5,2,2,5,4,2,3,4,2,5,2,2,5,3,4,5,5,2,6,4,2,5,5,1,3,4,5,4,6,2,2,2,4,3,1,4,5,3,4,1,2,4,4,6,3,5,2,5,4,3,4,4,3,4,5,5,4,3,5,2,4,1,4,6,4,4,4,6,5,4,5,3,4,5,4,4,3,3,4,4,2,2,4,3,4,3,1,4,4,3,4,5,4,5,3,2,3,2,5,2,4,4,1,4,5,6,3,2,2,4,2,6,6,2,1,1,4,3,1,3,3,4,6,6,2,4,2,5,3,4,6,6,6,2,1,4,4,2,3,2,1,1,1,5,1,2,3,5,1,2,3,2,1,3,2,5,4,3,3,3,6,1,4,6,4,1,4,5,1,3,6,3,6,5,6,2,6,2,5,3,3,1,1,5,4,1,1,5,2,4,5,5,2,1,5,1,6,4
2,5,2,1,1,1,2,1,1,1,1,3,1,1,1,6,1,2,1,1,1,2,2,1,1,3,1,2,1,2,2,1,1,4,1,2,3,1,1,2,1,2,2,1,2,1,6,1,6,1,1,1,1,1,1,2,2,1,1,4,1,1,1,1,2,1,1,3,2,1,2,1,1,1,1,1,1,2,1,2,1,1,1,1,1,1,1,1,2,2,1,1,1,5,1,2,1,2,1,3,1,1,1,2,1,1,3,1,3,1,1,1,1,1,1,2,1,1,1,3,1,1,4,1,1,2,1,1,1,1,2,1,1,1,1,1,1,3,1,2,1,1,1,1,2,1,1,2,1,1,6,1,1,3,1,1,1,4,1,1,1,6,1,3,5,1,1,1,1,1,1,1,2,1,1,1,1,1,1,2,1,3,2,2,5,1,1,3,1,1,1,1,1,1,1,1,1,1,1,1,1,1,1,1,1,1,1,1,2,2,1,1,2,1,1,5,1,1,3,1,2,2,2,1,5,3,5,1,5,1,3,1,1,1,1,1,1,1,1,1,1,2,1,1,2,1,1,1,2,2
1,5,4,1,1,1,5,1,3,2,3,4,1,1,1,4,1,3,2,1,1,1,1,1,3,4,3,4,2,5,3,2,5,1,1,2,5,5,2,3,4,1,3,2,3,1,5,1,6,4,3,1,5,3,2,6,1,4,3,2,1,3,2,4,3,1,5,4,2,3,5,1,1,3,1,1,4,1,2,1,3,1,1,1,2,1,3,5,2,1,3,2,5,3,1,5,1,6,2,3,2,4,1,3,2,1,1,1,1,1,1,1,4,1,1,3,2,1,2,6,2,2,4,3,1,5,3,4,2,3,1,1,1,1,2,3,2,4,5,2,3,1,4,3,1,5,3,1,4,3,1,1,1,5,3,2,4,5,2,3,1,3,1,5,4,3,1,1,1,2,1,1,1,1,3,2,1,1,1,4,2,2,5,3,6,1,1,2,1,2,3,1,2,1,1,1,3,2,3,1,2,1,1,1,1,2,1,1,1,2,1,1,4,1,1,1,1,2,4,2,1,3,1,3,2,4,3,1,1,1,6,3,4,1,2,5,2,1,1,1,1,3,1,1,2,1,2,1,1,4
3,4,5,1,1,1,5,1,1,1,1,4,2,1,1,4,1,2,3,1,1,2,1,2,3,3,1,6,1,4,3,1,2,2,1,4,3,4,1,4,2,4,1,1,4,3,6,1,4,1,3,1,1,2,1,4,1,2,1,3,1,3,1,1,4,1,1,3,1,1,4,1,2,2,1,1,1,1,3,4,1,1,1,2,1,1,1,NA,1,3,2,1,1,3,3,4,2,6,1,2,3,1,1,3,1,5,5,1,3,1,1,1,1,1,2,3,1,1,1,5,1,1,4,3,1,4,1,2,1,3,2,3,1,1,3,1,1,1,1,1,6,3,1,2,1,3,NA,1,4,1,5,2,1,NA,1,1,1,5,4,1,1,5,1,5,6,1,1,1,1,1,1,1,1,2,2,4,1,1,1,3,1,1,4,3,5,1,1,3,1,1,1,1,1,1,1,3,1,1,1,2,1,1,1,2,1,1,1,4,2,1,1,1,2,1,1,3,1,1,2,1,2,1,2,2,5,2,5,1,1,3,3,1,1,1,2,1,4,1,1,2,1,4,2,1,4,1,1,1,3,2
1,6,6,1,1,1,5,1,1,1,1,4,1,1,1,3,2,1,3,1,1,1,1,3,1,4,1,4,1,3,1,1,1,3,4,1,4,1,1,1,1,4,1,4,3,5,6,4,1,1,5,4,5,2,1,5,5,1,1,3,1,1,1,1,3,1,1,3,4,1,5,1,1,3,1,1,1,4,1,5,1,1,1,1,3,1,1,1,1,1,1,1,1,5,1,5,1,6,1,5,5,1,1,3,1,4,6,5,4,1,1,1,1,1,1,4,3,4,1,1,3,1,6,4,1,4,1,3,5,1,5,3,1,1,1,1,1,4,1,5,6,1,1,6,5,4,2,1,1,1,4,1,1,4,1,2,4,6,6,1,1,6,2,6,6,1,1,1,3,4,1,1,1,1,3,4,1,2,1,3,1,3,1,3,6,1,1,1,1,1,3,2,1,1,1,1,4,1,5,1,1,1,1,3,1,1,1,1,1,1,3,4,5,1,1,6,3,1,5,4,1,6,6,3,6,1,6,1,1,1,3,1,1,1,1,3,5,1,1,1,1,3,3,4,3,1,1,1,4,3
1,2,2,1,1,1,2,1,1,1,1,3,1,1,1,4,1,1,1,1,1,2,1,1,1,3,1,1,1,3,1,1,1,2,1,1,2,1,NA,1,1,3,4,1,4,1,4,1,2,1,3,1,1,1,1,1,1,1,2,3,1,1,1,1,1,1,1,2,2,1,3,1,1,1,1,1,2,2,1,1,1,1,1,2,1,1,1,1,1,1,1,1,1,3,1,1,1,1,1,1,1,1,2,1,1,1,1,1,3,1,1,1,1,1,1,1,1,1,1,2,1,1,3,1,1,3,1,1,1,1,1,1,1,1,1,1,1,1,1,1,1,1,1,1,1,1,1,3,1,1,4,1,2,2,1,1,1,3,1,1,1,4,1,6,1,1,1,1,1,1,1,1,1,1,1,1,1,1,1,2,1,2,1,1,4,1,1,1,1,1,2,1,1,1,1,1,1,1,1,2,1,1,1,1,1,1,1,2,1,1,1,1,1,1,1,3,1,1,1,1,1,1,1,1,3,1,3,1,1,1,1,1,1,1,1,1,1,1,1,1,1,4,1,1,3,1,1,1,1,1
3,5,5,2,1,1,5,1,1,1,1,4,2,1,1,4,2,2,2,1,1,4,1,4,1,3,1,3,2,4,4,2,2,4,1,1,3,4,1,3,3,3,3,4,3,2,5,4,2,2,5,4,4,3,2,3,4,1,3,3,2,3,2,1,3,1,1,3,1,2,4,4,1,2,1,1,4,4,1,4,3,1,1,1,2,2,1,1,3,4,1,2,3,4,1,3,2,4,2,3,4,2,2,3,2,3,4,4,4,1,2,1,2,2,1,4,1,1,4,3,2,1,4,3,1,4,1,1,1,1,2,2,1,1,2,1,1,1,1,2,3,2,1,4,3,3,1,3,1,1,4,1,1,3,3,3,2,6,2,2,2,3,1,4,3,1,1,1,3,2,1,1,2,2,3,3,1,1,1,3,1,3,3,3,5,2,1,3,2,1,2,3,1,2,2,2,1,1,2,2,1,1,1,2,1,2,1,1,2,3,3,2,3,1,2,4,2,2,2,4,4,4,4,3,4,2,4,1,3,1,4,1,2,1,1,2,3,1,1,2,2,3,2,2,2,1,1,1,2,3
3,3,2,2,2,2,3,2,2,2,2,2,2,2,2,2,2,2,2,2,2,2,2,2,2,2,2,2,2,2,2,2,1,1,1,1,2,1,1,1,1,1,1,1,1,1,2,2,2,2,2,2,2,2,2,2,2,2,2,2,2,1,1,1,1,1,1,1,1,1,1,1,1,1,1,1,2,2,2,2,2,2,2,2,2,2,2,2,2,2,2,2,2,2,2,2,2,2,2,2,2,2,2,2,2,2,2,2,2,2,2,2,2,2,2,2,2,2,2,2,2,2,2,2,2,2,2,2,2,2,2,2,2,2,2,2,2,2,2,2,2,2,2,2,2,2,2,2,2,2,2,2,1,1,1,1,1,2,1,1,1,3,2,3,2,2,2,2,2,2,2,2,2,2,2,2,2,2,2,2,2,2,2,2,2,2,2,1,1,1,1,1,1,1,1,1,2,2,2,2,2,2,2,2,2,2,1,1,1,1,1,1,1,1,1,1,2,2,2,2,2,2,2,2,1,1,1,1,1,1,1,1,2,1,1,1,1,1,1,1,1,1,1,1,1,1,1,2,2,2
3,6,1,1,1,2,4,4,1,1,1,2,1,1,4,4,1,1,1,1,4,1,1,3,4,5,1,1,1,1,NA,3,2,4,1,3,3,1,1,3,2,3,5,1,5,2,5,2,6,1,2,1,1,3,2,2,1,1,3,4,1,3,6,2,1,1,2,2,1,1,2,2,2,1,1,4,1,5,5,1,4,1,1,2,5,1,5,1,1,2,3,1,1,6,1,3,1,4,5,6,1,2,5,1,2,3,4,2,1,4,2,5,1,1,1,5,4,3,2,4,4,2,5,2,4,2,6,2,5,3,5,1,1,2,3,5,4,4,3,2,4,5,3,3,2,3,1,1,4,4,1,5,2,2,3,5,1,5,1,4,2,4,1,3,5,2,4,2,5,4,2,4,5,2,4,5,2,6,2,5,1,6,4,4,5,1,1,3,1,1,1,4,1,3,3,1,1,3,1,3,2,4,2,4,2,4,2,6,6,1,5,2,1,1,4,NA,2,4,6,2,3,2,1,3,6,2,3,2,2,1,2,2,3,5,1,6,1,4,5,3,6,6,4,1,1,3,4,1,2,1
1,4,1,1,1,2,2,2,1,1,2,4,1,2,1,5,1,2,2,1,2,1,1,4,2,3,2,3,1,2,3,2,2,2,3,1,2,2,1,3,2,2,1,2,4,1,6,4,5,3,4,3,3,2,1,2,4,2,2,5,2,3,1,1,2,2,2,2,2,1,4,4,4,2,2,1,4,2,2,1,3,2,2,4,2,1,2,3,3,3,2,1,2,5,3,4,3,2,2,4,2,3,3,3,3,2,5,4,4,2,2,1,2,2,2,4,2,3,2,2,2,2,5,3,2,5,3,2,2,2,3,2,1,1,2,2,1,2,1,3,5,2,2,3,4,3,2,2,2,2,5,1,3,2,1,3,2,6,3,2,1,5,3,6,4,1,2,1,2,3,2,2,2,3,4,4,3,2,2,4,2,2,3,3,5,2,2,3,2,1,2,2,1,2,1,3,2,2,3,2,2,1,2,2,1,2,1,3,2,2,1,1,2,1,1,4,3,2,4,3,4,3,4,2,4,2,5,2,5,2,3,2,2,1,1,2,3,2,1,2,1,4,3,2,4,2,2,1,4,3
1,4,5,1,1,1,2,1,1,1,2,3,2,1,1,3,1,1,1,1,2,2,2,5,1,4,1,2,1,3,3,1,1,2,1,1,2,2,1,1,1,2,1,2,1,1,4,1,3,1,3,2,2,1,1,1,1,1,1,3,1,2,1,1,2,1,1,2,1,1,3,1,1,1,1,1,2,3,1,2,2,1,2,1,2,1,1,1,2,1,1,1,3,6,3,5,1,3,2,1,2,3,1,1,1,2,4,1,2,1,1,1,1,1,2,3,2,2,1,2,2,2,3,1,2,3,2,2,1,1,2,1,1,1,1,2,1,2,1,1,3,1,1,3,3,4,1,1,1,1,4,1,1,3,1,1,3,2,1,1,1,3,1,5,2,1,1,1,2,2,1,1,2,1,3,1,1,2,1,2,1,3,1,2,2,1,1,3,2,1,2,3,1,2,1,1,1,2,2,2,1,1,1,2,1,1,1,1,1,2,2,2,1,1,2,3,1,2,2,1,1,3,3,2,6,2,4,2,4,2,2,2,1,1,1,3,1,1,1,1,1,3,1,1,2,1,1,1,1,1
4,5,5,4,4,2,4,4,NA,3,2,4,6,1,3,4,5,4,2,4,4,5,3,5,4,4,2,4,6,4,4,4,2,5,3,6,4,2,4,6,4,3,4,4,2,4,4,3,6,2,4,4,5,4,3,4,4,3,4,3,4,6,4,4,2,5,5,4,3,4,NA,4,4,2,5,4,3,5,4,5,2,4,4,2,4,3,4,6,3,4,3,4,6,2,4,2,6,4,3,4,4,3,4,6,4,2,4,6,3,4,5,4,4,4,4,4,NA,4,4,4,5,4,2,3,4,3,4,6,4,2,4,3,5,5,3,3,2,3,4,3,3,5,3,3,5,2,3,5,2,3,2,5,3,6,3,2,3,5,3,2,3,5,3,3,5,5,2,4,3,3,3,2,3,2,4,4,4,2,3,2,3,3,4,2,3,3,5,3,5,3,4,3,3,4,4,3,NA,3,4,2,3,3,3,4,2,2,3,4,4,4,3,2,3,6,3,4,4,4,2,2,2,4,4,NA,NA,2,4,4,NA,4,2,4,2,3,3,3,4,4,4,2,4,3,NA,2,4,4,3,2,4,4
3,4,5,2,3,4,6,4,4,3,6,4,3,2,4,5,6,4,3,1,1,3,2,4,4,3,4,3,5,4,6,3,5,4,2,5,3,4,2,3,4,6,3,2,4,5,3,4,2,4,3,4,5,3,1,5,4,2,6,5,1,4,3,4,3,5,4,2,2,1,3,5,1,4,3,1,2,1,2,3,5,2,3,1,4,4,2,3,5,6,3,2,4,5,6,6,2,6,3,5,5,3,2,4,3,4,1,2,5,4,3,1,5,4,5,6,2,4,3,6,4,3,2,5,3,4,1,2,4,3,4,3,5,4,2,4,2,3,1,4,3,4,3,6,4,4,6,4,5,4,5,3,2,4,3,2,5,6,5,3,1,5,4,6,2,1,4,1,6,5,1,1,4,3,4,4,2,3,4,6,3,4,4,4,6,6,4,4,3,3,3,4,1,1,2,4,3,3,2,3,1,1,4,5,3,6,1,2,6,3,6,4,6,3,3,2,4,2,3,6,6,6,3,5,5,4,3,3,6,2,6,4,3,1,3,4,4,1,2,3,2,5,4,5,2,3,4,1,4,6
1,5,4,1,1,3,5,1,2,3,4,5,4,5,3,6,3,3,4,2,3,2,1,4,2,4,1,5,2,4,5,3,3,4,2,3,4,3,1,2,3,3,2,4,4,4,6,5,5,3,5,5,5,4,2,3,5,2,3,4,3,4,3,3,4,3,2,5,5,3,3,4,2,2,2,4,5,5,3,4,2,2,4,3,3,3,2,2,3,4,2,3,4,5,3,6,2,5,2,4,5,4,3,3,3,5,5,3,4,2,3,1,2,1,2,4,2,3,3,4,3,2,5,4,2,4,3,2,3,3,4,3,2,2,4,3,2,4,1,3,5,2,2,4,4,5,3,4,2,2,6,2,2,4,1,3,3,6,4,3,2,6,2,6,5,2,2,2,3,4,1,2,2,2,4,3,2,3,2,4,3,4,4,4,5,3,4,3,2,2,3,4,3,3,2,3,3,4,3,4,2,2,2,3,2,2,2,2,2,3,4,4,5,2,2,4,3,2,3,3,3,4,4,2,4,2,5,2,4,2,3,2,2,1,2,3,3,4,2,2,2,3,4,3,4,2,3,1,3,3
2,5,3,1,2,1,2,1,1,1,1,3,1,2,1,2,1,1,1,1,2,1,2,2,2,2,1,2,1,2,1,1,2,1,1,1,3,1,1,1,2,1,1,1,3,4,5,3,2,1,2,2,2,2,2,1,2,1,1,3,1,2,3,3,2,3,2,2,3,2,3,3,3,2,5,2,2,6,3,3,2,2,3,2,4,3,4,2,2,2,2,3,2,6,3,2,4,2,3,3,4,3,3,2,2,5,3,4,4,1,2,3,1,1,1,3,4,3,2,1,3,2,3,3,4,4,3,2,1,2,2,3,2,2,1,2,1,3,1,1,5,2,4,3,2,2,1,4,1,4,6,2,3,4,2,2,3,3,2,4,5,5,4,5,4,3,3,2,3,2,1,1,3,3,4,2,3,4,3,2,3,2,2,3,3,2,2,3,1,2,3,2,4,4,4,4,3,2,1,2,1,4,2,2,2,1,2,3,2,1,2,3,2,2,1,6,4,4,5,2,2,3,2,3,5,3,4,3,4,1,3,4,2,5,3,3,NA,2,3,2,2,3,3,4,2,2,2,3,2,1
1,5,1,1,1,1,4,2,1,1,5,6,2,1,1,6,1,1,2,1,2,1,2,5,1,3,1,4,1,5,5,1,1,5,4,2,5,2,1,1,1,4,1,3,5,3,6,1,1,1,3,2,1,1,1,1,1,3,1,6,3,2,1,1,3,2,3,5,5,2,4,2,1,1,1,1,4,5,5,4,2,2,3,2,1,1,1,1,1,3,1,5,2,6,4,2,1,6,1,1,2,1,1,3,1,2,6,2,5,3,1,1,1,1,1,5,3,2,2,5,3,2,6,2,1,4,5,1,3,1,3,2,1,1,4,1,2,3,1,2,5,2,1,4,3,2,1,3,1,1,5,2,1,4,1,1,3,6,2,1,1,4,1,6,2,1,1,1,2,1,3,1,2,1,3,1,1,2,1,5,1,3,1,2,6,2,1,3,2,1,2,5,2,4,1,2,1,1,1,1,1,1,1,5,2,1,1,5,1,1,2,1,1,1,1,6,1,1,3,1,1,4,2,3,6,4,6,1,3,1,1,1,1,1,1,2,1,1,1,1,1,3,1,4,2,4,5,1,3,1
2,6,4,1,2,1,2,1,1,3,2,6,4,2,2,4,3,2,4,3,4,5,2,5,4,3,3,5,3,4,3,3,4,6,3,4,6,5,1,2,2,4,1,3,6,5,5,2,5,4,6,3,3,2,1,2,3,2,4,5,2,3,2,3,4,3,2,4,6,2,3,2,1,3,2,1,2,3,2,4,3,2,3,4,2,3,2,3,4,3,4,1,2,5,4,6,3,4,2,3,3,2,4,2,3,4,3,2,6,3,2,2,1,1,1,4,3,2,3,6,3,2,5,4,3,5,2,2,3,3,4,2,1,1,2,2,2,3,1,3,4,2,3,4,4,5,3,1,2,3,6,1,2,3,1,2,3,1,3,2,3,6,2,6,5,1,2,1,3,4,1,2,4,2,5,4,1,2,1,5,2,3,5,3,6,3,2,4,3,1,2,4,1,3,3,5,3,4,4,3,1,2,2,4,2,2,1,1,2,2,3,2,4,1,2,4,3,2,6,3,4,5,6,4,5,5,6,2,4,1,5,2,2,4,2,3,4,1,1,2,2,6,4,3,2,2,4,1,4,3
1,5,2,1,1,1,5,1,2,1,2,3,1,1,1,2,1,1,2,1,1,1,1,1,1,3,1,4,1,2,1,2,1,1,1,1,3,1,1,1,2,3,1,3,4,3,4,1,5,1,4,2,4,2,1,4,3,1,1,6,1,2,1,2,4,1,3,5,2,1,5,3,1,3,2,1,2,4,1,3,3,2,1,2,1,1,1,1,1,3,2,1,1,4,3,5,2,3,2,4,2,1,2,5,2,3,3,4,2,3,4,1,1,1,1,4,2,3,3,5,4,2,5,3,1,4,2,1,3,3,3,3,1,1,1,1,1,1,1,3,5,2,2,5,5,5,4,3,2,1,6,1,1,5,1,2,2,6,5,1,1,6,2,6,5,1,1,1,3,4,1,2,3,2,5,5,1,2,2,4,2,3,4,4,6,2,3,3,1,2,4,2,1,3,2,3,1,1,2,2,1,1,2,2,2,1,1,3,3,4,3,3,3,1,1,5,4,1,5,5,2,3,6,3,5,3,5,2,4,1,3,1,1,1,2,2,2,1,1,2,1,5,4,3,2,2,2,1,3,3
1,6,2,1,2,1,2,1,1,1,1,2,1,1,2,6,1,1,1,1,1,1,2,1,1,2,1,1,1,2,1,1,1,3,1,1,1,1,1,1,2,1,1,1,1,2,6,1,1,1,1,1,1,1,1,1,1,1,1,3,1,1,1,2,1,1,1,2,1,1,1,2,1,1,1,1,1,1,1,2,1,1,1,1,1,1,1,1,1,1,1,1,1,3,1,1,1,2,1,1,1,1,1,1,1,1,6,3,2,1,1,1,1,1,1,1,2,1,1,1,1,1,3,1,2,2,1,1,1,1,1,2,1,1,1,1,1,2,1,1,3,1,1,1,1,1,1,1,1,1,3,1,1,1,1,1,1,3,1,1,1,1,1,3,6,1,1,1,1,1,1,1,2,1,1,1,1,3,1,1,1,1,3,2,1,2,1,1,1,1,1,1,1,1,1,1,1,2,1,1,1,1,1,1,1,1,1,1,1,1,1,3,1,1,1,6,1,1,2,1,1,1,1,1,3,1,1,1,1,1,3,1,1,1,1,1,1,1,1,1,1,1,3,1,2,1,1,1,1,1
2,6,6,1,1,1,6,1,3,3,4,5,4,2,1,4,5,3,4,1,1,2,1,3,3,3,2,6,5,6,6,5,1,1,2,4,2,5,1,3,3,5,4,4,6,3,6,2,6,4,5,5,6,4,2,5,4,2,4,2,1,5,2,3,5,3,5,6,6,1,4,3,1,6,5,1,5,5,3,5,6,3,4,2,3,5,2,3,3,2,5,1,3,4,5,5,2,4,3,5,5,3,2,6,5,6,2,2,3,2,3,2,3,2,3,6,2,3,3,6,5,2,5,5,2,6,6,1,2,2,5,4,2,2,3,2,3,2,1,3,4,2,2,6,4,6,5,5,4,2,6,3,3,4,6,2,4,6,6,4,1,6,2,6,5,2,2,1,4,3,2,3,4,4,6,6,2,3,2,6,4,5,6,4,6,3,4,4,3,2,3,2,1,1,2,3,2,2,3,4,2,1,2,3,2,4,1,1,3,2,2,3,5,2,2,2,4,3,5,6,6,6,3,6,4,6,6,3,4,1,2,NA,3,1,2,4,6,3,1,4,NA,3,5,4,4,2,2,1,3,5
1,5,1,1,1,1,6,1,1,1,1,4,1,1,1,2,1,1,1,1,1,1,1,1,1,1,1,5,1,1,1,1,1,4,1,1,4,1,1,1,4,1,1,1,4,1,6,1,1,1,6,1,1,1,1,1,1,1,1,6,1,1,1,1,1,1,1,1,1,1,1,1,1,1,1,1,1,5,1,5,1,1,1,1,1,1,1,1,1,1,1,1,4,6,1,1,1,5,1,5,1,1,1,1,1,1,5,6,1,1,1,1,1,1,1,6,1,4,1,1,1,1,5,1,1,4,4,1,1,1,1,3,1,1,1,1,1,5,1,5,6,1,1,6,4,6,1,5,1,1,6,1,1,5,1,1,1,6,5,1,1,1,1,6,1,1,1,1,1,1,1,1,1,1,5,1,1,4,1,4,1,4,1,5,6,1,1,5,3,1,5,1,1,1,1,6,1,1,1,1,1,1,1,1,1,1,1,1,1,1,1,1,5,1,1,6,1,1,5,1,1,1,5,1,6,1,6,1,1,1,4,1,1,1,1,1,1,1,1,1,1,1,4,1,4,1,1,1,1,1
1,3,1,1,1,1,1,1,1,1,1,2,1,1,1,1,1,1,1,1,1,1,1,2,1,1,1,1,1,2,1,1,2,1,1,1,1,1,2,2,1,2,1,1,2,2,2,1,2,1,2,1,1,1,1,1,1,1,1,2,1,1,1,1,1,1,1,2,1,1,1,1,1,1,1,1,1,1,1,2,1,1,1,3,1,1,1,1,1,1,1,3,2,3,2,1,3,3,1,1,1,1,3,1,1,1,3,1,3,1,1,1,1,1,1,2,3,2,1,1,2,1,2,1,2,1,1,1,1,1,2,1,1,1,1,1,1,1,3,1,4,1,2,2,1,2,1,1,1,1,3,1,1,3,1,1,2,3,2,1,1,3,1,4,2,1,1,1,2,1,1,3,3,1,3,1,1,1,1,1,1,3,2,1,3,1,1,3,1,1,2,3,1,3,1,2,1,1,1,1,1,1,1,3,1,1,1,1,1,1,2,1,1,1,1,3,1,1,3,1,3,3,2,1,4,1,5,1,1,2,1,1,1,1,1,1,4,1,1,3,1,3,1,3,3,1,1,1,3,1
3,6,2,1,2,1,1,1,1,3,1,5,1,1,1,6,1,1,1,1,2,2,1,5,1,4,1,1,1,1,3,1,1,2,1,1,2,1,1,1,1,3,1,4,2,4,6,1,2,1,2,2,1,2,1,4,5,2,1,5,2,2,2,1,4,1,1,5,1,1,6,5,1,2,1,1,1,3,2,3,1,1,1,2,2,1,1,1,1,1,1,1,1,4,1,1,1,2,1,1,2,1,1,1,1,1,1,1,1,1,1,1,1,1,1,1,1,1,2,1,1,1,4,1,1,2,1,3,1,1,2,1,1,1,1,1,1,1,1,1,5,2,1,2,1,1,1,1,1,1,1,1,1,4,1,1,1,3,1,1,1,1,1,4,1,1,1,1,1,1,1,1,1,1,3,1,1,1,1,1,1,2,1,2,2,1,1,1,1,1,3,1,1,3,1,1,1,1,1,1,1,1,1,1,1,1,1,1,1,1,1,1,2,1,1,4,1,1,1,1,2,1,1,1,3,1,5,1,1,1,2,1,1,1,1,2,1,1,1,1,1,3,1,1,1,1,1,1,1,1
2,3,3,1,1,1,3,1,1,1,1,2,1,1,1,2,2,1,3,1,1,2,1,1,1,3,1,4,1,3,1,1,1,1,1,2,1,1,1,2,1,3,1,1,2,3,1,1,5,1,2,2,2,2,1,3,2,2,2,2,1,2,1,1,3,1,2,1,2,1,1,1,1,1,2,1,1,1,2,2,1,1,1,2,1,2,1,1,2,1,1,1,1,3,4,1,2,4,1,2,3,1,2,2,1,2,3,1,2,1,2,1,1,1,1,2,2,3,1,4,1,1,1,2,1,2,1,2,1,3,3,3,1,1,2,1,2,1,1,2,5,1,1,2,3,2,2,2,4,2,3,3,2,4,1,1,2,6,1,2,1,3,1,5,4,1,1,1,2,2,1,2,1,1,2,2,1,1,2,4,1,2,4,2,6,2,3,1,2,1,1,2,1,3,1,2,1,1,2,1,1,2,2,1,1,2,1,2,3,1,2,1,2,1,2,4,1,2,1,2,3,3,2,4,4,2,3,1,1,1,2,1,2,1,2,1,3,1,2,2,1,5,1,2,3,1,2,1,3,4
2,6,3,1,1,1,6,1,2,2,4,2,1,1,1,2,3,3,2,1,1,1,1,1,2,1,3,5,3,3,4,1,2,1,1,3,3,5,1,1,2,4,1,1,5,3,5,1,6,3,2,3,3,1,1,5,2,1,4,3,1,2,1,1,4,4,2,3,4,1,3,3,1,4,1,1,1,1,1,2,4,3,1,2,3,2,1,2,4,1,2,1,1,3,3,4,1,5,3,2,3,1,1,4,5,5,1,1,1,1,1,1,1,1,1,3,2,2,3,6,2,1,5,3,1,3,1,1,1,3,1,1,1,1,3,2,1,3,1,1,4,1,1,2,1,4,5,3,6,3,6,1,1,5,1,1,3,3,2,1,1,5,3,6,1,1,2,1,3,4,1,1,1,2,3,3,1,1,1,5,3,2,4,3,6,1,1,3,1,1,1,2,1,1,1,4,1,1,1,3,1,1,2,1,1,1,1,1,2,1,3,1,5,1,1,4,2,1,3,2,6,4,5,3,1,2,6,1,1,1,5,1,1,1,3,1,2,1,1,2,1,5,1,1,3,1,1,1,4,3
1,3,1,1,4,1,4,1,3,1,3,1,3,1,3,6,1,2,3,1,3,1,2,4,3,2,2,4,2,3,1,4,3,2,1,2,4,2,2,4,3,1,1,3,3,3,6,3,3,2,4,5,NA,4,2,3,6,2,3,4,5,4,3,3,4,3,5,4,5,4,5,2,3,3,4,3,4,3,2,3,2,5,3,NA,5,2,4,2,4,3,3,4,3,5,6,6,2,4,1,3,4,4,4,4,3,1,4,2,4,2,3,1,1,1,1,2,3,3,2,4,4,3,2,5,2,5,2,4,2,6,4,2,5,3,2,4,NA,3,4,3,6,3,1,3,4,5,1,2,1,1,6,4,5,2,4,3,5,1,4,4,5,2,4,3,NA,4,3,1,4,4,1,3,4,4,1,3,1,3,1,5,4,5,3,6,6,6,3,5,3,3,1,3,1,6,2,4,1,2,4,3,3,4,5,NA,2,5,4,5,3,5,NA,4,4,5,3,5,4,6,6,3,6,4,6,6,6,5,6,3,1,3,3,1,4,3,1,1,3,1,3,1,4,1,2,2,5,3,1,1,4,2
1,4,1,1,2,1,1,1,1,1,1,1,1,1,1,2,1,1,1,1,1,4,3,5,1,5,1,4,1,1,1,1,1,4,1,1,3,1,1,1,1,1,1,2,1,2,6,2,1,3,3,1,1,1,1,1,5,1,1,4,1,1,1,3,1,1,1,4,1,1,2,1,1,1,1,1,2,1,1,2,1,1,2,1,1,1,1,1,1,1,1,1,1,6,1,5,1,1,1,1,1,1,1,1,1,1,2,1,2,1,2,1,1,1,2,2,1,1,1,1,1,1,6,1,3,3,5,3,1,1,1,2,1,1,1,1,1,3,1,1,1,2,1,2,1,3,1,1,1,1,2,1,1,3,1,3,3,3,1,1,1,4,1,5,1,1,1,1,1,1,1,1,3,1,3,3,1,3,1,1,1,1,1,3,1,1,1,1,2,1,4,1,1,2,1,1,1,1,1,1,1,1,1,2,1,1,1,1,1,3,2,1,1,1,1,4,1,1,4,1,1,4,1,1,1,1,1,3,3,1,1,3,3,1,1,1,3,1,1,1,1,4,1,4,3,1,1,1,3,1
