"sour","torment","rainy","squads","ensues","parliamentary","yanks","ensuring","o'clock","commanding","dissolved","shiny","skeptics","traveller","embryo","speculative","exploding","exits","manifestations","ridges","swollen","jasper","wisely","burner","singularity","wacky","idiotic","armored","deputies","caliber","cubes","refusal","neutron","sandwiches","possessed","overloaded","reviewers","roam","racers","resignation","guerrillas","cabinets","renamed","injunction","paging","rewritten","masked","deluded","sandwich","expandable","ballroom","whirling","hallucinations","debris","prayed","opted","compilations","curt","apocalypse","inconsistencies","neglected","typewriter","intimidated","oils","miniatures","ragged","critically","motel","chronicle","firestorm","tribunal","tedious","persuade","snakes","tokens","boils","astrophysics","beautifully","brag","outs","levy","leaps","amend","recourse","fuse","miracles","nicknames","thanked","dreamer","juggle","fireplace","lair","ringing","bitten","bureaucratic","travellers","tablespoon","lump","flyers","rites","substituted","spewing","peck","gnomes","crackers","medic","elusive","diabolic","filming","mirrored","raj","courageous","dividends","congenital","differentiate","crawling","congregation","notwithstanding","mouths","trimmed","grounded","quadrant","monopolies","kingdoms","amused","folds","daylight","reds","recruitment","successor","badger","speeding","nebula","photographers","reproductive","zephyr","parse","condemnation","repentant","trait","raping","badge","filth","overwhelmed","diminish","bombers","marching","pleas","toggle","commute","debated","innate","condemning","counterpart","glacial","initiates","kilometers","blanks","lightweight","writer's","acquiring","moat","mats","erotica","llama","horns","cancels","leprechaun","escapes","enzyme","modulation","digress","landlord","retains","improves","favored","ploy","deprived","hairless","bulge","eta","rhetorical","steals","architectural","vigorous","validation","servings","civilizations","optimizing","toaster","specter","who'll","blurb","bison","archaic","devise","mundane","interviewing","reservoir","shrugged","babes","buses","nod","unusually","comfortably","allegation","pricey","balancing","stumbling","bacterial","handgun","agnostic","primes","communal","melee","persists","manifold","lecturer","baton","legitimacy","lamps","futile","jasmine","campuses","considerate","confrontation","overlap","ovary","behaves","caste","rotary","acquainted","armada","stew","barbarian","valiant","greeted","infants","comparatively","battered","spectator","abound","parallels","exchanged","closure","malice","healed","landings","ivy","suburbs","scissors"
2,1,1,1,1,1,1,1,1,1,1,1,1,1,2,1,1,1,1,2,2,1,1,1,3,2,1,3,2,2,1,1,1,1,1,1,1,1,1,1,3,1,1,1,3,3,1,1,1,1,1,3,1,6,3,1,1,1,1,1,1,1,1,3,1,4,1,2,3,1,1,1,1,1,1,2,1,1,1,1,3,1,1,1,1,1,1,1,1,2,1,4,1,1,1,1,1,1,1,1,1,1,1,6,1,1,1,1,1,1,3,1,1,2,1,2,1,1,1,1,1,1,2,1,1,1,1,1,1,1,1,1,1,1,1,4,3,2,3,1,4,1,1,1,1,1,1,1,1,1,1,1,1,1,1,1,1,1,4,1,3,1,1,1,1,1,1,4,1,1,1,3,1,1,1,1,1,1,1,1,1,4,1,2,2,2,1,1,1,2,1,2,1,1,2,1,1,1,5,2,3,1,1,3,1,1,1,1,1,1,1,3,1,1,4,1,1,1,1,1,1,2,3,2,1,1,2,2,2,2,1,1,1,1,2,2,1,1,1,1,NA,2,2,2,2,1,1,1,1,1,2
3,1,2,2,3,1,1,2,1,1,1,1,2,1,4,2,1,1,1,2,1,1,2,1,2,1,3,1,4,4,2,1,5,1,1,2,5,4,1,1,6,1,1,2,1,3,1,1,1,2,1,3,2,6,2,1,1,1,6,2,1,3,1,5,2,1,1,1,4,2,3,6,2,1,1,5,6,2,1,3,2,3,1,3,2,1,1,1,1,2,3,2,1,1,6,3,2,1,2,1,2,4,1,6,1,1,2,1,3,2,1,4,1,2,1,2,1,2,4,1,2,3,6,1,1,1,3,1,2,1,1,1,2,5,2,6,2,1,1,3,1,1,1,4,1,2,1,5,1,2,1,1,3,2,5,2,1,1,6,4,4,5,1,1,6,2,3,6,3,4,1,1,1,2,5,1,2,1,4,1,1,6,2,1,2,1,1,2,1,4,1,2,1,4,6,1,2,3,6,1,1,1,1,3,2,1,2,1,1,1,1,2,2,1,6,1,1,2,1,3,1,2,3,4,1,1,1,5,1,3,2,6,1,2,1,4,2,1,1,2,1,3,1,2,3,1,4,1,2,2,3
3,4,3,2,3,4,3,4,3,4,2,3,2,4,4,2,3,2,3,3,3,4,4,2,2,3,2,4,4,2,2,2,4,1,2,NA,1,3,2,2,3,3,1,3,5,1,4,3,2,1,3,3,3,2,3,3,4,2,2,4,2,4,2,3,4,2,NA,3,2,4,2,3,3,2,NA,4,2,NA,4,2,4,2,4,2,NA,4,2,4,2,2,4,4,2,4,2,4,2,4,2,4,2,2,NA,4,2,2,4,2,4,2,1,2,4,3,4,3,2,NA,3,NA,2,NA,2,1,NA,3,NA,3,NA,3,2,NA,3,3,2,3,3,2,4,4,4,3,4,4,3,3,4,3,3,2,3,3,3,4,4,3,3,3,4,2,3,3,5,4,5,5,4,3,4,4,3,3,5,3,5,4,3,2,NA,3,4,4,3,2,2,3,3,NA,4,4,2,2,3,4,3,3,5,5,3,3,3,NA,4,5,5,2,3,3,2,3,3,4,5,6,5,NA,4,2,4,4,3,1,3,3,4,4,3,3,2,3,4,4,3,4,4,5,5,5,3,2,2,3,3,4,4,2,1,2,1,2,1
3,1,3,4,4,5,1,3,1,1,1,3,2,NA,3,1,4,2,2,3,1,1,4,1,4,1,6,6,4,1,1,1,4,2,6,2,6,5,3,2,6,1,4,1,5,2,4,1,1,1,1,6,2,3,4,1,4,1,5,2,2,2,1,5,5,2,4,1,5,4,1,3,5,1,1,2,5,5,3,3,1,3,1,2,1,4,5,4,3,5,3,6,3,3,2,1,3,3,1,3,1,1,2,3,1,1,2,1,2,5,1,3,6,1,3,1,1,1,2,4,1,1,5,1,1,1,3,1,4,3,5,1,1,3,1,6,4,2,1,5,3,4,3,5,3,4,1,3,1,1,1,3,2,4,3,NA,1,1,1,5,5,1,1,1,1,1,1,6,6,4,2,1,1,2,4,4,1,3,4,3,1,4,2,6,1,1,1,4,1,3,2,6,1,1,4,6,5,2,4,1,4,2,1,6,2,5,3,4,2,4,1,3,6,2,1,5,1,1,1,4,3,6,6,5,2,1,1,1,5,4,3,6,1,1,5,4,1,2,2,4,4,1,3,3,1,5,3,1,1,5,6
2,2,3,4,5,5,2,3,3,2,3,3,4,2,3,3,3,2,4,3,2,3,3,2,3,3,1,2,3,2,1,2,3,2,3,2,3,1,1,2,5,2,1,2,2,2,1,3,3,3,1,4,3,3,2,2,4,1,4,4,5,3,3,2,4,3,3,1,5,1,3,4,3,1,1,1,4,4,1,1,1,1,2,3,1,3,1,3,3,3,2,2,2,1,5,3,2,1,2,1,4,3,1,5,3,2,3,4,2,3,6,5,4,4,4,3,3,3,4,2,3,5,3,3,3,1,3,1,4,5,3,2,4,5,4,5,3,4,4,3,4,4,4,4,3,4,3,3,2,2,3,2,4,4,3,3,4,3,4,3,5,2,1,4,3,1,1,4,3,4,3,3,1,4,2,3,1,3,3,2,1,4,1,4,3,3,2,5,4,2,2,3,2,2,5,2,2,4,3,3,1,1,1,2,3,3,2,3,4,3,2,4,1,2,5,3,3,3,2,3,3,3,2,3,3,4,2,2,2,3,3,5,4,2,4,3,3,2,4,3,3,2,3,3,3,3,2,2,1,4,6
1,1,1,1,3,2,1,1,1,1,1,1,1,1,2,1,1,1,1,1,1,1,1,1,3,1,2,1,1,2,1,1,3,1,1,1,2,1,1,3,6,1,1,1,1,1,1,1,1,1,1,1,3,2,1,3,2,1,2,1,1,1,1,1,1,1,1,1,2,1,2,2,2,1,1,1,3,1,1,1,1,1,1,1,1,1,1,1,1,1,1,1,1,1,6,1,1,1,1,2,2,2,1,1,1,1,2,3,1,1,1,2,1,2,3,1,2,1,1,1,1,1,1,1,1,1,1,1,1,1,2,1,1,1,1,6,1,2,1,1,1,1,1,1,1,1,1,2,1,1,1,1,2,1,1,2,3,1,1,1,4,1,1,1,1,1,1,6,1,5,1,1,1,1,1,1,1,1,1,1,1,4,1,6,1,1,1,1,1,1,1,2,1,1,5,2,2,1,6,1,1,1,1,1,1,2,1,1,1,1,1,2,1,1,6,1,1,1,1,1,1,2,1,1,1,1,1,1,1,1,1,2,1,1,1,1,1,1,3,1,1,1,1,1,1,2,1,1,1,1,3
1,1,1,1,3,1,1,1,1,1,1,2,1,1,2,1,2,2,1,3,3,1,2,1,1,1,1,1,2,1,3,3,4,1,1,1,1,2,1,5,5,1,1,1,2,1,1,3,1,1,1,2,5,6,1,1,2,2,2,4,1,1,1,2,2,1,1,2,2,1,3,3,5,1,1,1,2,4,1,1,2,1,1,1,2,1,1,1,1,1,1,3,1,3,6,1,1,1,3,1,1,1,1,6,1,2,1,2,1,1,2,3,2,2,5,1,2,1,1,1,1,2,2,1,1,1,1,1,2,4,1,1,2,2,1,4,1,3,1,1,1,1,1,2,1,4,1,1,1,2,1,2,3,1,4,4,3,1,5,1,2,1,1,1,3,1,3,1,1,2,1,1,1,1,1,2,1,1,1,3,1,1,1,1,1,1,1,4,1,1,1,1,1,2,2,1,1,1,4,1,1,2,1,3,1,1,3,3,1,1,1,1,1,1,1,1,1,3,1,1,1,1,1,1,1,3,1,2,1,1,2,1,1,1,1,1,1,1,1,1,1,1,1,1,3,1,1,1,2,1,4
6,6,6,6,6,5,5,6,6,6,6,6,6,6,6,6,5,5,4,5,3,6,6,6,6,6,6,6,6,6,6,6,6,6,6,5,5,5,5,5,5,5,5,6,6,6,6,6,6,6,6,6,6,6,6,6,6,1,4,4,4,4,5,5,5,5,5,5,5,5,6,6,5,5,5,1,5,5,5,5,5,5,5,5,5,5,6,6,6,6,6,6,5,6,5,6,5,6,6,6,6,6,1,6,6,6,6,6,5,5,5,5,5,5,5,5,5,6,6,6,6,6,6,6,6,1,6,1,5,5,5,5,5,5,5,5,5,5,5,1,5,6,1,6,6,6,6,6,6,6,6,5,5,5,5,5,5,5,5,5,5,6,1,6,6,6,6,6,6,6,6,6,6,6,6,6,6,6,6,6,1,5,5,5,5,5,5,5,5,5,5,5,5,5,5,5,5,5,5,6,6,6,6,6,6,6,6,6,6,6,6,6,6,6,6,5,5,5,5,5,5,5,5,5,5,5,5,5,5,5,5,5,5,5,5,5,5,6,6,6,6,6,6,6,6,6,6,6,1,6,6
4,4,3,2,2,2,2,3,3,3,3,3,3,3,3,3,3,3,4,4,4,4,4,2,3,3,2,4,3,3,4,4,4,4,4,3,3,3,4,4,4,3,3,4,3,3,3,3,4,4,3,3,3,3,4,4,4,3,3,3,4,4,4,4,4,4,4,4,4,4,4,4,4,4,4,4,4,4,4,4,4,1,1,1,1,1,1,1,1,1,1,1,1,1,4,4,4,1,1,3,1,1,1,1,1,1,1,1,1,2,2,2,2,2,2,2,3,3,2,2,3,3,3,4,4,4,3,3,3,3,3,3,3,3,3,3,3,3,3,3,3,3,3,3,3,2,2,2,2,2,2,2,3,3,3,3,2,2,2,3,3,3,3,3,3,2,2,2,2,2,2,2,2,2,2,2,2,2,2,2,3,3,3,2,2,2,4,4,4,4,4,4,4,4,1,1,1,1,1,1,1,1,1,1,1,1,1,1,3,3,3,1,1,1,1,1,1,3,3,3,3,6,6,6,6,6,6,5,5,5,3,4,4,3,4,3,4,5,2,2,2,2,3,3,3,3,2,3,3,3,3
5,1,2,3,3,5,1,4,2,2,5,2,2,2,4,3,1,1,3,1,2,1,4,2,2,2,3,4,2,1,1,3,3,1,1,3,3,3,1,5,5,3,2,4,2,2,1,1,2,1,1,3,4,6,3,1,4,2,5,2,2,4,1,3,5,1,3,1,4,1,2,2,3,1,1,2,6,4,1,2,2,3,1,3,3,5,1,1,2,1,1,4,1,1,6,1,1,1,2,1,2,4,1,6,1,1,2,3,1,5,1,4,2,2,4,3,3,1,3,1,2,3,3,2,3,1,5,1,3,3,1,1,1,4,4,6,1,3,2,4,1,1,1,4,1,2,1,3,1,1,1,1,5,3,5,5,2,2,5,2,5,3,1,4,6,1,1,6,2,4,3,1,1,2,3,2,2,1,2,1,1,6,3,4,3,3,1,3,1,2,1,5,1,2,5,2,1,4,6,1,1,1,1,5,2,3,1,2,1,2,1,2,1,1,5,2,1,4,3,3,1,1,5,1,3,3,1,3,2,6,3,5,2,5,3,4,1,3,3,1,2,3,3,1,4,4,3,1,3,1,5
4,1,2,3,4,5,1,2,1,1,2,2,3,1,4,4,2,1,2,NA,2,1,2,1,6,2,3,3,3,3,1,3,5,2,4,1,4,1,1,4,6,3,1,3,1,1,1,2,1,2,1,3,5,4,1,5,4,1,6,6,4,1,2,4,4,3,3,1,4,1,4,5,6,1,1,3,6,5,1,1,4,2,1,3,1,3,1,2,2,3,1,5,2,3,6,2,1,1,3,1,4,3,1,5,2,1,4,5,3,4,6,6,5,4,6,4,6,6,4,3,3,4,5,2,3,1,1,1,5,3,2,3,4,6,5,6,5,6,6,4,5,2,2,3,4,2,1,3,4,1,1,2,5,2,5,5,5,1,2,4,4,4,1,5,4,2,2,5,3,6,4,4,1,2,1,1,1,3,2,3,5,6,2,6,5,3,3,4,4,3,3,5,2,3,6,5,6,5,6,3,3,2,1,4,2,NA,4,3,3,5,1,5,1,4,6,3,1,3,1,6,1,6,4,3,4,1,1,5,4,6,6,5,1,1,4,5,1,1,3,2,2,4,4,2,3,4,1,1,4,3,3
2,2,2,3,4,5,5,5,5,6,6,4,4,4,5,4,4,4,3,3,4,4,4,4,4,4,4,4,4,4,4,3,3,3,3,3,4,4,4,3,2,2,2,2,4,4,4,4,3,4,4,4,3,3,2,3,4,2,4,3,4,3,3,4,3,3,3,2,2,3,3,3,4,3,4,3,3,3,3,3,2,2,2,2,3,3,4,4,3,4,3,3,3,3,4,3,3,1,1,NA,1,2,2,2,2,2,1,1,1,2,2,2,3,3,2,2,2,3,3,3,3,3,3,3,3,3,3,3,3,2,2,2,3,3,3,4,5,4,4,4,4,3,2,2,2,3,4,4,5,4,4,4,4,4,2,3,2,3,3,3,3,3,1,2,2,2,3,1,2,1,2,2,2,3,2,2,3,1,2,1,2,2,2,2,1,3,3,3,3,4,2,3,2,2,2,2,2,2,2,3,3,2,2,2,2,1,2,1,1,2,2,2,1,2,2,2,1,2,2,2,2,2,2,2,2,2,1,1,1,2,2,2,2,2,2,2,2,2,2,2,2,2,2,2,3,2,3,3,3,3,3
2,1,1,1,3,5,1,1,1,1,2,1,1,1,3,2,1,1,3,1,1,2,1,1,3,1,2,2,2,2,1,1,1,1,1,1,1,1,1,2,2,2,1,1,1,3,1,1,1,1,1,3,4,6,1,3,1,1,3,3,2,3,1,1,1,1,2,1,4,1,1,2,2,1,1,2,4,1,1,1,3,1,1,1,3,1,1,2,1,1,1,4,1,1,6,1,1,1,1,1,2,1,1,6,1,1,1,2,1,1,4,1,1,6,4,1,1,1,5,1,1,1,1,1,1,1,1,1,1,3,1,1,1,3,1,5,1,4,3,1,1,1,NA,3,1,1,1,2,1,1,1,1,1,1,3,3,1,1,2,1,3,1,1,2,3,1,1,3,1,3,1,1,1,1,1,1,1,1,1,1,3,4,1,3,1,1,1,3,1,1,1,3,1,2,1,1,1,1,4,1,1,1,1,1,1,1,1,1,1,1,1,3,1,1,4,1,1,1,3,2,1,3,1,1,1,1,1,1,1,2,1,3,1,1,1,1,1,1,1,1,1,1,3,3,1,1,1,1,1,1,2
1,2,5,4,4,5,3,4,3,2,5,4,6,4,3,2,1,2,4,4,3,4,6,6,6,6,6,6,6,6,6,6,6,6,5,5,5,5,5,5,5,5,5,5,5,5,5,5,5,5,4,4,4,4,4,4,4,4,4,4,4,4,4,4,4,4,4,4,3,2,4,4,4,3,3,2,2,2,2,4,4,4,1,1,1,1,1,1,1,1,1,1,2,3,4,5,6,5,4,3,2,1,2,3,4,5,6,5,4,3,2,1,1,3,4,4,5,5,6,6,5,4,3,2,2,3,5,4,4,4,1,2,1,2,1,2,1,2,2,1,2,2,2,1,2,1,2,3,3,3,3,3,3,3,3,3,3,2,4,4,4,5,2,1,2,3,4,5,6,5,4,3,2,1,1,2,3,4,5,5,6,5,6,5,3,4,3,4,3,2,3,2,3,2,5,5,3,3,5,4,6,5,6,6,1,6,1,3,2,3,2,3,4,3,4,3,4,3,4,3,5,4,5,4,5,4,5,6,5,6,5,6,5,6,5,4,3,2,1,2,2,3,4,5,6,5,4,3,2,1,5
2,1,1,1,2,2,1,2,2,1,1,1,2,2,3,2,1,1,1,3,1,1,1,1,3,1,3,1,3,2,1,1,3,2,3,3,3,1,1,4,6,2,2,2,1,2,1,3,2,2,1,2,4,3,1,1,2,1,3,4,2,2,3,1,4,1,2,1,2,1,3,3,3,1,1,1,4,2,1,1,1,1,1,2,1,3,1,1,1,1,1,2,1,1,4,2,1,1,1,1,3,1,1,3,1,1,2,2,1,2,4,3,3,2,3,1,3,2,1,1,1,2,3,1,2,1,1,1,2,2,1,1,1,3,2,4,1,3,2,1,2,1,1,3,2,2,2,1,1,2,2,2,4,3,2,3,3,1,2,1,3,1,1,2,2,1,1,3,2,2,3,2,1,1,2,2,1,2,2,1,2,3,2,4,4,3,2,4,2,1,1,3,1,2,2,2,2,2,3,3,1,1,1,2,2,3,1,2,3,3,1,3,1,2,3,1,2,2,2,3,1,2,2,3,3,6,1,1,1,2,1,3,2,1,2,3,1,1,3,2,2,2,3,2,3,3,1,1,1,1,3
2,1,3,4,3,2,1,2,1,2,2,4,1,3,2,4,2,1,4,4,3,2,5,2,3,1,2,3,2,2,1,2,3,1,2,5,5,2,1,4,6,1,2,3,4,3,2,2,1,2,1,2,5,2,2,1,3,1,3,3,1,4,2,4,5,1,3,1,5,2,3,5,6,1,5,3,6,6,1,3,2,3,1,3,1,2,1,2,2,2,1,2,1,1,6,2,3,1,1,1,3,3,1,3,2,1,4,4,1,5,1,6,1,2,2,3,4,1,3,2,NA,4,3,1,3,1,5,1,4,4,3,1,2,5,3,6,2,3,1,3,5,3,1,2,1,2,2,3,2,1,2,1,1,3,3,2,1,2,5,3,4,2,1,2,4,2,1,4,3,2,4,2,1,3,3,3,1,3,2,3,2,2,3,3,4,3,2,3,2,2,1,3,1,1,3,1,1,3,5,2,3,1,1,4,2,3,4,2,1,3,1,1,1,2,5,2,1,2,1,3,1,2,2,1,2,3,1,1,1,3,1,4,3,2,2,1,1,1,2,4,2,5,1,3,2,2,3,1,2,1,3
3,2,2,1,5,6,4,1,2,1,2,2,1,2,1,2,1,1,5,1,2,5,1,1,2,5,2,1,2,2,2,2,2,1,1,1,2,5,2,5,6,2,2,1,5,1,1,2,5,1,2,4,5,6,1,5,4,4,2,5,5,2,6,2,4,2,5,5,5,1,4,2,2,5,4,1,6,2,2,2,2,6,5,1,5,2,1,2,2,2,1,1,5,2,6,1,2,2,2,2,2,2,2,6,2,2,1,1,1,1,2,1,1,2,4,5,5,3,2,2,4,4,3,1,1,1,1,1,2,1,3,4,4,2,1,6,1,5,4,5,4,4,4,5,5,5,5,4,1,1,3,3,4,4,3,3,3,4,4,3,2,2,4,5,3,3,2,2,4,3,3,3,3,5,5,4,4,3,3,3,5,5,5,5,2,4,3,1,5,5,2,5,2,3,2,2,6,2,4,3,1,2,5,2,5,4,1,2,2,5,4,2,3,3,4,4,4,5,3,4,3,1,3,6,6,4,3,3,2,4,4,4,4,3,2,2,2,1,2,2,3,2,3,3,3,1,2,2,2,2,2
3,5,2,5,6,6,2,4,2,2,4,1,5,4,5,6,4,3,5,4,4,5,3,3,5,4,4,3,4,5,2,2,3,2,4,4,4,3,2,3,6,4,5,5,3,4,4,6,3,4,2,4,4,5,2,5,6,3,5,4,3,5,5,1,4,3,5,1,6,5,5,4,3,2,3,1,4,3,1,1,2,2,4,5,4,5,4,5,4,3,4,5,2,2,6,6,3,2,3,4,4,3,1,6,4,4,4,5,4,4,6,3,4,4,3,2,4,2,3,2,2,3,3,2,3,1,3,1,4,5,3,2,4,5,4,6,5,4,6,2,3,1,1,4,3,4,3,2,3,3,2,3,4,4,5,4,4,1,2,3,3,1,1,2,4,1,2,6,4,4,3,4,3,3,2,3,2,3,2,2,3,4,2,5,5,4,3,4,4,2,NA,5,3,3,4,3,4,4,6,3,2,1,1,3,3,4,2,3,3,5,3,5,2,4,4,5,3,4,2,4,3,4,4,4,5,5,4,5,5,4,4,5,6,2,4,5,4,3,4,4,4,5,4,4,4,5,5,4,2,5,4
2,1,2,2,3,3,1,2,1,1,2,1,1,1,3,2,1,3,1,2,1,1,1,1,1,1,2,3,1,3,1,1,3,1,1,1,2,1,1,2,4,1,2,1,2,1,1,2,1,1,1,2,1,4,1,1,2,1,5,2,2,3,1,2,3,2,1,1,3,1,2,3,2,1,1,2,3,2,1,1,2,1,1,2,1,1,1,1,1,1,1,5,1,1,5,2,1,1,2,1,1,1,1,3,1,1,1,2,1,1,1,2,1,1,1,1,2,1,2,1,1,1,1,1,1,1,1,1,2,1,1,1,1,1,1,5,1,3,1,1,3,1,1,1,1,1,1,2,1,1,1,1,1,1,1,1,2,1,1,1,3,1,1,2,3,1,1,3,1,3,1,2,1,1,1,1,1,1,1,1,2,3,1,3,3,1,1,1,1,1,1,2,1,1,3,1,1,1,4,1,1,1,1,1,1,1,1,1,1,1,1,2,1,1,3,1,1,1,1,1,1,2,1,1,1,1,1,2,1,1,2,2,1,1,1,1,1,1,1,1,1,2,1,1,1,1,1,1,2,1,2
1,1,1,2,2,6,1,2,1,4,4,2,3,2,4,5,4,2,6,2,3,2,4,2,5,2,3,5,4,3,2,3,3,1,1,2,4,1,1,5,6,4,2,3,2,1,1,3,1,5,3,5,6,2,2,1,5,1,6,6,4,4,6,1,6,2,4,2,4,3,4,4,4,2,2,1,6,6,1,1,1,1,1,2,1,4,4,5,2,1,1,1,3,1,6,5,6,1,1,1,6,3,1,4,1,1,4,4,1,2,4,6,6,6,6,3,6,6,2,1,1,4,6,3,2,1,1,1,4,6,NA,2,2,6,6,6,2,6,5,1,1,1,1,6,5,4,3,1,1,1,2,3,6,5,3,5,4,1,4,1,6,1,1,3,3,1,1,6,2,4,6,2,2,2,3,2,1,3,2,1,1,5,1,6,6,6,5,6,6,2,3,4,1,1,3,2,2,5,5,3,3,2,1,4,5,5,2,4,3,5,2,4,2,3,2,4,3,5,2,5,1,3,3,4,5,6,2,3,3,2,2,5,4,2,4,3,2,2,5,4,5,2,5,6,2,2,3,3,1,5,5
4,2,5,2,4,3,4,3,2,3,4,3,2,3,5,4,3,4,3,NA,4,5,3,2,3,2,4,3,2,4,2,3,4,5,3,5,5,3,4,6,6,3,4,4,5,5,2,4,2,4,2,6,5,6,5,6,4,2,5,3,2,5,3,5,3,4,5,3,4,3,4,4,5,2,2,3,5,4,2,4,5,4,3,4,3,4,3,2,2,3,2,1,3,2,5,2,4,1,2,2,2,2,2,4,2,2,4,4,3,3,5,2,3,4,4,4,3,5,4,2,2,3,4,2,3,1,3,1,3,4,2,2,2,3,2,5,2,3,2,2,1,3,4,4,4,3,2,1,3,2,3,3,2,3,4,5,3,2,4,3,5,1,1,3,4,2,2,4,4,5,4,4,3,3,4,2,1,3,2,2,1,4,2,4,5,3,2,4,4,2,4,5,2,2,5,2,3,4,5,4,2,4,4,3,4,2,5,2,3,4,3,5,4,3,5,3,4,4,2,4,2,4,2,3,2,2,3,2,3,2,3,5,3,2,2,4,2,5,4,NA,5,4,5,4,3,4,4,3,6,5,2
3,3,2,4,5,6,4,3,3,4,3,2,3,3,4,5,5,3,5,4,4,4,5,4,6,3,4,4,4,5,2,3,4,3,4,4,4,2,2,5,5,3,3,4,3,3,3,4,3,4,2,3,4,4,2,4,3,1,4,5,4,4,4,1,5,4,4,3,4,4,6,4,5,2,1,3,4,4,2,3,3,3,2,3,2,3,1,3,3,1,1,2,1,2,6,4,1,1,1,1,3,4,3,4,1,1,2,3,2,3,3,4,4,4,4,4,5,5,3,3,3,3,3,1,3,3,1,2,3,4,3,2,3,4,4,5,3,4,4,3,3,2,3,4,4,4,3,4,3,2,1,1,5,4,4,4,4,2,1,2,5,1,1,5,4,2,4,5,4,4,4,4,1,3,3,4,1,3,1,3,6,5,2,5,5,4,4,4,4,4,3,3,2,3,4,3,3,4,4,3,2,2,1,4,5,4,4,4,4,4,1,4,3,4,2,3,3,4,4,4,1,4,3,4,4,4,3,3,2,3,3,4,4,1,4,4,3,4,4,3,3,3,3,4,3,4,4,4,3,3,4
3,3,3,3,3,3,3,4,4,4,4,4,4,4,4,3,3,3,3,3,2,2,3,2,2,2,3,4,3,3,3,3,3,1,2,2,2,2,2,2,4,3,4,5,2,2,3,3,3,3,3,3,3,3,3,3,3,3,3,3,3,3,3,3,3,3,3,3,3,3,3,3,4,4,4,4,4,4,3,3,3,3,3,3,3,3,3,3,3,3,4,4,4,4,4,4,4,4,4,3,3,3,3,3,3,3,3,3,3,3,4,4,4,4,4,4,3,3,4,3,4,3,3,3,3,3,2,3,3,3,4,3,4,3,4,3,3,4,3,4,3,3,3,3,3,3,3,3,4,4,4,4,5,5,5,5,4,4,5,3,3,3,1,3,3,1,3,3,4,3,3,3,3,3,3,3,1,3,3,3,1,3,3,4,4,4,4,4,4,4,3,3,3,3,3,3,3,3,3,3,3,3,3,3,3,3,3,3,3,3,3,3,3,3,4,4,4,4,4,4,4,4,4,4,4,4,3,3,3,3,3,3,3,3,3,3,3,3,3,3,4,4,4,4,4,4,4,4,4,4,4
4,1,3,1,1,1,1,2,1,1,1,2,1,1,2,1,2,1,2,3,2,1,3,3,3,1,3,3,3,1,3,3,4,3,3,1,2,3,4,1,6,1,3,3,3,2,1,1,3,2,1,3,3,4,1,1,1,2,4,3,3,3,3,4,4,1,1,2,3,3,4,5,6,3,3,4,5,6,1,3,1,3,1,3,3,3,3,3,3,1,3,4,3,1,6,3,3,1,3,1,3,2,1,6,3,2,3,5,3,4,5,5,1,1,2,1,2,1,4,3,3,3,2,3,2,1,2,1,4,3,4,4,4,5,3,6,6,1,1,3,4,4,1,3,3,1,1,5,1,3,3,1,1,1,3,3,3,3,3,3,5,4,1,5,6,3,1,6,3,6,4,3,4,4,1,2,1,1,3,4,1,6,3,5,5,3,2,4,1,3,1,1,1,4,4,3,1,3,6,5,3,1,1,2,1,1,1,1,1,5,3,1,3,3,3,1,1,2,3,1,1,2,1,1,2,2,1,1,1,3,1,4,3,4,4,4,3,1,2,1,1,2,4,1,1,3,4,1,5,3,3
2,2,1,4,4,3,1,3,2,1,2,2,5,3,4,4,2,3,3,2,2,1,2,1,3,3,3,1,2,1,1,2,3,3,3,2,3,1,2,4,4,1,1,2,1,2,2,1,1,2,1,2,3,3,1,1,2,1,3,3,2,1,2,3,2,1,2,1,3,2,2,3,4,1,1,2,2,2,1,1,1,2,2,2,1,3,1,2,2,1,2,1,2,1,4,2,1,1,1,1,2,2,1,3,1,1,1,1,1,2,1,2,1,2,2,3,3,2,1,1,1,2,3,1,1,1,1,1,2,2,2,1,1,2,2,3,1,3,2,1,1,2,1,2,2,1,1,1,1,1,1,1,3,2,2,3,1,1,2,1,3,1,1,2,1,1,1,3,2,2,2,1,1,1,1,1,3,1,1,2,2,2,1,3,3,2,1,2,2,1,1,1,1,1,3,2,1,1,3,1,1,1,1,2,1,3,1,1,1,2,1,3,1,1,2,1,1,2,1,2,1,3,1,1,2,2,1,1,2,2,1,3,2,1,2,1,1,1,2,1,1,1,3,2,1,1,1,1,2,1,3
1,1,1,1,1,1,1,1,1,1,1,1,1,1,1,1,1,NA,NA,NA,NA,NA,NA,NA,NA,NA,NA,NA,NA,NA,NA,NA,NA,NA,NA,NA,NA,NA,NA,NA,NA,NA,NA,NA,NA,NA,NA,NA,NA,NA,NA,NA,NA,NA,NA,NA,NA,NA,NA,NA,NA,NA,NA,NA,NA,NA,NA,NA,NA,NA,NA,NA,NA,NA,NA,NA,NA,NA,NA,NA,NA,NA,NA,NA,NA,NA,NA,NA,NA,NA,NA,NA,NA,NA,NA,NA,NA,NA,NA,NA,NA,NA,NA,NA,NA,NA,NA,NA,NA,NA,NA,NA,NA,NA,NA,NA,NA,NA,NA,NA,NA,NA,NA,NA,NA,NA,NA,NA,NA,NA,NA,NA,NA,NA,NA,NA,NA,NA,NA,NA,NA,NA,NA,NA,NA,NA,NA,NA,NA,NA,NA,NA,NA,NA,NA,NA,NA,NA,NA,NA,NA,NA,NA,NA,NA,NA,NA,NA,NA,NA,NA,NA,NA,NA,NA,NA,NA,NA,NA,NA,NA,NA,NA,NA,NA,NA,NA,NA,NA,NA,NA,NA,NA,NA,NA,NA,NA,NA,NA,NA,NA,NA,NA,NA,NA,NA,NA,NA,NA,NA,NA,NA,NA,NA,NA,NA,NA,NA,NA,NA,NA,NA,NA,NA,NA,NA,NA,NA,NA,NA,NA,NA,1,1,1,2,2,2,NA,2,2,2,2,2,2,2,2,2,2,2,2
4,4,1,1,4,6,4,4,1,2,1,1,3,2,3,4,2,1,2,2,2,3,2,1,2,1,1,1,1,2,1,2,3,3,2,1,1,4,2,3,4,2,1,3,2,1,1,3,1,2,1,NA,3,3,1,1,2,1,3,3,1,1,2,3,2,2,1,1,3,1,3,4,3,1,1,2,2,2,1,1,2,2,1,1,1,1,1,1,2,1,1,4,1,1,3,2,1,1,1,1,2,4,1,4,1,1,3,3,2,2,4,3,3,3,3,2,3,1,1,1,1,3,3,2,2,1,1,1,1,1,1,1,3,2,2,4,4,5,4,3,2,2,2,1,2,1,1,3,2,2,1,3,3,1,3,3,2,1,1,1,2,2,1,3,3,1,1,4,1,4,3,3,1,1,1,1,3,2,1,1,2,6,1,5,5,4,1,3,3,1,1,1,1,2,4,2,3,1,4,2,1,1,1,2,4,3,2,2,1,4,1,4,2,3,4,1,1,1,2,2,1,3,3,1,2,2,1,2,1,4,3,4,4,4,5,5,3,5,4,1,3,1,3,4,1,3,1,1,3,2,5
1,1,4,4,5,6,3,4,1,5,2,3,1,4,5,6,4,2,3,2,2,4,2,3,6,3,6,4,3,6,3,4,3,6,5,3,3,1,2,2,6,3,3,3,4,2,3,5,5,5,3,3,5,2,3,5,5,4,6,5,5,4,4,2,4,3,4,1,6,4,6,6,6,4,4,1,2,6,2,3,5,4,5,4,3,4,4,3,2,4,3,3,3,4,6,3,3,1,4,1,4,4,1,6,3,4,3,5,4,4,6,6,5,6,6,5,5,5,4,3,3,4,6,4,5,2,3,2,3,4,1,3,5,5,4,6,4,3,3,1,5,3,5,5,5,4,3,5,1,2,3,3,4,3,4,4,5,2,4,4,5,3,1,3,4,3,4,5,4,5,5,4,3,2,4,3,3,3,4,5,6,4,4,6,6,6,5,5,4,4,4,5,1,1,3,3,6,5,6,4,1,2,1,4,3,2,3,3,3,4,3,5,4,6,6,4,5,3,4,6,2,4,3,4,3,3,1,4,3,2,3,4,4,1,5,4,3,4,5,2,4,3,4,4,3,4,3,4,5,3,4
3,2,5,4,3,6,6,5,1,3,4,3,6,2,6,6,3,2,4,3,2,5,6,1,6,3,4,3,3,2,5,4,2,3,4,3,5,6,2,4,6,2,3,4,3,2,3,2,4,3,5,6,6,5,3,2,5,1,6,4,2,5,4,1,3,1,5,3,3,3,5,3,4,2,3,4,6,4,1,1,1,2,3,5,3,2,3,4,3,2,1,3,2,1,6,5,3,1,4,1,5,1,1,6,3,1,3,4,3,2,4,3,4,3,6,4,2,3,2,4,3,4,5,3,2,1,4,1,6,4,3,2,5,3,4,6,2,3,4,2,4,3,2,1,3,3,2,4,2,3,5,1,2,1,5,2,4,2,2,4,5,5,1,4,4,1,3,6,4,6,4,3,2,4,3,4,1,2,2,5,4,3,4,6,4,2,1,3,4,2,4,5,3,1,6,3,6,4,6,3,1,1,1,1,3,5,2,1,4,3,5,2,5,3,5,4,2,4,2,5,1,3,5,4,2,3,2,1,4,3,2,4,3,3,6,3,1,1,5,4,4,1,5,2,3,4,2,3,1,1,3
