"sleight","layers","atom","tray","nonetheless","refund","shout","observing","builder","bounced","affects","trivial","obsolete","who've","possess","oasis","observers","stems","enforced","lied","verified","terrorism","funeral","isolation","tossed","province","promising","conjunction","hub","merge","hunger","announces","disagreement","nether","critics","rotation","extracted","satellites","minors","marble","canyon","bored","saint","miscellaneous","supplier","legion","cartoon","laureate","accurately","primitive","unions","grows","executives","pilots","tuned","witches","childhood","storing","featured","certificate","entrance","hag","forbidden","sane","hardy","investor","glen","skinny","harper","passages","belly","cloak","relates","pinball","defect","readings","steering","theft","foil","downward","rename","transit","household","questioning","teaches","wider","communicating","caps","oppression","dynamically","deluxe","dilemma","booklet","pyramid","musician","practicing","ignores","traveling","dating","warped","spark","rivers","throughput","fence","insists","pixels","banning","regulated","compromise","caller","browsing","consume","blackjack","contractors","spoiler","writings","incidentally","nude","irresponsible","corrupt","massage","intervention","prevented","insights","wasted","defects","shy","misunderstanding","trainer","jihad","dame","runner","advocacy","tucker","bundled","mantle","forecast","examination","documentary","assorted","backgrounds","drums","functioning","recruit","oneself","appendix","pulp","nickname","freelance","viewers","rant","lacking","rounded","partitions","disabilities","shirts","indigenous","dismissed","prospects","pirates","polite","combine","exceptional","condom","treasure","extracting","instrumental","scouts","laughed","slug","sorceress","embarrassed","prey","interval","lick","stepping","twiddle","achieving","mutant","sprint","thereof","noting","prejudice","suspended","cops","offend","deaths","methodology","pill","disorders","dozens","hash","polarity","reserves","allied","earthquake","backing","contributors","rage","diverse","unreasonable","shipment","sticker","furniture","nifty","snake","sleeves","pipes","wildlife","entertaining","circles","foolish","performers","genius","equilibrium","nomination","endless","steep","journalist","propose","closet","giants","proving","cope","thumb","namely","jumps","horny","blamed","galactic","quarterly","championships","authentic","dismiss","seeds","splitting","separated","seemingly","concentrate","revealing","blowing","weaver","monopoly","gallery","nearest","affiliated","friend's","constitutes","sorted","peer"
5,2,1,1,1,1,2,1,2,1,2,2,3,2,1,2,1,1,1,1,1,1,1,1,1,1,1,1,1,1,1,1,1,1,1,1,1,1,1,1,1,1,1,3,1,4,2,5,1,1,1,1,1,1,1,1,1,1,1,2,1,1,1,1,1,1,1,1,1,1,1,2,1,1,1,1,1,1,1,1,1,1,1,1,1,1,1,1,1,2,5,1,1,1,4,1,2,1,1,3,1,1,1,1,1,2,1,1,1,1,1,3,1,1,2,1,1,1,2,1,3,1,1,1,1,1,1,1,1,5,1,1,2,1,1,1,1,1,1,1,NA,NA,NA,NA,NA,NA,NA,NA,NA,NA,NA,NA,NA,NA,NA,NA,NA,NA,NA,NA,NA,NA,NA,NA,NA,NA,NA,NA,NA,NA,NA,NA,NA,NA,NA,NA,NA,NA,NA,NA,NA,NA,NA,NA,NA,NA,NA,NA,NA,NA,NA,NA,NA,NA,NA,NA,NA,NA,NA,NA,NA,NA,NA,NA,NA,NA,NA,NA,NA,NA,NA,NA,NA,NA,NA,NA,NA,NA,NA,NA,NA,NA,NA,NA,NA,NA,NA,NA,NA,NA,NA,NA,NA,NA,NA,NA,NA,NA,NA,NA,NA,NA,NA,NA,NA,NA,NA,NA,NA,NA
5,2,2,1,3,2,2,4,2,2,2,3,4,4,3,2,3,1,3,1,2,4,3,4,2,3,3,4,1,2,2,4,4,3,2,3,3,5,2,2,3,2,1,5,2,2,2,5,3,3,3,2,4,2,2,2,1,1,2,4,3,1,3,1,2,4,1,2,2,3,2,1,2,1,2,2,2,1,2,2,2,2,1,3,2,2,4,1,3,4,3,3,2,3,3,2,2,3,2,3,1,2,4,1,2,2,3,3,4,2,3,2,1,2,2,2,4,2,4,2,2,3,3,2,2,2,1,4,2,5,2,2,3,2,2,2,2,3,3,2,2,1,4,2,2,3,1,1,2,3,1,2,2,3,3,2,4,3,3,2,2,3,4,2,3,3,4,2,4,1,5,4,2,3,1,3,2,4,3,1,2,2,4,3,1,2,2,4,1,3,2,1,3,3,3,2,2,3,2,2,3,2,2,2,1,1,1,1,1,4,2,2,2,3,4,4,2,1,3,2,2,2,2,1,1,2,1,2,2,4,4,4,4,2,1,1,3,3,3,2,2,2,3,2,2,4,2,4,2,1
3,2,1,1,1,1,1,1,1,1,1,1,2,1,1,4,1,1,1,3,1,1,1,1,1,1,1,1,1,1,1,1,1,1,1,1,1,1,1,1,1,1,1,6,1,4,1,6,3,2,4,1,1,1,1,1,1,1,1,1,1,1,1,1,1,1,1,1,1,1,1,3,1,1,1,1,1,1,1,1,1,1,1,1,1,1,1,1,1,1,1,1,1,1,1,1,1,1,1,3,1,1,3,1,1,1,1,1,1,1,1,1,1,1,1,2,1,1,1,1,1,1,1,1,1,1,1,1,1,4,1,1,1,1,1,1,1,1,1,1,1,1,1,1,1,3,1,1,1,1,1,1,1,1,1,1,4,1,1,1,1,1,1,1,1,1,1,1,1,1,4,5,1,1,1,1,1,1,3,1,1,1,4,1,1,1,1,1,1,1,1,1,1,1,1,1,1,1,1,1,1,1,1,1,1,1,1,1,1,1,1,1,1,1,6,2,1,1,3,1,1,1,1,1,1,1,1,1,1,1,1,1,1,1,1,1,1,1,1,1,1,1,1,1,1,1,1,1,1,1
4,1,1,1,3,1,1,1,2,1,1,1,1,1,1,1,1,1,1,3,1,1,3,2,2,2,1,1,1,2,1,1,1,1,1,1,1,2,1,2,1,3,1,1,1,3,1,3,1,1,2,1,1,1,3,1,1,1,2,1,1,1,1,1,1,1,1,2,1,2,2,1,1,1,1,1,1,1,1,1,2,1,1,1,1,1,2,1,1,2,3,1,1,3,2,1,1,1,1,1,1,1,1,1,1,1,1,1,1,1,1,1,1,1,1,1,1,1,1,1,3,1,1,2,1,1,1,1,1,1,1,1,1,1,1,1,2,1,2,1,1,1,1,1,1,2,1,1,1,1,1,1,1,1,1,1,4,1,1,1,1,1,1,1,2,1,1,1,6,1,3,2,1,1,2,1,1,3,4,1,2,2,3,1,1,3,1,1,1,1,1,1,1,1,1,1,1,1,1,1,1,1,1,1,1,1,1,2,1,1,1,1,1,4,1,1,1,1,1,1,1,2,2,1,6,1,1,2,2,1,1,1,2,1,1,1,1,1,1,1,1,2,1,1,1,1,1,1,1,1
5,3,1,1,2,4,3,2,3,3,2,2,3,2,3,2,3,1,2,2,2,3,3,3,2,5,5,4,1,4,1,2,2,2,4,3,3,2,3,4,3,1,2,5,2,5,4,6,4,3,2,2,4,3,2,3,3,4,2,3,4,2,3,2,3,2,3,3,3,2,2,3,4,3,3,2,2,4,2,2,3,3,2,3,4,4,3,1,4,5,3,4,3,5,4,3,4,4,3,3,4,2,4,3,2,3,4,4,3,4,2,3,3,2,2,4,3,3,4,3,4,3,2,NA,4,3,4,3,4,4,4,3,6,4,5,4,5,4,3,5,5,4,3,3,4,5,4,4,3,3,3,2,3,4,5,3,6,5,4,4,5,3,5,4,3,4,3,2,3,1,4,4,1,4,1,2,2,3,3,3,3,4,5,4,4,3,2,4,5,3,4,4,5,2,3,5,5,4,2,2,2,5,2,4,NA,4,4,3,4,4,3,3,3,2,3,3,5,2,3,4,3,3,3,4,2,2,1,4,3,4,6,3,5,2,4,3,4,3,3,4,3,4,3,4,2,4,4,3,2,2
4,3,2,2,6,4,3,3,3,4,4,3,3,6,3,2,2,3,3,3,3,3,4,NA,2,2,2,2,3,3,2,1,1,2,2,3,3,2,2,3,3,3,3,2,2,3,3,3,3,3,3,4,4,3,2,2,2,2,3,3,3,4,4,4,3,5,4,3,2,2,2,2,2,2,3,3,3,3,2,2,3,2,3,3,2,3,3,4,4,3,2,3,2,3,2,3,3,2,3,3,3,3,2,3,3,3,3,3,3,3,3,3,3,3,3,3,3,3,3,3,3,3,3,3,3,3,3,6,3,3,3,4,4,4,4,4,4,4,4,4,4,4,2,3,3,2,3,3,2,3,3,3,2,1,3,3,2,3,2,3,3,3,3,3,3,2,2,2,3,2,3,3,2,3,3,3,2,2,2,2,2,3,3,3,2,3,2,2,3,3,4,4,2,2,1,3,3,5,2,3,2,2,3,3,3,3,3,3,3,3,3,3,3,2,1,2,2,2,2,3,3,2,3,3,2,3,3,2,2,2,2,5,5,3,3,4,3,3,3,3,3,4,4,3,3,3,3,3,3,3
6,2,3,1,3,1,2,1,1,1,3,3,4,6,4,6,4,1,1,4,1,2,4,1,2,4,1,1,4,3,1,2,1,3,2,1,1,4,1,1,1,1,1,4,2,5,2,6,2,1,1,1,2,1,1,1,1,1,4,3,2,3,1,4,1,1,1,1,1,NA,1,2,1,1,1,1,1,4,2,1,1,2,1,3,1,1,1,1,1,1,6,4,1,3,3,1,4,3,1,1,1,1,3,1,1,1,1,2,2,4,3,3,1,1,1,1,1,1,1,3,1,1,1,3,1,3,1,1,3,5,4,1,2,1,1,1,4,1,2,1,1,1,1,3,2,2,3,1,1,2,1,1,1,1,1,1,5,1,1,3,4,4,1,1,4,1,1,1,4,1,3,1,3,1,1,1,2,2,1,1,4,1,3,1,1,1,3,1,1,1,1,1,2,1,4,2,1,1,1,1,1,1,1,1,1,1,1,1,1,1,1,1,1,2,3,1,1,1,2,4,2,2,1,5,4,2,1,1,1,2,2,1,2,1,1,1,1,1,1,1,1,4,1,3,1,2,2,1,1,2
5,3,1,2,1,2,1,4,2,1,3,2,1,3,2,4,3,1,4,1,3,2,1,1,1,2,4,3,1,2,1,3,3,5,2,3,1,3,2,1,5,1,1,6,2,4,2,3,2,1,1,1,2,1,3,4,1,2,1,3,2,1,4,1,1,3,1,1,4,2,1,1,4,2,2,1,4,2,1,1,1,3,1,1,1,2,5,1,2,4,2,5,1,3,2,5,1,1,1,2,1,3,6,2,3,3,1,5,4,1,3,2,1,5,3,2,5,1,3,1,3,3,2,5,1,1,1,3,1,5,2,1,3,2,2,1,3,5,2,2,1,1,4,2,1,5,1,1,2,1,1,2,1,4,5,1,6,4,3,2,3,1,4,1,5,2,4,2,3,1,3,2,1,1,1,3,4,2,1,1,2,1,4,2,1,1,1,2,1,1,1,1,3,2,1,1,1,4,1,1,4,2,1,3,2,1,3,1,1,5,2,2,3,1,5,3,1,1,2,1,1,1,1,1,3,2,1,1,1,3,2,5,3,1,1,4,3,2,5,3,1,1,3,2,1,4,1,3,1,1
5,2,1,2,3,2,2,2,2,2,2,3,3,1,2,3,2,1,2,2,2,2,2,3,1,2,2,4,1,2,1,2,3,2,1,2,2,3,1,1,2,1,1,3,2,2,1,4,2,2,2,1,2,1,1,2,1,1,2,2,1,1,1,1,1,1,1,1,2,3,1,2,2,1,1,2,1,1,2,2,2,2,1,2,2,1,3,1,2,3,2,1,1,4,3,2,2,1,1,1,1,1,5,2,2,2,1,1,2,1,2,2,1,1,1,1,3,1,3,2,2,2,1,3,1,1,1,1,2,4,1,1,2,1,1,1,1,3,3,2,3,1,2,1,1,1,1,1,1,2,1,1,1,2,2,1,2,2,1,2,1,1,3,1,1,2,2,2,4,1,2,3,1,1,1,1,2,3,1,1,1,2,3,2,1,1,2,3,1,2,1,1,1,2,1,3,1,2,1,1,3,2,1,2,1,1,2,2,2,3,1,1,2,3,4,3,1,1,2,2,2,2,2,1,1,1,1,1,2,1,4,3,3,1,1,1,2,2,1,1,1,1,2,1,1,3,3,3,2,1
6,1,1,1,4,2,4,2,1,3,2,2,3,5,2,2,1,1,2,3,2,3,3,3,1,2,2,4,2,5,1,2,2,4,2,4,1,1,2,2,1,2,1,3,3,4,3,1,3,1,1,2,2,2,1,4,3,1,2,3,4,1,2,1,1,1,2,1,1,2,1,4,1,1,3,4,3,3,5,3,1,1,2,3,5,3,1,4,3,6,6,2,2,1,3,6,6,1,3,2,1,2,3,1,1,3,2,3,2,2,4,2,1,3,3,1,1,4,2,2,6,4,1,5,1,1,4,1,2,4,4,2,3,1,2,2,3,3,1,1,1,3,4,6,3,1,1,1,3,2,1,4,3,4,1,3,6,2,1,3,2,1,2,4,4,3,2,3,4,1,2,2,2,1,3,1,2,3,1,1,3,3,2,1,3,2,4,4,1,1,2,5,1,1,3,6,3,1,3,2,2,3,2,4,1,1,2,4,1,1,1,2,1,6,1,3,2,2,2,3,3,3,4,4,4,1,1,1,1,4,1,4,3,1,2,1,1,2,3,5,4,2,1,1,2,1,1,2,1,2
4,2,1,1,3,2,3,2,1,3,2,3,4,3,5,6,3,4,3,2,3,2,4,5,3,2,3,4,1,3,2,5,4,2,3,4,5,5,2,1,3,2,1,6,2,3,2,5,4,2,5,2,4,2,1,3,4,2,3,4,3,1,3,2,3,4,2,3,2,5,2,3,3,2,3,4,4,2,3,4,2,3,4,5,3,2,5,2,5,5,2,3,2,3,2,3,2,4,2,3,2,3,4,2,3,2,2,4,5,2,4,3,2,4,2,3,5,2,4,2,4,5,3,2,3,3,1,4,1,4,5,2,4,3,3,2,2,4,5,4,2,3,5,2,3,5,2,3,4,3,1,3,2,5,4,2,6,4,3,4,2,3,5,3,4,2,4,3,4,2,6,5,2,3,1,4,2,5,2,2,3,2,5,4,1,3,4,5,1,3,2,1,3,2,2,4,2,4,2,3,4,3,2,3,4,2,3,2,3,5,2,3,4,6,6,5,2,3,4,3,2,3,4,3,5,3,2,2,3,5,4,5,6,4,2,3,2,4,5,2,2,4,5,3,2,4,3,5,2,1
6,4,3,1,2,2,1,2,1,3,2,2,2,4,3,4,2,2,1,1,2,2,1,1,3,3,3,4,1,1,1,2,2,3,3,2,2,3,2,1,2,1,1,5,3,2,1,6,3,2,2,1,4,2,1,3,1,2,3,3,2,1,3,1,2,3,1,1,1,2,1,1,2,2,1,2,2,1,1,1,1,2,1,4,1,1,2,1,1,2,3,3,2,5,4,3,1,3,2,2,1,1,2,1,3,4,3,3,2,1,2,1,1,3,3,4,4,1,3,1,2,5,5,3,2,2,1,2,2,6,2,3,5,4,4,4,2,3,2,2,2,1,3,3,1,3,1,1,1,3,1,1,1,4,4,1,6,4,3,3,2,1,6,1,3,3,3,4,1,1,1,3,1,3,1,1,2,3,1,1,1,2,3,2,1,1,1,3,1,2,1,1,2,1,2,1,3,4,1,3,1,1,1,1,1,1,2,1,1,3,2,2,1,2,5,4,2,1,2,1,1,1,2,1,2,1,1,1,1,4,5,3,3,1,1,2,1,1,2,2,1,3,4,1,2,5,4,3,2,1
5,1,1,1,1,1,2,1,1,1,1,2,3,3,1,1,1,1,1,1,1,1,1,1,1,1,1,1,1,1,1,1,1,1,1,1,1,1,1,1,1,1,1,5,2,3,1,4,3,1,3,1,2,1,1,1,1,1,1,1,1,1,1,1,1,1,1,1,1,1,1,1,1,1,1,1,1,1,1,1,1,1,1,3,1,1,1,1,2,1,3,1,1,1,4,1,1,1,1,1,1,1,5,1,1,1,1,1,1,1,1,1,1,1,1,1,1,1,2,1,1,1,1,4,1,1,1,1,1,3,1,1,3,1,1,1,1,1,1,1,1,1,2,2,1,1,1,1,1,1,1,1,1,1,1,1,1,1,1,1,1,1,1,1,1,1,1,1,5,1,3,1,1,1,1,1,1,3,1,1,1,1,2,1,1,1,1,1,1,1,1,1,1,1,1,1,1,1,1,1,1,1,1,1,1,1,1,1,1,1,1,1,1,1,3,2,1,1,1,1,1,1,1,1,1,1,1,1,1,1,1,1,1,1,1,1,1,1,1,1,1,1,1,1,1,1,1,1,1,1
5,5,1,1,4,6,2,3,3,5,5,4,3,5,5,6,2,5,6,2,5,2,6,6,1,1,6,6,1,3,2,6,6,2,3,4,5,5,3,4,2,4,4,6,4,4,3,5,6,6,6,2,5,4,5,3,2,3,4,4,3,1,2,3,2,NA,1,4,4,1,1,6,4,5,2,5,2,2,NA,4,1,5,2,6,6,3,5,1,3,6,4,6,5,5,3,5,4,3,4,5,1,1,6,5,4,4,2,4,6,4,3,2,1,3,5,6,3,3,4,4,3,4,5,4,3,NA,1,3,4,2,4,1,5,2,3,5,4,5,4,4,NA,3,6,6,3,5,1,1,2,6,1,4,3,2,5,2,6,5,5,4,5,3,3,2,4,5,5,6,6,1,4,5,2,NA,1,4,3,3,3,1,5,4,5,3,1,2,4,5,5,3,4,1,3,4,4,3,NA,4,3,2,4,2,4,5,1,4,2,4,3,5,2,5,5,6,6,3,2,4,4,5,3,6,3,3,4,2,1,2,4,4,4,3,5,3,2,4,3,3,5,4,3,4,5,4,4,6,5,6,3,1
6,1,1,1,3,1,4,3,4,5,2,1,2,5,2,1,1,1,4,4,4,1,3,4,2,2,2,3,1,2,2,3,2,2,1,3,2,2,1,2,1,2,2,5,2,3,1,4,2,1,5,1,2,1,2,3,1,1,4,2,2,1,2,1,1,2,1,2,1,1,2,3,1,1,2,2,2,1,1,1,2,1,4,4,2,2,3,1,3,2,3,2,2,2,4,3,2,1,1,2,1,1,5,2,1,1,2,1,1,1,3,3,2,2,3,4,4,3,2,2,2,1,1,5,2,1,1,4,3,2,1,1,2,2,2,1,1,2,2,3,3,1,4,5,6,3,3,2,3,3,1,2,3,2,2,2,4,2,2,4,3,3,5,2,3,2,2,4,4,1,2,2,1,2,1,1,2,6,1,1,4,2,3,2,1,2,3,2,1,1,2,1,2,2,3,4,2,2,1,2,4,1,1,2,1,2,2,2,2,3,4,2,2,4,5,3,2,1,5,2,2,4,6,2,3,2,2,1,4,3,4,3,4,2,2,2,4,3,3,4,3,4,2,2,4,3,5,2,1,2
4,3,3,3,2,1,1,1,1,1,1,1,1,1,1,1,1,1,1,1,1,1,1,1,1,2,1,1,1,1,1,1,1,1,1,2,1,1,1,1,1,1,1,1,1,1,1,1,1,1,1,1,1,1,1,1,1,1,1,3,2,NA,NA,NA,1,NA,1,1,1,1,1,2,1,1,1,1,1,1,1,1,1,1,1,1,1,1,1,1,1,1,1,1,1,1,1,1,1,1,3,1,1,1,1,1,1,1,1,1,1,1,1,1,1,1,1,1,1,1,1,2,3,1,1,2,1,1,1,1,1,1,1,1,1,1,1,1,1,1,1,1,1,1,1,NA,NA,NA,NA,NA,1,1,1,1,1,1,1,1,1,1,1,1,1,1,1,1,2,1,1,1,1,1,1,1,1,1,1,1,1,1,1,1,1,1,1,1,1,1,1,1,1,1,1,1,1,1,1,1,1,1,1,1,1,1,1,1,1,1,1,1,1,1,1,1,1,1,1,1,1,1,1,1,1,1,1,1,1,1,1,1,1,1,1,1,1,1,1,1,1,1,1,1,1,1,1,1,1,1,NA,3,1,2
6,1,1,1,4,1,1,1,1,1,1,2,1,6,4,1,1,1,1,3,1,2,1,1,1,1,1,3,1,1,1,1,1,6,1,1,1,4,3,1,3,1,1,6,1,5,1,3,1,2,1,1,1,3,1,3,1,1,1,4,5,1,1,1,1,1,1,1,1,1,1,1,1,1,1,1,1,3,1,1,1,1,1,1,5,1,1,1,1,1,4,3,1,6,6,6,1,1,1,3,1,1,6,2,1,3,1,1,1,1,1,1,1,1,1,NA,1,1,3,1,2,1,1,1,1,1,1,1,1,3,1,1,6,2,1,1,1,1,1,1,1,1,4,1,1,4,1,1,4,2,1,1,1,1,1,1,6,1,3,2,1,1,6,1,1,1,1,1,5,1,6,1,6,1,1,1,3,1,1,1,2,1,4,1,1,1,1,1,1,1,1,1,1,2,4,6,1,1,1,1,1,1,1,1,1,1,1,1,1,1,6,1,1,3,1,1,1,1,1,1,1,1,5,1,1,4,1,2,1,1,3,1,1,1,1,1,2,1,4,1,1,5,1,1,1,2,1,1,1,1
5,2,5,5,4,1,2,2,2,1,1,2,4,2,2,3,3,1,2,3,2,3,3,2,2,2,2,2,2,3,2,1,1,2,1,1,1,2,2,2,2,1,2,2,1,2,2,2,2,2,4,1,2,2,2,2,2,3,2,1,2,2,2,1,1,1,1,1,2,2,2,2,2,1,2,2,2,2,3,2,2,2,1,2,1,2,1,2,2,2,2,2,1,2,2,2,2,1,2,2,1,2,2,1,1,2,2,2,3,2,2,3,2,2,2,3,2,2,2,2,3,2,1,2,2,2,2,3,3,2,2,2,2,2,2,2,2,2,2,1,2,1,2,3,3,3,1,1,1,1,2,2,2,1,1,2,4,1,1,1,1,1,1,1,3,1,1,1,1,1,2,2,2,2,1,1,2,2,1,2,2,1,2,2,2,1,2,2,2,2,2,2,2,2,2,2,2,3,1,1,1,1,1,2,3,3,2,2,2,2,2,2,2,2,2,2,2,1,2,1,1,2,2,2,2,2,3,3,2,3,2,1,1,2,2,3,2,1,2,3,2,2,2,2,2,2,2,2,1,1
6,1,1,1,3,1,2,1,3,2,1,5,5,6,1,1,1,1,1,2,3,1,1,4,1,1,1,5,1,2,1,1,1,1,1,3,1,1,1,2,2,1,1,1,1,4,1,2,1,1,6,1,1,1,1,1,1,1,2,2,1,1,1,1,1,1,1,1,1,2,1,3,1,1,1,1,1,1,2,1,1,1,1,4,1,4,1,1,4,1,5,1,1,1,4,1,1,1,1,2,1,1,6,1,1,1,1,1,1,1,1,1,1,1,1,2,3,1,2,1,2,4,1,4,2,3,1,1,1,6,1,1,2,1,4,2,1,5,1,1,2,1,6,6,5,1,1,1,1,4,1,1,2,5,5,1,6,1,1,1,1,1,5,1,2,1,1,1,3,1,2,1,1,1,1,1,3,4,2,1,3,1,1,1,1,1,1,1,1,1,2,1,1,1,1,1,1,1,1,1,1,1,1,2,1,1,1,1,2,1,5,1,1,6,6,5,1,1,2,1,1,1,2,1,1,1,1,1,1,1,1,4,1,1,1,1,1,1,1,1,1,1,1,1,1,2,1,1,1,1
6,2,2,1,3,2,2,4,4,5,2,4,4,3,2,2,2,1,5,2,4,5,2,2,3,2,3,5,1,2,2,5,3,2,5,6,4,3,1,2,1,2,4,6,2,4,1,4,5,3,3,1,3,1,2,4,2,1,4,3,2,1,3,3,1,2,1,2,1,3,2,3,3,1,2,2,2,3,1,2,1,1,4,4,2,1,2,1,5,3,3,2,1,5,5,6,2,2,1,3,1,3,6,2,4,4,1,3,3,2,3,2,1,2,5,6,6,1,4,2,2,3,2,6,3,3,2,3,4,2,1,2,4,2,3,1,3,5,2,3,4,2,6,5,5,2,1,2,4,5,1,2,4,5,4,2,4,2,1,3,2,2,5,2,4,4,2,2,5,1,6,4,1,2,1,2,4,5,1,2,3,3,6,2,1,2,3,2,1,3,2,1,4,2,3,5,3,5,3,4,6,2,3,4,4,2,2,3,5,5,6,2,3,4,4,2,3,1,4,2,3,3,2,2,4,2,3,3,2,4,4,6,5,3,2,3,3,2,5,3,4,3,2,4,4,4,3,4,3,1
5,1,1,1,3,1,1,1,1,1,1,4,5,4,3,4,2,1,1,1,1,2,1,1,1,3,2,4,1,1,1,1,2,3,3,1,1,3,1,1,2,1,1,5,1,2,1,6,4,4,1,1,5,1,1,1,1,1,1,3,1,1,3,1,2,1,2,1,1,1,1,1,1,1,1,1,1,1,1,1,1,1,1,1,1,1,2,1,3,4,2,2,1,2,3,1,1,1,1,2,1,1,4,1,1,2,1,1,3,1,1,1,1,1,1,1,6,1,5,2,1,1,1,1,1,1,1,4,1,6,4,1,4,1,1,2,1,2,2,1,1,1,1,2,1,2,1,1,1,1,1,1,1,5,2,1,6,1,1,1,1,1,2,1,1,1,2,1,1,1,3,2,2,1,1,1,1,2,1,1,3,3,2,1,1,1,1,2,1,1,1,1,2,2,3,1,1,1,1,1,1,1,1,1,1,1,1,1,1,1,1,1,1,2,3,2,1,1,2,1,1,1,1,1,1,1,1,1,1,4,3,2,2,1,1,1,1,1,1,1,1,1,1,1,1,1,2,2,1,1
4,4,3,1,3,2,3,3,2,3,3,3,4,3,3,4,3,1,3,3,3,3,4,3,2,4,1,4,1,3,1,2,3,4,3,1,4,4,1,1,2,2,1,4,3,3,1,6,3,3,1,1,3,1,1,3,1,1,3,4,3,1,4,1,1,3,1,1,3,3,1,2,1,1,1,1,2,2,1,1,1,1,1,2,2,1,3,1,3,4,2,5,1,3,2,3,3,2,1,3,1,1,4,1,1,1,2,3,3,1,3,3,2,3,2,2,4,1,4,2,2,3,3,2,1,2,1,2,2,5,3,1,3,2,2,2,2,3,3,3,3,1,2,1,1,4,2,1,1,1,1,1,1,3,4,1,3,2,2,1,1,1,3,3,1,2,3,1,1,1,5,2,2,2,1,1,1,4,2,1,2,2,3,2,1,1,1,3,1,1,1,1,3,3,3,1,1,3,1,1,2,1,1,1,1,1,1,1,1,3,1,1,1,1,3,3,1,1,3,2,1,1,1,1,1,1,1,2,1,5,2,1,2,1,NA,1,1,1,1,1,1,1,1,1,1,1,1,4,1,1
4,1,3,2,3,2,3,3,2,2,2,1,5,2,3,3,2,2,1,3,4,2,2,3,3,3,2,6,2,3,2,3,3,3,2,1,2,3,3,2,2,3,2,2,3,3,2,2,3,1,2,2,3,1,1,2,3,2,1,2,3,3,3,2,1,2,1,2,1,2,3,2,1,2,3,3,2,2,2,1,2,2,NA,1,2,2,3,1,2,3,2,1,2,2,3,3,2,2,3,3,1,2,2,3,2,3,1,2,2,1,2,2,3,3,2,1,2,3,2,1,2,3,5,3,2,2,3,3,3,2,1,2,3,2,2,2,1,2,3,2,1,2,3,2,2,1,2,2,3,2,1,3,4,2,3,2,3,1,2,3,4,3,2,2,1,2,2,3,3,2,5,2,2,2,1,1,2,2,1,2,3,3,2,2,2,1,2,3,3,3,1,1,2,3,3,2,2,1,2,2,2,2,3,3,3,2,2,1,2,2,3,2,1,2,2,3,2,1,2,3,3,2,2,2,1,3,2,2,1,3,2,2,3,2,1,2,3,2,2,2,3,3,2,1,2,2,3,3,2,2
6,5,4,3,2,1,2,3,4,5,6,5,4,3,2,1,2,3,4,5,6,5,4,3,2,1,2,4,5,5,6,5,4,3,2,1,2,3,4,5,5,6,5,4,3,2,1,2,3,4,5,6,5,4,3,2,1,2,3,4,5,6,5,4,3,2,1,2,3,4,5,6,5,4,3,2,1,2,3,4,5,6,5,4,3,2,1,2,3,4,5,6,5,4,3,2,1,2,3,4,5,6,5,4,3,2,1,2,3,4,5,6,5,4,3,2,1,2,3,4,6,6,5,4,3,2,1,2,3,4,5,5,5,5,4,3,3,2,1,2,3,4,5,5,6,5,4,3,2,1,2,3,4,4,5,6,5,5,4,3,2,1,2,3,4,5,6,5,4,3,2,1,2,3,4,6,5,4,3,3,2,2,1,2,3,4,5,6,5,4,3,2,1,2,3,4,5,6,5,4,3,2,1,2,3,4,5,5,5,4,4,3,2,1,2,3,4,5,6,5,4,3,2,1,2,3,4,5,6,5,4,3,2,1,2,3,4,5,6,5,4,3,2,1,2,3,4,5,6,6
3,2,1,1,5,2,1,1,3,2,2,2,1,4,2,5,1,1,2,3,3,3,2,3,1,2,2,2,1,2,1,1,2,1,1,3,2,2,2,1,2,3,3,5,4,3,1,6,1,2,4,1,2,3,2,1,2,1,4,4,2,1,1,2,2,1,1,1,2,2,1,1,1,1,2,2,1,1,2,2,3,1,1,4,1,2,3,1,3,5,4,3,1,6,6,3,1,1,2,2,1,1,6,2,1,4,1,2,2,1,3,3,1,2,4,2,3,2,3,2,4,3,2,3,3,1,1,2,3,6,4,1,4,1,2,1,4,2,3,1,1,1,2,2,4,3,2,2,3,3,2,1,2,6,4,1,6,2,2,4,3,2,5,1,2,2,2,1,4,1,6,3,1,1,1,1,1,5,2,1,3,1,2,1,1,1,4,4,1,2,3,1,4,2,3,6,1,3,4,3,3,1,1,2,1,2,3,3,5,2,6,1,1,6,6,3,1,1,1,2,1,5,2,2,4,2,1,1,2,1,2,2,4,1,1,1,2,2,4,2,3,2,2,3,4,4,5,3,1,2
3,1,1,1,2,1,2,1,1,1,1,2,6,2,1,3,1,1,2,2,2,1,2,5,1,2,1,1,1,1,1,3,1,4,3,2,2,3,2,1,1,1,1,6,2,4,1,6,3,3,2,1,2,2,1,3,1,1,1,2,2,1,1,1,1,1,1,1,1,2,1,2,2,1,2,3,1,1,2,1,1,1,1,3,2,3,1,1,1,1,2,1,1,3,3,2,1,1,1,1,1,1,4,3,1,1,1,1,2,1,1,1,1,2,2,3,5,1,2,1,4,5,1,3,1,3,2,1,1,6,2,1,3,1,3,4,1,1,1,2,1,1,2,3,1,2,1,1,2,2,1,2,1,3,3,NA,6,2,1,2,2,1,2,1,2,1,1,2,4,1,6,3,2,1,1,1,2,3,1,1,2,1,2,1,1,1,1,1,1,1,2,1,2,2,3,1,1,2,1,2,1,1,1,1,1,1,1,1,1,2,3,1,1,6,3,2,1,1,3,2,1,4,2,1,2,2,1,1,2,1,1,1,2,1,1,1,3,2,4,2,1,1,1,1,2,3,2,3,1,1
4,1,1,2,4,1,2,1,2,3,1,2,3,4,1,3,1,2,1,1,1,1,2,1,1,1,1,3,1,1,1,3,2,3,1,4,1,1,1,1,1,1,2,6,1,3,1,6,1,1,3,1,2,2,2,2,1,1,3,2,2,1,1,2,1,1,1,1,1,1,1,1,1,1,1,1,1,1,1,1,1,1,1,3,1,1,2,1,4,3,2,2,1,3,3,1,1,1,1,1,1,1,6,1,1,1,1,2,3,1,1,1,1,1,1,3,NA,2,1,1,4,5,1,4,2,1,1,1,1,5,2,1,2,1,1,3,1,1,1,1,1,1,4,1,2,3,1,1,1,1,1,1,1,4,1,2,6,1,1,1,1,1,4,1,2,1,1,1,3,1,3,1,2,1,1,1,2,3,2,1,4,1,3,1,1,1,1,3,1,1,1,1,2,1,4,3,1,1,2,2,4,1,1,3,2,1,1,3,1,1,2,1,1,4,3,4,1,1,3,1,1,1,1,3,3,3,1,2,2,2,4,2,5,1,1,1,1,1,2,1,1,1,1,1,1,3,3,5,1,1
3,1,1,1,1,1,2,1,2,1,1,1,1,1,1,1,1,1,1,1,1,1,1,1,1,1,1,1,1,1,1,1,1,1,1,1,1,1,2,1,1,1,1,3,1,1,1,3,2,1,1,2,1,1,1,1,2,1,1,1,1,1,1,1,1,1,1,1,1,1,1,1,1,1,1,2,2,2,2,1,1,1,2,2,1,1,1,1,1,2,1,1,2,2,3,1,1,1,1,1,1,1,2,1,1,1,2,1,1,1,1,1,1,1,1,1,2,1,2,1,1,1,1,1,1,1,1,1,1,6,1,1,1,1,1,2,2,1,1,1,1,1,1,1,2,1,1,1,1,2,1,1,1,1,1,3,3,1,1,1,1,1,1,1,1,1,2,2,2,1,3,1,2,2,1,1,1,2,1,1,1,1,1,1,1,1,2,2,1,1,1,1,1,1,1,1,1,1,1,1,2,1,1,1,1,1,2,1,1,1,1,1,1,1,2,1,1,1,2,1,1,1,1,1,2,1,1,1,1,2,1,1,3,1,1,1,1,1,1,1,1,1,1,1,1,1,1,1,1,2
