"whopper","thoughtless","jumbled","prismatic","pulleys","impossibly","stereotyped","strove","halftime","accommodated","sprinkling","rebuke","zest","patrolling","crimp","hacksaw","musicianship","paddock","mediate","tarnished","touchstone","philosophic","bluebird","tortilla","fables","reappeared","solace","retreats","murmur","accomplice","voluminous","tackles","sincerest","wordy","wetter","watermark","caresses","bushing","contended","perfectionist","fallible","meatball","collagen","childlike","sty","detonator","defrost","suave","viscous","ecumenical","gallows","frosted","runny","crybaby","burglars","blimp","culminated","bodied","elucidated","intermediates","contaminate","tinge","sensationalism","lute","riddles","gridiron","prostrate","envelop","imbalances","pores","invades","axiomatic","entomology","smudge","cook's","impregnate","prunes","devalue","silencing","singularly","tidewater","embryonic","loveless","yucca","mechanistic","dusted","nuance","semifinal","gagging","sonnets","tinder","griffon","scrawled","makeshift","busts","sabbatical","ruddy","geopolitical","plummet","clang","hedonism","thickened","neglects","scuff","pliable","grilled","condenser","airforce","endearing","airway","glories","urn","vivisection","foal","thermos","understandings","deleterious","recounted","antagonism","realtors","shortsighted","lessening","fabricating","decimals","outlying","devour","snugly","menopause","flapping","delirious","utilitarian","flogged","crackling","electrolysis","calypso","dived","thrived","petitioned","changeable","socialistic","commendable","aberrations","admittance","recoverable","grandiose","priestly","strategist","rumbling","syphilis","grime","captors","roamed","usefully","particulate","seeping","stabs","dormitory","monopolistic","radii","arduous","miffed","yardstick","emulsion","theorizing","snobs","prophesied","convergent","teal","informants","examiners","flops","sues","disconnection","trotter","mingled","capitalistic","refrigerated","pears","bookcase","antagonist","mutilate","duster","evicted","jurisprudence","hall's","widowed","rivet","azimuth","scathing","persuading","titular","preposition","voracious","undemocratic","dither","multichannel","epithets","buttermilk","comforted","ungodly","radiating","sawdust","totalitarianism","coolers","infringements","trill","salamander","idolatry","dreadfully","nostril","soggy","runt","sledge","rationalized","admirers","kickoff","nauseous","umbilical","binge","cardigan","natured","armadillo","contraption","blinders","trespass","glowed","maidens","intergovernmental","delineated","enticing","waiters","willed","fatally","cubicle","wince","thawed","recitation","needlepoint","subatomic","impresses","apricot","unwieldy","unconcerned","equalization","gables","retrograde","decayed","coexistence","urinal","backwater"
3,6,2,3,5,3,3,2,2,3,2,3,1,2,2,1,6,1,5,3,4,6,2,3,3,5,5,4,1,4,4,2,6,3,2,4,4,1,3,6,6,3,5,4,4,3,2,6,5,4,2,2,2,5,5,1,2,3,5,5,5,6,5,2,3,5,5,3,4,2,3,3,3,5,3,5,2,4,6,5,3,3,4,2,5,1,6,3,6,5,1,4,5,4,1,4,3,3,4,2,2,5,4,1,1,2,4,6,5,5,4,1,4,2,2,3,6,5,5,4,6,5,5,3,3,2,4,6,3,5,6,3,2,6,1,1,1,4,4,3,3,4,3,2,2,3,5,2,5,2,1,1,2,5,1,1,1,2,3,5,1,1,5,4,1,6,5,2,2,1,2,5,6,2,3,4,5,2,2,3,5,1,1,5,1,3,3,3,2,4,2,3,4,3,1,3,2,1,1,4,3,1,2,2,5,1,2,2,2,2,5,1,4,4,3,1,6,1,5,1,3,4,3,2,3,3,2,2,4,4,2,3,3,4,4,1,5,3,3,4,2,5,5,4,3,4,4,6,1,2
2,6,3,4,2,3,4,1,2,4,5,4,1,2,1,3,5,2,2,4,2,4,1,1,1,4,3,2,1,3,6,1,4,1,2,3,6,2,2,3,4,2,1,1,1,2,2,3,5,6,2,2,3,2,4,2,5,4,3,2,3,1,4,3,2,3,5,2,2,1,4,3,2,2,1,2,3,2,3,4,3,2,3,2,4,1,3,2,1,3,1,2,3,2,4,2,2,2,3,4,2,3,3,2,4,1,3,3,2,2,4,2,3,3,2,1,1,2,2,3,2,3,4,4,5,4,3,4,3,2,1,3,2,4,3,4,3,4,2,2,4,3,4,5,3,2,1,3,2,4,3,3,2,4,4,2,3,2,4,2,2,4,3,2,1,1,3,2,2,4,3,1,1,2,3,4,3,3,2,2,1,3,2,3,5,3,2,3,1,3,2,2,3,1,3,4,3,2,3,1,3,4,2,3,3,1,4,3,2,4,3,1,4,3,2,3,1,2,3,2,4,2,3,5,2,3,4,4,2,5,2,3,4,2,2,1,3,2,2,5,3,4,5,3,1,3,5,2,4,2
6,6,5,6,3,4,5,4,3,5,4,5,6,5,4,4,6,4,4,5,4,5,3,6,5,6,6,4,6,5,5,4,4,4,5,6,4,5,6,5,5,5,4,6,6,5,5,6,6,6,4,5,6,5,6,4,6,4,6,6,5,6,6,6,5,6,6,5,5,4,5,6,6,5,6,5,5,6,5,5,6,6,4,6,6,4,6,5,5,6,3,5,6,4,5,6,5,5,6,4,6,6,5,4,5,5,6,5,6,5,6,6,6,6,5,5,6,5,4,4,5,6,5,5,5,6,6,6,4,5,6,5,5,6,5,3,4,5,5,6,5,6,6,6,5,5,4,5,5,4,5,5,4,5,6,3,5,6,6,5,6,5,5,5,5,5,4,4,4,5,3,4,5,4,5,5,6,5,5,4,5,5,5,4,5,5,4,6,5,6,6,6,6,6,6,5,6,4,4,3,5,3,6,5,5,5,5,6,4,5,5,5,5,6,5,4,6,6,6,4,5,6,5,4,5,3,5,6,6,6,4,4,4,5,6,5,6,6,6,5,6,6,5,6,6,5,5,6,6,5
2,2,2,2,1,1,1,2,1,1,1,1,1,1,1,1,3,1,1,1,1,1,1,4,1,2,3,1,1,1,1,1,3,1,1,1,2,1,1,3,1,1,2,1,2,3,1,3,3,1,1,1,1,3,1,1,1,2,2,1,1,1,2,1,1,3,2,3,1,1,1,3,1,2,1,1,1,1,1,1,1,2,1,3,4,1,1,1,1,1,1,1,2,1,1,1,1,1,1,1,2,1,2,1,3,1,1,1,1,1,1,2,1,1,2,1,2,2,2,3,2,2,1,2,1,1,1,1,1,1,1,1,1,1,2,1,1,2,2,1,1,1,1,1,3,1,1,1,4,1,1,1,1,1,1,1,1,1,4,3,2,1,2,1,1,2,1,1,1,1,1,1,1,1,1,1,1,2,1,1,1,1,1,3,1,1,1,3,1,2,2,1,3,1,1,1,2,1,1,1,1,1,2,1,2,1,3,3,1,1,1,1,2,3,2,1,3,1,1,1,1,1,1,1,1,1,1,1,3,3,1,1,1,1,1,3,2,1,1,1,1,2,1,1,1,1,1,2,1,1
1,3,2,6,2,6,3,6,1,5,3,6,2,4,1,6,6,2,5,2,5,6,2,1,2,4,3,3,2,6,6,2,6,3,2,1,3,1,3,5,6,2,3,4,1,5,2,4,2,2,4,2,2,5,3,2,5,2,6,6,4,2,6,2,1,6,3,2,3,1,2,5,6,2,1,5,1,6,5,6,2,6,4,1,5,1,3,1,1,4,4,2,5,2,4,6,2,4,3,3,4,4,4,1,6,3,5,5,6,5,5,1,2,6,3,2,4,2,4,2,3,4,5,2,5,2,4,5,2,5,2,3,2,2,4,1,1,5,6,6,2,3,4,1,6,2,3,3,6,1,2,5,5,3,4,1,3,6,2,3,3,4,5,2,4,2,3,5,2,3,4,1,2,4,4,2,3,1,1,3,4,4,1,5,3,6,5,1,6,1,6,1,6,6,2,5,6,3,4,5,1,4,4,3,4,6,3,3,4,4,4,3,5,2,4,5,4,5,1,3,4,2,3,6,1,4,5,3,1,3,4,2,6,2,4,5,1,3,2,3,5,4,1,5,5,3,3,3,5,4
2,3,4,6,6,4,5,5,1,1,1,4,2,3,3,3,6,6,2,3,6,6,4,2,1,2,5,3,2,4,4,3,6,2,4,4,5,4,5,4,6,1,5,3,4,5,2,5,4,6,6,1,1,2,3,1,6,2,6,3,4,6,6,3,3,6,6,4,2,1,1,6,6,4,1,3,2,2,2,3,4,6,2,6,5,2,6,2,1,3,1,5,6,3,1,6,6,3,2,2,6,2,2,1,4,1,3,1,3,2,2,3,5,3,2,2,6,3,2,2,3,3,2,2,5,2,2,3,1,4,5,2,5,1,2,2,3,2,3,4,1,3,5,2,2,4,3,2,2,4,3,3,2,3,2,2,4,3,2,1,4,2,3,2,3,3,2,5,6,5,3,2,1,4,4,2,4,2,3,3,2,5,4,3,2,1,1,3,5,4,2,4,4,2,3,2,3,2,4,2,2,1,4,5,4,3,2,3,4,3,5,2,5,4,2,3,3,2,5,3,2,5,4,3,2,4,2,4,3,3,2,4,3,2,3,3,3,3,6,4,3,2,1,2,3,3,5,5,5,5
5,6,4,3,6,4,NA,4,6,5,5,6,2,4,2,5,6,2,4,5,6,3,5,3,5,4,NA,2,1,3,6,NA,3,2,3,4,6,3,4,3,3,5,3,NA,5,4,3,6,4,4,3,4,5,2,NA,2,4,5,4,5,3,3,2,5,3,6,2,4,3,4,5,3,3,2,4,3,5,4,3,NA,2,4,3,1,2,5,3,2,1,2,4,5,3,2,1,5,2,1,3,5,6,4,6,2,4,2,4,3,6,5,3,2,5,3,4,3,5,6,3,4,3,4,5,4,3,3,4,5,1,5,NA,2,5,3,4,1,1,3,NA,2,4,5,3,4,5,4,3,5,5,2,5,4,3,6,2,3,5,3,2,5,3,6,3,5,1,4,3,4,2,5,1,2,4,NA,3,5,3,4,2,5,3,3,4,6,2,3,5,4,3,6,3,4,6,5,2,5,3,5,2,3,5,3,6,2,6,1,4,5,4,3,1,1,5,6,4,5,3,4,1,5,2,4,5,2,2,4,4,6,5,4,5,2,3,4,5,4,4,3,3,4,5,3,5,4,4,6,5,3,6,4
2,3,3,1,1,1,2,2,3,1,2,3,4,4,3,1,5,2,2,3,3,5,4,3,6,3,3,4,1,2,3,4,4,3,3,4,4,3,3,4,3,3,6,6,1,4,1,6,6,6,1,1,2,4,6,2,4,4,3,3,1,6,6,1,5,6,2,3,3,4,4,5,5,5,2,6,4,5,2,4,5,6,6,1,3,4,6,6,4,3,3,4,4,6,4,6,3,4,2,1,4,5,2,2,5,6,5,6,6,6,5,6,6,4,4,3,6,5,6,6,5,2,6,5,6,6,5,6,3,6,6,4,3,6,6,5,5,6,6,6,3,6,5,6,6,6,6,4,6,4,5,5,4,6,1,2,4,5,6,4,3,3,6,6,2,6,4,2,4,2,3,3,6,3,5,4,4,3,3,4,4,3,4,6,4,3,3,4,4,6,5,6,6,4,4,5,5,3,3,2,4,1,5,1,4,3,3,5,5,4,4,3,5,5,4,3,6,5,4,4,5,5,6,3,3,4,3,5,5,5,4,3,3,6,6,4,6,5,4,3,1,4,5,6,5,6,4,2,2,1
6,4,2,1,4,1,2,2,1,3,3,1,1,2,2,1,4,2,1,2,1,4,1,3,2,3,5,1,1,3,6,2,4,1,2,1,6,2,2,4,3,1,4,1,1,2,1,6,6,6,4,2,1,1,3,3,1,4,5,4,2,6,3,4,4,2,3,6,3,3,1,3,2,1,2,1,3,1,4,2,1,4,1,5,6,2,3,1,3,1,1,3,4,1,2,1,3,1,1,2,4,2,1,4,3,2,1,1,1,1,4,6,6,6,6,1,4,1,2,3,1,1,3,2,1,5,3,1,1,3,6,1,2,6,5,1,1,5,4,4,3,3,1,3,6,6,3,2,6,1,2,4,1,4,1,1,1,4,5,6,4,1,2,4,3,6,1,6,1,4,3,1,1,1,4,2,6,5,1,1,1,3,5,6,1,4,1,6,3,4,2,1,6,2,3,1,5,1,3,1,1,1,2,3,4,1,3,5,3,2,1,1,1,4,3,1,6,5,3,1,2,5,2,1,4,1,2,1,5,1,1,2,1,5,NA,4,5,1,3,2,6,3,1,2,3,1,4,1,4,1
3,2,3,4,5,4,5,2,3,3,2,4,3,1,1,NA,2,3,5,3,3,2,2,3,4,5,5,5,3,4,3,2,2,1,1,1,1,1,2,3,4,4,4,3,2,3,2,5,4,3,2,3,2,3,4,5,6,2,2,1,3,4,2,2,3,4,4,3,2,1,2,3,NA,4,5,6,6,5,4,3,4,4,4,4,1,2,3,4,4,4,4,3,2,3,3,3,4,4,3,3,3,4,4,3,4,3,4,3,4,2,5,5,1,1,1,3,4,5,3,4,4,4,3,4,5,6,5,5,4,3,2,2,2,3,3,2,2,2,4,5,6,5,6,5,5,5,5,3,3,2,1,2,3,4,4,3,3,3,3,4,5,6,4,2,2,3,2,3,3,4,NA,3,4,NA,5,5,4,3,1,2,2,2,2,6,2,2,2,5,2,2,2,3,3,2,3,3,4,5,5,2,4,4,3,2,2,2,3,4,5,5,5,4,3,2,2,3,4,4,3,3,3,2,1,1,1,1,2,3,3,3,3,3,3,4,5,5,5,4,3,3,3,NA,NA,1,2,3,4,5,6,5
3,6,1,1,3,1,5,2,3,1,2,2,1,2,1,3,6,1,3,3,5,4,2,3,2,5,2,5,1,3,3,1,3,2,1,1,1,3,1,4,1,4,3,3,3,1,1,5,6,5,2,1,1,3,2,1,2,3,3,3,2,2,4,1,1,3,3,1,2,1,4,4,4,4,1,2,3,3,5,2,3,4,1,1,1,1,4,3,1,1,1,1,2,3,1,2,1,4,2,1,3,4,1,1,2,2,1,4,4,5,4,1,5,3,4,1,4,3,2,3,6,3,3,3,5,4,2,5,2,4,4,1,1,4,4,2,3,5,4,5,1,3,3,2,3,4,5,2,5,3,5,5,4,4,3,2,1,1,2,3,3,1,4,4,1,5,4,3,1,2,1,4,3,1,2,1,3,3,1,2,3,2,1,3,1,3,1,3,3,2,2,4,4,2,4,3,4,1,3,1,3,1,3,NA,3,1,1,4,4,2,2,1,3,5,3,1,6,4,3,1,2,4,3,2,1,3,5,3,4,4,4,2,2,2,3,2,5,4,2,2,1,4,2,6,2,3,2,4,4,1
1,4,3,2,1,3,5,1,3,5,3,4,1,4,1,2,4,1,2,4,5,4,5,1,1,6,2,3,1,4,6,3,4,1,1,3,4,3,1,3,1,5,1,3,1,4,4,2,5,6,1,1,1,3,4,1,4,1,3,6,1,2,4,1,3,4,5,1,1,1,4,5,6,3,2,4,3,2,2,1,2,5,1,1,6,2,4,5,2,3,1,1,2,3,1,5,2,6,5,1,3,4,4,2,3,1,1,5,2,3,3,1,6,4,4,2,3,4,2,1,5,3,4,3,6,5,3,4,2,4,6,3,4,6,2,1,3,4,5,2,4,5,3,5,3,4,4,2,1,2,1,3,5,1,1,1,4,5,1,3,1,3,2,5,1,5,1,1,3,6,1,1,4,1,3,5,6,2,2,5,3,2,1,6,1,3,1,3,4,5,1,4,6,6,3,5,3,4,2,4,5,2,6,1,3,1,4,5,4,2,1,1,4,6,5,3,4,5,3,2,4,1,3,3,1,4,4,6,6,4,3,3,2,3,1,3,5,3,4,3,5,3,2,6,4,4,3,6,2,4
5,1,3,4,5,1,1,1,1,3,1,1,1,5,1,1,4,5,5,1,1,5,1,5,1,1,5,1,4,1,6,1,6,1,4,1,5,2,1,2,5,1,5,1,6,6,1,6,6,6,5,1,4,3,5,5,5,3,6,3,4,5,3,3,3,4,2,5,3,1,1,5,5,6,3,5,3,2,3,2,1,5,1,5,5,1,5,1,3,5,1,2,3,1,1,6,2,3,3,1,6,1,1,1,5,1,3,1,2,1,5,3,5,3,5,1,3,1,3,2,5,4,5,5,6,4,6,6,1,3,5,4,1,6,6,3,3,4,1,4,1,5,3,1,6,6,6,1,6,3,2,2,1,6,4,3,5,6,6,6,6,1,4,4,6,6,6,6,4,6,4,3,1,2,4,5,4,4,1,6,6,1,3,6,2,4,6,6,6,3,6,3,6,6,6,3,6,1,1,4,6,1,5,1,5,2,5,4,1,5,5,1,3,1,2,1,6,5,5,3,4,5,4,1,3,2,3,3,5,6,2,3,4,6,6,5,4,3,6,1,6,6,3,5,1,3,2,5,3,1
2,3,2,4,3,2,2,2,2,3,1,2,1,1,1,1,6,2,3,2,3,3,1,4,2,2,2,1,1,3,6,2,3,1,1,1,2,1,1,3,4,1,3,1,1,2,1,6,6,6,2,1,1,1,4,1,3,2,5,5,5,4,4,1,2,1,2,4,2,1,1,3,3,2,1,1,1,3,3,4,1,6,1,4,3,1,6,1,1,1,1,1,2,1,1,3,1,4,1,1,3,2,2,1,2,1,1,1,2,1,1,1,3,4,2,1,3,1,3,2,1,1,1,3,1,3,1,3,1,2,4,2,2,5,4,1,2,3,3,3,2,3,2,1,4,4,3,2,3,1,1,2,1,2,1,1,1,4,4,4,1,1,2,3,1,4,2,1,1,2,1,3,2,1,1,3,2,2,1,2,3,1,1,5,1,2,1,5,3,6,3,2,3,2,1,2,4,1,1,1,3,1,6,1,4,1,1,3,1,1,1,1,1,2,3,1,4,3,1,1,3,1,3,1,1,1,1,2,4,3,1,1,2,2,2,1,2,1,1,1,1,2,2,2,2,1,1,2,3,1
4,2,4,3,4,2,3,1,2,3,3,4,1,1,2,1,4,2,2,2,1,3,1,2,3,2,3,2,4,3,2,1,2,1,1,1,2,1,1,1,3,1,3,1,2,3,1,4,3,3,3,1,1,1,2,2,3,1,4,2,3,5,4,1,2,4,3,3,2,1,2,4,3,3,1,2,2,3,2,2,3,3,2,4,3,2,4,3,2,3,1,2,3,3,1,2,2,2,3,4,5,2,3,2,3,1,4,2,3,2,2,3,4,4,3,2,2,2,3,3,2,3,2,3,3,4,2,2,1,3,2,2,2,2,4,3,2,3,2,2,1,4,2,3,4,2,2,2,4,3,2,1,1,3,2,1,2,4,4,5,3,1,2,3,2,3,3,2,1,2,1,2,2,3,3,2,4,1,1,2,3,2,3,3,1,2,4,5,2,3,4,3,4,3,3,2,4,1,2,2,3,2,4,1,3,2,4,4,2,2,1,1,2,2,3,1,6,5,1,3,1,4,3,1,2,2,2,4,NA,2,2,4,3,3,4,4,3,2,3,2,3,4,2,3,2,3,3,4,3,1
2,1,2,6,3,2,2,4,2,5,2,1,1,2,2,2,2,2,5,4,1,6,2,5,2,6,5,2,2,6,5,1,6,1,2,1,4,2,1,3,5,1,4,1,5,3,1,6,5,6,5,1,3,2,3,1,5,1,5,4,3,2,2,2,1,5,5,6,1,5,2,5,5,3,1,2,2,1,2,2,1,5,1,1,5,1,6,1,4,5,1,3,2,1,1,6,4,3,2,5,6,2,2,1,4,1,3,1,4,1,2,5,6,5,4,2,6,3,5,2,1,2,3,5,1,5,1,3,5,6,6,2,1,6,6,4,1,2,1,4,2,4,3,2,5,5,6,2,6,2,5,6,1,5,2,3,3,5,2,2,2,2,5,6,3,3,6,1,1,2,2,5,2,6,3,3,3,6,3,5,4,NA,1,4,4,5,2,2,5,4,3,3,6,1,2,6,5,4,3,3,5,5,2,4,NA,3,6,1,3,3,5,5,3,6,6,NA,3,2,2,4,5,1,NA,5,2,2,6,4,6,5,5,6,6,1,1,3,4,3,1,NA,5,3,3,5,5,3,4,4,4,3
2,2,2,1,2,1,2,2,2,1,1,2,1,1,1,2,2,1,2,2,2,2,1,2,1,2,1,2,1,2,2,2,2,1,1,1,1,1,1,2,1,2,1,2,2,1,1,2,2,2,2,1,2,2,1,1,1,2,2,2,2,2,2,1,2,2,2,1,2,1,2,2,2,2,1,1,2,2,1,1,2,2,2,1,2,1,1,2,1,1,1,1,2,2,1,1,2,1,1,1,1,2,1,1,2,2,1,2,2,2,2,1,2,2,1,1,2,2,1,2,2,1,1,1,2,2,1,2,1,2,2,1,1,2,2,1,1,2,1,1,1,2,2,1,2,2,1,1,1,1,1,2,2,1,1,1,1,1,2,2,1,1,2,1,1,2,1,2,1,1,1,2,2,1,2,1,1,2,1,1,1,1,1,2,1,2,1,2,1,1,2,2,3,1,1,1,1,1,1,1,2,2,2,1,2,1,1,2,2,1,1,1,3,2,1,1,2,1,2,1,2,1,2,2,1,2,2,1,2,2,2,2,2,2,2,2,3,2,1,1,1,3,1,2,2,2,2,2,2,2
4,1,1,3,1,1,1,3,1,1,1,4,1,1,1,1,2,3,2,1,1,4,1,3,1,3,2,1,1,1,5,1,2,1,1,1,2,1,1,1,3,1,4,1,1,1,1,5,4,3,1,1,1,1,1,1,1,1,4,1,1,3,6,4,1,1,1,1,1,1,1,4,3,1,1,1,1,1,1,1,1,3,1,5,4,1,1,1,1,1,1,2,1,1,1,1,3,2,1,1,3,1,1,1,1,1,1,1,1,1,1,1,3,1,3,1,5,1,1,1,1,1,1,1,1,2,1,1,1,1,3,4,1,3,1,4,1,1,1,1,1,5,1,1,4,1,1,1,1,1,1,1,1,1,1,1,1,3,4,6,1,1,3,1,1,1,1,1,1,1,1,1,1,2,1,1,1,1,1,1,1,1,1,6,2,1,1,3,4,1,3,1,1,1,3,1,2,1,1,1,1,1,1,1,1,1,1,1,1,1,1,1,1,1,1,1,3,2,4,1,1,1,1,1,1,1,1,1,4,1,1,2,1,1,1,1,1,2,1,1,1,2,1,1,3,1,1,1,1,1
1,1,1,3,3,1,1,1,1,1,1,1,1,1,1,1,1,1,1,1,1,6,1,1,1,1,3,1,1,1,2,1,1,1,1,1,1,1,2,1,1,1,2,1,1,3,1,1,3,3,3,1,1,1,1,1,5,1,6,1,1,1,1,2,1,6,1,1,1,1,1,6,6,1,1,1,1,1,1,1,2,2,1,4,1,1,2,1,1,1,1,2,1,1,1,3,1,3,1,1,5,1,1,1,3,1,1,1,1,1,1,1,4,1,1,1,1,1,1,1,1,1,1,1,1,1,1,1,1,1,1,1,1,1,1,1,1,1,1,1,1,3,1,1,1,1,1,1,1,1,1,1,1,1,1,1,1,1,1,4,1,1,6,1,1,1,1,1,1,1,1,1,1,NA,1,1,1,1,1,1,1,1,1,6,1,1,1,4,1,1,4,1,1,1,6,5,6,1,1,1,1,1,1,1,1,1,1,4,1,1,1,1,1,1,1,1,1,3,1,1,1,1,1,1,1,1,1,4,3,1,1,1,1,1,1,1,1,1,1,1,1,1,1,1,1,1,1,1,1,1
6,6,5,1,1,1,2,1,1,6,1,1,1,1,1,1,6,1,1,4,3,5,1,1,1,3,1,1,4,6,2,1,3,1,1,1,2,1,1,1,1,1,6,1,6,4,1,6,5,6,2,2,2,3,2,3,6,1,6,2,5,4,5,1,1,5,1,1,3,1,1,6,6,1,1,3,1,1,1,4,1,NA,1,5,3,2,4,4,2,1,1,1,1,4,1,2,1,4,1,1,6,6,1,1,3,2,4,1,1,1,1,6,4,1,3,1,4,1,2,3,3,2,NA,1,1,1,1,4,3,2,3,2,NA,1,1,1,5,4,1,2,2,5,1,1,1,3,3,2,6,2,1,1,1,1,1,1,1,3,1,2,1,3,6,1,1,5,5,1,1,1,1,1,4,2,3,4,2,1,1,1,6,1,1,6,1,1,1,6,4,5,4,5,5,5,4,5,6,1,1,1,4,6,6,1,6,2,6,6,3,1,1,1,1,6,3,1,1,1,1,3,3,5,1,1,1,1,5,4,5,5,1,1,1,2,1,6,3,5,1,3,3,1,1,2,4,4,2,5,1,1
2,3,1,1,1,1,1,1,1,1,1,1,1,1,1,1,1,2,1,1,1,1,1,3,1,2,1,1,1,1,1,1,1,1,1,1,2,1,1,1,1,1,1,1,1,1,1,4,4,5,2,1,1,1,1,1,1,1,1,1,1,NA,1,1,1,3,1,1,1,1,1,4,3,2,1,1,1,1,1,1,1,1,1,3,3,1,3,1,1,1,1,2,3,1,1,1,2,1,1,1,3,1,1,1,3,1,1,1,3,1,1,1,4,2,3,1,3,1,2,2,1,1,1,1,1,1,1,1,1,1,3,1,1,2,2,1,1,1,1,1,1,1,1,1,3,1,1,1,3,1,1,1,1,1,1,1,1,1,3,1,2,1,1,2,1,2,1,1,1,1,1,1,1,1,1,1,1,1,1,2,1,1,1,3,1,1,1,5,1,1,1,1,1,1,4,1,1,1,2,1,1,1,3,1,1,1,1,3,1,1,1,1,1,1,1,1,1,1,1,1,1,1,1,1,1,1,1,1,3,1,2,1,1,1,1,1,1,1,1,1,1,2,1,1,1,1,1,2,1,1
1,1,1,1,1,1,1,1,1,1,1,1,1,1,1,1,1,1,1,1,1,4,2,2,2,4,1,2,4,2,4,2,3,NA,5,2,4,3,3,2,3,2,2,4,2,2,3,4,2,4,3,3,1,1,1,1,1,1,1,1,1,1,1,1,1,1,1,1,1,1,1,1,1,1,1,1,1,1,1,1,1,1,1,1,1,1,1,1,1,1,1,1,1,1,1,1,1,1,1,1,1,1,1,1,1,1,1,1,1,1,1,1,1,1,1,1,1,1,1,1,1,1,1,1,1,1,1,1,1,1,1,1,1,1,1,1,1,1,1,1,1,1,1,1,1,1,1,1,1,1,1,1,1,1,1,1,1,1,1,1,1,1,1,1,1,1,1,1,1,1,1,1,1,1,1,1,1,1,1,1,1,1,1,2,4,2,2,4,3,5,3,5,4,3,2,3,2,4,2,5,2,3,1,1,1,3,3,1,1,2,3,3,4,3,2,3,2,4,2,4,2,4,2,4,2,4,2,3,2,3,1,3,2,5,3,2,4,3,2,4,2,3,4,3,2,1,4,3,3,4
2,3,3,4,4,3,4,2,2,4,3,2,1,2,1,4,4,3,2,4,2,4,2,3,2,2,1,1,1,3,4,2,3,1,1,2,3,1,2,2,6,2,3,2,4,3,2,6,6,6,4,3,2,2,3,2,4,2,5,6,2,4,3,2,2,3,4,5,5,2,3,6,5,2,4,5,3,4,3,4,3,4,1,6,5,2,6,4,5,3,2,3,2,1,1,2,1,3,2,1,6,3,4,2,5,1,3,2,4,1,3,4,6,2,2,1,4,2,3,2,2,3,4,2,3,2,1,5,2,3,5,2,3,2,3,2,2,4,2,4,3,5,4,5,6,3,4,3,6,2,1,2,1,3,1,2,3,4,5,4,3,2,5,4,2,5,5,2,2,3,1,3,2,1,2,3,3,2,1,4,2,5,2,5,2,4,4,5,5,4,2,4,6,4,6,4,5,5,3,2,3,2,2,3,2,1,3,5,3,2,2,2,3,3,2,1,4,3,3,2,3,2,4,4,2,2,3,4,6,3,2,3,4,5,5,6,2,2,1,2,3,3,2,3,2,4,2,3,5,3
5,5,4,6,2,2,3,4,1,6,2,2,3,1,1,1,6,1,5,3,2,6,1,6,2,3,5,2,1,5,5,4,5,1,1,1,3,2,2,4,5,1,2,1,5,4,1,5,5,6,2,1,4,1,5,1,4,5,5,2,1,1,5,5,3,4,5,1,2,1,1,5,5,4,1,2,4,2,2,3,1,4,1,4,6,1,6,2,5,4,1,4,5,4,1,6,5,2,2,1,6,4,5,1,4,2,2,1,4,1,4,2,5,6,5,1,5,2,2,6,3,2,4,5,3,4,1,2,1,4,5,2,1,6,6,2,2,4,3,5,1,4,2,3,5,3,4,3,6,1,1,5,1,3,2,1,2,4,3,5,2,1,4,5,1,4,6,4,4,2,3,4,1,1,5,2,6,1,1,5,3,1,2,6,1,4,1,5,4,6,6,4,6,2,5,3,6,1,6,1,3,1,4,1,6,1,5,6,4,5,3,1,2,3,3,1,6,6,5,4,3,4,3,4,2,5,5,6,4,5,2,1,5,5,3,6,4,3,4,2,3,5,2,5,4,2,1,4,2,1
1,2,1,1,2,2,4,1,1,3,1,2,1,1,1,3,5,3,1,1,2,4,1,3,1,2,4,1,2,2,4,1,4,1,1,1,2,1,2,4,1,2,2,1,1,3,1,3,4,5,1,1,1,1,2,1,2,2,4,2,2,3,4,3,1,2,1,3,1,3,1,4,4,3,2,1,2,1,3,2,2,4,1,3,4,1,3,1,1,1,2,2,3,2,2,3,2,4,3,1,3,3,2,2,4,3,2,3,2,2,2,3,3,3,2,1,3,2,2,3,1,1,1,2,2,2,1,4,1,1,2,2,2,4,4,1,1,1,1,4,1,1,2,2,1,3,2,1,4,1,1,2,1,1,1,1,1,1,3,3,1,1,3,2,1,2,2,1,1,1,1,3,1,1,1,1,2,3,1,1,1,1,1,2,1,1,2,4,2,2,2,3,1,1,1,2,2,1,1,1,1,1,3,1,3,1,1,3,2,1,1,1,1,1,1,1,2,2,1,1,2,3,3,1,1,1,1,3,3,2,2,1,2,2,3,2,2,2,2,2,2,3,1,2,2,3,3,3,3,1
2,6,5,1,5,2,6,1,2,1,2,1,1,2,1,1,6,1,2,2,5,6,2,3,4,4,2,4,1,2,2,4,5,2,1,2,2,1,1,5,4,3,3,4,1,1,2,5,6,1,1,1,1,2,3,1,1,5,5,5,5,6,6,3,4,3,5,1,2,3,3,2,2,6,2,3,2,3,1,2,3,2,1,1,6,2,5,1,5,2,3,2,3,3,2,1,2,2,2,1,1,5,4,1,1,3,3,5,4,4,3,1,6,2,1,2,2,2,1,4,6,2,1,2,2,3,1,2,2,4,2,5,2,2,2,3,3,5,5,1,3,5,4,2,2,6,5,2,6,4,2,5,2,3,1,1,1,1,6,4,1,1,5,2,1,6,4,5,2,4,1,5,4,2,4,1,5,4,1,2,4,4,1,1,1,4,1,2,3,5,2,1,5,1,1,1,1,2,3,2,2,2,2,2,3,1,2,3,4,1,2,2,5,4,6,1,6,2,5,5,5,1,5,2,1,3,3,1,4,1,2,3,3,4,2,5,1,3,1,1,1,5,4,2,4,1,4,1,2,2
5,6,3,NA,4,2,2,1,1,3,1,2,1,2,1,2,5,2,3,1,2,4,2,5,4,6,2,2,1,4,2,3,2,1,1,1,2,1,1,4,6,1,4,3,2,1,1,3,6,5,1,1,1,NA,NA,1,1,4,6,6,6,4,6,3,3,5,2,1,1,4,4,1,1,6,1,4,2,4,3,1,1,5,2,2,3,1,2,1,1,3,1,2,2,2,1,1,1,1,1,1,1,2,1,1,2,2,1,2,2,3,3,1,1,4,1,1,3,2,3,2,4,1,1,1,1,1,1,2,1,1,2,2,1,1,1,2,3,2,4,2,2,2,2,5,4,NA,2,1,6,3,1,4,2,2,1,1,1,2,4,3,2,1,2,1,2,5,2,2,1,1,1,3,2,1,2,3,2,3,2,1,2,1,1,4,1,2,1,1,2,3,3,2,4,1,2,2,1,1,1,1,2,1,6,1,3,1,1,2,2,2,4,1,2,3,1,1,4,2,2,1,3,2,2,1,1,2,4,1,2,1,1,1,1,2,2,3,3,5,1,1,1,2,5,1,4,2,5,2,1,1
