"sarcastic","temporarily","shades","comparisons","pepper","marker","grammar","decrease","thorough","orbit","focuses","airplane","proceeds","pooled","authorized","earnings","wasting","subsequently","sixth","subscribing","presentations","hired","authorization","breathing","frustration","cameras","abuses","morals","thighs","highlight","vocals","offerings","paradigm","smells","aggressive","plains","fare","surrender","olive","lodge","governmental","unexpected","furry","brake","yield","actress","stern","forthcoming","requesting","calm","flights","adapt","arch","phones","plague","fetish","censored","ideology","dreaming","consoles","circular","prisoner","heretic","preceding","influences","comedy","attending","pops","fitting","relay","intersection","bulb","seal","infamous","flair","delegation","variations","capitalist","exhibit","lure","lottery","howl","cartridges","honesty","northwest","sophisticated","tactic","pity","bride","prosecution","touched","stepped","projected","conventions","authentication","hazard","clearing","bottles","promises","bells","fortunate","scenery","chromium","wishing","interpretations","vaguely","desperately","altitude","reduces","vacuum","moron","reducing","flavor","doubles","astronomy","placenta","owl","outdated","executing","babe","wells","patents","axe","sins","crude","rope","dungeon","approve","enjoyment","patience","taxed","determining","kindly","affecting","turtle","eruption","how's","digit","concurrent","playable","bondage","rides","adjacent","allocation","inaccurate","sufficiently","cherry","develops","sang","specifics","staring","cotton","waffle","terribly","pointless","blazing","chin","booth","chronicles","churches","profession","panels","refresh","legacy","lean","berserk","literary","fights","flows","passport","librarian","homeless","certificates","jar","knocked","trucks","organizing","motive","equations","undoubtedly","merchandise","myths","paranoia","rifles","periodic","slice","scum","brains","carol","expectations","cycles","microwave","frost","displaying","intensive","blocking","unrelated","rewrite","profiles","athletic","needing","downtown","imports","stall","mistress","outcome","aquarium","warlord","geographical","paranoid","container","ruined","robots","cassette","distortion","flux","clarity","amnesty","designated","recreational","photographer","banner","presume","cleaner","serpent","configurations","stairs","sauce","organic","destructive","compress","shaman","stretched","troubles","salvation","maturity","dip","lasted","screws","nay","entropy","torso","realms","glorious","samurai","senses","chairs","unused","predicted","hacking"
3,1,4,2,5,1,3,5,4,3,2,4,2,6,4,2,5,2,1,4,1,3,4,5,2,6,2,3,2,5,5,3,3,2,2,4,2,4,4,4,1,4,5,3,5,1,2,5,1,3,6,4,5,2,3,5,5,4,2,5,3,4,4,3,2,5,2,5,2,5,4,1,2,5,4,2,2,4,4,2,3,4,2,4,3,5,2,5,1,2,1,5,3,2,5,4,2,3,4,2,3,NA,1,5,2,4,5,3,5,1,4,5,2,5,5,2,5,6,4,2,5,5,2,1,3,4,1,4,2,4,1,5,1,4,5,2,5,2,4,2,3,6,5,2,2,4,3,1,2,3,5,6,4,3,5,3,4,1,6,3,4,2,3,3,NA,4,2,4,NA,3,2,5,NA,3,6,4,6,1,6,3,NA,4,5,6,5,6,4,2,3,3,2,6,4,1,3,4,6,3,2,4,3,5,3,4,2,5,4,2,5,6,1,3,1,3,1,6,3,2,3,4,2,NA,2,2,5,3,5,2,1,2,4,4,4,1,2,4,4,3,2,5,4,2,2,3,5,2,3,2,3,2
2,1,2,1,3,1,1,1,3,1,3,1,1,1,1,1,2,2,1,1,1,3,1,2,3,2,1,1,2,1,1,1,3,1,2,1,1,1,3,2,1,1,1,1,1,1,1,1,1,2,3,1,3,1,3,1,1,1,1,2,1,1,4,3,2,2,2,1,1,2,1,1,1,2,2,1,1,1,2,1,1,1,2,4,1,3,1,1,1,2,4,3,2,2,3,3,1,2,2,1,5,4,2,1,1,3,1,2,3,3,1,2,2,2,1,2,1,1,1,1,1,3,3,3,1,1,5,2,1,3,1,2,3,2,1,1,1,4,1,2,2,2,2,1,1,3,1,2,1,2,3,2,1,2,1,1,1,1,2,1,2,1,1,2,1,3,1,1,2,1,2,1,2,1,3,1,2,1,2,2,2,2,3,3,1,1,1,1,2,1,2,2,2,1,1,1,1,1,1,2,1,1,1,1,1,1,3,1,2,1,1,3,3,2,3,1,2,3,3,2,2,1,2,1,1,2,1,2,1,1,1,3,2,4,2,3,1,1,2,1,2,1,5,2,3,2,1,2,1,1
4,4,1,3,1,1,1,1,2,1,1,1,3,1,3,1,1,6,1,3,4,1,4,3,3,1,1,1,1,1,1,3,6,1,1,1,1,1,2,2,6,3,1,1,1,1,1,5,5,1,1,1,1,1,2,2,2,2,1,4,1,1,5,5,3,1,1,1,1,1,3,1,1,3,1,2,2,2,4,4,3,4,3,2,1,4,2,1,1,3,1,1,1,3,6,1,1,1,1,1,1,1,6,1,5,4,1,1,1,2,3,1,1,1,3,4,3,1,1,1,1,1,1,1,1,1,2,1,1,2,1,2,1,1,1,2,2,1,2,1,1,1,5,5,4,4,1,1,1,2,2,1,1,1,2,1,1,1,3,2,1,NA,1,1,3,4,3,1,2,1,1,1,3,1,1,1,1,1,2,3,3,4,5,1,1,1,3,1,1,1,2,2,1,2,2,1,1,1,1,1,1,1,1,1,2,1,6,5,5,5,2,1,1,6,6,3,1,6,5,5,3,1,2,1,4,6,1,1,2,3,2,4,2,1,2,1,1,1,1,2,3,3,4,4,6,3,2,1,1,1
1,2,2,2,1,1,2,3,5,1,3,1,3,4,4,2,1,5,2,2,4,2,5,3,4,1,2,1,4,6,3,1,5,1,1,1,1,4,2,5,2,1,2,3,3,1,1,2,3,1,4,1,3,3,4,3,3,4,2,3,2,1,3,3,5,2,1,2,2,1,2,1,3,2,2,2,4,3,3,1,1,1,5,2,2,3,1,1,1,2,3,2,2,3,6,2,3,3,2,1,4,4,4,1,4,5,4,2,3,4,3,2,3,2,2,3,1,1,3,3,1,3,2,2,1,1,4,3,3,5,4,2,1,1,2,4,3,3,2,4,4,3,4,4,3,6,4,3,1,2,1,1,3,2,1,2,2,1,3,2,3,2,1,2,3,5,4,5,2,1,1,1,4,1,5,4,2,2,3,6,2,4,6,3,3,1,3,2,1,5,5,2,2,2,1,2,1,4,3,2,1,1,1,2,3,3,5,2,3,3,3,2,3,3,4,2,1,3,6,5,4,1,4,3,4,4,1,2,1,2,3,2,5,3,4,3,1,NA,1,1,NA,1,4,4,6,2,1,3,1,1
4,4,1,4,1,1,4,4,4,1,4,1,4,1,4,1,1,5,1,5,5,1,4,2,4,2,1,1,1,1,1,1,4,1,5,1,1,4,1,1,5,5,1,1,1,1,1,5,5,1,1,1,1,1,4,1,4,4,4,4,1,1,4,4,4,3,3,1,1,1,4,1,1,3,1,4,5,5,4,1,1,1,4,4,4,4,1,1,1,4,4,4,4,2,5,1,1,1,4,1,3,3,4,1,4,1,4,1,4,4,1,1,1,1,4,4,1,5,6,1,1,4,1,1,1,1,4,4,1,3,1,3,1,1,1,1,1,1,3,4,4,1,4,3,3,4,1,1,1,1,1,1,1,3,3,4,1,1,4,4,4,2,1,1,1,5,4,1,1,4,4,4,5,1,1,1,1,1,4,5,6,1,6,6,4,1,1,1,1,5,1,3,1,4,1,3,1,1,1,1,1,1,1,1,3,4,5,1,6,6,6,3,3,4,4,2,1,2,5,5,5,1,1,1,1,5,1,1,1,6,4,6,5,4,1,5,1,1,1,1,4,1,4,4,6,3,1,1,1,1
1,2,3,2,NA,1,1,3,5,1,1,3,1,1,3,4,1,6,1,1,3,1,3,4,3,1,1,1,3,4,1,1,3,1,1,3,2,1,1,4,1,1,1,1,3,1,1,3,6,1,6,1,3,3,4,3,4,3,3,1,4,1,1,3,2,1,1,1,1,1,3,1,3,3,3,3,1,3,1,1,1,1,4,1,3,3,1,1,1,4,4,1,1,3,4,1,3,1,1,1,1,5,3,4,3,4,1,1,3,1,1,4,1,3,1,5,1,3,3,1,1,1,1,1,2,1,4,1,1,4,1,1,1,1,1,3,1,5,1,1,4,1,1,1,1,5,4,1,1,4,1,1,1,1,3,1,4,1,3,3,3,1,3,1,3,1,1,4,2,1,3,2,4,1,6,1,1,1,4,5,3,4,6,1,4,1,1,3,1,4,4,3,1,1,2,1,1,4,1,2,1,1,1,1,1,1,5,1,3,4,3,3,1,3,3,1,1,1,4,4,3,1,1,4,1,4,3,3,1,2,1,4,3,4,4,3,1,1,1,1,2,1,4,4,3,1,3,2,1,1
1,2,2,2,1,1,2,4,5,1,2,1,4,1,4,3,2,4,1,2,3,2,2,3,2,2,2,3,3,1,3,1,5,1,3,2,1,2,1,1,4,2,1,1,4,1,1,2,2,3,4,2,3,3,4,1,2,4,1,3,1,3,3,3,2,1,2,1,1,1,2,1,1,2,2,3,3,2,3,3,1,1,1,3,2,4,2,1,1,4,4,1,3,1,2,2,1,1,1,1,2,3,5,1,3,5,2,2,2,4,3,4,3,5,3,3,4,1,4,2,1,3,5,2,1,1,4,2,3,3,1,4,3,3,2,3,2,4,3,1,2,3,4,3,3,4,1,4,1,3,1,1,2,2,1,3,2,1,4,2,2,3,3,4,2,3,3,3,2,1,4,2,3,1,5,2,2,2,4,4,4,4,3,3,2,2,2,2,2,3,3,2,2,2,2,3,2,4,3,3,2,2,1,2,3,1,3,1,3,2,3,3,1,3,2,3,3,3,4,3,2,2,3,1,1,2,3,3,3,3,2,3,4,4,3,3,1,1,2,1,3,3,4,3,4,2,1,1,2,1
1,1,1,1,1,1,1,2,3,1,1,3,1,1,2,3,2,4,2,1,4,3,4,5,4,1,1,1,6,6,1,4,6,1,1,3,3,1,4,2,3,1,1,2,4,1,1,2,3,5,NA,1,4,6,5,4,2,1,4,3,1,1,1,3,1,1,3,1,3,1,4,1,2,4,4,4,4,1,1,1,1,1,4,1,1,5,1,1,1,4,3,1,1,4,4,1,4,1,1,1,1,5,4,2,4,6,1,1,1,5,1,4,1,5,1,1,1,1,4,2,1,1,3,1,1,1,4,1,1,3,2,4,1,1,2,4,1,1,1,1,3,1,1,3,1,5,1,1,1,1,1,1,2,1,1,3,1,1,5,3,1,1,3,1,2,1,1,6,1,1,1,1,1,1,6,1,1,1,1,6,2,2,5,1,1,2,2,4,1,3,1,1,1,4,1,4,1,5,1,1,3,1,1,1,1,2,4,1,6,6,2,2,1,6,4,1,1,1,1,4,6,1,3,2,1,4,5,2,1,2,1,3,4,5,4,1,1,1,3,1,1,1,3,3,6,1,3,1,1,4
1,2,2,1,1,1,2,4,5,1,3,1,4,2,5,3,2,6,1,2,1,3,4,2,1,1,4,1,4,2,1,1,6,1,3,4,1,2,1,5,1,1,1,1,3,2,1,2,2,3,4,1,1,4,6,2,5,5,3,2,2,2,1,3,4,1,1,1,1,1,2,1,1,2,2,1,3,1,1,2,1,2,4,2,1,4,1,1,1,5,4,2,1,2,5,2,2,1,2,1,3,4,6,3,4,6,4,3,4,3,1,3,1,5,4,2,1,2,2,1,1,3,2,1,2,1,6,2,3,4,2,3,2,2,1,3,1,2,1,2,3,1,4,1,3,5,1,5,1,3,4,1,1,3,2,2,3,1,4,4,1,1,2,3,1,6,4,3,2,1,3,1,1,1,2,1,2,2,3,6,5,2,5,2,2,1,1,3,1,2,3,1,1,2,1,1,3,1,3,2,1,1,1,1,2,1,3,1,4,3,2,2,1,6,3,1,1,2,4,5,6,1,6,3,1,4,2,3,1,2,NA,4,4,5,2,3,1,1,1,1,2,1,3,3,6,1,2,4,2,1
2,2,1,2,1,1,2,2,3,1,2,1,2,2,2,2,1,3,2,2,2,1,2,2,2,1,1,1,1,1,1,1,4,1,2,1,1,2,1,1,2,2,1,1,2,1,1,2,2,1,1,1,2,1,1,1,2,2,1,1,2,1,2,2,1,1,1,1,1,1,2,1,1,2,2,2,2,2,1,1,1,1,2,1,1,3,1,1,1,2,1,1,1,2,2,1,1,1,1,1,1,2,3,1,2,2,2,1,1,1,1,1,1,1,2,2,1,1,1,1,1,1,1,1,1,1,3,1,1,1,1,2,1,1,1,2,1,1,2,1,1,1,2,2,2,2,1,1,1,1,1,1,1,1,1,1,1,1,2,1,1,1,1,1,1,4,1,1,1,1,2,1,2,1,1,1,2,1,2,2,3,2,2,1,1,1,1,1,1,2,1,2,1,2,2,1,1,1,1,1,1,1,1,1,1,1,3,1,2,2,1,1,1,2,2,1,1,2,2,2,1,1,1,1,1,2,1,1,1,2,1,2,2,3,2,2,1,1,1,1,3,1,2,2,3,1,1,1,1,1
1,1,2,1,1,3,3,3,4,2,3,5,3,2,5,3,3,1,2,3,3,3,4,4,4,1,2,1,4,6,1,3,6,1,1,2,5,1,1,2,1,1,1,2,2,1,1,1,1,1,3,1,1,4,4,1,2,3,2,1,1,1,2,3,1,1,1,2,2,2,1,1,2,1,2,2,3,2,1,3,1,3,4,1,1,4,1,1,2,3,4,2,1,2,2,1,2,3,1,1,1,1,1,1,4,6,3,4,3,2,1,2,2,2,2,1,4,3,2,2,1,2,3,1,3,3,4,2,1,2,1,1,2,2,1,2,2,1,1,2,1,2,1,2,2,2,1,2,2,1,2,1,1,1,2,4,1,1,2,3,2,3,2,2,3,3,3,4,2,1,2,2,2,1,4,2,1,3,4,4,2,1,2,3,1,3,1,2,1,1,2,1,1,3,2,1,2,3,3,1,2,4,1,1,1,3,2,2,6,4,3,1,1,1,1,1,1,1,3,2,4,2,2,3,1,3,2,2,1,1,1,1,2,2,3,1,1,1,2,1,1,1,2,1,1,1,3,3,1,1
1,1,1,1,1,1,1,1,1,1,1,2,2,2,2,2,3,2,2,4,4,4,4,3,3,2,2,2,2,2,2,1,1,2,1,2,2,1,1,1,1,1,2,1,2,1,2,1,2,1,1,1,1,1,1,1,1,1,2,2,2,2,2,2,2,2,2,1,3,2,2,2,1,2,2,5,4,3,2,2,2,2,1,2,2,3,2,2,3,3,2,2,1,2,3,2,1,2,2,3,2,1,2,3,2,1,2,2,2,2,2,2,1,3,2,2,2,1,1,1,1,1,1,2,2,2,1,2,2,1,2,3,3,3,3,2,5,5,5,4,3,NA,2,2,4,3,6,2,2,2,3,2,3,2,3,2,2,2,3,3,4,3,2,1,3,3,2,3,3,3,2,2,3,1,1,1,1,1,6,6,6,6,6,6,5,5,5,5,4,NA,3,2,2,2,2,2,2,2,1,1,1,1,1,1,1,1,1,3,2,2,2,2,2,2,3,3,2,2,2,2,2,2,2,2,2,2,1,2,2,2,2,2,2,2,2,2,1,1,1,2,1,2,1,2,2,2,2,3,2,3
6,3,2,4,1,3,2,3,6,1,1,5,4,2,5,6,1,2,2,1,2,1,4,6,1,1,4,5,6,6,2,1,6,1,1,3,3,2,1,1,1,1,6,2,6,2,5,2,1,3,6,1,5,6,5,2,3,5,1,2,2,2,2,4,4,1,1,1,1,6,2,3,6,2,4,1,1,1,4,4,1,1,2,2,1,5,1,1,2,2,4,1,1,4,4,2,2,1,2,1,1,5,2,2,2,1,1,1,1,2,6,1,1,2,2,1,1,1,2,1,1,1,3,2,2,2,4,2,2,4,1,1,1,2,1,6,6,6,1,2,2,2,2,2,2,2,2,1,3,1,4,2,5,5,2,2,2,3,2,4,2,4,3,5,2,5,1,3,5,1,6,1,3,1,2,2,3,1,3,6,1,5,6,3,2,5,2,4,4,2,5,1,1,1,1,2,1,6,2,2,1,3,3,2,5,2,6,2,6,2,2,1,2,5,2,1,4,6,2,3,4,3,2,4,2,3,2,4,2,2,2,6,2,3,2,2,1,1,1,4,4,4,3,2,6,2,3,5,2,1
6,4,4,4,3,3,5,5,4,3,3,4,4,3,3,3,2,4,3,4,3,3,4,2,3,3,5,3,4,2,5,3,5,4,3,2,5,3,4,4,3,2,4,5,5,4,2,3,4,3,5,3,2,3,4,3,4,4,5,3,4,2,3,4,3,3,5,3,4,3,2,4,4,3,3,5,4,3,2,4,3,3,5,5,4,3,2,4,3,2,6,4,3,4,3,2,3,4,3,2,3,4,4,3,5,4,3,3,2,3,4,3,3,2,4,3,5,4,2,4,3,2,4,4,2,3,4,3,2,3,4,4,3,2,4,5,4,3,3,4,3,2,3,4,4,2,3,5,4,3,3,3,4,4,2,4,3,4,3,3,4,5,3,4,5,6,4,3,2,4,3,2,3,4,5,4,3,4,2,3,2,3,4,4,5,5,4,3,2,4,3,4,4,3,4,3,3,4,3,4,4,2,3,4,5,4,2,3,3,3,5,2,3,3,4,5,4,2,3,4,4,4,1,2,3,4,5,4,2,3,4,5,2,3,4,3,5,4,2,3,4,5,3,3,5,5,4,2,3,3
1,2,1,1,1,1,1,1,4,1,1,1,1,1,3,1,1,2,1,1,1,1,2,1,1,1,1,1,3,1,1,1,3,1,1,1,1,1,1,5,5,1,3,1,1,1,1,1,1,1,1,1,1,1,3,1,1,1,1,1,1,1,3,1,1,1,1,2,1,1,1,1,1,1,1,1,1,1,1,1,1,1,4,1,1,2,1,1,1,1,1,1,1,1,2,1,1,1,1,1,1,1,1,1,2,6,1,1,1,1,2,1,1,1,3,1,1,1,2,1,1,1,1,1,1,1,5,1,1,3,1,1,1,1,1,1,1,1,2,1,1,1,1,1,1,1,1,1,1,2,2,1,2,1,1,1,1,1,4,1,1,1,1,1,1,3,1,1,1,1,1,1,1,1,1,1,1,1,1,5,1,1,1,1,1,1,1,1,1,1,3,1,1,1,1,1,1,1,1,1,1,1,1,1,1,1,1,1,1,1,1,1,1,3,1,1,1,1,1,1,1,1,1,1,1,2,1,1,1,1,1,1,3,1,1,3,1,1,1,1,1,1,3,1,1,1,1,1,1,1
5,4,4,5,1,1,1,1,5,1,1,1,1,1,4,1,1,6,2,1,1,1,1,1,1,1,1,1,1,1,1,1,6,1,4,1,1,1,1,1,3,1,2,1,2,2,3,4,3,2,3,4,3,1,1,1,3,4,3,4,5,5,4,6,6,3,2,1,1,1,2,1,1,2,1,4,4,4,5,5,5,5,5,5,5,5,5,5,5,5,5,5,5,5,5,5,5,5,5,1,5,5,5,5,5,5,5,5,5,5,5,4,3,3,4,4,1,3,4,3,1,2,1,1,1,1,1,1,1,1,1,1,1,1,1,1,1,1,1,1,1,1,1,3,4,4,4,3,3,3,3,4,2,2,2,2,3,4,4,3,2,2,3,3,3,3,3,2,3,3,3,2,3,3,2,2,3,4,4,3,2,1,2,3,3,3,3,2,2,2,2,2,2,2,2,2,2,2,2,2,2,2,2,2,2,2,2,2,2,2,2,2,2,4,4,4,4,4,4,4,4,4,4,4,4,4,4,4,4,4,4,3,3,3,3,3,3,3,3,3,3,3,3,3,3,3,3,3,3,3
2,2,3,2,1,1,3,2,4,2,2,2,3,2,3,2,2,4,4,3,3,2,3,2,2,1,1,2,3,2,2,1,5,1,2,3,2,2,2,3,2,2,1,1,4,2,2,4,2,4,2,2,3,4,4,1,3,2,1,2,2,1,3,2,1,2,1,1,1,1,1,3,2,2,1,1,3,1,4,4,2,2,3,2,1,3,2,1,1,1,3,1,1,1,3,2,2,1,1,1,1,3,4,3,2,4,1,3,1,3,2,1,2,1,2,3,3,2,1,2,1,1,5,1,1,1,1,1,2,1,1,1,1,2,2,3,5,2,1,1,1,1,3,2,2,2,2,1,1,1,2,2,1,1,1,1,2,1,1,1,1,1,1,2,3,4,3,3,1,1,2,2,1,2,1,1,1,1,5,6,6,6,6,4,3,2,4,2,2,1,1,2,1,1,1,1,1,3,2,2,1,1,1,1,2,1,4,1,3,6,1,4,1,3,3,2,2,6,2,3,2,1,2,1,3,3,1,1,1,1,1,5,1,2,1,5,1,1,4,1,4,3,6,1,6,1,1,1,1,3
1,4,2,3,1,1,2,4,6,2,3,4,2,2,5,3,1,2,4,3,5,2,5,4,4,1,3,1,5,6,2,3,5,1,3,3,1,2,2,3,1,1,1,2,4,2,1,2,5,1,5,2,1,4,3,3,5,2,2,3,5,2,1,4,2,1,3,1,1,1,4,1,2,3,2,4,6,3,5,2,1,2,5,3,5,6,3,1,2,4,5,2,3,5,6,3,3,2,3,1,4,4,5,3,4,6,5,4,2,3,1,3,1,3,2,2,1,3,2,1,1,2,1,1,2,1,3,2,3,5,2,3,1,2,2,5,1,3,4,3,2,2,5,5,4,6,1,2,1,5,2,1,1,3,6,3,2,1,5,4,5,1,3,2,1,2,2,5,1,1,4,2,3,1,6,2,3,2,4,6,5,2,3,2,2,4,1,3,1,5,5,2,1,3,3,2,3,4,3,4,2,5,2,1,3,5,6,2,6,3,3,2,1,3,5,1,2,2,4,5,6,1,3,3,1,4,3,2,1,3,1,1,4,2,4,5,1,2,4,1,2,1,2,2,1,3,4,4,5,3
2,3,4,1,1,1,1,3,4,1,2,1,1,1,3,1,1,1,1,1,1,1,1,2,1,1,2,1,2,3,2,2,3,1,1,3,1,1,3,3,2,2,1,2,2,2,1,1,1,1,4,1,3,2,1,1,1,2,1,1,1,1,1,3,3,1,1,1,1,1,1,1,3,1,1,1,1,2,2,1,1,1,2,1,1,1,2,1,1,1,1,1,1,1,4,1,1,1,1,1,3,3,3,2,3,3,3,3,2,3,1,1,1,3,1,1,1,2,2,3,1,2,1,1,3,2,2,2,2,2,1,1,1,1,3,2,3,1,1,1,1,2,3,3,2,3,1,1,1,1,1,1,1,1,1,1,1,1,3,3,1,1,1,1,1,3,4,1,1,1,1,1,4,1,1,1,1,1,1,1,1,1,1,1,1,1,1,1,1,1,4,3,1,1,1,1,1,4,1,1,1,1,1,1,1,1,4,1,4,3,1,1,1,3,1,1,1,4,1,1,1,1,1,1,1,4,1,1,1,1,1,3,1,1,1,4,1,1,1,1,1,1,3,4,5,1,2,1,1,4
1,2,1,1,1,1,2,1,2,1,1,1,3,1,3,3,2,4,1,3,1,2,3,2,1,1,1,1,4,6,1,1,6,2,2,1,1,2,2,2,1,1,3,3,5,3,1,3,3,2,3,3,2,5,4,1,1,3,1,1,2,1,5,5,3,2,2,1,1,1,2,2,1,6,1,5,5,1,4,1,1,2,3,4,2,5,2,1,1,2,3,2,1,3,3,2,1,1,4,2,3,2,3,2,1,4,3,1,1,3,2,1,1,3,2,1,3,3,4,2,1,2,2,1,3,1,6,1,1,3,1,3,2,1,1,3,2,4,2,3,4,1,6,2,2,4,1,1,1,3,2,2,2,1,1,2,1,3,3,3,3,1,1,2,2,3,2,2,2,1,2,1,1,1,4,1,2,2,4,6,4,3,2,NA,2,1,2,3,3,2,4,1,2,3,1,2,1,2,2,3,1,1,1,1,1,1,3,2,3,3,2,2,1,3,4,3,3,5,5,1,3,1,4,1,1,2,NA,1,2,3,2,2,2,3,3,4,1,1,2,1,4,1,4,3,4,1,3,1,3,1
1,2,1,3,1,1,1,1,3,1,2,1,1,1,1,2,1,4,1,2,3,1,2,1,1,1,1,1,4,2,1,1,5,1,1,1,2,1,1,1,2,1,1,1,2,1,1,1,2,1,1,1,2,5,3,2,1,3,1,1,1,1,4,2,2,1,1,1,1,1,1,1,1,2,1,1,2,1,3,2,1,3,3,5,1,4,1,1,1,3,4,1,1,1,4,1,2,1,1,1,3,4,2,1,2,3,1,1,1,1,2,1,1,2,1,3,1,1,1,1,1,2,1,1,1,1,3,1,1,1,1,1,1,1,1,1,2,1,3,1,2,1,4,1,1,3,2,1,1,3,1,1,1,2,1,1,1,1,2,1,1,1,1,1,2,4,2,1,1,1,2,1,3,1,5,2,1,1,1,3,4,3,4,2,3,1,1,1,1,3,2,1,1,1,1,1,1,2,1,1,1,1,1,1,2,1,2,1,1,1,1,1,1,2,1,1,1,2,1,1,1,1,1,1,1,2,1,1,1,1,1,2,1,2,1,1,1,1,1,1,1,1,2,1,4,1,1,1,1,1
1,1,1,1,1,1,1,2,3,1,1,1,1,1,1,1,1,1,1,1,4,1,4,1,4,1,1,1,2,2,1,1,2,1,1,1,1,1,1,2,2,1,1,1,3,1,1,1,1,1,1,1,1,4,2,1,1,1,1,1,1,1,1,1,1,1,1,1,1,1,1,1,2,2,2,4,4,1,2,1,1,1,2,1,1,4,2,1,1,4,2,1,1,4,4,1,1,1,1,1,3,2,2,1,4,2,1,1,1,2,1,1,1,2,1,1,1,1,1,1,1,1,NA,1,1,1,3,1,1,5,1,1,1,1,1,4,1,1,1,1,1,1,2,4,1,4,1,1,1,1,1,1,1,1,1,1,1,1,2,1,1,1,1,1,1,3,1,2,1,1,1,1,1,1,2,1,1,1,4,3,1,1,2,1,1,1,1,2,1,4,1,1,1,1,1,1,1,2,1,1,1,1,1,1,1,1,1,1,1,2,2,1,1,1,1,1,1,1,1,4,1,1,1,1,1,4,2,2,1,1,1,1,2,2,1,1,1,1,1,1,1,1,2,2,3,1,2,1,1,1
3,3,1,3,1,1,5,1,4,1,3,1,1,1,3,1,1,6,1,1,1,3,1,1,3,1,1,1,6,1,1,1,4,1,3,1,1,1,1,1,4,1,1,1,3,1,1,1,1,1,1,1,3,1,6,6,1,4,1,1,3,1,1,1,1,1,1,1,1,1,1,4,1,3,1,1,1,3,1,1,1,1,1,1,1,1,1,1,1,1,1,1,1,1,1,1,1,1,1,1,3,3,3,1,3,4,6,1,1,1,1,1,1,1,1,1,1,1,1,1,1,1,1,1,1,1,1,1,1,1,1,1,1,1,1,1,1,1,1,1,1,1,1,1,1,1,1,1,1,1,1,1,1,1,1,1,1,1,4,4,1,1,1,1,1,6,6,1,1,1,1,1,3,1,1,1,1,1,6,6,6,6,6,3,1,1,1,1,1,1,1,1,1,1,1,1,1,1,1,1,1,1,1,1,1,1,2,1,1,1,1,1,1,1,1,1,1,1,1,1,1,1,1,1,1,1,1,1,1,1,1,1,1,1,1,1,1,1,1,1,6,1,6,1,3,1,1,1,1,1
1,2,4,1,1,1,1,1,3,2,1,1,1,1,4,3,1,1,3,3,5,1,5,4,4,1,1,1,5,5,1,2,6,1,1,3,1,1,1,1,1,1,1,1,3,3,1,5,2,1,5,1,2,4,2,4,2,1,1,3,3,2,3,4,2,2,3,3,3,2,4,3,4,3,NA,4,3,2,2,2,4,2,4,3,2,3,2,1,3,3,2,1,2,2,3,4,3,1,1,1,2,5,4,4,6,3,1,1,3,1,1,3,1,3,4,3,1,NA,NA,1,1,1,1,1,1,1,2,1,1,4,1,1,1,1,1,4,1,1,1,1,1,1,6,5,1,2,5,1,1,1,1,1,1,1,1,4,3,4,5,5,2,1,4,2,1,1,1,6,2,1,3,1,1,1,6,2,3,1,2,3,4,5,3,1,1,1,1,4,1,5,3,1,1,1,1,1,1,4,1,5,2,4,1,1,NA,1,5,3,6,4,3,3,1,1,4,1,1,1,1,4,6,1,1,1,1,4,1,4,1,3,1,2,4,3,3,3,1,1,1,1,1,2,3,2,4,1,4,1,1,1
4,2,2,2,1,1,1,3,5,2,2,4,2,4,2,4,1,2,4,3,1,4,3,3,2,1,2,3,5,6,1,1,6,1,1,4,5,2,4,5,2,4,2,2,5,2,1,5,5,6,6,5,6,6,6,2,2,4,2,1,1,1,4,3,2,1,1,1,1,4,3,5,4,4,5,3,4,3,5,5,2,5,3,2,5,6,2,1,1,2,4,2,3,1,5,4,5,2,2,1,1,5,6,5,3,5,2,1,2,5,5,2,1,3,4,4,5,4,3,2,1,3,5,2,5,4,6,3,5,2,4,2,4,3,2,4,5,2,4,5,5,2,3,5,2,4,NA,3,4,2,4,5,2,2,3,2,5,4,5,5,3,2,5,3,4,5,2,6,5,3,4,4,2,4,3,4,3,5,6,5,5,6,5,NA,4,4,5,4,4,3,5,3,1,5,2,5,2,4,5,5,2,5,4,2,2,4,5,2,6,4,1,5,2,4,2,3,1,2,5,1,5,2,5,3,4,2,2,4,1,1,2,5,5,4,2,2,1,2,6,5,1,3,5,4,5,2,5,4,2,3
1,2,2,1,1,1,1,1,1,1,1,1,1,1,3,1,1,3,3,1,1,1,2,1,1,1,1,1,3,1,1,1,5,1,1,1,1,1,1,1,1,1,1,1,4,1,1,1,1,1,1,3,1,1,5,5,1,1,1,1,4,1,5,5,1,1,1,1,1,4,1,1,1,1,3,5,4,5,5,1,2,1,2,1,1,2,1,3,1,1,1,1,1,2,4,1,1,1,1,1,1,5,6,3,2,6,2,5,1,5,1,4,1,1,5,5,5,1,3,1,1,1,3,2,3,1,5,2,1,1,1,3,1,1,1,1,1,1,4,1,1,1,5,5,3,3,1,1,1,1,1,1,1,1,1,2,1,1,4,6,1,1,1,2,1,5,1,1,1,1,1,1,1,1,1,1,2,1,1,1,4,6,2,2,2,2,2,1,1,4,1,1,1,1,1,1,1,1,1,1,1,1,1,1,1,1,6,1,6,4,1,1,1,6,6,6,1,6,1,4,3,1,1,1,2,3,1,1,3,1,1,1,1,1,1,4,1,1,1,1,5,1,1,1,6,1,1,2,1,1
1,1,1,1,1,1,1,1,5,1,1,1,NA,1,1,1,1,5,1,1,1,1,4,1,4,1,1,1,5,6,1,1,6,1,NA,1,1,1,1,5,1,1,1,1,1,1,1,1,1,1,6,1,1,4,2,1,5,6,1,1,1,1,1,NA,NA,1,1,1,1,1,5,1,1,2,1,5,5,1,1,1,1,1,6,5,1,6,1,1,1,5,1,1,1,5,5,1,1,2,1,1,2,3,2,1,5,4,4,1,2,1,1,1,1,2,3,1,1,1,1,1,1,1,1,1,1,1,2,1,1,2,1,1,1,1,1,5,2,1,1,1,1,1,2,5,1,5,1,1,1,2,1,1,1,1,1,1,1,1,3,1,5,1,1,1,1,1,1,4,1,1,1,1,1,1,1,1,1,1,1,3,1,1,6,1,1,1,1,1,1,5,1,1,1,1,1,1,1,1,1,1,1,1,1,1,1,1,5,1,6,1,1,1,1,1,5,1,1,1,4,5,2,1,1,1,1,5,1,1,1,1,1,1,4,1,5,1,1,1,1,1,1,1,1,1,1,1,1,3,2,1
1,1,NA,1,1,1,1,1,1,1,1,1,1,1,2,1,1,2,1,2,2,1,1,1,1,1,1,1,1,1,1,1,1,1,1,1,1,1,1,1,1,1,1,1,1,1,1,1,1,1,1,1,1,1,1,1,1,1,1,1,1,1,1,1,1,1,1,1,1,1,1,1,1,1,1,1,1,1,1,1,1,1,1,1,1,1,1,1,1,1,1,1,1,1,1,1,1,1,1,1,1,1,1,1,1,1,1,1,1,1,1,1,1,1,1,1,1,1,1,1,1,1,1,1,1,1,1,1,1,1,1,1,1,1,1,1,1,1,1,1,1,1,1,1,1,1,1,1,1,1,1,1,1,1,1,1,1,1,1,1,1,1,1,1,1,1,1,1,1,1,1,1,1,1,1,1,1,1,1,1,1,1,1,1,1,1,1,1,1,1,1,1,1,1,1,1,1,1,1,1,1,1,1,1,1,1,1,1,1,1,1,1,1,1,1,1,1,1,1,1,1,1,1,1,1,1,1,1,1,1,1,1,1,1,1,1,1,1,1,1,1,1,1,1,1,1,1,1,1,1
2,4,3,2,3,4,4,3,3,2,2,4,3,2,3,4,3,2,3,4,5,4,2,3,3,4,3,4,3,3,3,2,3,4,3,2,3,3,3,4,3,2,3,4,4,3,2,3,4,3,2,3,4,5,4,3,2,3,4,5,4,3,2,3,3,4,3,4,3,4,4,3,3,4,3,4,4,3,1,2,3,1,2,3,4,4,4,4,4,4,4,4,4,3,4,3,2,3,3,4,5,4,3,3,4,4,3,2,4,2,3,4,3,3,4,4,4,3,3,4,3,4,4,4,4,3,2,3,2,4,3,3,3,4,3,3,3,3,3,3,3,3,3,3,3,3,3,3,3,3,3,4,4,4,4,4,4,3,2,3,2,3,4,4,4,5,5,3,3,2,4,4,4,2,3,3,3,3,4,5,5,5,5,5,6,6,6,6,6,6,5,4,5,4,5,4,6,5,4,3,2,3,2,2,2,2,6,6,6,6,6,6,6,6,6,6,6,6,6,6,6,6,6,6,6,6,6,6,6,6,6,6,6,6,6,6,1,6,6,1,5,4,4,4,4,4,1,1,1,1
1,3,3,1,1,1,1,3,6,1,3,1,2,3,2,4,1,3,2,1,2,3,3,4,1,2,3,2,5,3,1,2,6,3,2,1,1,2,4,4,5,2,3,3,5,1,1,2,3,2,2,1,3,3,3,2,2,6,2,4,4,3,6,5,2,2,2,1,1,3,2,2,1,2,3,NA,2,4,5,2,3,4,6,2,2,3,2,2,3,2,4,3,2,3,4,1,3,3,2,1,3,4,2,1,1,5,4,3,2,6,1,2,3,5,1,3,2,3,4,2,2,5,4,4,3,2,3,1,2,4,2,3,3,1,2,2,1,1,3,2,4,2,1,1,2,4,1,1,1,3,6,5,3,3,2,2,1,1,3,4,3,2,2,2,1,6,5,4,1,1,6,1,4,1,6,1,2,2,3,4,4,3,4,6,2,1,1,1,1,2,4,2,1,1,2,1,1,3,3,2,2,1,1,1,2,2,3,2,3,3,2,2,2,6,3,1,1,6,2,2,3,1,2,2,5,5,NA,3,1,1,1,6,2,4,3,2,2,2,4,2,1,3,5,2,3,3,2,3,5,2
