"esteem","affiliates","concentrations","whispers","restrictive","undergrad","coupe","renegade","valued","bowls","blur","general's","envision","jams","chilling","bald","inventions","sacrificing","underestimate","poised","tout","declaring","navigate","hopper","metals","millionaire","comeback","dots","collision","flashed","delicious","accumulate","collectively","antibiotics","climbs","maritime","referee","snag","memberships","oversized","illusions","tissues","injustice","disharmony","weeds","zipper","organisms","conclusive","clarinet","notch","blasts","cosmos","lawn","vanguard","pelvis","ecological","dictionaries","dissemination","schematic","scrap","lag","inferno","noses","crops","lungs","holiness","adaptation","behold","scavenging","solitaire","accountable","sidewalk","glowing","endurance","browning","consolidated","congressman","pleasantly","redo","slowed","farmstead","chop","closes","pitched","publically","marvelous","presumed","qualifies","empathy","dealings","airborne","talon","stoned","teaspoon","lowers","salts","dependable","governors","reels","borrowing","carnivorous","threaded","rentals","simplify","etiquette","migrate","pamphlet","charitable","unwarranted","pots","catcher","duplication","peach","abduction","imprisonment","greasy","gems","crevasse","expansions","attribution","happenings","extinction","parasites","cello","solos","chassis","kisses","assists","injure","liars","pitching","rests","buildup","traitor","retailers","municipal","fiasco","absorb","plaintiffs","mortals","opposes","sway","necklace","advertiser","portrait","cites","freight","omitted","rags","pap","almanac","parcel","sup","kappa","forgiven","tit","reflective","curl","spouting","graduation","slated","overlooking","tripod","props","pastor","minimized","meteorology","pudding","bushes","courteous","dialects","storms","burrowing","basing","imposing","nutrients","nailed","vouchers","unexplained","buff","junction","marina","factions","fluids","prophets","erroneous","nostalgia","chatting","squirrel","adjustable","owner's","moons","brighter","asteroid","shred","flaky","retriever","gourmet","corpse","sleepy","confirming","temperament","murderer","resemblance","discriminate","suffers","theaters","brink","erased","rounding","whitening","hue","brother's","guiding","hottest","gullible","cheaply","cruelty","sweaty","endowed","counterparts","successes","grounding","mathematically","systematically","capita","boarding","repression","depletion","downhill","tuna","mush","carpenter","principals","psychiatrist","sums","fishermen","encore","floods","ignition","puberty","acre","toga","squash","coats","stool","skinhead","mercenaries","that'd","tabloid","vanished"
1,5,5,5,5,4,4,5,3,4,2,5,5,2,5,2,3,5,5,4,2,4,2,5,2,4,4,3,2,5,6,6,5,5,5,5,5,3,6,6,6,6,6,6,5,5,6,6,6,6,6,6,6,6,6,6,6,6,6,5,5,5,6,6,6,6,6,5,5,5,5,6,6,5,5,5,6,6,3,5,5,4,4,6,6,6,6,6,6,6,6,6,6,6,6,3,6,6,5,5,5,5,6,6,6,6,5,5,4,5,NA,5,5,5,5,6,6,6,6,5,6,6,6,4,4,4,5,6,6,6,3,6,6,6,6,6,6,5,6,6,6,6,6,6,6,NA,5,6,6,6,6,5,5,3,5,1,4,4,5,5,2,5,5,5,5,2,5,2,5,5,5,3,4,NA,4,4,5,5,5,5,2,5,5,5,5,2,3,5,5,4,4,4,4,5,6,6,6,6,6,5,5,5,4,4,4,4,5,5,5,5,4,4,4,5,5,5,6,6,6,6,6,6,6,5,5,NA,6,6,4,4,3,3,3,6,6,6,5,5,5,5,5,5,4,6,5,5,5,4,6,6,6
1,1,3,2,1,1,3,1,1,2,1,1,1,1,1,1,2,3,1,2,1,1,1,1,1,2,1,1,2,1,3,3,1,1,2,3,1,1,1,1,2,2,2,2,1,1,1,3,2,2,1,2,1,1,1,1,2,3,4,1,1,1,1,1,1,1,2,1,1,2,1,1,1,2,1,2,1,3,2,1,1,1,1,3,3,2,1,1,1,1,1,1,1,1,1,1,1,2,1,1,2,1,1,1,2,1,3,1,1,1,2,2,1,1,1,1,2,3,2,2,1,3,1,4,2,4,1,1,2,1,2,2,2,1,1,2,2,2,2,1,1,1,2,3,2,1,3,2,1,1,3,2,1,1,1,1,1,1,1,2,1,1,2,1,1,1,1,2,2,3,2,1,3,2,1,1,1,1,1,1,2,1,3,1,1,1,1,2,2,2,2,2,1,3,1,3,1,6,3,1,1,3,2,2,1,1,1,1,1,1,1,1,1,2,1,3,1,2,3,1,1,1,1,3,3,1,1,1,3,2,2,2,NA,2,6,1,1,4,4,3,2,3,2,NA,2,1,1,3,1,2,1
3,6,1,1,1,1,6,1,1,1,1,1,6,1,1,1,6,6,1,6,4,1,1,6,1,6,1,1,1,1,1,1,1,1,1,3,1,1,1,1,1,1,1,1,1,4,3,1,4,4,1,1,1,6,1,1,6,6,6,1,1,6,1,1,1,1,1,1,1,1,1,1,1,4,1,6,1,1,1,1,1,1,1,1,1,6,6,3,6,1,1,6,1,1,1,1,6,3,6,1,1,6,1,1,6,6,6,6,1,1,1,1,1,1,1,1,1,5,1,4,1,1,1,6,1,6,1,6,6,1,1,1,1,6,1,6,5,1,1,1,1,1,1,3,1,1,6,1,1,1,5,1,1,1,1,1,1,1,6,1,3,1,4,1,1,NA,NA,NA,NA,NA,NA,NA,NA,NA,NA,NA,NA,NA,NA,NA,NA,NA,NA,NA,NA,NA,NA,NA,NA,NA,1,1,1,6,1,1,3,6,1,1,1,1,1,3,6,1,1,1,1,1,1,6,1,1,1,1,1,1,1,1,1,1,1,1,1,6,1,1,1,1,1,1,1,1,6,1,1,6,1,1,1,6,3,1,1,4,1,4,1,6,1
2,2,3,4,4,2,3,3,2,1,1,2,3,1,1,1,3,3,3,4,4,2,2,1,1,3,2,1,3,1,4,3,3,2,2,2,3,1,2,2,4,4,3,3,1,1,3,3,2,1,1,1,1,4,1,4,3,5,5,1,1,2,1,1,1,2,3,1,3,4,3,1,1,3,3,3,3,3,1,1,3,1,1,3,3,3,3,3,4,2,2,1,1,2,1,4,NA,2,1,3,5,2,1,2,5,2,4,3,3,1,3,4,1,3,3,3,1,1,3,3,1,2,2,3,1,4,1,3,1,1,2,1,1,2,2,4,3,2,4,1,2,1,2,2,2,1,3,3,1,1,5,5,3,1,1,1,3,1,2,3,1,2,1,1,1,3,4,3,1,4,3,1,4,1,2,4,1,3,3,1,3,1,3,4,5,6,4,1,3,3,1,1,1,3,1,2,5,5,4,1,2,3,2,3,3,1,1,1,1,1,3,2,1,3,1,4,2,2,3,3,2,4,3,4,4,1,2,3,3,1,1,1,2,3,6,NA,3,5,1,2,3,5,1,1,1,1,3,6,5,2,1
3,3,3,3,3,4,3,4,4,4,4,4,4,4,3,3,3,3,3,3,3,3,3,3,3,3,3,3,3,3,3,3,3,3,4,4,4,4,4,4,4,4,3,3,3,3,3,3,3,3,3,3,2,2,2,2,2,2,2,2,2,2,2,2,2,2,2,2,3,3,3,3,3,3,3,3,3,3,3,3,3,3,3,3,3,3,3,3,3,3,3,3,3,3,3,3,3,3,3,3,3,3,3,3,3,3,3,3,3,3,3,3,3,3,3,3,3,3,3,3,3,3,3,3,3,3,3,3,3,3,3,3,3,3,3,3,3,3,3,3,3,3,3,3,3,3,3,3,3,3,3,3,3,3,3,3,3,3,3,3,3,4,4,4,4,4,4,4,4,4,4,3,3,3,3,3,3,3,3,3,3,3,3,3,3,3,3,3,3,3,3,3,2,2,2,2,2,2,2,2,2,2,2,2,2,2,3,3,3,3,3,3,3,3,3,3,3,3,3,3,3,4,4,4,4,4,4,4,4,4,4,4,4,4,3,3,3,3,3,3,3,3,3,3,3,3,3,3,3,3,4
2,1,2,1,1,2,1,1,2,1,1,2,2,1,2,1,2,1,2,1,2,1,2,1,1,2,2,1,1,2,2,1,2,1,2,2,1,2,1,2,1,1,2,1,1,2,2,1,3,3,4,3,4,3,3,3,2,2,1,1,2,2,2,2,2,2,1,2,2,2,2,1,2,2,2,1,1,2,2,1,1,2,2,2,2,1,1,1,1,2,1,2,2,2,1,1,1,2,2,1,2,2,1,2,1,2,2,1,1,2,2,2,2,2,1,1,2,1,2,2,2,1,1,1,2,1,2,2,1,2,1,2,1,1,2,1,2,1,1,2,1,2,2,1,2,2,1,1,2,2,1,2,2,1,1,2,2,1,2,1,2,2,1,2,1,2,2,1,2,2,2,2,2,2,1,2,2,3,1,2,NA,3,3,3,3,3,2,3,2,3,3,2,3,2,3,2,3,2,2,3,3,3,2,3,2,3,2,2,1,1,2,2,1,1,2,2,2,1,2,1,2,1,2,1,2,1,2,2,1,2,2,2,2,1,1,1,1,1,1,2,2,2,1,1,2,2,1,2,1,2,2
3,5,3,4,3,2,6,3,2,2,1,4,2,1,2,1,2,4,4,2,1,2,2,2,1,2,2,1,3,2,5,4,4,3,4,4,3,1,3,2,1,2,2,3,1,4,2,2,1,3,3,1,2,6,1,2,3,4,5,1,1,1,1,1,2,4,2,3,4,5,3,2,2,3,4,5,4,4,1,2,3,1,1,3,4,6,3,3,2,3,5,4,1,2,1,1,4,3,1,3,5,3,1,1,3,4,5,3,2,1,2,2,4,3,4,3,1,5,3,3,2,3,4,6,3,5,2,3,4,3,2,1,4,4,3,4,5,2,4,2,5,2,4,3,6,4,5,3,1,3,2,4,1,2,2,1,3,1,2,3,2,2,4,1,1,3,2,2,2,4,2,1,4,3,3,2,3,2,2,2,3,3,2,2,4,5,3,1,5,2,2,1,3,2,1,3,5,4,3,1,2,4,3,4,2,3,4,1,3,2,2,6,2,5,1,4,3,2,1,5,2,3,2,4,4,2,3,2,2,2,1,1,3,2,2,5,2,5,4,3,5,5,2,2,5,1,2,3,5,2,3
3,3,3,3,3,3,3,4,4,4,4,3,4,3,2,2,3,5,3,2,3,3,2,3,4,4,3,5,2,4,3,2,NA,4,2,3,4,5,4,3,2,3,4,5,4,2,3,5,3,3,4,2,4,6,3,4,4,4,4,1,1,5,3,1,1,3,1,3,3,2,4,5,2,3,4,5,3,2,2,2,2,2,1,1,4,3,4,1,4,4,3,4,5,3,2,4,4,2,3,4,3,2,1,1,6,1,4,5,3,1,2,4,3,4,4,2,1,6,5,4,4,4,4,5,3,4,2,2,2,2,2,2,2,1,1,3,4,3,2,4,4,3,3,5,3,NA,2,2,4,3,2,1,3,4,3,5,5,3,2,3,3,4,2,3,4,5,4,2,4,3,2,3,6,3,4,4,2,4,2,3,5,4,2,3,1,4,4,2,3,5,2,5,2,NA,3,1,3,5,2,1,5,4,4,3,4,2,NA,4,2,3,4,3,5,3,2,4,3,3,4,3,3,2,4,5,3,4,4,3,3,3,3,2,2,2,4,1,3,2,2,3,3,4,1,1,1,5,4,4,5,5,4
2,2,4,5,5,2,2,5,4,2,6,3,5,1,2,3,2,5,1,4,5,4,1,4,1,6,3,6,1,5,4,2,1,4,2,5,3,3,2,5,3,2,6,5,1,3,2,4,5,2,1,5,2,3,5,3,3,5,4,6,2,5,4,1,5,5,2,2,NA,1,1,5,3,1,4,5,5,6,1,6,4,2,4,3,4,1,2,3,4,NA,2,3,4,3,2,NA,3,NA,5,3,1,NA,2,5,NA,1,3,3,5,3,2,4,4,3,1,5,2,1,4,3,5,2,3,2,4,3,4,2,3,2,3,1,4,3,2,6,4,4,3,5,4,3,2,4,5,4,3,1,3,2,3,4,3,5,5,2,2,4,2,4,1,5,2,3,4,2,5,3,5,2,NA,3,4,2,2,3,1,4,6,6,5,3,2,5,4,5,1,4,3,2,2,5,1,5,2,3,4,6,2,2,4,2,4,5,4,1,2,5,3,5,3,3,1,2,2,4,4,2,1,5,6,4,NA,2,1,2,5,4,4,4,2,3,5,4,2,5,1,5,1,4,2,3,1,2,4,3,3,2,1,4,4
1,2,3,4,5,6,5,4,3,2,1,2,3,4,5,6,5,4,3,2,1,2,3,4,5,6,5,4,3,2,1,2,3,4,5,6,5,4,3,2,1,2,3,4,5,6,5,4,3,2,1,2,3,4,5,6,5,4,3,2,1,2,3,4,5,6,5,4,3,2,1,2,3,4,5,6,5,4,3,2,1,2,3,4,5,6,5,4,3,2,1,2,3,4,5,6,5,4,3,2,1,2,3,4,5,6,5,4,3,2,1,2,3,4,5,6,5,4,3,2,1,2,3,4,5,6,5,4,3,2,1,2,3,4,5,6,5,4,3,2,1,2,3,4,5,6,5,4,3,2,1,2,3,4,5,6,5,4,3,2,1,2,3,4,5,6,5,4,3,2,1,2,3,4,5,6,5,4,3,2,1,2,3,4,5,6,5,4,3,2,1,2,3,4,5,6,5,4,3,2,1,2,3,4,5,6,5,4,3,2,1,2,3,4,5,6,5,4,3,2,1,2,3,4,5,6,5,4,3,2,1,2,3,4,5,6,5,4,3,2,1,2,3,4,5,6,5,4,3,2,1
2,3,2,2,1,1,3,4,3,3,1,1,3,1,1,1,3,2,2,3,2,1,1,1,1,2,1,1,3,1,3,2,1,2,2,4,1,1,1,1,3,3,2,2,1,1,2,1,1,2,1,1,2,2,1,1,2,2,3,1,1,1,2,1,1,3,3,1,2,3,2,1,1,2,1,2,1,3,1,2,2,1,2,2,1,3,3,3,1,1,2,1,1,3,1,1,2,3,1,2,3,4,1,4,6,2,4,3,3,1,1,2,3,2,2,3,3,3,2,4,3,4,3,6,1,6,2,2,2,4,3,1,2,3,3,4,1,3,2,2,2,1,1,3,3,3,4,2,1,1,3,3,1,1,2,1,2,2,1,3,2,2,2,1,1,2,4,1,2,4,3,2,2,2,2,4,3,3,2,1,3,2,3,3,4,4,4,1,3,2,2,1,3,3,1,1,3,6,1,1,2,2,2,2,2,1,4,1,3,3,4,3,2,3,1,2,3,3,3,4,2,2,3,3,3,4,3,2,4,2,1,1,1,2,6,1,2,4,1,3,4,6,1,2,3,1,1,5,3,3,3
2,1,1,2,1,1,3,2,1,1,1,1,1,1,1,1,1,2,1,2,2,1,1,1,1,1,1,1,2,1,2,2,1,1,1,2,1,1,1,1,2,1,1,1,1,1,1,1,1,1,1,1,1,2,1,2,1,2,4,1,1,1,1,1,1,1,1,1,2,1,1,1,1,2,1,1,1,1,1,1,1,1,1,1,1,1,1,1,1,1,2,2,1,1,1,1,1,1,1,1,2,1,1,1,3,1,6,1,1,1,1,1,1,1,1,4,1,2,1,1,1,1,1,6,1,2,1,1,1,6,1,1,1,1,1,1,1,1,1,1,1,1,1,1,1,1,3,1,1,1,1,1,1,1,1,1,1,1,1,1,1,1,1,1,1,1,1,1,1,3,1,1,1,1,1,1,1,1,1,1,1,1,1,1,1,3,1,1,5,1,1,1,6,1,1,1,1,6,1,1,1,1,1,1,1,1,1,1,2,1,1,1,1,1,1,1,1,1,3,1,1,1,1,1,1,1,1,1,1,1,3,1,1,1,5,1,1,2,1,1,1,5,1,1,1,1,1,1,1,1,1
6,6,6,6,6,6,6,6,2,2,3,3,6,2,4,3,3,3,5,5,5,4,4,4,4,4,4,4,4,4,4,4,4,4,4,4,4,4,4,4,4,4,4,4,4,4,4,4,4,4,4,4,4,4,4,4,4,4,4,4,4,4,4,4,4,4,4,4,4,4,4,4,4,4,4,4,4,4,4,4,4,4,4,4,4,4,4,4,4,4,3,3,3,3,2,2,2,2,4,3,4,2,3,2,3,3,3,3,3,2,1,1,1,1,1,1,2,2,3,3,2,2,2,2,2,3,2,3,2,3,2,3,2,5,3,3,3,3,5,5,4,4,1,3,3,3,4,3,3,3,3,3,3,3,2,2,3,2,3,4,3,2,4,3,3,3,3,3,3,3,3,3,3,4,2,4,2,3,3,3,3,4,4,3,3,3,3,3,3,2,3,3,3,3,3,2,4,2,4,4,3,3,3,3,3,3,3,3,3,3,3,3,3,3,3,3,3,3,3,3,3,3,3,3,3,3,3,3,3,3,3,3,3,3,3,3,3,3,3,3,3,3,3,3,3,3,3,3,3,3,3
3,3,4,4,4,4,4,4,4,4,4,4,4,4,4,4,4,4,4,3,3,3,3,3,2,2,2,2,2,2,2,1,1,1,1,1,1,1,2,2,2,2,2,2,2,2,3,3,3,3,3,3,4,4,4,4,4,4,5,5,5,5,5,5,6,6,6,6,6,NA,3,3,NA,2,3,2,3,2,2,2,2,2,2,3,3,3,3,3,3,3,3,4,4,4,4,4,4,4,5,5,5,5,5,5,5,5,4,4,4,4,4,3,3,3,4,4,4,4,4,4,5,5,5,5,6,6,5,5,5,5,5,4,4,4,4,4,3,3,3,3,3,2,2,2,2,2,2,3,3,3,3,3,3,3,4,4,4,4,4,4,4,4,4,5,3,2,2,1,2,3,4,5,5,5,4,3,2,2,2,3,4,5,6,6,6,6,6,5,5,5,5,5,5,4,4,4,3,3,3,3,2,2,3,2,3,3,2,3,4,5,6,6,6,6,5,5,5,5,5,4,3,2,1,1,1,1,2,3,4,5,6,5,4,4,3,1,2,3,4,5,6,5,4,3,2,1,2,3,4,5,6
4,6,6,6,5,1,4,2,3,4,1,1,3,1,1,1,3,3,3,5,5,2,2,2,2,5,2,1,4,1,5,5,4,4,5,4,4,1,3,3,6,6,3,3,1,1,3,3,4,3,3,4,2,4,3,4,4,3,6,1,1,4,2,1,1,3,3,2,3,4,5,1,3,2,2,3,2,5,3,3,4,1,3,4,4,5,6,3,4,5,5,4,4,3,3,1,2,4,3,5,6,5,4,4,6,4,5,5,5,1,2,3,4,4,4,5,1,6,4,3,4,5,5,4,3,5,3,3,4,4,2,2,1,3,4,5,5,6,6,4,4,1,3,5,5,5,4,4,1,1,6,3,1,1,4,1,4,3,4,5,2,3,4,1,2,4,4,5,2,6,5,3,5,2,2,4,3,4,3,1,3,1,3,4,6,6,6,5,6,4,4,2,2,2,1,1,5,6,3,2,2,4,3,4,3,2,4,1,3,3,3,5,4,4,2,5,4,4,4,5,4,3,3,5,5,5,4,4,3,1,2,1,3,4,6,1,3,4,2,2,4,5,2,5,4,3,3,6,2,5,4
5,5,2,3,2,1,4,2,1,1,2,4,1,1,1,1,1,3,1,4,5,3,1,1,1,3,1,1,2,1,2,2,2,1,4,1,4,1,1,1,5,3,1,5,1,1,3,4,5,1,1,5,1,4,2,5,5,5,4,1,1,4,1,1,1,5,2,1,5,6,2,1,1,4,4,5,2,1,1,1,2,1,1,1,2,5,4,3,1,4,2,2,2,1,1,1,3,2,1,3,6,2,2,2,6,3,6,4,3,1,1,4,1,6,2,1,1,4,4,3,2,4,5,4,1,6,2,3,1,1,3,1,2,4,1,3,6,2,4,2,2,3,1,1,1,1,2,3,1,1,6,6,1,1,3,1,3,1,6,3,2,1,2,1,2,3,4,3,2,6,3,1,3,3,2,2,1,6,2,1,3,1,2,1,5,6,6,2,3,3,1,1,2,5,2,2,3,5,2,1,1,5,2,1,2,2,1,1,1,2,2,4,2,2,2,4,3,5,1,2,1,1,2,4,3,5,3,2,6,2,1,1,2,1,6,1,2,2,1,6,2,1,1,5,1,1,1,6,2,1,2
1,3,2,1,1,1,3,1,1,1,1,3,1,1,2,1,1,1,1,2,1,3,1,1,1,4,1,1,2,1,3,3,1,2,1,1,5,1,2,1,3,1,1,2,1,1,1,1,1,1,1,1,1,3,1,4,6,6,3,1,1,1,1,1,1,4,3,2,2,5,2,3,2,2,2,3,2,1,1,2,4,1,1,2,3,4,1,4,1,1,2,1,1,4,1,1,2,1,1,3,5,4,1,1,5,1,2,1,2,1,1,3,5,1,2,4,1,6,3,1,2,3,1,2,1,3,1,1,1,2,1,1,1,1,2,3,2,1,5,1,2,1,2,2,3,4,5,1,1,1,2,1,1,2,1,1,1,1,2,1,1,1,2,1,2,3,4,1,1,5,5,1,3,3,2,4,3,3,4,1,1,1,1,1,1,6,2,1,2,1,1,1,2,1,1,1,1,4,1,1,1,3,1,4,3,2,4,1,2,1,4,5,1,2,1,1,1,1,2,2,3,5,1,2,1,1,2,1,1,1,1,1,1,1,5,1,2,4,1,5,2,4,1,5,1,1,2,4,6,3,1
3,4,1,4,1,1,4,4,4,5,1,2,4,1,1,5,4,3,1,5,4,1,1,1,2,5,1,1,4,1,5,4,3,4,5,3,3,1,1,1,5,5,1,2,1,1,1,2,2,1,1,4,3,5,1,2,4,3,6,1,1,2,3,1,3,3,4,1,3,5,4,4,1,2,3,3,1,5,1,4,5,1,1,3,4,5,6,3,5,4,5,2,4,4,1,5,3,6,1,5,4,3,4,4,6,1,6,2,3,1,1,2,1,4,3,5,6,6,4,4,2,6,3,6,6,6,1,2,1,5,2,1,4,5,3,5,5,6,3,1,5,1,5,3,6,4,6,4,1,1,4,4,1,1,1,1,2,1,2,3,1,1,1,1,3,2,5,4,1,3,3,1,2,3,3,3,1,1,3,1,4,5,3,4,5,6,6,1,3,1,2,1,2,4,1,4,5,6,4,1,1,6,1,3,2,1,5,1,6,1,3,3,1,6,1,1,2,6,6,5,1,5,4,6,3,1,3,6,6,1,5,1,2,3,6,1,1,6,6,3,3,6,1,2,2,1,2,3,6,2,1
1,1,1,1,1,1,2,2,2,1,1,1,2,1,1,1,2,1,2,2,3,1,1,1,2,3,1,1,4,2,5,2,2,2,1,3,2,1,2,2,4,3,2,1,1,1,2,2,1,1,1,2,1,2,1,1,3,1,4,2,1,2,2,1,1,2,3,2,2,2,2,1,2,3,1,2,1,2,1,1,3,1,1,1,2,3,2,3,2,1,1,2,1,1,2,1,4,3,1,1,3,1,2,1,3,2,2,3,2,1,1,5,1,2,3,2,4,6,5,3,1,2,3,4,2,3,1,1,2,2,2,1,1,1,2,2,3,2,2,1,2,1,2,3,3,3,3,2,1,2,4,3,1,1,2,1,1,1,3,5,2,1,3,1,1,3,3,2,1,4,2,1,1,2,3,2,1,2,2,1,1,2,1,3,1,5,3,1,3,4,4,1,2,3,1,3,4,3,3,1,1,3,1,2,3,1,3,1,4,2,2,1,1,2,1,3,1,2,3,2,1,3,1,3,3,1,2,4,3,1,2,1,2,3,5,1,1,3,1,4,3,5,2,2,1,1,1,4,3,1,1
2,4,1,3,1,2,3,1,4,3,3,5,3,2,3,1,3,2,4,3,2,5,3,2,3,2,4,3,2,1,3,3,2,3,3,2,4,3,2,3,2,4,4,2,3,2,3,1,4,3,2,2,4,3,2,4,3,3,2,3,4,2,3,2,5,3,1,2,3,3,3,3,4,2,3,NA,2,1,3,2,4,1,1,1,2,2,6,3,2,1,4,2,3,2,1,2,2,4,3,2,3,1,2,4,2,2,3,1,2,2,1,3,2,4,2,3,2,3,2,4,3,3,2,4,3,2,3,1,2,3,2,4,4,3,2,3,2,2,1,2,3,2,2,4,3,2,3,2,3,2,2,3,1,1,1,5,4,3,3,2,4,3,2,2,2,3,2,1,4,4,2,1,3,2,5,3,1,3,2,3,3,2,3,2,5,4,2,1,3,2,4,3,2,1,4,2,5,3,2,1,2,4,3,2,1,5,3,3,3,2,3,1,3,2,5,4,2,3,2,4,1,2,6,4,3,2,2,4,2,1,2,2,1,5,4,2,3,4,2,1,2,2,1,5,4,3,3,6,3,2,3
1,2,3,2,3,2,2,3,3,2,3,2,3,2,3,3,2,2,3,4,4,3,2,3,4,3,2,3,3,3,2,3,2,3,3,4,3,3,2,2,3,3,2,3,4,2,2,3,3,2,2,3,2,2,3,2,2,3,2,2,1,2,3,2,1,2,1,2,3,2,2,2,3,2,3,3,2,2,3,2,2,3,2,3,2,2,2,3,3,4,2,3,4,3,3,2,3,3,2,3,3,4,3,2,3,3,3,2,3,3,3,2,3,4,3,2,2,3,2,2,3,2,3,3,2,3,3,2,3,2,2,3,1,3,2,3,2,4,3,2,2,3,2,3,2,3,3,2,2,3,3,2,3,1,2,2,3,2,3,2,3,2,3,3,2,4,4,1,1,3,2,1,1,2,3,2,2,2,3,3,3,4,3,2,3,4,3,2,3,3,4,1,1,1,2,3,2,3,3,3,2,3,3,1,1,1,2,1,1,1,2,3,2,3,2,3,3,2,3,2,3,3,2,4,2,2,3,2,3,2,3,3,3,3,1,1,1,1,2,3,2,2,3,2,3,2,3,2,2,2,1
3,4,3,5,1,1,5,2,4,4,2,1,1,1,2,1,2,5,1,3,3,3,1,2,1,5,1,1,3,1,4,3,2,3,3,4,3,1,1,2,5,5,3,4,2,2,1,3,4,2,1,1,1,2,1,3,5,5,6,1,1,1,1,1,1,3,2,1,4,5,3,1,2,5,2,4,3,4,1,2,1,1,2,1,4,5,2,4,2,3,3,1,1,3,1,1,3,2,2,3,5,4,1,1,5,1,5,3,2,1,3,2,3,1,2,4,1,5,2,3,2,3,3,6,1,5,2,2,1,3,4,1,1,3,4,4,6,1,3,1,2,1,3,4,3,2,5,4,1,1,1,3,1,1,2,1,1,1,3,3,2,2,1,1,1,2,5,2,1,5,1,1,2,2,3,3,2,5,2,1,1,1,2,1,4,5,3,2,5,4,1,1,4,5,1,1,3,6,3,2,2,3,2,4,2,2,3,1,3,2,3,4,2,3,2,4,2,3,2,1,2,4,3,4,4,5,2,3,3,1,1,1,3,4,6,1,1,2,1,3,3,5,1,4,2,1,1,5,2,4,2
1,2,4,2,5,1,1,3,2,2,1,2,2,1,3,1,3,1,4,2,1,2,1,2,2,3,2,1,4,2,2,2,3,4,1,6,2,1,4,3,2,3,5,5,2,1,2,3,2,1,3,3,1,4,3,3,4,2,3,1,1,3,1,3,2,4,2,1,NA,1,5,3,2,5,4,4,2,3,1,3,4,1,3,2,4,3,2,3,1,3,4,3,2,3,4,1,3,5,1,3,4,2,3,1,3,2,NA,4,3,1,2,3,4,3,6,3,1,4,2,3,2,4,2,1,1,3,3,4,3,1,5,1,3,4,6,5,3,2,4,3,5,1,5,6,3,1,4,5,1,1,3,4,1,3,5,1,4,1,3,5,2,3,4,3,2,4,3,5,5,4,2,3,5,3,2,4,3,4,5,1,3,4,3,1,3,2,2,3,4,3,1,1,4,2,3,1,4,3,5,1,4,2,3,4,2,4,5,1,NA,3,4,1,4,2,2,4,3,2,1,3,NA,4,3,5,2,3,5,4,5,4,1,1,5,4,3,3,2,4,3,4,3,1,1,4,1,1,5,3,3,6,6
1,2,1,3,2,1,2,3,3,1,1,1,3,1,2,1,3,1,2,3,2,3,2,1,1,3,1,1,4,1,3,2,3,2,2,3,2,4,2,2,4,2,1,3,1,1,4,2,1,1,2,1,1,3,1,4,3,2,3,1,1,3,1,1,1,3,2,2,4,3,1,2,2,3,2,2,3,4,3,2,3,2,3,2,3,4,2,3,4,2,3,1,2,3,1,1,3,2,1,4,4,3,2,3,2,2,3,3,3,1,3,2,4,2,3,2,1,3,2,2,3,2,3,1,1,2,1,3,2,2,3,1,3,2,3,2,3,2,4,1,3,1,2,3,2,1,3,2,1,1,3,1,1,1,3,1,4,1,1,2,1,2,1,1,3,4,3,1,1,4,2,1,3,1,2,3,3,4,2,1,3,2,3,2,2,3,2,1,2,3,1,1,3,2,1,2,3,4,2,1,2,3,2,3,2,1,3,1,2,4,3,2,4,3,2,1,2,3,4,2,3,2,2,3,2,1,3,2,3,3,1,2,4,3,2,4,3,3,2,4,2,3,1,4,3,1,2,3,1,3,2
