"pals","masks","alabaster","modal","automobiles","misconceptions","natives","desperation","yogurt","adore","vain","optics","drains","ridden","belonging","intelligently","salvage","dusty","flora","bleed","appropriations","slopes","harassing","unresolved","buttocks","fearful","lascivious","literate","revisionist","plainly","adviser","risking","limb","marrow","focal","economically","porch","gel","lettering","solidarity","incumbent","recruited","nightly","explosives","bumped","dictated","traction","messy","amino","proudly","sprite","securing","deliverance","halted","kidney","battering","mom's","proton","predominantly","crews","mastered","playground","authenticity","bricks","autobiography","allergic","memorabilia","seas","screened","risen","predecessor","dictate","speculate","progressed","pronounce","fanatical","resistor","fad","clicks","tiles","bowers","alarming","periodicals","undertake","showdown","weave","bomber","underway","referendum","infect","fuss","insulted","analytic","substituting","prosper","teddy","fundamentally","prescribed","libel","universally","waltz","rebuilding","telegraph","sexton","laundry","adept","casualties","diagnose","explored","backgammon","resolves","feathers","aided","detonate","lumber","magazine's","tack","fascism","grandma","trophy","interrupted","incur","onions","retrospect","provincial","soaring","unrealistic","vile","flagship","consisted","bottled","trailers","concord","deployed","bending","jeep","fearless","synopsis","neighboring","leukemia","disappearance","compromised","molecule","friction","jeweled","sweating","overkill","seventeen","concentrating","effected","undue","humanism","shareholders","cockpit","hamlet","pestilence","substantiate","innovations","abbreviations","intercept","awoke","boating","emulated","sighed","overlord","serum","insufficient","dubbed","omission","gentiles","feline","bends","curvature","shattered","decreases","shaken","cries","mating","compass","supremacy","annex","enclosure","instrumentation","carrot","brutality","cookbook","grit","dioxide","baseline","vest","departed","fulfillment","adjustments","trustworthy","reluctantly","tolerant","stink","jumbo","reductions","pronto","scans","canopy","localization","mummy","commodity","calculating","scalp","markings","beaver","formulate","alcoholic","realism","quirk","alternating","toner","piper","measurable","deceased","presses","drivel","indicted","clutch","overlapping","dominance","disintegrate","peanuts","detained","greatness","beige","landmark","wrongs","inconvenient","antennas","catches","breeze","respiratory","paradigms","newcomer","amazingly","disciple","anticipation","vertigo","wander","ironically","squirt","letterman","labeling","stressful","divers","resultant","bong"
1,1,6,1,4,4,1,1,4,1,1,1,1,1,3,3,1,1,1,1,6,1,3,1,1,1,6,1,6,1,3,1,1,1,3,2,1,1,1,1,4,1,1,1,1,NA,1,1,2,1,1,1,1,1,1,1,1,1,1,1,1,1,3,1,3,1,5,1,1,1,6,3,3,2,2,5,1,1,1,1,1,3,2,1,1,1,2,1,1,1,1,1,1,1,1,1,4,1,3,1,1,1,1,3,2,1,1,NA,NA,NA,NA,NA,NA,NA,NA,NA,NA,NA,NA,NA,NA,NA,NA,NA,NA,NA,NA,NA,NA,NA,NA,NA,NA,NA,NA,NA,NA,NA,NA,NA,NA,NA,NA,NA,NA,NA,NA,NA,NA,NA,NA,NA,NA,NA,NA,NA,NA,NA,NA,NA,NA,NA,NA,NA,NA,NA,NA,NA,NA,NA,NA,NA,NA,NA,NA,NA,NA,NA,NA,NA,NA,NA,NA,NA,NA,NA,NA,NA,NA,NA,NA,NA,NA,NA,NA,NA,NA,NA,NA,NA,NA,NA,NA,NA,NA,NA,NA,NA,NA,NA,NA,NA,NA,NA,NA,NA,NA,NA,NA,NA,NA,NA,NA,NA,NA,NA,NA,NA,NA,NA,NA,NA,NA,NA,NA,NA,NA,NA,NA,NA,NA,NA,NA,NA,NA,NA,NA,NA,NA,NA,NA
1,1,1,4,3,4,2,2,2,1,1,1,2,1,2,2,2,1,1,1,3,2,4,4,2,1,6,4,2,1,1,1,2,3,2,1,1,4,3,2,3,2,1,3,2,3,3,2,3,1,1,2,1,3,1,1,1,2,2,1,3,2,4,3,5,3,5,1,1,2,5,1,2,2,3,2,3,1,2,1,3,3,4,2,4,3,2,2,2,1,2,2,3,3,2,1,2,4,3,2,4,2,1,1,4,3,5,4,2,2,2,2,4,2,3,2,1,5,1,3,3,1,4,2,3,1,2,2,2,3,4,2,3,3,1,2,3,6,3,3,2,5,3,3,2,3,4,2,3,2,1,3,3,2,1,4,4,3,3,3,1,1,2,3,2,3,3,1,2,3,3,1,3,2,2,3,2,3,3,4,2,4,4,3,2,2,1,1,2,1,3,2,4,3,4,3,4,3,2,1,1,3,3,2,4,3,2,3,2,1,4,3,2,3,3,1,3,4,2,3,4,4,3,3,2,2,3,3,4,1,4,3,2,2,3,2,6,4,3,4,4,3,2,4,3,3,2,4,3,5,2
1,1,1,4,6,3,1,1,3,1,1,1,2,1,3,5,3,1,1,1,5,3,1,3,1,4,6,1,5,3,1,1,1,2,3,2,5,5,1,2,4,6,5,3,1,3,5,1,5,5,1,3,1,1,2,1,1,6,2,2,1,1,5,1,5,5,6,2,1,1,2,2,2,2,4,2,2,1,1,4,5,1,5,1,1,3,2,1,6,1,1,3,1,3,1,1,3,3,1,5,1,6,3,2,2,1,4,3,2,2,2,6,3,1,1,4,1,6,1,3,3,5,6,1,5,3,3,1,1,2,1,2,1,1,1,1,2,2,4,6,2,6,2,3,1,3,1,1,3,1,2,2,3,1,3,6,6,3,6,2,4,3,2,3,1,1,6,1,6,5,1,1,4,2,4,2,3,1,2,4,1,3,3,1,2,1,1,3,1,1,1,2,1,2,3,4,1,1,2,3,1,3,3,1,4,3,1,1,6,3,6,2,1,2,3,3,6,6,1,3,2,1,1,1,3,5,1,5,6,1,1,5,1,1,1,2,6,1,1,3,2,1,1,6,1,1,3,1,4,4,1
1,2,1,1,1,2,2,2,1,1,1,2,1,1,2,2,1,1,2,2,1,1,1,1,1,3,2,3,2,3,3,3,2,2,3,2,3,2,3,2,1,2,2,1,2,1,2,3,2,2,2,1,1,1,2,3,3,3,2,2,1,2,1,1,2,2,1,1,1,1,2,3,3,3,3,2,2,1,1,2,2,3,3,2,1,1,2,2,2,2,2,2,2,1,1,1,1,1,2,3,3,3,3,3,2,1,1,1,2,1,2,1,2,1,1,2,2,3,3,2,1,1,1,2,2,1,1,3,3,3,2,2,2,1,1,1,3,3,3,3,1,1,2,2,2,1,1,1,2,2,2,2,1,1,1,2,2,2,1,1,2,2,3,3,2,2,1,1,2,2,1,2,1,2,2,2,1,2,1,2,2,1,1,1,2,1,1,2,2,1,2,2,1,2,1,2,2,1,1,2,1,2,1,2,2,2,1,2,1,2,2,2,1,1,2,2,1,2,1,2,1,2,1,2,1,1,1,1,2,1,2,1,2,1,1,1,1,2,2,2,1,1,1,1,2,2,3,4,4,5,4
1,1,4,3,2,2,1,2,1,1,1,1,1,1,1,1,2,1,1,1,2,1,1,1,2,1,6,1,2,1,1,1,1,2,1,1,1,2,1,1,3,1,1,1,1,1,2,1,2,2,1,1,1,1,1,1,1,2,1,1,1,1,3,1,2,2,4,1,1,1,2,1,1,1,2,2,1,1,1,1,3,1,2,1,2,1,1,1,4,1,1,1,2,1,1,1,1,1,2,1,1,1,2,2,2,1,1,3,1,2,1,2,1,1,1,2,1,3,1,2,1,1,2,1,3,1,1,1,1,1,1,1,1,1,1,1,1,3,4,6,2,1,3,2,2,2,1,1,1,1,1,1,1,1,1,3,2,2,2,2,1,1,1,2,1,2,2,1,2,2,2,1,1,1,1,1,1,2,1,2,2,1,2,2,1,1,1,3,1,1,1,1,1,1,1,1,1,1,2,1,1,2,2,1,1,1,1,1,1,1,2,1,3,1,1,1,3,1,1,4,3,1,1,1,1,1,1,2,6,1,1,1,2,1,1,4,6,1,1,4,2,1,2,2,2,1,1,1,1,1,1
1,2,6,2,3,6,2,5,3,1,1,1,1,1,3,5,2,1,1,1,5,1,3,2,1,1,6,4,5,2,3,5,2,4,2,5,2,3,5,6,5,5,4,3,1,3,3,1,2,2,2,1,1,1,2,3,1,1,3,1,1,1,6,1,5,4,6,1,2,2,5,2,2,3,4,3,3,1,1,1,2,2,3,1,5,3,3,2,5,2,1,5,4,5,2,2,5,2,4,NA,2,2,5,2,5,6,6,5,2,2,1,3,3,3,2,4,1,5,3,5,5,2,4,6,6,1,2,NA,1,3,4,4,1,4,1,1,2,6,6,6,6,6,6,5,5,5,1,1,5,3,1,5,3,1,5,6,6,5,5,3,1,2,5,4,1,2,6,2,4,3,1,1,6,2,5,1,2,1,3,4,5,5,4,2,4,1,1,6,2,1,2,2,2,2,3,5,1,2,5,2,1,2,2,2,5,4,1,1,2,4,6,2,3,4,1,2,5,3,4,1,2,2,2,4,6,4,2,2,5,3,2,5,4,3,1,2,3,1,3,6,5,5,4,5,4,3,2,2,2,5,1
1,1,1,1,4,3,1,3,1,1,2,1,1,1,1,1,1,1,1,1,4,1,3,2,2,2,5,3,4,2,2,1,3,2,2,2,1,1,1,1,1,3,3,1,2,1,4,1,1,2,1,1,2,1,2,1,1,1,NA,1,2,3,4,1,5,3,4,3,1,3,4,2,1,1,2,1,2,1,1,1,2,1,2,1,2,2,3,1,1,1,1,1,2,2,1,1,3,2,1,2,2,3,2,1,3,1,4,2,2,1,2,3,2,2,1,3,1,6,1,3,2,1,1,1,3,2,2,1,1,1,2,2,1,1,1,1,2,2,6,5,3,1,2,4,6,3,1,1,3,2,2,3,1,1,1,2,4,3,3,2,1,2,1,4,1,2,5,1,3,1,2,1,3,1,2,1,2,1,3,2,1,3,4,2,1,1,1,1,1,1,1,2,3,1,2,3,1,1,3,1,1,3,3,1,3,1,1,1,2,1,2,2,4,1,1,1,6,2,1,2,5,2,1,1,6,2,2,2,4,1,4,3,1,2,1,3,6,2,1,5,3,2,1,3,3,1,2,1,1,1,1
1,1,3,4,2,1,1,1,6,1,1,2,1,1,1,4,4,3,6,1,3,1,1,2,1,1,4,3,4,3,5,1,1,3,4,4,4,1,1,1,4,1,1,1,4,1,1,1,5,1,1,1,4,3,3,2,5,3,5,1,1,1,4,1,4,2,6,2,2,1,5,1,1,1,4,2,2,3,1,1,3,2,5,2,1,1,1,1,4,1,3,1,6,6,3,1,1,1,6,4,3,1,1,6,1,6,4,4,1,1,2,1,1,1,1,2,1,1,1,1,3,3,4,6,6,1,2,1,3,3,3,2,1,6,1,1,1,6,6,6,6,1,1,1,2,1,1,1,1,1,4,1,1,2,2,2,1,1,1,1,1,1,1,3,1,5,1,4,2,1,4,1,1,1,2,2,1,1,1,1,5,1,1,1,3,1,1,4,2,1,1,1,1,1,1,1,1,1,1,2,1,4,1,3,1,4,1,1,1,1,1,1,1,1,2,1,1,1,5,1,2,1,1,1,1,1,1,1,5,1,2,1,4,1,6,1,6,1,1,5,1,1,1,1,1,3,4,3,2,4,1
1,1,1,2,3,2,2,3,1,2,2,1,3,1,1,1,2,1,1,2,4,2,1,1,1,2,6,1,2,2,2,1,1,1,1,1,4,2,1,2,1,3,5,1,1,1,2,1,2,2,2,2,2,1,2,1,1,1,1,1,1,3,5,1,5,2,2,3,3,1,2,2,2,1,3,1,1,1,1,2,1,1,1,2,4,3,1,1,1,1,1,1,2,2,1,1,1,3,2,2,1,4,3,1,2,1,3,3,2,1,2,4,4,2,1,3,1,3,1,4,1,1,1,1,3,3,2,2,2,1,1,2,1,2,1,2,2,1,5,3,4,4,2,3,3,3,1,2,2,1,2,1,3,1,1,2,3,2,3,1,2,2,2,4,1,1,3,1,3,3,2,1,3,2,1,2,3,2,1,2,1,2,3,1,1,3,1,3,4,1,1,2,1,2,1,1,1,1,2,2,1,2,3,1,1,2,1,1,2,2,1,1,1,1,2,2,2,4,1,1,1,3,1,2,3,2,3,2,4,1,1,1,1,5,3,1,5,1,1,3,3,2,1,1,1,1,2,1,2,1,1
1,1,1,1,1,3,1,3,1,1,1,1,1,1,1,1,1,1,1,1,3,1,1,1,1,1,2,1,1,1,1,1,2,1,1,2,1,1,1,1,1,1,1,1,1,1,3,1,1,1,1,1,1,1,1,1,1,1,1,1,1,1,2,1,5,1,1,1,1,1,3,1,1,1,2,1,1,1,1,1,1,1,1,1,1,3,2,1,2,1,1,1,1,1,1,1,1,1,1,1,1,1,5,1,2,1,1,1,1,1,1,1,1,1,1,1,1,3,1,5,1,1,1,2,2,1,1,1,1,1,1,1,1,1,1,1,1,1,1,3,1,1,1,3,2,2,1,1,2,1,1,1,1,1,1,3,3,3,3,2,1,1,1,3,1,1,1,1,3,1,1,1,1,1,2,1,1,1,1,1,1,1,1,1,1,1,1,1,1,1,1,1,2,1,2,1,1,1,3,1,1,1,3,1,1,1,1,1,1,1,2,1,1,1,1,1,1,3,1,2,4,1,1,1,1,1,1,1,5,1,1,1,1,1,1,1,4,1,1,2,3,1,1,1,1,1,1,1,1,1,1
1,1,2,1,4,3,2,3,2,2,1,2,2,2,3,3,2,2,1,1,3,1,2,2,2,3,6,4,4,2,3,2,2,2,1,2,1,2,2,2,2,3,5,2,1,4,3,1,1,3,2,3,4,1,1,1,1,1,2,3,2,4,4,2,4,2,2,4,4,2,4,2,2,2,4,2,3,1,2,2,1,2,2,1,1,4,3,1,4,2,2,2,3,3,2,2,4,NA,2,3,5,4,6,5,5,3,3,2,2,2,3,4,4,2,2,3,1,5,2,5,5,2,3,3,3,4,2,1,2,3,2,3,1,2,1,1,3,5,6,6,3,2,1,4,4,5,1,3,2,2,3,2,2,2,1,3,5,4,4,3,2,3,1,6,1,2,4,1,2,3,2,1,2,4,4,3,2,3,1,2,2,4,4,2,2,1,2,2,2,1,1,2,2,4,4,2,1,1,4,1,3,1,3,2,2,2,2,2,4,2,3,2,5,2,2,2,4,4,1,2,6,3,2,3,3,3,2,2,6,1,5,2,2,4,1,2,6,2,3,6,4,2,1,4,6,1,4,3,1,2,1
1,1,2,1,2,2,1,1,1,2,3,1,2,1,1,1,3,1,1,2,2,1,1,1,1,1,6,1,3,2,1,1,3,1,1,1,2,1,1,1,2,2,1,1,1,1,1,2,5,2,1,1,1,1,1,1,2,1,1,1,1,1,5,1,4,1,2,4,1,1,1,1,1,1,2,1,1,1,1,1,1,1,2,1,2,5,1,1,1,1,1,1,3,1,1,1,1,2,1,1,5,1,1,1,4,1,3,2,1,1,1,1,1,1,1,3,1,3,1,5,1,1,3,1,2,1,1,3,1,1,3,2,1,1,1,1,1,4,4,3,1,2,1,2,3,1,1,1,1,1,1,1,1,1,1,3,2,2,1,1,1,1,3,3,1,1,2,1,2,2,1,1,1,1,1,1,2,2,1,2,1,1,1,1,1,1,1,4,1,1,1,1,1,1,1,2,1,1,1,1,1,2,1,1,1,1,1,1,3,1,1,1,4,1,1,1,1,1,1,3,1,3,1,1,1,1,1,2,6,1,3,2,1,1,1,2,6,1,1,4,1,1,1,1,2,1,1,1,2,1,3
3,4,4,5,4,3,5,3,4,4,5,3,5,4,3,4,3,4,3,4,3,4,3,NA,4,5,6,6,5,4,3,4,3,4,4,3,4,4,5,5,6,3,6,4,4,5,4,4,4,5,3,4,4,5,4,3,3,4,5,4,3,4,4,5,5,6,6,6,6,6,5,4,3,2,1,2,3,4,4,3,4,5,5,5,6,5,6,5,6,6,5,6,5,4,3,4,3,4,3,4,3,4,3,4,5,4,4,5,4,4,3,4,3,3,4,5,5,5,4,5,5,5,5,4,4,4,5,4,5,5,6,5,6,5,6,5,6,5,5,4,4,5,4,4,5,5,4,3,3,3,4,5,4,5,6,6,6,5,4,5,4,3,2,2,2,3,3,3,4,5,5,4,4,4,5,6,5,6,NA,5,6,6,5,5,4,4,3,5,5,4,1,2,3,4,6,5,6,6,4,4,5,5,4,4,3,3,4,4,3,3,4,5,4,3,4,3,3,4,4,4,3,4,3,4,3,3,3,4,4,5,5,5,5,6,6,6,6,6,6,5,5,4,4,4,4,3,3,3,3,3,3
1,1,5,1,1,1,1,2,2,1,1,1,1,1,2,2,2,1,4,1,3,2,1,1,4,1,6,5,6,1,2,1,5,4,2,1,5,1,1,2,5,1,1,1,1,1,2,1,4,1,6,2,2,4,1,1,5,5,2,1,1,1,3,2,5,4,4,3,3,4,5,4,4,2,3,1,3,5,1,1,3,1,3,1,1,6,3,1,5,1,2,1,2,NA,5,1,2,2,4,2,4,2,2,4,2,4,2,4,1,6,1,4,2,3,1,1,1,6,1,1,1,2,1,2,4,2,1,6,1,1,1,2,5,2,1,4,1,6,6,6,2,1,2,1,4,2,1,1,2,3,3,2,1,1,1,5,6,2,2,3,2,1,4,6,1,3,2,2,2,2,5,1,2,2,3,2,2,6,2,2,6,2,2,3,1,1,6,2,1,1,1,2,5,1,4,5,2,1,2,6,1,2,1,1,2,5,1,1,5,4,5,3,3,1,5,1,3,5,2,3,3,2,2,2,3,6,1,1,6,1,6,2,2,2,2,3,5,1,1,2,1,1,5,1,1,1,1,1,1,2,2
1,1,1,1,4,4,3,3,1,1,3,1,4,1,2,5,1,1,1,3,5,2,3,1,1,3,6,1,3,4,1,1,2,1,2,3,1,1,2,1,1,3,5,1,1,2,1,1,2,2,2,1,3,1,1,1,1,1,4,3,1,4,4,1,5,2,6,2,1,2,4,3,3,2,3,1,1,1,1,1,2,1,3,1,1,2,1,1,2,1,1,1,4,2,1,1,3,2,5,3,1,1,1,1,3,2,6,3,1,1,2,4,3,2,1,3,1,5,1,5,2,1,3,1,4,4,3,2,1,1,1,3,1,2,1,4,4,1,6,6,6,1,2,1,3,3,1,1,1,2,1,2,2,1,1,2,1,1,3,1,1,2,1,3,1,1,2,1,2,3,1,1,2,1,3,1,4,1,2,1,1,3,4,1,1,2,1,3,3,1,1,2,1,1,3,1,1,1,3,1,1,1,4,1,2,2,1,1,5,1,3,3,2,2,1,1,3,5,1,1,2,3,2,1,2,2,1,3,3,1,1,4,1,1,5,2,5,1,4,5,2,1,1,3,3,1,3,1,1,2,1
1,1,6,4,1,2,1,2,3,1,1,2,1,1,1,3,5,1,3,2,3,1,1,2,1,1,6,3,2,1,4,2,1,2,2,3,1,2,1,2,4,2,2,1,1,2,3,1,3,2,3,2,4,3,2,1,1,2,4,1,1,1,5,2,2,1,1,1,2,2,3,1,1,2,1,3,4,1,1,1,5,2,6,1,1,2,1,1,6,2,1,1,2,5,2,1,1,2,3,1,2,1,1,1,3,2,5,3,1,2,1,2,1,4,1,1,1,5,2,2,1,4,5,2,3,2,3,1,2,1,4,2,1,2,1,1,1,5,2,4,1,2,3,1,5,2,1,2,4,2,1,1,2,2,1,5,4,2,3,1,1,1,3,2,1,3,5,2,2,1,1,1,3,2,1,1,1,1,1,2,2,1,2,1,1,1,2,4,2,1,1,1,3,2,4,2,2,1,4,3,2,5,3,2,2,3,1,1,3,2,4,3,2,5,2,1,2,1,1,3,5,2,3,4,6,2,1,1,4,2,1,4,2,1,1,2,6,2,3,2,4,2,1,2,1,2,4,2,2,3,1
2,4,2,4,3,2,3,4,3,3,2,3,4,3,2,3,4,3,3,2,4,3,3,2,4,3,4,2,3,4,2,2,3,4,2,3,2,2,1,3,4,2,3,3,4,3,4,2,3,3,2,2,3,2,2,3,2,3,2,3,2,3,3,2,3,3,4,2,3,2,3,2,3,4,2,3,4,3,3,2,4,2,3,4,3,2,3,3,2,3,2,3,4,2,3,4,2,1,1,2,NA,2,4,3,2,2,4,3,1,4,3,1,2,3,4,2,3,4,2,3,3,4,2,2,3,3,2,4,3,3,2,3,2,3,4,2,2,4,2,3,3,2,3,3,2,3,3,2,3,2,1,3,2,3,2,3,4,2,3,2,2,3,3,4,3,4,3,3,2,3,3,4,2,3,3,2,3,4,3,2,3,3,3,3,2,2,3,3,2,2,3,3,2,3,3,4,3,2,4,2,3,3,4,2,3,3,2,3,4,2,4,3,2,3,4,2,3,4,3,2,3,4,3,2,3,4,3,2,3,4,3,2,3,2,1,4,3,2,3,2,2,1,2,3,2,3,3,2,3,2,3
1,1,1,1,1,1,1,4,1,1,4,1,3,1,5,1,1,1,1,1,5,1,3,1,2,1,5,1,4,2,1,1,4,2,1,1,4,1,2,1,5,1,6,2,1,1,4,1,1,1,1,3,1,1,1,1,1,1,1,3,1,2,5,1,2,1,1,4,1,3,3,1,1,1,3,1,1,1,1,3,1,3,3,1,4,5,4,1,1,3,2,1,3,1,1,2,1,1,3,2,1,3,5,1,5,1,4,2,1,1,1,4,3,3,1,2,1,6,1,5,1,1,2,3,1,3,1,2,4,1,1,4,1,1,1,1,2,2,6,3,2,1,3,4,5,2,1,1,3,1,3,2,5,1,3,2,5,5,5,4,2,3,2,6,1,4,3,1,5,2,1,1,2,5,1,5,2,3,1,4,1,3,4,1,1,1,1,2,3,1,1,1,3,4,2,1,3,1,2,1,1,2,4,2,2,4,1,4,3,1,1,2,3,4,1,2,4,4,1,3,1,4,1,1,1,2,3,2,6,2,6,4,2,5,4,1,6,1,3,5,2,3,1,4,3,1,3,3,4,1,5
2,1,6,2,3,1,2,3,2,4,2,3,4,2,5,3,1,3,2,4,2,3,1,3,2,1,4,3,2,4,3,2,4,3,2,5,4,3,2,3,2,3,2,2,2,4,1,2,3,2,3,2,3,2,1,5,3,4,2,3,2,1,1,2,2,3,6,2,3,1,2,2,3,2,4,1,2,3,4,5,2,3,4,2,3,2,1,3,5,4,3,2,4,3,2,2,2,3,2,4,3,1,2,3,2,2,4,3,3,2,3,2,4,3,2,1,2,2,3,2,3,2,1,4,2,5,4,3,2,3,1,2,4,3,2,2,3,2,1,4,3,2,5,4,3,3,2,4,2,3,2,2,1,3,2,3,4,3,2,3,2,5,4,3,3,2,3,2,1,5,4,3,2,3,3,2,3,2,4,3,2,2,4,3,1,5,3,4,3,2,4,3,4,2,3,2,3,3,2,4,4,2,3,4,2,3,4,2,3,2,5,3,2,4,3,2,5,4,2,3,2,4,4,3,1,2,2,1,3,2,4,2,3,2,3,3,1,2,4,3,2,3,2,5,1,2,3,2,1,2,4
1,1,2,3,3,3,2,4,2,1,1,2,1,2,2,4,2,1,1,2,4,1,4,2,3,1,5,2,3,1,1,1,2,2,2,3,1,1,2,3,5,2,4,2,2,2,2,2,1,2,2,2,4,2,3,2,1,1,4,2,1,1,5,2,5,2,3,3,2,2,5,3,3,3,3,3,1,1,2,1,2,1,1,2,1,1,2,1,3,1,1,2,1,3,1,1,2,1,1,2,1,1,2,1,2,3,3,3,1,5,1,3,1,2,2,5,1,4,1,3,2,2,1,2,2,2,2,1,1,1,2,1,1,2,1,1,2,3,5,6,6,2,3,1,3,3,2,3,5,2,1,2,2,1,1,4,5,3,5,2,1,1,3,4,1,2,4,3,2,5,2,1,3,2,3,2,1,1,2,4,2,3,3,1,4,2,1,2,1,1,1,3,4,2,4,2,1,1,NA,1,1,2,2,3,3,3,2,2,5,3,5,3,2,2,1,1,4,2,2,5,4,1,3,3,2,2,2,2,2,1,4,3,5,1,1,3,3,1,3,4,2,1,1,2,1,3,1,2,1,1,1
1,1,1,2,4,1,2,4,2,3,1,1,1,1,2,1,4,1,2,1,5,3,2,1,2,2,6,1,3,2,3,3,2,4,4,5,4,1,1,5,4,6,6,5,1,2,3,1,3,2,4,2,3,2,1,1,2,2,2,5,2,2,5,1,6,4,5,4,2,3,6,3,3,3,3,2,1,1,1,2,3,2,3,1,3,3,1,1,1,1,1,2,3,2,2,1,1,3,1,2,3,4,6,2,4,1,4,3,2,2,3,4,6,2,1,6,2,6,2,5,3,3,4,1,5,5,4,5,4,1,6,4,3,5,NA,2,2,4,6,6,3,3,5,5,6,4,3,2,4,5,5,4,4,1,1,5,6,4,5,4,3,3,3,4,3,3,4,2,4,3,6,1,4,2,3,2,4,2,2,5,4,4,2,5,4,5,1,4,5,1,2,1,1,2,1,1,3,1,4,2,3,1,2,1,1,2,2,2,2,3,5,2,3,5,4,3,6,4,4,4,2,3,4,3,4,3,3,3,6,4,4,2,2,3,3,2,6,4,3,6,3,3,3,3,4,2,2,1,2,2,2
1,2,3,4,2,3,2,3,4,5,4,3,3,2,3,2,3,4,4,5,5,4,3,2,3,4,3,2,2,3,4,5,2,3,1,3,3,1,3,4,5,5,4,3,2,3,4,4,3,3,2,3,3,2,3,4,3,5,3,2,3,5,4,3,2,3,4,1,3,3,2,4,4,3,3,2,4,4,4,3,3,2,2,3,4,3,2,3,4,5,4,3,3,4,3,2,1,2,3,5,4,5,3,2,4,4,3,2,3,3,3,4,3,2,3,4,3,4,5,5,4,4,3,2,3,3,2,3,4,5,3,3,4,3,2,3,2,4,3,4,4,4,3,2,3,3,3,4,4,3,3,4,3,4,3,2,3,4,3,4,3,3,5,3,NA,2,3,1,2,3,3,2,2,3,3,2,2,3,3,4,5,2,5,4,3,2,4,3,4,2,3,3,5,5,4,4,2,3,3,3,3,2,1,5,5,4,3,2,2,3,4,5,4,3,3,2,2,3,3,4,5,3,NA,2,2,2,NA,2,5,1,2,4,3,5,2,3,3,4,3,2,3,2,2,NA,3,4,2,4,3,4,2
1,1,3,1,3,4,2,2,1,1,2,1,2,1,3,4,3,1,1,1,4,2,3,1,3,3,3,2,3,2,1,1,1,2,1,3,2,1,2,3,2,2,3,2,2,1,2,1,1,3,3,2,3,1,1,3,1,1,4,1,1,2,5,2,4,3,3,1,2,1,4,1,2,3,3,2,4,1,1,1,1,2,4,1,1,4,4,1,4,1,2,1,4,2,1,1,3,2,2,3,1,3,4,2,3,2,4,3,2,4,2,3,3,4,1,3,2,5,1,5,3,1,2,3,3,3,3,2,1,2,2,3,2,2,1,1,2,5,4,4,4,2,3,2,2,4,1,3,4,2,1,1,2,4,1,2,2,2,3,3,2,3,3,4,1,3,4,2,4,3,2,1,3,2,3,2,3,2,3,4,2,4,3,4,2,1,1,2,2,1,1,3,4,2,3,1,1,1,1,1,1,1,4,3,1,2,1,1,3,2,4,3,4,2,2,2,3,4,2,5,1,3,2,3,3,4,2,3,4,1,2,4,3,3,3,4,5,2,2,5,3,1,1,3,2,2,3,2,1,3,1
1,1,1,2,4,2,2,2,3,3,1,1,1,1,2,3,3,3,2,2,5,1,2,2,3,2,5,2,4,3,2,2,3,3,3,4,3,2,2,2,3,2,3,2,3,2,2,1,4,1,1,3,3,2,2,2,1,2,3,2,2,2,4,1,2,3,2,3,2,2,2,1,2,3,2,3,2,2,3,2,2,2,3,1,2,2,2,2,4,1,1,1,5,4,1,1,3,4,4,3,2,3,2,2,2,2,3,3,2,2,2,3,1,3,1,4,1,4,3,3,2,3,2,3,3,2,2,3,2,2,2,2,2,3,2,2,3,2,3,3,2,2,3,2,2,3,2,2,2,2,2,2,2,NA,2,4,4,3,3,2,2,2,4,2,2,6,3,1,2,2,4,1,3,1,2,3,3,3,NA,2,2,2,1,1,3,2,2,3,3,1,4,2,2,2,2,2,1,1,3,1,1,4,3,1,3,3,4,2,2,2,2,3,3,2,3,4,3,3,1,2,4,1,1,2,1,1,1,1,1,1,1,3,1,1,1,3,4,2,3,4,3,3,2,2,2,1,1,1,4,2,1
1,1,2,1,2,1,1,1,1,1,1,1,1,1,1,1,3,1,1,1,2,1,1,1,2,1,6,1,1,1,1,1,1,1,1,1,1,1,1,1,1,1,1,1,1,1,1,1,3,1,3,3,3,1,2,2,2,1,1,1,1,1,1,1,1,1,1,2,3,1,3,1,2,3,1,2,1,2,3,1,3,1,2,1,3,2,1,2,2,1,2,1,1,2,3,1,2,2,1,2,3,1,2,2,1,2,2,2,1,2,1,2,3,2,1,2,1,2,2,1,2,1,2,1,2,2,1,2,1,2,2,1,2,1,2,2,1,3,2,1,2,2,1,2,1,2,3,2,1,2,2,3,1,2,2,1,2,2,1,1,2,2,1,2,3,2,1,2,2,1,3,2,1,2,2,1,2,3,1,2,3,2,1,2,3,2,1,1,1,1,1,1,1,1,1,1,1,1,1,1,1,1,1,1,1,1,1,1,1,1,1,1,1,1,1,1,1,6,6,6,1,1,1,1,6,1,1,1,1,1,1,1,6,1,1,1,6,1,1,1,1,1,2,2,1,1,2,2,1,1,1
2,1,1,4,5,1,1,3,3,4,1,1,1,1,3,1,1,1,1,1,3,4,3,1,3,1,5,1,1,1,1,1,3,1,1,3,1,1,1,3,1,1,1,1,3,1,1,3,1,1,1,2,1,4,2,1,1,2,1,5,1,1,4,1,6,5,6,5,2,3,6,1,1,4,6,1,1,4,3,4,1,1,1,1,1,1,1,2,5,1,1,1,5,1,4,3,1,5,2,1,4,5,5,4,5,3,6,3,3,6,1,3,3,1,2,2,1,5,2,3,2,3,4,1,4,4,1,1,1,1,1,1,4,2,1,1,3,2,5,3,4,6,5,1,4,2,1,2,1,1,3,4,3,1,2,5,4,NA,4,1,1,2,1,3,1,1,2,1,4,2,1,1,3,1,4,1,1,2,3,4,1,2,1,4,1,3,1,1,2,1,1,3,3,1,1,1,1,2,3,1,1,1,1,1,4,1,1,1,3,1,2,1,3,1,1,4,NA,3,2,3,6,2,1,5,1,3,1,1,4,1,3,3,4,1,1,4,6,3,1,4,1,2,2,2,3,1,2,1,1,3,1
NA,NA,NA,NA,NA,NA,NA,NA,NA,NA,NA,NA,NA,NA,NA,NA,NA,NA,NA,NA,NA,NA,NA,NA,NA,NA,NA,NA,NA,NA,NA,NA,NA,NA,NA,NA,NA,NA,NA,NA,NA,NA,NA,NA,NA,NA,NA,NA,NA,NA,NA,NA,NA,NA,NA,NA,NA,NA,NA,NA,NA,NA,NA,NA,NA,NA,NA,NA,NA,NA,NA,NA,NA,NA,NA,NA,NA,NA,NA,NA,NA,NA,NA,NA,NA,NA,NA,NA,NA,NA,NA,NA,NA,NA,NA,NA,NA,NA,NA,NA,NA,NA,NA,NA,3,4,2,2,3,6,3,3,1,4,3,1,3,2,4,3,2,3,3,4,4,2,3,3,5,3,2,2,4,5,3,2,3,6,4,2,3,2,1,3,2,4,5,5,3,2,3,4,2,4,3,6,3,2,4,2,3,2,2,4,3,6,4,2,2,3,3,2,2,1,3,4,4,1,2,NA,3,2,4,2,2,4,5,4,2,5,2,3,2,1,2,4,2,5,3,1,2,NA,5,1,NA,2,NA,1,4,3,2,2,1,2,3,5,3,1,2,3,2,2,1,3,2,2,3,1,2,4,3,3,3,2,3,5,5,2,3,4,4,2,2,3,NA,3,3,4,3,6,1
