"cylinder","evenings","wicked","stake","charging","gentleman","reef","believing","rangers","gauntlet","paste","reflecting","walnut","emulate","warnings","adjustment","rebuild","inspired","leaf","imagined","radius","attended","consensus","monolith","digging","skirt","pretending","immigrants","litter","conflicts","punish","releasing","acted","shepherd","reluctant","bitter","costume","delight","traces","graduated","colonies","sparks","establishing","doctrine","metric","primal","fiscal","promotion","sexy","hated","mechanisms","continuity","investing","buildings","continuously","dub","reincarnation","improving","week's","tribe","remotely","pumping","slavery","render","archer","nation's","that'll","missile","lifted","clicking","fetch","calculations","sockets","adapted","motives","compound","cue","statute","cups","freezing","platinum","voodoo","pulls","lovers","guided","pros","sincere","visitors","symphony","dole","clipper","regulate","socks","borrowed","argued","attributed","discard","extraordinary","innovation","bee","genre","unofficial","reminded","offended","ballot","spaces","lamp","productivity","amended","strongest","deadline","credible","chow","specialized","assign","worthy","priests","piss","slap","unopened","interactions","expressing","blond","independently","indirectly","violated","president's","faults","specialty","purge","proportional","confirmation","candy","prediction","anarchy","conditional","yearly","recipient","broadcasts","lengthy","summon","informative","outrageous","boundaries","mommy","wholesale","contacting","whelp","underlying","bats","accordance","foul","oriental","provisions","stitch","leak","cube","towers","mines","unsure","adverse","gentlemen","eaten","bench","uncomfortable","herb","striking","notified","scary","cared","attendance","conversions","sender","it'd","guilt","sovereign","plateau","suffice","gulf","workbench","acoustic","pronounced","constitute","fame","touches","rally","beneath","smoothly","specializes","supplements","xerox","cricket","penalties","volcano","lit","cinema","mapped","comply","profitable","consortium","cartoons","heels","advancement","reminds","tags","intact","juggernaut","ramp","widespread","summarize","clueless","scored","customs","watches","stiff","atlas","illusion","volts","selective","hiding","synthetic","handler","roles","cowboy","discourse","steady","fingerprint","varied","cousin","administrators","verses","goodbye","workshops","foam","revelation","vortex","clan","span","cabinet","losers","sleeve","drummer","dancer","blades","beats","dire","electricity","intake","unaware","distributions"
1,2,1,4,1,1,1,1,2,4,2,1,2,4,3,1,1,2,1,1,3,3,3,3,3,1,1,1,1,2,3,3,3,3,3,4,3,3,3,3,2,2,4,4,4,5,6,5,5,5,5,5,4,3,4,2,4,4,3,3,3,2,3,4,4,3,3,3,2,2,4,4,4,4,4,4,4,3,2,2,3,1,1,1,2,1,3,2,5,1,1,3,1,2,3,3,2,2,3,1,1,2,2,2,1,1,1,3,1,1,1,NA,1,3,2,2,2,1,1,3,3,2,1,2,2,2,1,3,3,1,4,4,3,3,3,3,3,5,3,5,3,3,4,4,1,3,3,3,3,1,2,3,2,3,1,1,1,1,1,1,3,1,2,1,3,2,3,3,2,1,3,3,1,1,3,5,4,4,1,1,4,3,3,1,1,2,2,3,5,3,6,1,4,1,1,4,1,1,6,6,1,1,3,2,1,4,6,1,2,2,2,2,2,2,1,4,4,1,3,2,4,1,1,1,3,2,3,2,3,2,3,2,2,3,4,2,1,1,3,1,2,2,2,2,3,4,6,4,4,6
3,1,4,2,1,2,3,2,2,5,2,2,3,4,2,3,3,1,3,2,1,2,3,5,2,2,3,2,1,2,3,2,1,2,3,2,2,3,2,1,2,1,2,1,3,2,1,1,2,2,3,3,1,3,2,2,2,3,1,2,1,1,1,2,1,2,1,3,4,3,5,2,1,1,2,1,5,5,3,2,4,1,3,4,5,1,4,2,4,5,3,2,1,3,3,2,1,3,2,1,2,2,1,2,2,2,2,2,2,1,1,2,3,3,4,3,4,3,1,3,5,4,2,3,2,3,3,3,4,1,2,3,1,3,2,5,4,3,2,3,2,4,5,3,2,3,2,4,3,1,2,3,4,3,1,2,2,4,2,3,4,2,3,2,2,1,1,2,2,3,2,3,2,1,3,4,4,3,3,1,2,4,6,2,3,3,4,3,4,1,6,3,2,1,2,NA,1,2,2,2,1,1,1,1,1,1,2,1,2,2,2,1,2,1,3,2,2,3,3,1,3,1,3,3,4,3,4,4,3,2,2,1,1,1,3,1,2,3,2,2,1,2,1,2,1,1,2,3,3,4
6,2,1,1,1,3,1,4,2,6,3,1,3,6,4,6,1,4,1,1,3,1,2,4,3,1,4,5,2,1,1,4,1,5,6,1,3,2,1,4,3,1,4,2,1,1,1,4,6,1,3,2,4,5,5,1,4,1,1,1,3,2,5,1,1,3,1,1,1,1,1,3,1,4,5,4,1,2,1,3,5,6,1,2,4,1,5,2,6,1,2,4,1,2,2,2,1,4,5,1,2,4,2,2,4,1,1,6,2,3,1,5,1,3,4,6,3,2,1,3,5,1,1,6,6,2,1,1,6,1,4,5,6,3,6,2,1,3,1,6,5,3,4,6,3,2,4,5,6,1,3,1,6,4,1,1,1,3,1,1,2,2,1,1,4,3,NA,NA,2,1,2,5,4,6,3,5,6,4,2,3,6,5,4,1,4,2,3,5,6,5,6,3,4,5,1,6,1,2,3,6,5,1,6,2,1,4,6,1,5,6,NA,2,5,3,1,4,6,1,3,2,6,2,5,6,3,1,6,2,3,6,2,6,5,2,3,1,2,2,3,4,3,1,1,2,1,1,5,1,1,2
6,3,1,2,1,3,2,4,2,6,2,1,1,2,2,3,3,1,2,1,2,2,3,5,3,1,2,4,2,1,1,3,1,5,2,1,2,3,2,3,3,1,2,3,1,3,5,3,2,2,4,5,1,3,5,1,6,3,4,3,5,1,3,1,3,2,4,4,1,3,1,4,2,2,2,4,3,3,1,3,3,4,1,2,3,2,4,3,5,2,1,3,1,4,3,4,1,6,3,1,3,2,1,1,3,1,1,4,1,1,2,1,1,4,2,2,4,1,1,2,2,3,2,4,4,5,3,3,5,2,4,3,1,2,4,3,3,5,4,5,5,3,6,4,1,5,1,4,5,1,6,4,4,4,2,2,2,2,2,3,4,2,3,1,4,2,3,4,2,2,4,5,1,4,5,6,6,4,2,2,5,5,4,2,4,2,4,3,6,5,6,2,4,3,1,3,2,2,4,6,3,3,4,3,1,5,6,1,3,4,4,3,2,2,2,4,4,1,1,2,4,1,2,1,4,3,2,4,3,4,1,2,2,3,4,3,1,1,1,3,2,2,1,2,2,2,3,2,2,5
4,2,1,1,3,3,1,2,1,2,1,1,1,2,1,1,1,1,2,4,2,1,1,1,1,1,1,1,1,1,1,2,1,3,2,1,2,4,1,2,1,1,3,2,1,2,1,1,1,1,2,1,1,3,3,1,2,1,1,1,2,1,3,2,1,1,3,3,1,1,2,3,1,1,1,3,1,5,1,1,1,1,1,1,3,1,4,2,3,2,1,2,1,1,3,3,1,1,1,1,5,5,3,1,1,1,1,1,1,1,2,1,3,4,6,1,3,1,1,1,1,1,1,1,1,3,1,3,3,4,1,3,1,2,2,3,3,3,2,1,1,1,6,3,1,4,1,2,2,1,1,2,1,1,1,1,1,1,1,3,1,4,3,2,1,2,1,3,1,1,1,2,1,1,4,6,6,3,1,3,3,3,2,1,3,1,3,1,4,1,6,1,2,1,1,5,1,2,2,5,1,1,1,2,1,1,2,1,2,1,1,1,1,2,1,1,2,1,1,1,3,1,1,1,3,3,1,2,3,1,1,1,2,2,3,1,1,1,1,1,1,1,3,1,2,1,3,1,1,1
3,1,2,1,2,1,1,2,1,3,1,1,1,1,1,1,1,1,1,1,2,1,1,5,1,1,1,1,1,1,1,1,1,1,1,1,3,1,1,1,1,1,1,3,2,1,1,1,3,2,3,1,1,1,1,1,1,1,1,1,1,1,1,1,3,4,6,1,1,1,2,1,1,1,1,2,6,6,1,1,4,1,1,1,1,1,1,1,1,2,1,1,1,1,1,1,2,4,3,1,5,1,1,1,5,1,1,1,1,1,1,1,2,1,1,1,1,1,1,1,1,1,1,1,1,1,1,1,1,3,1,1,1,1,3,3,1,3,1,1,1,1,2,1,1,1,1,5,1,1,1,5,3,2,2,1,1,1,1,2,3,1,1,1,1,6,1,1,1,1,1,1,2,5,2,6,6,4,1,1,1,1,1,1,1,2,1,1,2,2,6,2,1,1,1,3,1,2,2,6,1,1,1,1,1,1,1,1,1,1,1,1,1,1,2,3,6,1,1,1,1,1,1,1,1,1,1,1,3,1,1,1,1,2,1,3,1,1,3,4,3,2,1,1,1,6,3,1,1,2
3,2,2,1,2,1,1,2,2,4,3,2,1,2,2,2,2,3,1,2,2,1,2,3,1,1,1,1,2,2,3,1,1,3,2,2,1,2,1,1,2,1,2,3,1,1,3,1,2,1,1,2,1,3,2,1,1,2,1,1,2,1,2,1,2,1,1,4,1,2,1,3,2,1,1,1,1,2,1,3,2,1,1,1,2,1,2,1,3,2,2,3,1,2,2,1,1,2,2,1,3,2,2,2,3,1,1,2,2,1,1,2,1,3,4,1,2,1,1,2,1,2,1,2,1,1,2,2,1,2,1,1,1,2,3,1,1,3,1,4,2,1,3,1,1,1,1,3,2,1,4,1,2,1,1,1,1,2,1,2,2,1,1,1,1,5,2,3,1,1,2,1,1,3,1,4,3,2,2,1,3,1,2,1,2,1,3,1,2,2,4,2,1,2,1,3,1,1,2,3,1,1,1,1,1,1,3,1,2,2,1,1,2,1,1,2,2,1,3,4,2,1,1,1,1,3,1,2,3,1,2,1,1,1,2,1,1,1,2,2,1,2,1,2,2,1,1,1,1,2
4,3,2,1,3,3,1,4,3,5,2,2,1,6,2,4,3,2,1,4,6,3,6,6,4,1,2,3,1,2,1,4,2,1,5,1,2,4,4,5,3,1,4,4,3,2,2,5,1,1,4,5,3,3,6,1,6,4,1,1,4,3,2,2,2,1,1,2,1,2,1,4,1,2,3,4,6,4,1,1,4,1,1,2,5,2,5,2,6,1,1,4,1,2,3,3,1,5,2,1,6,5,3,3,4,2,1,4,2,2,2,2,1,4,4,2,4,1,1,2,3,3,1,5,3,4,1,2,3,2,4,4,1,4,5,4,3,5,2,2,2,4,6,4,1,1,2,1,2,1,3,4,5,4,1,1,1,2,1,2,4,3,2,1,3,2,2,2,1,2,3,4,2,1,2,5,6,5,1,1,6,4,4,1,2,1,2,1,5,3,6,2,5,2,1,3,1,2,3,6,2,1,5,2,1,1,6,1,4,3,2,1,3,2,1,4,4,1,3,3,5,2,1,1,4,2,3,2,4,5,2,1,1,2,4,3,1,1,2,2,1,2,4,2,2,1,6,1,2,4
6,2,3,2,4,5,2,3,5,2,1,1,2,3,2,1,2,1,1,5,3,2,2,1,2,1,1,2,1,1,3,2,1,5,1,3,2,5,6,2,5,1,2,2,1,2,3,3,4,2,2,3,1,2,3,1,2,3,2,2,3,1,2,1,4,3,2,3,1,3,4,2,1,1,2,4,4,5,1,4,2,3,2,2,3,1,6,2,6,1,3,3,1,2,3,4,1,5,2,2,6,4,1,1,3,5,2,2,1,1,2,2,3,5,4,2,2,1,1,3,2,3,1,2,2,1,1,2,3,5,2,1,2,2,3,2,3,1,1,3,1,2,6,3,2,4,1,2,2,1,2,3,2,2,3,1,3,1,1,4,2,5,1,2,3,1,2,3,2,1,5,2,1,2,4,5,6,4,1,2,3,5,3,2,3,1,1,2,6,2,5,1,4,2,3,5,2,1,2,5,2,1,5,1,1,1,5,2,1,2,1,1,1,3,2,1,4,1,1,2,4,2,1,1,3,1,1,2,4,3,2,3,1,2,2,3,1,1,2,2,3,1,5,3,2,3,6,1,4,3
3,2,1,1,2,2,1,3,1,2,2,2,1,2,2,2,2,2,1,2,2,2,2,3,2,1,2,2,1,2,1,2,1,3,3,1,3,2,1,2,2,1,2,2,2,2,2,2,1,1,3,3,2,2,2,1,4,2,1,1,2,2,3,2,2,1,2,3,2,2,1,3,2,2,2,2,1,2,1,2,2,2,1,1,2,1,3,2,3,1,2,2,1,2,2,2,1,3,3,1,3,3,2,2,2,2,1,3,2,2,2,2,1,2,2,2,3,1,1,2,2,2,1,3,2,2,2,1,2,1,3,2,1,2,2,2,1,2,2,2,2,2,3,3,1,2,2,2,2,1,3,1,3,3,2,1,1,1,1,2,2,2,1,1,2,1,2,2,1,1,2,2,1,1,1,2,2,2,1,2,2,2,2,1,2,1,2,2,2,NA,5,2,2,1,1,2,2,2,2,3,1,1,2,1,1,2,4,1,2,2,2,1,1,1,1,1,2,1,2,2,3,2,1,1,2,2,2,2,1,2,2,1,2,1,2,2,1,1,2,1,1,1,1,1,1,2,2,2,2,2
6,2,3,2,1,2,1,5,1,2,2,1,1,1,1,4,3,2,5,3,4,1,4,1,1,3,1,2,2,6,1,3,1,4,4,2,5,3,2,2,2,3,2,6,4,5,2,5,5,2,5,3,1,2,3,1,5,2,5,1,4,1,2,2,4,6,6,5,1,1,3,6,2,2,2,2,4,5,1,3,1,3,2,2,4,2,2,2,5,1,2,2,5,5,3,2,2,6,5,2,6,5,2,1,4,1,1,2,2,4,1,3,2,6,5,5,5,1,1,2,5,3,2,4,1,3,5,2,5,3,5,5,1,4,5,5,3,4,2,1,3,1,5,4,2,4,1,6,2,1,5,3,3,5,2,3,4,1,1,5,2,2,3,1,3,6,3,4,1,4,3,5,1,6,2,6,6,1,1,1,5,3,2,1,3,1,3,1,5,2,6,2,2,1,1,3,1,2,1,5,2,2,4,2,1,2,2,1,2,2,2,2,1,2,1,2,5,2,2,4,3,2,2,1,4,3,2,4,4,3,3,2,3,3,5,1,1,1,4,4,1,1,2,2,3,2,5,2,2,5
4,4,3,2,2,3,2,3,4,5,2,3,3,5,4,5,2,2,3,5,4,3,5,6,2,2,3,3,2,4,3,4,2,4,5,2,3,5,5,5,3,2,2,3,5,5,4,3,2,2,5,2,2,2,4,3,5,5,2,2,4,3,3,4,4,3,3,5,2,3,4,5,5,5,5,3,5,3,2,4,5,5,2,2,2,3,4,4,5,2,3,2,2,3,2,4,3,2,2,1,1,3,3,3,2,2,4,4,3,3,4,3,2,5,1,1,3,1,1,3,3,4,2,5,5,5,5,2,2,2,5,6,2,3,3,3,3,3,4,4,5,5,5,3,2,3,4,3,2,1,3,2,4,4,5,2,2,3,4,5,3,3,3,2,3,4,4,2,NA,5,6,3,3,4,4,NA,3,2,4,5,4,4,3,4,2,2,2,3,4,4,5,5,5,4,2,3,3,4,5,4,4,4,1,NA,6,5,3,3,4,2,3,3,5,3,2,3,5,3,5,2,2,2,3,4,4,4,3,3,3,2,2,2,1,5,NA,6,5,2,2,2,2,3,3,2,3,3,4,4,5,6
1,1,1,1,1,1,1,1,1,1,1,1,1,1,1,1,1,1,1,1,1,1,1,1,1,1,1,1,1,1,1,1,1,1,1,1,1,1,1,1,1,1,1,1,1,1,1,1,1,1,1,1,1,1,3,1,1,1,1,1,1,1,1,1,1,1,1,2,1,1,1,1,1,1,1,1,1,1,1,1,1,1,1,1,1,1,1,1,2,1,1,1,1,1,1,1,1,1,1,1,1,1,1,1,1,1,1,1,1,1,1,1,1,1,1,1,1,1,1,1,1,1,1,1,1,1,1,1,2,1,1,1,1,1,1,1,1,1,1,1,1,1,2,1,1,1,1,1,1,1,1,1,1,1,1,1,1,1,1,1,1,1,1,1,1,1,1,1,1,1,1,1,1,2,1,5,6,1,1,1,2,1,1,1,1,1,1,1,2,1,6,1,1,1,1,1,1,1,1,1,1,1,1,1,1,1,1,1,1,1,1,1,1,1,1,1,1,1,1,1,1,1,1,1,1,1,1,1,1,1,1,1,1,1,1,1,1,1,1,1,1,1,1,1,1,1,1,1,1,1
4,1,1,2,4,1,3,2,1,2,3,3,1,3,2,1,3,1,1,1,3,1,1,4,1,1,1,1,1,1,4,3,1,5,1,1,3,5,3,3,2,1,5,4,4,1,1,3,1,1,4,2,2,2,3,1,3,2,1,3,2,2,2,1,4,3,2,1,1,2,4,4,1,1,1,3,1,3,1,2,1,1,1,1,3,1,4,1,3,3,1,3,1,4,3,3,1,3,4,1,5,2,1,1,5,3,1,1,1,1,2,1,3,4,4,4,3,1,1,1,4,2,1,2,2,3,1,3,2,3,4,4,2,3,4,3,2,4,3,5,1,1,5,3,1,3,1,2,2,1,3,1,2,3,4,1,2,1,1,2,2,2,1,5,2,3,2,1,1,1,3,4,1,1,3,5,5,3,1,4,3,3,1,2,4,1,2,4,3,1,6,1,NA,1,1,3,1,2,1,3,1,1,2,1,1,1,3,1,2,1,3,1,1,4,1,1,4,1,1,2,4,1,2,1,1,3,1,3,3,4,1,3,3,4,3,1,1,1,1,3,1,1,3,2,1,1,2,1,1,3
1,1,1,1,1,3,1,2,3,3,3,1,2,3,1,1,1,1,1,2,2,1,1,1,1,1,1,1,1,1,1,2,1,1,1,1,2,4,3,2,3,1,1,3,1,2,1,3,6,1,3,1,1,2,6,1,4,2,1,1,1,1,1,1,1,1,1,2,1,1,1,3,1,1,2,1,3,6,1,1,2,1,1,2,3,1,6,2,6,3,1,2,1,2,2,2,1,6,3,1,6,5,3,2,1,3,2,1,1,2,1,1,1,3,5,2,2,1,1,2,3,1,1,1,1,2,1,2,3,6,3,1,1,3,5,4,3,3,2,4,1,1,1,2,1,4,1,4,1,1,1,2,2,4,3,2,3,1,2,1,1,4,1,2,1,4,2,2,1,2,3,3,1,3,2,6,6,5,1,1,2,3,2,1,3,3,2,1,4,4,6,1,2,2,1,3,1,1,1,1,1,1,3,3,1,1,1,1,2,1,1,2,1,2,1,1,2,1,1,1,1,1,1,1,2,2,1,2,4,1,1,2,1,1,1,1,1,1,1,3,1,1,2,2,2,2,3,3,2,4
6,4,2,1,1,1,1,4,1,4,5,1,1,1,3,2,1,1,2,3,4,2,3,2,1,1,2,5,3,2,1,1,1,3,2,1,4,2,4,2,5,1,3,4,2,2,5,3,1,3,6,6,1,2,1,1,3,2,1,3,2,1,3,1,4,5,4,5,2,2,4,2,3,2,5,4,5,4,1,1,3,1,2,2,5,2,6,4,6,4,3,1,2,3,2,2,1,3,2,1,6,6,2,1,3,2,2,3,1,1,3,2,5,5,4,3,4,2,1,4,4,3,2,2,2,3,1,1,2,3,5,4,2,2,6,5,4,5,4,4,2,2,3,4,1,2,1,4,3,1,3,5,4,3,3,2,1,1,1,1,3,3,2,2,3,5,4,1,2,4,3,2,1,3,1,5,5,3,1,1,4,2,3,2,4,1,1,4,5,2,6,2,2,1,1,5,1,3,2,2,1,2,3,1,1,1,3,1,2,3,2,1,4,1,1,1,4,1,3,3,6,3,4,1,2,4,3,4,5,5,4,3,2,4,5,1,1,1,1,2,1,1,3,2,1,1,4,2,1,5
6,5,3,4,2,6,1,4,2,5,1,2,1,3,2,2,1,3,1,6,3,2,5,6,2,1,5,2,2,2,4,5,2,6,6,2,3,2,4,5,2,2,4,2,1,2,3,4,2,3,5,4,2,3,6,1,6,3,4,2,5,3,6,4,3,2,2,4,3,2,1,6,4,2,3,2,1,4,1,2,3,6,1,1,2,1,3,2,6,2,1,3,2,3,2,6,2,6,NA,1,3,5,3,4,2,5,1,6,6,3,2,2,1,4,2,1,2,1,3,4,5,4,2,6,4,4,3,5,3,2,6,1,3,2,2,3,3,4,4,5,3,4,2,4,3,5,6,4,5,1,5,2,3,5,2,1,4,2,1,2,3,1,2,3,6,2,3,5,2,4,6,5,4,3,4,4,3,2,1,3,6,5,6,1,3,2,5,6,3,5,6,2,4,2,1,3,2,5,3,3,5,2,4,2,1,3,6,3,2,4,3,2,3,2,1,5,6,3,3,2,6,2,1,1,3,2,3,2,2,5,6,3,2,2,5,6,2,1,3,3,4,3,2,3,2,3,4,2,3,5
3,2,3,2,2,2,2,2,1,3,1,1,2,2,3,1,1,1,2,2,2,1,2,3,2,3,2,2,1,2,2,1,2,4,2,2,3,1,1,2,3,1,2,3,2,2,3,1,3,1,2,2,1,2,3,1,3,2,2,2,2,2,2,2,3,3,5,2,3,3,2,2,2,1,2,2,2,4,1,1,4,3,3,3,2,1,3,3,6,2,3,3,2,2,2,1,2,3,2,1,3,1,2,2,3,1,1,3,2,2,2,2,3,2,2,2,3,3,2,3,2,2,5,1,2,1,2,2,3,3,2,4,1,2,3,2,2,5,3,4,4,2,4,2,1,3,2,5,2,1,2,4,2,2,2,2,2,2,2,2,2,2,3,2,2,5,2,2,2,2,2,3,3,5,4,5,6,5,3,2,4,2,3,1,2,2,2,1,2,4,6,2,3,2,2,3,1,2,3,5,1,1,2,2,2,2,6,1,2,5,3,1,1,2,2,3,2,1,2,1,2,2,1,2,2,1,1,1,3,2,2,1,2,2,3,2,1,1,2,3,2,2,3,1,3,3,3,1,2,2
1,4,1,2,1,3,1,4,3,3,4,1,2,3,1,1,2,5,6,1,2,1,1,1,1,1,2,1,1,1,1,4,1,2,1,1,2,6,2,4,2,1,1,3,1,2,1,4,1,1,1,2,1,3,5,1,2,4,2,1,3,1,3,1,1,4,1,2,1,1,1,4,1,1,3,2,4,3,1,1,1,1,1,2,3,1,4,1,3,1,1,2,1,6,5,1,1,3,2,2,6,3,5,1,2,1,1,1,1,1,3,1,1,2,5,1,5,1,1,4,3,1,1,NA,1,2,1,4,4,1,3,3,1,2,1,4,4,1,4,1,1,1,6,4,1,3,1,2,1,1,1,2,2,1,1,3,3,1,1,4,1,1,3,1,3,2,2,3,3,4,1,1,1,1,3,6,6,1,1,1,NA,3,2,1,6,1,3,1,2,2,1,1,3,2,1,1,1,1,1,1,2,2,2,1,1,1,4,1,3,2,4,1,2,2,1,1,2,1,2,1,1,1,1,1,4,3,1,2,NA,1,1,2,1,2,3,1,1,1,1,2,1,1,1,2,4,4,1,1,3,4
1,2,3,4,5,6,5,4,3,2,1,2,3,4,5,6,5,4,3,2,1,2,3,4,5,6,5,4,3,2,1,2,3,4,5,6,5,4,3,2,1,2,3,4,5,6,5,4,3,2,1,2,3,4,5,6,5,4,3,2,1,2,3,4,5,6,5,4,3,2,1,2,3,4,5,6,5,4,3,2,1,2,3,4,5,6,5,4,3,2,1,2,3,4,5,6,5,4,3,2,1,2,3,4,5,6,5,4,3,2,1,2,3,4,5,6,5,4,3,2,1,2,3,4,5,6,5,4,3,2,1,2,3,4,5,6,5,4,3,2,1,2,3,4,5,6,5,4,3,2,1,2,3,4,5,6,5,4,3,2,1,2,3,4,5,6,5,4,3,2,1,2,3,4,5,6,5,4,3,2,1,2,3,4,5,6,5,4,3,2,1,2,3,4,5,6,5,4,3,2,1,2,3,4,5,6,5,4,3,2,1,2,3,4,5,6,5,4,3,2,1,2,3,4,5,6,5,4,3,2,1,2,3,4,5,6,5,4,3,2,1,2,3,4,5,6,5,4,3,2
5,2,1,1,3,1,1,2,2,5,1,2,1,3,2,1,1,1,1,3,1,1,4,6,2,3,3,4,3,3,4,3,1,5,5,3,4,6,2,4,2,2,4,4,2,2,4,4,3,1,6,6,2,2,5,1,6,4,3,2,3,2,4,2,5,3,3,4,1,2,2,6,5,2,3,2,4,5,1,2,3,1,1,1,3,1,5,3,6,2,1,3,2,4,5,4,5,4,5,1,5,2,2,2,3,3,2,4,3,3,2,4,2,5,2,3,5,1,1,2,3,3,2,5,5,4,4,3,4,4,4,5,2,4,6,5,3,5,3,5,3,2,6,5,1,3,3,4,3,1,5,2,2,4,4,1,2,2,1,3,4,4,3,2,4,1,2,2,2,2,4,3,2,2,2,6,6,3,2,3,4,5,4,1,3,1,4,3,5,4,6,1,2,3,1,5,2,2,3,6,1,1,4,3,1,2,6,1,3,3,2,4,2,4,1,2,5,1,2,2,5,2,1,1,4,2,3,5,5,4,5,2,2,2,4,4,1,1,4,3,3,2,5,2,1,4,5,1,2,5
5,3,1,4,6,4,5,3,6,5,6,1,2,2,4,1,2,2,3,4,1,1,1,5,1,2,1,1,1,1,4,5,1,5,1,1,5,6,6,5,4,2,3,3,1,2,2,6,3,3,2,3,1,1,2,1,6,4,4,5,5,1,2,2,6,6,5,2,1,1,6,6,1,1,5,2,6,5,1,2,1,6,1,2,4,4,6,2,6,5,1,2,1,3,4,4,2,2,6,5,6,6,2,1,2,6,1,1,1,1,3,1,5,6,6,3,5,1,1,1,4,1,1,1,1,3,1,3,6,6,6,6,3,6,2,6,4,6,2,4,3,2,5,3,3,6,1,1,2,1,1,3,3,5,6,5,5,5,5,4,2,3,3,6,2,1,4,3,3,5,2,6,1,3,2,6,5,6,1,6,3,6,4,5,6,1,6,6,6,1,6,1,3,2,1,3,1,1,1,1,5,6,6,3,1,1,2,2,4,4,3,4,2,6,1,3,6,2,1,6,4,2,4,3,2,2,1,2,2,3,1,3,2,5,6,3,1,1,1,3,2,1,6,2,5,3,6,2,2,6
5,1,1,1,2,4,1,3,2,6,2,1,1,1,1,2,3,3,2,4,1,1,1,4,1,2,1,1,1,2,2,2,1,2,1,1,2,4,4,1,2,1,2,3,1,2,3,3,1,1,5,1,1,3,3,1,3,2,2,1,2,1,1,1,1,3,3,2,1,1,2,2,1,1,2,1,5,5,1,1,1,1,1,1,5,2,6,1,5,1,1,2,1,2,3,3,1,1,2,1,6,3,1,1,2,4,1,1,1,3,3,2,2,5,6,3,4,1,1,1,2,1,1,1,1,1,1,3,3,3,2,1,1,2,4,3,1,3,2,5,1,2,4,6,1,5,1,1,1,1,3,4,1,3,1,2,1,2,1,2,1,6,2,3,1,5,2,2,1,1,1,3,1,4,6,6,5,3,1,1,1,2,1,1,2,1,2,2,3,1,5,1,1,1,1,2,1,2,1,4,1,1,5,3,1,1,3,1,4,1,2,1,1,2,1,1,2,1,1,1,2,1,1,1,1,2,1,2,2,1,1,3,2,3,1,1,1,1,1,2,2,1,3,1,2,1,3,1,3,4
4,3,3,1,1,1,1,1,1,2,1,1,1,2,1,1,2,1,1,1,1,1,1,1,1,1,1,1,1,1,1,1,1,2,1,1,2,1,1,1,1,1,1,1,1,1,1,1,1,1,1,2,1,2,2,1,1,1,1,1,1,1,1,1,1,2,2,1,1,1,1,1,1,1,2,1,2,1,1,1,1,1,1,1,2,1,1,1,3,1,1,1,1,1,2,1,1,1,1,1,5,3,1,1,1,1,1,1,1,1,1,1,1,3,1,1,3,1,1,1,1,1,1,1,1,1,1,1,4,1,1,1,1,1,3,1,1,2,2,2,1,1,2,1,1,1,1,2,2,1,1,3,1,1,1,1,1,1,1,3,1,1,1,1,1,2,1,1,1,1,1,1,1,1,2,5,6,2,1,1,2,1,1,1,2,1,2,1,4,1,6,1,1,1,1,1,1,1,1,1,1,1,1,1,1,1,2,1,1,1,2,1,1,1,1,1,2,1,1,1,2,1,1,1,1,1,1,1,3,1,1,1,1,2,1,1,1,1,1,1,1,1,1,1,1,1,1,1,1,1
4,4,1,2,3,2,1,4,2,6,1,2,1,4,1,5,2,1,2,5,1,3,3,6,1,1,1,2,1,3,3,2,1,4,4,1,2,4,2,3,3,1,3,5,2,3,1,5,2,1,6,4,3,4,5,1,3,2,1,2,2,1,1,1,5,3,1,2,1,1,5,4,1,2,1,3,2,4,1,1,2,1,1,1,3,1,2,1,5,2,1,3,1,2,2,5,1,2,2,1,5,2,1,2,2,2,1,3,1,4,2,1,2,5,5,3,2,1,1,2,4,2,1,3,2,1,1,2,3,2,4,3,1,4,5,4,1,2,3,3,2,2,3,2,1,4,1,6,2,1,3,2,4,3,2,1,2,1,1,2,3,4,1,5,2,3,2,2,1,1,2,3,1,2,4,6,6,6,2,3,4,2,2,1,3,1,4,1,5,1,6,1,1,2,1,4,1,1,2,4,1,1,3,1,1,2,5,1,2,2,2,1,1,4,1,1,4,1,1,2,5,1,1,1,4,2,1,4,3,3,1,1,2,2,2,2,1,1,2,2,1,3,3,2,2,4,2,2,4,2
2,1,1,1,1,1,1,2,1,1,2,1,1,1,1,2,1,1,2,1,1,1,1,2,1,1,1,2,1,1,1,2,1,1,1,1,1,1,2,1,2,1,2,3,1,1,1,1,2,1,2,1,2,2,2,1,2,1,1,1,1,1,2,1,2,2,3,2,1,1,3,1,1,1,1,1,2,4,1,2,1,2,1,1,1,1,2,1,5,2,1,1,2,1,2,2,1,1,1,1,2,1,1,1,2,1,1,1,2,1,1,1,1,1,3,2,2,1,1,1,1,1,1,1,1,1,2,2,2,2,1,1,1,1,2,1,2,3,1,2,1,1,2,1,2,1,1,3,2,1,1,2,2,1,3,1,2,1,1,1,2,1,1,1,1,2,1,1,2,1,2,2,1,6,2,6,4,2,1,1,2,1,1,2,1,1,2,1,2,1,5,1,2,1,1,1,1,1,1,3,1,1,1,2,1,1,3,1,1,2,1,1,1,1,1,1,2,1,1,1,5,1,1,1,1,2,1,2,2,1,1,1,1,2,2,1,1,1,1,1,3,1,1,1,1,2,2,1,1,1
