"profitability","tremendously","consciously","insect","citation","spatial","wares","conduit","affectionate","tasteless","fungi","punching","hoe","swore","bagged","imperative","assessing","aroused","inherit","turnover","turf","evolving","subsidized","formulation","chemist","fooled","caves","heterogeneous","cumulative","prevail","feast","cottage","bans","frantically","semantic","tourists","spirituality","mysteries","objectively","pact","brilliance","fulfilling","birch","criticized","skater","servicing","stark","discounted","extermination","smash","gigantic","transistors","dock","crafts","catalyst","withheld","puppets","summoned","eject","anatomy","pains","blockbuster","rambling","delegate","negligible","temptation","thrive","sentenced","disgrace","forcibly","owing","contributes","populated","deposits","interacting","winding","faded","aiming","crosses","onset","phenomenal","ponder","automate","linguistic","sabotage","trolls","illicit","proceeding","bandwagon","sunken","yields","snuff","percentages","forecasting","spontaneous","plunge","critic","accents","skeleton","bead","homemade","orgasms","warrants","dimensional","commodities","fines","architects","day's","testified","pills","lewd","influential","axle","onion","blindness","hounds","affiliations","stimulation","neighborhoods","biologists","putrid","groaned","pixie","accountant","fourteen","transcription","feather","referrals","exploiting","respectable","plea","conveniently","translates","undecided","butch","visitor","cakes","malt","who'd","absurdity","inequality","accustomed","caveat","upstate","prejudices","mistakenly","arthritis","pulley","diner","mandarin","sexism","deserted","dwellers","annoys","overt","nightmares","quotations","glimpse","tot","physicists","microscopic","bounty","traders","grizzly","larva","aquatic","disconnected","chromosome","tighten","slit","sociology","willy","forecasts","driveway","disconnect","forgiveness","tyrants","progresses","marginally","gaseous","stretches","thinner","strengthening","irritated","jelly","proximity","defiant","grammatical","wife's","fluffy","uniforms","bankers","deeds","belts","armory","cured","exported","reap","haul","symbolism","fore","thumbs","frantic","lingerie","lively","overwhelmingly","scratching","slant","cowboys","totalitarian","fireworks","communicator","disputed","raiding","sentinel","tombstones","prosperity","curry","amplitude","anticipate","fender","winters","transformers","settlements","tier","subgroups","spun","recalled","kaiser","gimme","complementary","malicious","faction","uniformly","absorption","tally","invitations","cat's","challenger","owed","witnessed","folded","inexperienced","currencies","drank","underside","marlin","vanishing","spacing","usefulness","theorem"
6,6,5,3,2,3,4,4,2,5,1,2,1,1,1,3,4,3,4,2,1,3,4,4,3,1,1,4,6,3,2,2,1,3,4,4,2,2,5,2,2,2,4,4,2,3,1,2,3,1,2,6,NA,2,4,2,4,2,6,4,2,4,2,3,2,4,4,4,5,5,2,3,2,2,3,1,1,1,2,2,1,2,3,4,5,6,5,4,3,1,2,3,4,5,6,6,6,5,5,3,2,2,2,5,3,2,1,2,4,1,2,3,3,3,2,2,2,3,4,NA,4,3,2,1,1,1,2,3,4,6,5,6,6,6,6,3,3,2,NA,3,2,3,2,3,NA,3,2,3,2,3,2,NA,3,4,3,4,3,4,3,4,NA,4,5,4,5,4,NA,5,4,5,6,1,4,2,2,4,4,4,4,3,3,1,4,NA,1,NA,2,2,2,2,3,3,4,3,3,3,4,4,4,3,3,3,2,2,2,2,1,1,1,6,6,6,6,2,2,5,3,1,4,4,2,2,2,2,1,3,1,4,6,1,4,6,1,6,6,2,3,1,1,1,4,1,4,3,1,3,1,5,5,5,5
5,3,1,1,2,2,2,5,3,3,NA,2,1,2,2,3,1,3,4,4,4,5,6,6,6,6,4,2,6,5,4,3,3,3,3,3,3,5,5,5,5,5,4,3,3,4,3,4,2,2,1,4,4,3,4,4,3,2,4,3,4,2,4,3,3,2,6,4,4,3,2,4,4,5,3,3,3,5,4,2,1,4,5,6,2,3,NA,2,3,3,3,NA,4,2,2,2,5,4,4,4,3,3,3,4,5,4,2,4,4,4,4,2,NA,3,3,3,2,1,4,4,3,4,3,NA,2,3,3,3,3,1,4,4,4,5,4,4,4,4,3,5,4,5,6,4,4,3,2,2,1,3,3,2,4,4,4,6,4,4,4,5,3,2,2,2,6,5,4,2,2,2,1,5,4,NA,3,2,5,4,4,3,2,4,3,3,5,5,3,3,2,2,5,4,5,6,4,4,3,3,4,4,4,4,4,4,4,5,5,4,4,NA,1,2,2,2,4,4,3,4,2,4,5,4,3,4,4,4,4,4,3,3,3,3,5,5,5,4,3,3,2,1,1,1,1,5,4,2,3,5,5,3,3
6,5,5,2,3,4,1,3,4,3,6,3,3,3,2,2,3,3,3,2,1,1,3,1,2,1,1,6,6,6,4,3,1,3,2,4,5,4,6,1,2,2,4,2,1,3,1,1,1,3,5,5,1,1,3,1,1,3,3,1,1,2,3,1,6,2,3,2,4,1,4,2,2,3,NA,3,2,2,3,1,4,1,3,3,1,1,4,3,2,4,3,4,4,2,3,1,1,2,2,6,3,2,3,2,2,1,3,4,3,1,6,2,6,2,2,3,3,2,4,4,5,4,2,3,2,1,2,3,2,3,4,3,2,3,6,2,1,1,5,5,4,4,6,2,6,2,6,6,6,2,2,2,4,3,3,2,4,3,1,3,3,1,1,4,6,2,2,4,6,3,2,1,3,2,1,2,5,6,3,6,3,4,3,2,1,1,3,2,2,3,3,2,2,1,2,1,1,4,6,2,3,3,3,6,6,3,3,1,1,4,1,1,2,3,4,6,2,3,2,2,1,1,2,3,6,2,1,1,6,6,3,4,2,4,3,1,2,1,1,1,2,1,3,2,1,1,1,3,3,3,2
1,5,6,1,3,3,5,6,2,1,2,1,1,1,1,1,1,2,1,1,1,1,3,1,3,1,1,4,2,1,2,1,1,3,1,1,2,1,1,1,1,1,1,4,2,2,1,2,2,1,1,3,1,1,4,1,1,1,1,1,1,1,2,2,2,1,1,3,1,1,4,2,1,1,1,1,1,1,1,1,3,1,4,5,2,1,6,2,1,1,3,1,2,2,5,2,1,2,1,2,2,1,1,3,4,1,2,1,1,1,1,3,2,2,1,1,3,1,5,1,1,3,1,1,1,1,3,2,1,4,2,4,1,1,1,1,2,1,1,1,4,2,6,1,5,1,2,1,1,1,3,4,1,1,1,2,4,3,1,6,2,1,1,1,1,3,1,4,2,1,3,1,2,1,1,1,3,1,1,5,1,1,1,3,1,2,1,2,1,1,1,1,1,1,1,1,1,3,1,1,1,2,1,5,1,3,1,1,1,3,1,1,1,2,4,3,2,1,1,3,1,1,1,1,3,1,1,1,4,1,1,4,3,1,3,1,1,1,1,1,1,1,2,1,1,1,1,1,1,1,4
1,3,4,1,2,2,1,3,2,1,2,1,2,1,1,2,1,3,2,1,1,2,2,2,2,1,1,4,1,1,1,1,1,1,1,3,2,1,1,1,2,3,4,1,1,1,1,1,2,1,3,3,1,1,3,1,1,1,2,1,1,1,1,1,2,2,1,1,1,1,3,2,1,1,1,1,1,1,1,1,6,1,2,3,5,1,3,1,1,1,2,1,1,1,4,2,1,1,1,2,1,4,1,3,2,1,5,1,1,1,3,1,1,2,1,2,3,3,2,2,3,2,2,1,3,3,2,3,1,1,4,1,1,1,1,1,1,1,1,3,2,1,3,1,3,1,2,1,1,4,1,1,1,1,1,1,3,1,1,6,3,1,1,1,1,3,1,1,1,1,2,1,1,1,1,1,1,2,2,1,1,2,3,1,1,2,1,1,1,1,1,1,1,1,1,1,1,2,2,3,1,2,1,6,1,2,2,1,1,3,1,1,2,2,3,3,2,1,2,1,1,1,1,1,3,1,1,1,3,1,2,3,3,1,3,1,1,1,2,2,1,1,2,2,1,1,1,2,1,1,3
6,2,5,1,1,1,1,4,2,5,1,1,1,1,1,1,3,2,4,2,4,2,5,2,4,3,1,6,3,5,2,4,2,4,2,4,1,3,2,5,3,2,1,1,1,1,1,4,3,2,4,2,1,3,3,1,4,2,1,1,2,1,2,3,2,1,3,2,1,3,4,2,3,1,5,3,2,4,1,3,2,1,4,3,2,3,2,1,5,2,4,2,3,5,6,3,5,2,5,4,2,5,2,3,4,5,4,3,3,3,4,1,3,3,1,2,5,3,2,5,3,1,5,2,4,1,4,2,5,2,4,1,2,5,3,2,4,1,1,6,6,2,1,4,3,1,4,2,3,1,1,1,4,3,2,5,1,4,2,4,2,5,2,3,1,2,4,3,1,5,2,4,1,2,4,2,1,4,6,5,2,4,2,2,4,1,5,2,4,3,2,5,2,4,1,1,5,3,2,5,3,1,2,3,2,3,1,1,2,5,1,1,2,3,2,1,1,1,4,3,2,4,2,1,4,3,6,2,4,2,1,1,4,2,4,1,1,1,1,3,5,2,4,2,5,3,NA,4,1,3,5
2,3,4,1,2,4,1,2,1,1,3,1,1,1,1,2,3,1,2,1,1,1,2,1,3,1,1,3,4,1,3,1,1,2,1,2,3,3,1,1,2,2,1,2,1,3,1,1,1,1,4,1,1,1,4,1,1,NA,2,4,1,1,1,3,5,3,1,2,1,3,3,2,1,3,1,4,1,1,3,1,6,1,1,3,1,1,2,1,1,1,3,1,2,1,1,1,1,2,3,2,1,1,1,3,2,1,4,2,1,1,4,1,2,2,1,1,2,1,3,2,3,1,2,1,1,2,3,1,5,1,1,2,1,2,1,1,1,1,3,4,2,3,5,1,5,2,4,1,1,2,1,2,4,1,1,1,5,2,1,6,1,1,2,1,1,3,1,5,2,1,3,1,1,1,1,2,3,4,1,6,1,1,2,1,1,1,1,3,2,1,2,1,1,1,1,2,1,1,4,1,2,1,1,5,1,3,1,1,1,4,1,2,1,1,5,4,4,1,1,3,1,1,1,1,3,1,1,1,5,1,1,2,1,1,2,1,2,1,2,3,1,1,1,3,1,1,1,1,2,4,6
1,4,5,1,3,4,4,1,5,4,3,1,1,1,2,2,1,2,1,1,1,1,2,4,5,2,2,2,5,1,2,4,1,4,1,1,5,4,3,1,4,1,1,2,3,2,1,2,4,2,4,1,1,1,3,2,1,3,2,2,2,1,1,1,2,4,2,2,3,1,1,4,3,1,1,2,3,2,1,1,2,1,1,3,4,1,2,2,1,1,1,1,3,1,2,3,1,2,1,2,3,1,1,4,1,4,3,1,2,1,1,4,3,4,2,2,2,3,4,4,3,2,1,1,1,4,2,1,1,2,2,4,3,3,1,1,2,1,2,1,2,2,1,2,2,2,3,2,2,2,1,1,1,1,1,5,4,1,1,2,2,1,2,2,1,1,1,4,4,1,4,1,2,2,1,2,2,1,2,4,2,1,2,2,1,1,2,1,2,1,2,1,1,1,1,2,1,2,2,2,2,3,1,4,3,4,2,2,1,1,2,4,3,3,1,4,1,1,1,2,1,1,1,3,4,2,1,2,3,3,1,4,4,4,4,2,4,1,2,2,2,1,2,2,1,1,1,1,2,2,4
1,1,2,1,1,1,1,1,1,1,2,1,1,1,1,1,1,1,1,1,1,NA,1,1,1,1,1,1,1,1,1,1,1,1,1,1,1,1,1,1,1,1,1,1,1,1,1,1,1,1,1,1,1,1,1,1,1,1,1,1,1,1,1,1,1,1,1,1,1,1,1,1,1,1,1,1,1,1,1,1,1,1,1,1,1,1,1,1,1,1,1,1,1,1,1,1,1,1,1,1,1,1,1,1,1,1,1,1,1,1,1,1,1,1,1,1,1,1,1,1,1,1,1,1,1,1,1,1,1,1,1,1,1,1,1,1,1,1,1,1,1,1,3,1,1,1,1,1,1,1,1,1,1,1,1,1,1,1,1,1,1,1,1,1,1,1,1,1,1,1,1,1,1,1,1,1,1,1,1,1,1,1,1,1,1,1,1,1,1,1,1,1,1,1,1,1,1,1,1,1,1,1,1,1,1,1,1,1,1,1,1,1,1,1,1,1,1,1,1,1,1,1,1,1,1,1,1,1,2,1,1,1,1,1,1,1,1,1,1,1,1,1,1,1,1,1,1,1,1,1,1
1,3,3,3,1,3,1,4,1,1,3,1,4,6,1,1,4,4,2,2,2,NA,3,2,3,4,1,3,2,4,2,2,2,2,1,6,1,4,1,3,1,1,1,4,4,2,1,1,1,1,NA,1,1,1,1,1,1,1,1,1,3,1,1,1,5,1,1,1,1,1,4,1,1,1,1,4,1,4,1,1,5,1,1,4,1,1,1,1,1,1,1,1,1,1,1,1,4,5,1,5,1,4,1,1,1,1,6,1,1,1,5,4,1,5,1,4,1,1,4,4,1,1,1,1,1,1,1,1,4,1,1,6,1,1,1,1,1,1,1,3,1,4,4,1,1,1,1,1,1,1,2,1,1,6,1,1,1,1,1,6,1,1,4,1,1,4,1,1,5,1,6,1,1,1,1,1,3,1,1,6,1,1,6,1,1,1,1,1,3,1,1,1,1,1,1,1,1,5,4,1,1,6,NA,6,1,2,1,1,5,4,1,1,1,1,3,4,1,3,1,1,1,1,1,1,4,1,1,1,1,1,1,3,1,1,4,1,1,1,1,1,1,1,1,1,1,1,1,1,1,1,4
6,6,6,4,3,4,1,3,4,2,1,1,1,2,1,3,3,3,2,1,1,2,4,3,4,1,1,6,4,1,2,1,1,4,3,4,5,5,4,1,3,2,1,4,1,4,1,2,5,1,3,4,1,1,5,1,1,2,1,3,1,2,1,1,5,2,3,2,1,2,3,2,1,3,4,1,1,1,1,1,5,1,2,4,1,2,5,2,1,1,3,1,5,1,5,2,3,1,4,1,4,1,3,4,1,1,4,1,2,1,1,3,1,4,2,1,2,1,4,1,4,1,2,1,3,3,2,3,4,2,1,2,1,2,1,2,1,1,1,3,4,1,3,1,2,3,4,1,1,2,1,2,2,2,1,3,4,3,1,5,4,2,2,2,1,4,2,2,2,1,4,2,2,2,2,2,2,2,3,4,4,2,3,1,1,2,2,3,1,2,2,1,1,1,2,1,2,1,1,4,1,1,1,5,3,5,3,1,1,5,1,2,1,1,3,2,3,1,4,3,1,1,1,3,3,2,1,1,1,1,3,5,3,1,2,1,3,1,2,1,3,1,4,3,1,1,1,2,2,3,4
3,3,3,2,2,3,3,4,3,1,3,2,2,2,3,3,2,3,2,2,2,3,4,3,2,2,1,3,3,1,1,2,1,3,2,3,4,3,3,1,3,3,2,NA,2,3,3,3,3,2,4,3,1,3,4,3,3,3,2,3,2,1,3,2,4,4,3,3,2,3,4,3,2,3,4,3,2,2,3,1,4,3,3,5,4,1,3,3,2,2,4,3,3,3,3,4,2,3,2,2,1,3,3,4,3,1,3,2,3,2,4,3,4,3,3,4,3,3,4,3,4,2,4,3,3,4,3,3,3,2,5,4,3,2,3,3,1,3,4,4,3,4,4,1,4,3,2,3,1,3,4,3,3,4,5,3,4,4,1,6,3,3,3,4,3,3,3,4,3,1,4,3,3,1,2,3,5,3,4,4,3,3,3,4,3,4,5,4,4,4,3,2,1,3,5,3,4,4,3,4,3,4,3,4,3,4,3,1,1,5,3,3,3,2,4,4,4,3,4,4,3,2,2,3,3,3,1,1,4,4,3,5,1,5,5,1,4,2,4,3,4,4,5,5,1,3,4,5,4,5,6
1,2,3,1,3,3,1,2,2,2,4,1,2,3,2,2,3,2,2,1,1,1,2,2,3,2,1,4,2,1,2,2,1,2,2,3,2,3,1,1,2,2,2,3,1,3,1,2,1,1,4,3,1,1,3,1,2,2,1,2,2,1,2,2,3,2,1,2,2,3,3,2,1,1,1,1,1,3,2,1,3,1,2,3,3,2,2,3,2,2,2,2,2,3,1,3,1,2,1,2,3,2,2,3,3,2,4,1,2,1,3,2,3,4,2,1,2,2,4,2,1,2,2,2,2,2,2,3,2,2,4,3,1,3,2,2,1,1,2,3,1,2,3,1,2,3,2,2,1,1,1,3,2,2,1,4,2,2,1,3,2,1,1,2,1,2,2,1,3,1,3,2,3,1,2,1,1,1,2,2,2,2,3,2,1,2,3,2,1,1,2,1,1,1,1,3,1,2,2,2,2,1,1,5,1,4,3,1,1,1,2,2,1,3,2,4,2,1,1,2,1,1,1,2,3,1,1,2,1,1,1,2,2,1,2,2,1,1,2,2,2,1,2,2,1,2,1,1,3,3,3
6,6,6,5,5,5,1,4,1,1,4,1,4,1,1,6,6,6,1,1,1,1,1,1,6,1,1,6,1,3,3,3,1,6,1,1,1,6,1,1,4,4,1,6,6,4,1,1,4,1,1,1,1,1,4,1,1,1,1,1,1,1,1,1,3,1,3,4,2,1,3,2,1,1,1,1,1,1,2,1,6,1,2,6,6,1,4,3,3,3,4,1,2,2,2,2,3,3,2,1,1,2,3,2,1,1,6,2,2,1,6,6,6,6,6,6,6,6,6,6,6,6,6,6,6,6,2,2,4,2,2,6,2,1,1,2,1,1,2,6,6,6,6,1,6,6,6,6,1,5,5,1,5,5,4,3,3,3,1,6,6,1,1,1,1,5,4,3,4,1,3,1,5,4,5,4,3,2,4,5,4,1,2,3,1,5,4,3,2,1,1,1,1,1,1,1,2,1,1,6,1,3,1,6,1,2,3,4,5,4,3,3,3,4,4,4,5,1,6,6,1,1,4,4,4,3,1,1,3,1,6,6,1,3,3,2,2,1,4,3,2,3,4,3,2,2,4,3,2,3,2
4,5,4,1,3,6,3,6,3,2,2,3,2,2,1,4,3,2,2,1,1,2,2,3,4,3,3,5,4,5,4,4,1,2,2,3,4,5,3,1,4,2,4,5,3,4,1,4,3,3,4,3,1,1,4,4,1,2,1,3,3,1,4,3,4,4,2,4,5,4,3,3,3,1,3,3,2,5,2,1,5,1,2,4,5,2,3,3,2,2,4,1,5,3,2,4,1,4,2,4,4,3,3,5,3,4,5,1,4,1,5,4,6,5,2,4,4,4,5,2,4,4,3,4,5,4,4,3,4,3,6,4,3,3,3,2,3,2,4,1,3,2,5,2,3,2,4,2,4,2,4,4,5,3,4,5,6,6,1,5,2,3,2,3,2,4,2,4,4,1,4,1,2,2,2,4,4,3,4,6,4,4,5,3,1,2,2,2,3,1,3,1,2,1,4,3,3,3,3,4,3,4,2,6,3,5,4,1,2,4,3,2,2,3,3,4,2,2,3,4,1,3,3,3,4,4,1,2,4,1,2,4,4,3,4,1,4,2,3,3,2,1,3,4,1,3,1,4,4,3,5
3,5,6,2,1,4,2,1,4,4,5,2,2,4,5,3,2,5,3,2,6,2,1,6,2,4,6,6,6,2,4,2,1,1,1,6,1,3,1,1,1,1,1,3,1,1,1,5,3,1,6,NA,4,5,6,2,2,5,3,6,6,1,2,1,1,5,1,1,1,1,6,1,1,3,1,5,2,4,4,1,6,1,6,3,1,1,1,2,1,1,6,1,1,5,4,6,1,1,3,6,3,1,1,3,1,4,5,2,1,1,1,2,6,6,5,5,6,6,6,1,6,6,3,6,4,3,5,2,3,1,6,6,2,1,3,1,1,1,6,1,5,2,1,1,4,1,3,1,1,2,6,2,1,1,1,6,6,5,1,5,2,5,4,3,1,4,1,1,6,1,1,1,3,1,1,1,2,1,1,3,4,1,4,NA,2,2,1,1,1,1,4,1,1,1,1,4,1,5,6,6,6,2,1,6,5,1,1,1,1,6,3,4,3,6,1,6,1,4,6,2,3,1,1,1,1,5,1,2,1,1,1,6,6,1,5,2,4,1,3,6,1,1,1,1,3,6,1,2,5,6,6
1,2,5,2,6,6,1,2,6,1,1,3,1,1,1,1,1,2,1,1,1,1,1,5,6,1,1,4,4,2,2,4,1,2,1,3,2,1,1,1,4,1,5,3,1,2,1,3,6,6,6,5,1,1,6,6,1,3,1,2,3,1,1,1,6,6,6,1,1,1,2,2,1,2,1,4,3,5,1,1,6,1,4,5,6,1,2,1,1,1,2,1,6,1,5,6,1,4,1,2,1,1,2,6,3,1,6,1,1,1,2,6,6,6,1,3,6,6,6,6,4,2,1,2,1,6,6,1,2,2,1,5,1,1,5,1,1,1,6,2,2,2,4,1,3,2,6,2,1,1,2,1,2,1,1,1,4,3,1,6,4,2,1,1,1,2,1,5,6,1,6,1,1,2,1,1,1,1,6,4,6,6,6,1,1,1,3,3,2,1,2,1,1,1,2,2,1,2,2,2,2,6,1,6,1,6,6,1,1,3,1,3,2,4,3,6,2,2,5,2,1,1,2,3,4,1,1,1,2,1,3,6,6,NA,2,1,6,1,6,1,1,1,5,2,1,1,1,6,1,2,5
3,4,4,1,1,1,1,4,3,1,1,1,4,2,1,2,1,4,1,1,1,1,1,1,1,1,1,5,4,2,2,3,3,2,5,5,3,2,3,1,4,3,2,4,1,3,1,4,3,1,1,5,1,1,3,2,2,1,1,2,1,1,1,4,4,3,1,1,1,3,2,3,3,4,2,1,1,1,1,1,6,1,4,3,2,1,5,3,1,1,3,2,2,3,3,3,1,1,2,1,1,4,2,3,3,1,3,1,1,1,4,3,4,4,2,4,3,3,4,3,5,2,1,1,2,3,2,3,3,1,5,3,3,3,2,5,1,2,3,3,2,2,5,1,3,3,3,1,1,1,3,2,3,1,1,1,4,1,1,6,3,2,1,4,1,4,4,3,3,1,3,1,2,1,1,3,5,3,3,2,3,2,3,3,1,3,2,4,3,1,1,1,3,3,4,3,3,4,3,4,2,2,3,5,2,4,3,2,2,4,1,4,3,4,3,4,4,1,3,2,1,1,3,3,4,2,1,1,5,2,3,3,2,2,3,1,3,2,4,4,3,3,4,3,1,3,3,4,2,2,6
1,1,1,1,1,1,1,1,1,1,1,1,1,1,1,1,1,1,1,1,1,1,1,1,3,1,1,1,1,1,1,1,1,1,1,1,1,2,1,1,2,1,1,1,2,2,1,1,1,1,3,1,1,1,1,1,1,1,1,1,1,1,1,1,6,1,1,1,1,1,1,1,1,1,1,1,1,2,1,1,1,1,1,1,2,1,1,1,1,1,1,1,2,1,1,1,1,1,1,1,1,1,1,1,1,1,2,1,1,1,1,1,2,1,1,1,1,1,6,1,1,1,1,1,1,1,2,1,1,1,1,1,1,1,1,1,1,1,1,1,1,1,1,1,1,1,1,1,1,1,1,1,1,1,1,2,1,1,1,1,1,1,1,1,1,1,1,2,1,1,2,1,1,1,1,1,1,1,1,1,1,1,1,1,1,1,1,1,1,1,1,1,1,1,1,1,1,1,1,1,1,3,1,6,1,1,1,1,1,1,1,1,1,1,1,3,1,1,2,2,1,1,1,1,2,1,1,1,1,2,1,2,1,1,1,1,1,1,2,1,1,1,1,1,1,1,1,1,1,1,2
5,5,6,3,5,5,4,4,6,3,4,2,2,3,1,4,5,5,3,2,2,3,4,4,5,3,2,6,5,4,2,2,2,4,2,3,4,5,4,3,2,3,2,5,4,4,2,2,4,2,6,6,1,2,5,3,2,3,2,3,1,2,3,3,6,4,2,3,1,4,5,3,2,2,3,5,2,4,3,2,6,3,4,5,4,3,5,5,2,2,4,3,4,3,3,3,2,2,3,1,1,3,2,5,4,2,4,5,3,3,3,4,4,1,3,4,5,4,4,3,4,4,2,2,1,4,3,2,3,2,2,5,2,3,2,2,1,1,5,3,2,2,6,1,5,3,3,4,3,2,2,3,3,2,2,2,4,4,1,4,3,2,1,3,2,2,2,3,3,1,5,2,2,1,2,3,3,4,4,5,2,2,4,2,3,2,2,3,4,2,1,1,4,2,3,3,2,2,4,3,5,4,3,6,4,4,3,2,2,5,2,3,4,3,5,2,3,3,2,3,3,1,2,2,4,2,3,2,5,1,3,5,5,2,4,3,2,4,3,4,3,2,3,3,1,2,2,3,4,2,3
1,4,4,2,3,4,2,4,4,2,3,2,1,1,1,2,1,4,2,1,1,2,1,3,5,2,2,1,1,4,3,2,1,1,1,2,3,2,3,1,2,1,2,1,1,2,1,3,1,1,1,2,1,1,2,1,1,1,2,1,3,1,1,1,4,2,1,1,1,1,1,2,1,1,2,1,1,1,2,1,3,1,2,3,4,1,2,1,1,1,2,1,3,1,4,1,2,1,1,1,1,1,1,2,2,2,1,5,4,1,1,3,1,5,1,3,3,3,4,2,3,3,1,3,3,3,4,2,3,1,6,3,2,2,4,1,2,1,5,2,3,1,4,2,3,2,2,1,3,1,3,2,1,1,2,4,3,2,1,3,2,3,1,1,2,1,2,3,4,1,2,1,1,1,1,1,2,1,1,3,2,1,3,1,2,2,1,1,5,1,2,1,2,1,1,1,1,5,5,3,1,2,1,6,2,1,1,1,1,3,1,1,2,3,2,5,2,1,2,1,1,1,1,2,4,2,1,2,5,6,2,4,3,1,2,1,2,5,2,2,1,2,1,2,1,2,1,3,1,4,3
NA,NA,NA,1,NA,NA,NA,NA,NA,NA,NA,NA,2,NA,NA,NA,NA,NA,NA,NA,NA,NA,NA,NA,5,NA,NA,NA,NA,NA,NA,NA,NA,NA,NA,NA,NA,NA,NA,NA,NA,NA,NA,NA,NA,NA,NA,NA,NA,NA,NA,NA,NA,NA,NA,NA,NA,NA,NA,NA,NA,NA,NA,NA,NA,NA,NA,NA,NA,NA,NA,NA,NA,NA,NA,NA,NA,NA,NA,NA,NA,NA,NA,NA,NA,NA,NA,NA,NA,NA,NA,NA,NA,NA,NA,NA,NA,NA,NA,NA,NA,NA,NA,NA,NA,2,NA,NA,NA,NA,NA,NA,NA,NA,NA,NA,NA,NA,NA,NA,NA,NA,NA,NA,NA,NA,NA,NA,NA,NA,NA,NA,NA,NA,NA,NA,NA,NA,NA,NA,NA,NA,NA,NA,NA,NA,NA,NA,NA,NA,NA,NA,NA,NA,NA,NA,NA,NA,NA,NA,NA,NA,NA,NA,NA,NA,NA,NA,NA,NA,NA,NA,NA,NA,NA,NA,NA,NA,NA,NA,NA,NA,NA,NA,NA,NA,NA,NA,NA,NA,NA,NA,NA,NA,NA,NA,NA,NA,NA,NA,2,NA,NA,NA,NA,NA,NA,NA,NA,NA,NA,NA,NA,NA,NA,NA,NA,NA,NA,NA,NA,NA,NA,NA,NA,NA,NA,NA,NA,NA,NA,NA,NA,NA,NA,NA,NA,NA,NA,NA,NA,NA,NA,NA,NA,NA,NA,NA,NA,NA,3
1,2,3,1,3,5,5,2,3,3,2,1,1,1,2,1,2,3,2,1,1,1,2,2,2,1,2,5,1,3,4,2,1,2,1,3,2,3,2,1,3,2,3,2,1,1,1,3,2,1,3,2,1,1,3,2,1,3,1,1,3,1,2,1,4,3,1,2,2,3,3,2,2,1,2,1,2,3,2,1,2,1,3,4,2,1,3,2,1,1,3,1,2,3,3,1,1,2,1,3,3,2,2,3,3,2,2,2,2,1,3,4,4,4,2,3,4,4,5,2,1,3,2,3,3,2,3,3,2,1,5,3,3,2,1,1,3,3,3,1,2,2,5,1,2,3,3,2,1,2,3,2,2,1,1,3,4,3,1,4,1,3,1,1,1,1,2,4,4,1,3,1,2,3,2,2,2,3,3,4,2,1,4,2,1,2,3,1,2,1,1,1,1,1,1,2,1,3,5,3,4,2,1,6,3,4,1,1,3,2,4,1,3,4,2,4,2,3,2,2,1,1,2,2,5,2,1,3,4,2,1,5,4,2,3,1,3,1,2,3,2,1,3,2,1,1,1,1,1,1,4
2,1,4,4,1,5,4,5,1,1,3,1,1,3,1,2,2,2,3,1,4,2,1,1,1,1,1,3,2,1,2,3,3,2,5,1,1,1,3,4,1,2,4,1,1,1,3,1,1,2,1,4,2,1,1,1,1,1,3,3,1,1,1,1,4,2,3,2,1,1,5,4,1,1,1,1,1,2,1,1,6,2,3,5,1,1,4,1,5,5,6,4,1,1,4,3,2,3,1,1,1,5,1,2,3,1,5,3,1,1,6,1,4,1,1,2,1,1,3,1,4,1,1,1,1,1,1,3,1,2,4,5,1,1,5,1,1,3,5,2,1,1,6,1,2,1,6,2,3,2,1,1,4,2,3,1,1,3,3,4,3,2,1,1,5,2,1,2,1,3,2,1,1,1,1,1,5,2,3,6,1,1,1,1,1,1,2,1,3,2,1,1,1,1,1,1,1,4,3,1,3,5,1,6,1,1,1,1,1,3,1,1,1,4,5,1,1,1,1,1,3,1,1,1,4,1,2,1,5,2,3,3,1,1,1,1,1,2,1,1,1,1,1,1,2,4,3,1,1,1,4
1,6,6,1,1,4,2,5,3,1,2,1,1,1,1,1,1,2,1,1,2,1,2,2,5,1,1,3,2,1,1,3,1,1,1,4,1,2,1,1,2,1,3,1,1,1,1,3,2,1,5,1,1,1,6,1,1,1,1,1,1,2,1,4,5,3,2,3,2,2,3,2,2,2,2,1,1,1,1,1,3,1,3,6,3,1,3,2,1,1,5,1,3,5,6,6,1,5,1,1,1,6,2,3,3,1,6,1,2,1,1,4,6,6,1,2,3,3,6,6,6,2,2,3,3,3,5,6,4,3,1,5,3,2,3,1,1,1,1,3,3,2,3,1,3,2,6,2,1,3,2,3,6,3,1,2,6,6,1,6,2,1,1,1,1,6,4,6,5,1,6,1,4,1,2,1,6,1,6,6,5,1,6,6,1,5,6,2,1,1,1,1,1,1,1,6,3,2,3,6,1,1,1,6,2,6,2,1,1,6,1,3,2,1,5,6,1,3,5,1,1,1,1,5,6,2,2,1,6,6,6,6,3,2,3,1,3,1,6,4,2,2,5,6,3,2,1,2,2,3,6
1,5,5,1,4,4,1,1,1,2,4,1,2,1,1,1,1,4,1,1,1,1,3,1,5,2,1,5,3,3,1,1,1,1,1,3,1,1,1,1,6,NA,1,5,1,5,1,1,2,1,6,3,1,1,5,6,1,2,1,3,1,1,1,1,5,5,1,5,5,5,1,1,1,1,1,1,1,6,1,1,5,1,4,1,3,1,4,4,1,1,4,1,4,1,3,1,1,4,1,1,1,5,1,4,1,1,6,1,1,1,1,3,2,2,1,1,2,3,1,3,3,1,1,1,1,2,1,1,4,1,4,1,1,3,5,1,1,1,4,1,1,1,5,1,4,1,1,1,5,5,1,1,1,1,1,4,6,1,1,4,1,1,1,1,1,3,1,5,4,1,4,1,1,1,1,1,1,1,4,5,3,1,1,1,1,1,1,1,2,1,1,1,1,1,3,4,1,2,4,1,1,2,1,6,1,3,2,1,1,1,1,1,1,1,1,3,5,1,1,1,1,1,1,1,2,1,1,1,5,6,1,4,1,1,4,1,1,1,1,1,1,1,2,1,1,1,1,1,3,1,4
6,6,6,1,4,4,4,4,3,2,2,2,1,1,2,4,3,3,3,2,1,1,4,3,3,1,1,6,4,4,1,1,1,4,4,3,5,5,5,2,3,3,3,4,1,3,4,1,3,1,3,4,1,1,4,3,1,4,1,3,1,1,1,1,1,1,1,1,1,3,1,2,1,1,1,2,1,1,1,1,3,3,3,4,3,1,3,2,1,1,2,2,1,1,4,2,2,1,1,1,1,1,1,3,4,1,3,1,1,1,3,3,3,1,1,1,3,3,1,1,3,2,3,3,1,2,1,1,3,1,1,3,1,1,1,1,1,1,3,3,2,3,3,2,3,1,3,2,1,3,3,2,3,1,3,1,1,1,3,3,3,1,1,1,1,3,1,3,1,1,1,1,1,1,1,1,2,2,3,3,1,1,1,1,1,2,2,3,1,1,1,1,1,1,2,1,2,1,1,3,1,1,2,2,1,3,1,1,1,4,1,3,1,1,3,2,3,1,3,3,2,1,2,1,1,1,2,1,4,1,4,3,3,3,3,1,2,1,1,1,1,1,1,1,2,2,2,2,1,2,3
1,3,6,1,6,4,2,3,1,3,5,2,6,4,3,3,2,5,4,1,3,1,5,4,6,3,2,6,4,3,5,1,1,1,1,2,1,4,4,4,3,3,5,6,4,6,4,5,5,2,4,4,1,1,5,1,1,2,6,6,5,1,2,3,6,3,4,6,5,6,5,6,1,4,1,4,3,6,4,1,6,2,1,6,2,3,6,1,3,4,6,4,6,3,5,5,4,2,3,4,1,6,3,5,6,1,6,6,6,1,6,4,5,3,1,4,3,5,6,4,6,5,6,4,6,6,4,6,5,5,6,3,4,4,5,2,2,1,4,3,2,3,6,1,4,4,5,6,4,2,6,3,1,5,6,3,4,5,1,6,4,3,1,1,2,3,1,6,6,1,1,3,3,4,1,4,6,2,4,6,2,1,6,3,2,1,1,4,6,2,1,1,1,1,5,4,2,4,5,6,2,1,5,6,4,6,4,3,1,3,2,4,5,5,4,6,5,4,2,2,1,1,1,1,6,1,2,1,6,4,2,4,4,1,5,2,3,6,4,5,1,1,3,4,2,1,1,2,1,1,5
1,2,5,5,4,3,1,3,2,1,3,1,1,1,1,1,1,3,2,1,1,1,1,1,4,1,1,3,2,1,1,1,1,1,1,1,2,2,2,1,3,1,1,3,1,3,1,1,1,1,4,1,1,1,3,1,1,1,2,1,1,1,1,1,3,1,1,4,2,2,1,1,2,1,3,1,1,1,1,1,5,1,1,2,6,1,4,2,1,1,4,1,2,1,2,3,1,3,1,1,1,2,1,5,2,1,6,1,1,1,1,3,1,1,1,1,3,3,6,3,2,1,2,1,1,2,1,1,2,1,1,3,1,3,1,1,1,1,1,1,2,1,5,1,3,1,1,1,1,1,1,1,1,1,1,5,2,1,1,5,1,1,1,1,1,2,1,5,5,1,3,1,1,1,1,1,2,1,3,6,1,1,5,1,1,2,3,1,1,1,1,1,1,1,1,2,1,1,1,1,1,1,1,6,1,5,3,1,1,3,1,2,1,1,3,1,1,1,2,4,1,1,1,1,1,1,1,1,6,1,1,5,5,1,5,1,4,1,5,1,1,1,3,1,1,1,1,1,2,1,4
1,2,3,1,1,3,3,3,1,1,1,1,3,3,1,1,1,3,1,1,1,1,1,1,1,1,1,3,1,3,1,1,1,1,1,3,1,1,1,1,1,1,1,1,1,1,1,1,1,1,2,1,1,1,1,1,1,1,1,1,3,1,1,1,1,1,1,1,1,1,1,1,1,1,1,1,1,2,1,1,1,1,1,1,3,1,1,1,1,1,3,1,1,1,3,3,1,1,1,2,3,2,1,1,1,3,1,1,1,1,3,1,1,2,1,1,1,1,1,1,1,3,1,1,2,1,2,1,1,1,1,1,2,1,1,1,1,1,1,1,2,1,3,1,1,1,1,1,1,1,1,1,1,1,1,1,3,1,1,1,1,1,1,1,1,1,1,1,1,1,1,1,1,1,1,1,1,1,1,3,1,1,1,1,1,1,1,1,1,1,1,1,1,1,1,2,1,3,3,1,3,1,2,2,2,1,1,1,1,1,1,1,1,2,1,1,1,1,1,1,1,1,1,1,1,1,1,1,1,1,1,1,1,1,1,1,1,1,1,2,1,1,1,1,1,1,1,1,1,1,2
