"procession","debit","clippings","mustangs","gibberish","matured","dexterity","interracial","agar","airlock","nurture","punctuated","heaviest","sow","supposition","spotting","cabs","fleece","impeachment","peacock","intimately","technicalities","cuddle","prominently","exhibitors","dill","immersed","strangest","rehash","rattling","proclaims","outnumbered","aggressor","pea","sidewalks","chairperson","escorts","equitable","spirited","snippet","instructs","crooks","incoherent","clout","seminary","aeronautics","extortion","nineteen","maroon","paramilitary","squatting","ignited","blends","tracer","dissociation","endanger","courtroom","mushy","sores","pare","kilo","solitude","declines","crutch","professed","wickets","firebird","fragrance","emergencies","protruding","colds","mangled","cohesive","pianos","boutique","psychotherapy","enrichment","dismal","flamingo","detonation","teas","rendezvous","bale","gentry","trays","donating","hardwood","clover","dedicate","qualms","showroom","irregularities","hostess","fundamentalism","young's","magi","maternity","astronaut","detectives","baffled","season's","rallies","shuffled","chopping","scarcely","loosened","convection","inbound","mortar","cultivate","hostel","evasion","interrogation","vantage","horrific","designations","cherries","channeled","caster","attributable","excite","westerners","speedometer","pessimistic","pentagram","regency","tinkering","variability","diva","institutionalized","corollary","coursing","dosages","pipelines","religiously","attentive","assigns","sheath","categorize","assimilate","menacing","surmise","audited","tiresome","fuselage","pavilion","ninety","whence","prosecutions","spared","brood","arguable","leveled","pate","rake","subsistence","mantis","remnants","acolyte","apprehension","fixtures","quieter","alkaline","flushing","facade","paperboy","pail","verily","cog","snails","accommodating","afflicted","drinker","revolving","shim","hereditary","respondent","containment","foolishly","airspeed","carve","seafood","slanted","abrupt","wiggling","broccoli","evangelical","southerners","gestation","interacts","exertion","chagrin","sharpening","gunman","compost","expel","abdominal","fingernail","ejection","vanishes","speculators","pondering","flattered","uptown","dukes","miniscule","drugged","echoing","laguna","harnesses","enlarged","aiding","ethanol","coyotes","deserts","hatchet","guerilla","shootings","starch","synchronize","asserts","millennia","downfall","tendon","unspoken","fir","sensibilities","camber","paddy","aerodynamic","frauds","clashes","multiplicity","fiddler","center's","filament","shrill","astounded","cybernetic","steaks","sneaking","grudge","sufferings","molten","graciously","tacit","outspoken","unspecified","portrays","supplemented","precepts"
6,2,1,1,3,1,2,1,6,1,3,4,5,4,5,2,4,4,1,3,5,3,5,2,5,2,4,2,5,5,2,3,5,4,1,2,4,5,2,4,5,4,2,2,5,6,5,4,5,6,3,6,2,3,5,2,1,4,4,6,4,4,2,5,4,6,2,5,5,6,2,2,4,6,5,3,2,4,2,5,6,6,6,5,5,4,1,4,5,6,2,6,4,6,6,6,4,6,6,6,6,6,6,3,6,5,4,4,6,5,6,6,3,2,5,6,3,5,5,6,6,6,5,6,2,6,4,5,2,6,6,5,5,4,6,3,6,6,4,5,6,4,5,2,6,5,5,6,2,5,5,6,4,5,2,6,2,4,6,4,3,2,6,4,6,1,5,6,2,5,6,5,NA,2,5,6,4,4,5,1,5,4,5,6,4,6,4,3,4,2,3,6,3,1,4,3,5,1,5,6,6,3,4,1,2,5,3,4,6,6,2,5,6,6,6,4,6,2,3,5,4,5,1,3,4,5,5,6,2,4,3,4,6,5,3,4,2,2,3,2,4,2,3,2,5,6,2,4,3,5,4
2,1,1,1,2,1,2,1,3,1,1,1,1,1,2,2,1,2,3,4,2,4,1,2,2,1,1,1,1,1,2,1,1,3,1,3,1,2,1,1,2,1,1,1,2,5,3,1,2,3,1,3,1,1,2,1,1,1,1,1,1,2,2,3,3,4,1,3,2,4,1,3,3,1,6,6,4,2,1,4,1,6,1,5,1,1,1,1,1,5,1,3,1,3,1,1,1,4,2,1,1,4,1,1,1,3,2,1,1,3,1,1,1,4,2,2,1,1,1,2,2,4,2,4,2,4,1,1,1,3,2,2,4,2,3,2,3,3,2,2,1,1,3,1,4,3,1,3,3,1,3,3,1,1,1,2,1,2,5,2,1,3,4,1,5,1,1,3,1,1,2,2,1,1,1,2,1,3,1,1,1,1,1,5,1,5,5,1,2,2,2,5,1,1,1,3,2,2,3,2,2,1,1,1,1,5,1,3,6,1,1,1,5,5,1,3,2,1,2,5,2,3,1,1,1,3,2,3,1,5,2,1,1,1,1,3,2,3,2,2,1,3,1,1,5,4,1,1,1,2,3
3,3,2,2,3,2,5,4,3,3,4,4,2,3,3,2,2,1,1,1,1,3,2,2,2,1,2,2,2,1,2,2,2,1,2,1,1,3,3,2,2,2,3,2,2,5,4,2,2,4,2,2,2,3,4,4,2,2,2,2,2,3,2,2,2,2,2,4,2,3,2,2,4,2,5,4,2,2,2,3,NA,6,2,3,2,2,2,2,3,3,1,2,2,3,3,3,3,4,3,2,2,2,3,2,4,3,4,3,2,2,2,2,3,2,3,2,2,2,2,3,2,3,2,2,3,2,2,2,2,4,4,2,2,2,2,2,2,2,2,3,3,3,3,2,5,3,2,2,2,2,3,2,2,2,1,3,2,3,3,3,2,2,2,2,5,2,2,2,2,2,3,2,2,2,2,4,2,2,2,2,2,2,2,4,2,2,4,2,3,2,2,3,2,2,2,2,2,2,2,2,2,2,2,2,2,3,2,4,2,2,2,2,2,4,2,2,4,2,2,2,2,3,2,2,2,2,2,2,2,5,2,2,4,2,2,2,2,2,4,3,2,2,2,2,4,2,2,3,2,2,3
4,3,2,2,2,2,4,4,6,3,4,3,1,3,2,2,1,1,4,2,5,6,2,5,5,1,2,3,4,2,4,2,3,1,2,4,5,5,4,4,3,1,6,5,3,6,4,2,1,3,2,2,1,2,3,2,2,3,2,6,4,3,2,3,3,3,2,4,3,3,1,2,3,4,5,4,2,4,3,5,1,6,4,4,2,2,2,4,3,5,2,2,2,3,1,5,2,1,2,1,2,2,2,2,4,2,3,2,3,2,4,3,3,4,1,3,1,2,5,4,2,2,3,4,3,5,2,2,1,2,4,2,2,2,2,3,1,6,2,3,2,4,3,2,4,5,2,5,3,2,3,2,2,4,2,2,2,4,6,3,2,2,3,1,2,2,5,3,4,2,2,2,1,2,4,3,3,2,2,2,1,1,2,3,2,3,4,2,4,3,4,5,2,1,1,2,2,2,2,2,2,2,2,1,1,3,2,2,5,2,2,3,4,3,2,2,4,1,1,2,2,3,1,1,1,4,3,4,1,4,3,2,4,2,2,3,1,3,2,1,2,2,2,4,2,2,1,2,2,2,4
6,1,5,5,5,2,6,3,1,1,1,3,1,1,6,1,1,1,1,1,1,5,1,1,1,1,1,1,1,1,1,1,1,1,1,1,5,6,1,1,1,1,1,1,1,6,3,1,1,1,1,1,1,1,3,1,1,1,1,1,1,1,1,1,1,6,1,1,2,2,1,2,1,5,5,1,1,1,1,3,1,6,1,1,1,1,1,1,1,6,1,1,4,3,4,3,1,2,3,1,1,1,1,1,2,1,3,1,4,2,2,2,1,1,1,5,4,3,2,2,1,1,1,1,1,2,1,2,1,1,3,3,1,1,1,1,1,1,1,2,3,2,2,1,2,1,2,3,2,1,3,2,2,2,2,3,1,2,6,2,1,1,1,1,5,1,1,1,1,1,2,3,1,1,1,1,1,2,2,2,1,1,1,3,3,3,4,1,2,1,2,2,2,1,1,3,3,3,2,2,1,1,1,1,1,1,1,1,6,2,1,1,1,6,1,1,2,1,1,1,2,4,1,1,1,5,1,1,1,6,1,1,1,2,1,1,3,2,4,1,1,1,1,2,3,4,1,1,1,1,5
3,1,1,1,1,4,3,3,5,1,2,2,1,3,4,1,2,2,1,2,4,3,1,3,1,1,1,1,1,1,1,1,1,1,1,1,1,2,1,1,1,1,1,1,1,4,2,1,1,2,1,1,1,1,1,1,1,1,1,4,1,1,1,1,1,3,1,1,1,3,1,4,1,1,1,1,1,3,1,4,1,2,5,3,1,1,1,1,1,4,1,2,1,1,3,4,1,1,1,1,3,1,1,1,2,1,1,1,3,1,1,1,1,1,1,1,1,1,2,4,1,1,1,2,1,1,1,1,1,2,4,4,1,1,1,1,1,3,1,1,1,1,2,1,4,1,1,1,1,1,2,1,1,4,1,3,2,4,5,1,1,1,2,1,3,1,5,4,1,1,1,1,1,1,2,2,1,3,1,1,1,1,1,2,1,1,3,1,3,1,4,3,1,1,1,1,3,1,2,1,4,1,1,1,1,3,1,1,1,3,1,2,5,6,2,2,4,1,2,2,2,2,1,3,2,2,3,2,4,2,2,1,3,2,2,2,2,3,5,1,2,4,2,3,3,2,1,1,1,1,3
4,1,1,1,2,1,5,2,1,1,2,4,1,2,3,1,1,2,2,2,2,5,1,4,6,1,1,1,1,1,2,1,2,2,1,1,1,3,1,1,1,1,2,2,1,6,4,2,1,1,1,2,1,1,3,1,1,1,1,1,1,1,1,1,1,1,2,1,1,1,1,1,3,1,6,6,2,1,1,2,1,6,1,1,1,1,1,1,1,2,1,1,1,2,1,3,1,3,1,1,1,1,1,1,2,1,1,1,1,1,1,1,2,3,1,1,1,1,2,2,1,1,4,3,3,2,1,3,1,2,4,1,2,1,3,1,1,1,2,1,2,1,3,3,6,2,1,3,3,1,1,3,1,1,1,3,1,2,6,5,4,4,6,1,5,1,1,1,1,2,2,2,1,1,1,3,3,3,2,2,1,1,1,1,1,1,2,1,3,1,3,5,1,1,1,1,2,1,3,1,2,1,1,1,1,3,1,4,1,1,1,2,3,6,3,2,6,1,1,4,1,2,1,1,1,1,1,2,1,5,4,1,5,1,1,2,1,3,3,1,1,3,1,1,3,5,1,1,1,1,3
2,1,1,1,3,3,2,3,1,4,3,1,3,2,4,1,2,2,4,4,2,4,2,1,3,1,1,2,1,1,2,2,1,3,4,4,2,3,2,1,1,4,3,3,1,3,5,4,2,2,3,2,1,2,5,4,4,3,3,3,1,2,3,5,3,3,5,4,4,3,3,3,4,1,6,6,5,1,1,4,6,6,3,3,2,3,2,1,2,2,2,2,2,1,1,4,1,6,5,1,4,3,3,1,5,3,5,4,1,4,2,3,5,3,1,5,4,4,1,4,6,3,6,2,2,3,2,2,4,5,1,4,3,4,5,4,6,3,2,4,3,4,4,5,4,4,5,4,5,4,2,5,3,4,4,3,1,4,6,5,3,4,2,4,6,4,5,3,1,5,2,2,3,1,1,1,1,2,2,1,5,4,3,1,2,5,5,6,6,1,6,5,3,1,1,1,1,4,5,3,2,3,3,1,3,4,1,4,1,1,3,5,3,6,4,6,5,3,4,4,2,2,3,4,4,3,3,3,1,3,4,1,2,1,2,1,2,3,2,5,5,6,1,4,5,1,2,3,1,1,1
3,1,1,2,2,3,2,3,1,2,4,5,2,2,2,1,1,1,2,2,2,2,1,1,2,1,1,2,1,1,1,1,1,1,2,1,1,2,2,1,1,1,2,1,2,2,2,1,2,1,2,1,1,1,3,3,1,2,1,1,1,1,2,2,1,1,2,2,2,2,1,1,2,2,2,6,1,1,1,3,1,6,1,2,1,1,1,1,1,3,2,2,2,1,2,1,1,2,1,1,1,1,1,1,2,1,1,1,2,1,1,3,1,2,1,2,1,1,1,1,2,1,1,1,1,2,2,2,2,2,1,1,1,1,3,1,2,1,1,1,2,1,2,1,2,1,1,2,2,2,1,2,1,1,1,1,1,1,1,1,2,2,1,1,2,1,1,1,1,1,1,1,2,1,1,1,1,1,1,1,1,1,1,1,1,1,2,2,2,1,2,2,1,1,1,1,1,2,2,1,2,1,1,1,2,1,1,2,1,1,2,1,1,6,1,2,6,1,1,4,1,1,1,1,1,3,1,2,1,3,3,1,2,1,1,1,1,1,2,2,1,2,1,1,2,2,1,2,1,1,2
5,6,4,3,4,3,4,3,3,4,3,4,3,5,4,3,1,5,5,4,3,4,3,3,5,3,2,4,3,3,5,3,3,4,4,5,4,3,4,3,4,4,3,5,3,6,4,3,4,3,2,4,2,4,3,3,3,3,2,4,5,5,4,3,4,3,3,4,5,5,4,3,4,5,6,3,4,3,4,3,4,6,2,4,3,4,2,3,2,3,4,5,2,1,6,6,2,3,4,3,3,4,3,4,3,2,3,4,3,3,4,3,4,5,2,5,2,3,4,4,6,6,6,6,4,4,5,3,4,5,3,5,4,3,4,3,5,6,2,3,3,5,5,3,5,3,5,3,4,3,4,3,4,3,4,3,4,3,6,2,3,4,6,3,4,2,3,4,2,2,3,4,3,5,3,3,2,4,3,2,3,3,4,3,2,3,4,3,2,2,3,5,3,2,3,2,3,3,4,2,4,3,2,5,4,4,5,3,3,5,4,3,3,2,2,4,6,4,3,6,4,3,2,4,3,5,4,5,4,6,3,4,5,4,3,2,3,5,4,5,4,4,3,4,5,5,3,3,5,4,6
4,2,3,NA,3,5,NA,3,1,4,4,NA,1,3,2,4,6,1,3,5,2,6,2,4,1,3,1,5,2,4,1,3,6,1,3,2,5,1,2,5,1,3,1,5,2,6,3,2,1,5,3,4,2,5,2,4,2,4,3,2,4,3,2,5,3,4,2,4,2,5,1,3,4,2,5,3,4,2,4,2,4,2,1,3,1,4,3,2,3,5,2,4,3,5,2,1,3,2,5,4,3,1,3,4,2,1,4,2,5,4,3,2,2,2,3,4,2,3,4,1,2,4,2,5,3,3,1,3,5,2,4,2,4,1,3,2,3,5,3,2,4,2,3,5,4,2,1,4,2,5,1,3,2,4,6,2,3,1,5,2,3,4,1,2,4,3,1,5,3,4,2,5,2,4,3,2,4,1,5,1,2,3,3,2,4,2,3,2,4,2,3,NA,2,2,4,3,2,1,1,2,3,5,3,1,3,4,3,2,5,2,4,1,5,2,1,5,3,1,4,1,5,1,5,2,3,2,4,3,2,5,2,4,1,4,5,3,2,4,2,4,3,2,2,3,3,4,1,2,4,2,3
3,2,1,1,2,1,1,1,1,1,1,1,1,2,1,1,1,1,1,1,1,2,1,1,2,1,1,2,2,1,1,1,1,1,1,2,2,3,1,1,1,1,3,1,1,2,1,1,1,1,1,1,1,1,1,1,1,3,1,1,1,1,1,1,1,1,1,1,1,1,1,1,1,1,1,1,1,1,1,1,1,5,1,1,1,1,1,1,1,4,1,1,1,1,1,2,1,1,1,1,1,1,1,1,1,1,1,1,1,1,1,1,1,2,1,1,1,1,1,4,1,1,1,1,1,3,1,1,1,1,1,1,1,1,1,1,3,1,1,1,1,2,1,1,1,1,1,1,1,1,1,1,1,1,1,1,1,1,3,2,1,1,1,1,1,1,1,2,1,1,1,1,1,1,1,1,1,1,1,1,1,1,1,4,1,2,4,1,1,1,2,4,1,1,1,1,1,1,1,1,1,1,1,1,1,1,1,1,3,1,1,1,1,5,1,1,1,1,1,1,1,1,1,1,1,1,1,1,1,3,3,1,2,1,1,1,1,1,1,1,1,3,1,1,1,3,1,1,1,1,1
5,5,3,3,3,4,4,4,4,4,4,5,5,4,4,4,4,5,4,4,4,5,5,4,4,4,4,5,5,4,4,5,6,1,4,4,5,5,5,5,4,4,4,1,4,4,4,4,4,3,3,3,3,3,3,3,3,1,3,3,4,4,4,4,4,4,5,5,4,5,1,5,3,1,3,4,4,4,4,4,1,4,1,4,1,4,3,3,6,5,5,5,5,6,6,5,4,4,4,5,5,5,5,4,4,5,5,5,3,4,3,3,4,4,4,4,4,5,1,6,6,6,6,6,6,5,4,4,1,6,5,5,5,5,5,6,5,5,4,4,4,4,4,5,4,5,5,5,5,4,4,5,5,1,4,5,4,6,5,5,6,6,6,5,5,5,4,4,4,5,6,4,4,4,1,5,3,3,4,5,4,3,4,4,5,3,3,5,5,4,4,5,5,2,5,5,4,4,5,5,3,4,5,1,4,6,4,5,5,6,5,5,6,6,6,5,5,5,5,5,3,4,4,3,3,1,4,4,4,4,3,3,3,3,5,4,5,5,3,3,3,3,3,4,3,4,4,4,4,5,5
5,2,4,4,4,3,5,5,5,1,3,3,2,1,4,4,1,2,2,2,2,5,3,5,5,1,2,2,1,3,1,3,3,1,1,1,3,1,3,1,1,2,2,1,3,4,1,3,3,3,4,5,1,1,3,2,4,3,1,2,1,4,1,3,3,4,4,3,5,5,4,4,5,5,4,5,2,1,4,1,1,4,1,3,1,4,4,5,2,4,1,4,1,3,1,1,2,5,4,3,1,4,4,5,5,5,5,1,1,1,2,3,5,2,3,4,2,3,3,4,2,4,5,5,5,2,3,4,1,6,6,6,5,5,3,1,1,3,4,4,5,5,4,4,5,5,4,5,4,4,2,4,2,4,2,3,2,5,5,5,2,3,6,1,5,1,1,3,1,3,4,3,1,2,2,3,3,3,3,1,1,1,1,2,2,1,6,5,6,4,5,5,4,1,1,1,2,3,3,1,3,3,1,1,2,4,2,4,1,3,1,1,2,3,1,3,5,1,3,5,1,5,1,1,3,3,4,4,5,5,1,4,5,3,1,1,1,6,6,1,2,2,3,2,4,6,1,3,1,4,2
1,2,2,2,2,2,2,1,1,1,1,1,1,1,1,1,1,1,3,3,3,3,3,3,3,3,3,3,3,3,4,4,4,4,4,2,2,2,2,2,2,2,2,2,1,1,1,1,1,2,2,2,2,2,2,2,2,2,2,3,3,3,3,3,3,3,3,3,3,3,3,1,1,1,1,1,1,1,1,4,4,4,4,4,4,4,3,3,3,3,3,3,3,3,3,1,1,1,1,1,1,1,1,1,1,1,1,1,1,1,1,1,1,1,1,1,2,5,5,3,3,3,3,5,2,4,2,2,2,2,4,4,4,4,4,2,3,3,2,3,3,4,2,2,2,2,2,4,4,4,4,4,4,4,4,4,4,1,1,1,1,1,3,3,3,3,1,3,4,4,4,2,2,2,4,3,2,1,1,4,4,4,2,2,2,3,4,4,1,3,3,3,3,1,3,1,3,1,4,1,3,2,2,2,2,3,3,3,5,5,5,5,5,3,4,3,4,3,4,3,4,3,4,3,4,3,4,3,3,4,2,2,2,2,2,2,2,2,2,2,2,2,2,3,3,3,3,3,3,3,4
4,1,3,3,2,2,1,3,2,2,2,3,3,1,2,1,1,2,2,2,3,2,1,3,4,1,3,2,1,1,2,1,1,1,2,3,1,1,1,2,1,2,3,2,2,4,2,3,2,3,3,3,1,3,4,3,3,2,1,1,1,2,3,2,2,1,3,4,5,3,1,1,3,2,4,6,4,3,2,3,2,6,2,2,1,2,1,2,2,2,3,3,2,1,3,3,2,3,4,3,2,3,3,3,4,4,3,2,3,3,2,3,5,4,2,4,3,4,2,5,5,4,3,4,4,5,4,5,2,5,6,6,5,4,5,3,4,2,3,4,4,4,5,4,5,4,4,3,4,3,1,2,3,2,2,3,1,2,3,4,3,2,3,2,4,2,1,2,1,2,3,3,2,3,1,4,3,4,3,2,1,2,1,1,2,2,5,4,4,2,3,5,4,2,4,3,3,4,2,3,4,2,3,2,3,4,2,4,3,4,3,2,3,5,4,3,4,3,3,5,3,3,4,3,3,1,4,3,1,5,4,2,5,4,3,3,1,3,5,3,3,5,3,2,3,3,3,5,2,3,3
4,1,1,1,3,2,3,3,1,1,1,3,2,1,2,1,1,2,1,1,2,4,1,1,6,1,2,2,2,2,3,1,2,1,1,1,2,1,1,1,3,1,1,1,1,3,3,2,2,2,1,2,1,1,1,2,2,1,1,1,3,1,1,2,2,2,1,4,1,2,1,1,1,1,3,4,1,1,1,1,1,6,1,1,1,1,1,1,1,4,1,1,1,2,2,6,1,3,1,1,1,1,1,1,3,2,1,1,1,1,1,3,2,2,1,2,1,1,1,1,1,1,1,2,1,1,2,3,3,1,2,2,2,1,1,1,1,2,1,1,1,3,5,2,5,2,1,3,2,1,1,1,1,1,1,2,1,1,6,3,1,1,1,1,1,1,1,2,1,1,2,1,1,1,1,1,2,2,1,1,1,1,1,1,1,3,3,1,3,1,3,6,1,1,1,1,1,1,1,1,1,1,1,1,1,3,4,1,1,1,1,4,1,6,1,1,6,1,1,6,1,1,1,1,1,1,1,4,1,3,2,1,1,1,1,1,1,1,4,1,1,4,1,1,5,6,1,4,1,1,6
6,1,2,2,4,5,3,4,1,2,2,3,1,1,4,1,1,5,4,2,1,3,1,3,2,1,5,6,1,2,2,3,5,2,4,3,1,6,4,2,1,2,4,5,1,6,2,2,1,1,3,2,1,4,6,2,3,2,4,3,1,2,4,2,2,3,5,2,6,1,1,2,3,1,6,6,1,2,1,4,3,6,2,4,1,4,2,1,1,3,1,2,1,2,5,3,1,4,6,5,5,3,4,2,6,3,4,4,1,3,1,4,3,2,1,5,2,4,1,6,5,3,5,2,1,3,2,4,1,6,3,4,5,2,6,1,5,6,2,1,4,3,5,1,4,2,2,6,4,5,1,2,4,1,1,3,1,2,3,4,5,3,1,2,6,1,5,4,1,2,1,3,1,2,1,3,3,4,1,2,1,3,1,1,3,2,6,4,5,1,4,2,2,1,3,1,5,2,6,2,4,1,2,1,3,1,2,6,1,3,5,2,4,6,1,3,6,2,1,6,3,2,1,1,2,1,3,1,2,6,4,2,6,1,5,1,1,4,6,5,4,6,1,2,5,2,3,5,1,2,4
5,5,5,4,5,5,5,5,5,4,4,5,5,5,4,4,5,5,5,4,6,4,6,6,6,6,6,6,4,5,5,5,5,6,5,4,5,6,6,5,5,5,6,6,6,5,4,4,4,5,5,6,6,6,5,6,6,6,5,5,5,4,5,5,5,5,5,5,4,4,4,4,5,4,5,6,6,6,5,5,5,5,6,6,6,6,6,5,5,5,6,6,5,5,4,4,4,5,6,6,6,6,5,5,5,6,6,5,5,5,6,6,6,6,6,6,5,5,5,5,5,5,5,6,5,6,5,6,5,5,6,6,5,3,5,3,5,5,5,5,5,4,4,4,5,5,5,5,6,6,5,5,5,6,6,5,5,6,6,6,5,5,6,5,6,5,6,6,5,5,6,6,5,5,5,5,5,5,5,6,6,5,5,6,6,5,5,5,5,6,6,6,5,3,5,4,4,3,4,4,5,5,5,4,4,5,6,6,5,5,4,4,3,4,4,5,5,5,5,4,4,4,3,4,4,5,6,6,6,6,5,5,5,5,5,4,4,4,3,3,3,4,4,5,5,6,6,5,4,4,4
2,2,3,3,4,4,5,5,6,6,1,1,2,2,3,3,4,4,5,5,6,6,6,5,4,3,2,1,2,3,4,5,6,5,4,3,2,1,2,3,4,5,6,5,4,3,2,1,2,3,NA,4,5,6,5,4,3,2,1,2,3,4,5,6,5,4,3,2,1,2,3,4,5,6,5,4,3,2,1,2,3,4,5,6,5,4,3,2,1,2,3,4,5,6,5,4,3,2,1,2,3,4,5,6,5,4,3,2,1,2,3,4,5,6,5,4,3,2,1,2,3,NA,4,5,6,5,4,3,2,1,2,3,4,5,6,5,4,3,2,1,2,3,4,6,6,5,4,3,2,2,2,1,3,NA,2,5,3,2,2,4,3,3,3,2,2,2,5,5,5,6,6,6,1,2,2,4,3,2,2,2,3,4,5,6,5,4,3,2,1,2,3,4,5,6,5,4,2,1,1,2,3,4,5,6,5,4,3,2,1,2,3,4,5,6,5,4,3,2,1,2,3,4,5,6,5,4,3,2,1,2,3,4,5,6,5,4,3,2,1,2,3,4,5,6,5,4,3,2,1,2,3
4,2,1,5,5,3,5,2,3,4,2,5,5,1,5,2,3,2,4,5,2,2,3,4,3,3,2,1,1,1,1,2,5,5,3,4,4,1,2,1,3,3,4,2,3,2,2,4,5,5,1,2,1,5,3,5,4,2,1,3,2,4,5,3,4,6,6,3,3,4,2,5,5,4,3,6,5,5,4,6,4,4,6,3,3,5,NA,2,1,3,1,5,5,3,NA,4,4,3,3,3,3,3,3,2,2,2,4,5,1,1,1,2,3,4,2,3,4,4,2,3,1,1,6,2,4,3,5,2,4,5,2,5,2,4,3,1,5,4,2,6,3,2,5,4,3,3,4,5,2,4,1,2,4,5,2,3,1,1,3,4,5,3,4,2,4,2,4,1,3,4,2,5,3,4,4,3,4,2,4,NA,2,5,1,2,4,5,3,3,2,2,3,2,4,4,4,2,3,4,4,1,1,1,3,5,3,2,2,2,2,2,4,4,3,4,2,4,5,5,3,NA,1,NA,3,2,4,4,2,3,4,1,2,4,4,3,2,3,3,2,4,1,1,3,4,5,2,2,2,3,4,3,5
