"rune","stunned","urgently","exhibited","capitals","whack","posture","plunged","voltages","thicker","foreigners","navel","undergoing","terrier","ratios","brokerage","undergo","fragments","cults","sable","taskmaster","dynamite","stranded","incremental","individuality","helmets","headaches","renting","potassium","turtles","unreliable","protested","blunt","suites","accusation","compositions","peacefully","callers","justifiable","rocker","bonding","testify","cowardly","confirms","projectile","trousers","spice","smiles","cures","warns","cypress","circulating","indestructible","obscenity","gamble","banker","siege","pension","blockade","hike","colt","concur","diapers","month's","chickens","judiciary","coordinated","mug","noticing","sensations","retire","strait","photographic","employing","travelled","cans","weddings","undertaken","dinosaurs","await","conquest","prairie","perspectives","sunlight","wary","persist","bananas","avert","enabling","grabs","swarm","proclaimed","diagrams","weighted","campaigning","condensed","sphinx","underwater","analyzing","sergeant","ducks","averages","dining","shaded","intricate","cling","eclipse","ferry","diplomats","temples","empowered","payload","redemption","pathology","herd","barred","noisy","robbers","worries","synchronous","allergies","abort","cameo","infer","analyzer","dubious","enforcing","bury","invading","bartender","grinding","fatality","velocities","selects","legit","obelisk","rhythms","squid","drudge","collects","grail","scarce","hospitality","twit","slices","forging","regain","folklore","whisper","highways","keynote","newcomers","mosquitoes","prefers","resisting","subroutine","ballistic","buffered","shutting","scavenger","pompous","musically","graded","reinforced","hiss","tentative","potion","broadcasters","dynasty","congrats","satisfactory","calories","brewed","recoil","beverage","powerhouse","idol","upstream","bibliographies","distracted","surgeon","silky","kittens","advantageous","purse","bump","mysticism","suspicion","flawless","epidemic","preventive","streak","incomes","gentile","plural","treasurer","exaggerated","chute","peaks","emit","someplace","haunting","perverse","appetite","historians","leasing","creamy","mathematician","prescribe","stationed","identifiable","inviting","metamorphosis","larvae","mattress","helium","refined","drafting","pornographic","bliss","reverberation","provoke","hormones","ship's","latch","commentaries","accountants","muck","rectangular","dietary","bunk","feat","tub","hubs","hicks","recollection","graffiti","intrigued","procedural","troublesome","impartial","sponge","expressly","devastating","preaching","prosecutors","skis","singular","overlooked","teens","ilk"
3,1,3,4,3,4,3,3,3,3,3,4,NA,4,3,5,4,3,3,3,3,3,4,3,3,2,1,2,4,4,3,4,3,2,3,2,4,5,5,2,4,4,5,4,4,4,4,5,4,4,4,4,4,4,6,6,5,5,5,3,3,3,2,2,4,3,3,4,4,4,3,5,4,6,5,3,4,4,5,5,4,4,5,4,5,5,4,4,5,4,5,4,4,4,4,3,2,1,1,4,2,3,3,3,2,4,5,4,3,3,3,5,4,3,3,2,6,NA,4,3,3,1,2,2,2,2,4,3,3,4,3,2,3,3,4,3,4,5,5,2,3,2,3,1,2,3,4,4,5,3,4,4,4,2,4,6,4,3,3,NA,2,1,4,4,3,4,2,3,4,3,3,2,3,2,3,3,NA,2,NA,1,1,2,4,5,1,1,3,4,1,4,4,4,4,3,3,3,5,5,5,4,2,4,5,4,4,1,2,1,3,4,4,3,5,3,3,3,2,3,3,3,3,4,2,3,3,3,5,4,4,4,4,3,4,3,5,4,4,4,5,3,2,3,4,4,4,3,2,6,4,2,5
6,2,5,3,5,2,4,1,3,5,2,3,6,1,3,4,1,5,3,1,4,3,1,5,3,1,5,3,2,4,3,1,4,2,1,5,3,4,2,1,4,3,3,4,1,4,1,3,1,3,1,4,2,1,4,2,4,2,3,1,3,2,5,3,1,3,4,2,3,1,3,2,5,1,2,3,2,1,4,3,2,3,1,4,2,1,3,2,3,1,2,3,1,4,2,1,4,2,1,3,1,2,4,3,2,1,3,3,1,4,2,1,2,3,1,2,4,2,1,3,2,1,4,3,1,2,3,2,1,4,3,2,1,4,3,2,3,1,3,5,2,1,3,4,1,3,1,4,3,1,2,4,2,1,3,2,1,4,3,1,2,4,6,2,6,1,4,6,2,6,2,6,1,6,2,3,1,6,6,4,3,4,3,6,4,5,3,3,6,4,6,4,5,6,3,4,5,6,4,4,2,3,1,4,3,5,4,6,3,4,5,2,3,4,2,5,4,6,3,2,5,4,2,5,4,3,2,4,5,2,5,3,4,2,4,5,3,2,4,3,5,2,5,3,2,4,5,3,4,2,5
4,1,1,1,1,1,1,1,1,1,3,1,1,1,1,1,1,1,1,1,1,1,1,1,1,1,3,1,1,1,1,1,1,4,1,1,1,1,1,1,1,1,1,1,1,1,1,1,1,1,1,1,1,1,1,1,5,1,1,1,1,1,4,1,1,4,1,1,1,1,1,1,4,1,1,1,1,1,3,1,1,1,1,1,1,1,1,1,1,1,1,1,1,1,4,1,6,1,1,3,1,1,1,1,1,1,1,1,1,1,1,1,1,1,1,1,3,1,1,3,1,1,1,1,1,1,1,1,1,1,1,1,1,1,1,3,1,1,1,1,1,3,1,1,1,1,1,1,1,1,1,1,5,1,1,1,1,1,1,1,1,1,1,1,1,1,1,1,1,1,1,1,1,1,1,1,1,1,3,1,1,1,1,1,1,1,1,1,1,1,1,1,1,1,1,1,1,1,1,1,1,1,1,1,1,1,1,1,1,1,1,1,5,1,1,1,1,1,5,1,1,1,1,1,1,1,1,1,1,1,1,1,1,1,1,1,1,1,1,1,1,1,1,1,1,1,1,1,1,1,5
1,1,1,3,1,3,1,1,1,1,6,1,1,3,3,3,1,1,1,1,1,4,1,4,4,1,4,1,4,1,2,1,1,3,4,4,1,1,3,1,1,1,2,2,2,3,3,1,1,1,3,2,4,4,1,1,5,1,1,1,1,1,2,2,1,4,2,1,1,2,1,4,4,4,4,1,2,1,6,1,2,6,6,1,1,1,3,1,2,1,1,1,1,2,2,2,2,2,2,2,1,3,1,3,4,1,4,1,NA,5,5,1,3,3,1,1,2,1,3,3,3,1,2,1,6,3,3,2,3,3,3,3,3,3,1,6,6,6,3,3,1,6,6,1,3,3,3,6,6,3,3,3,6,3,3,6,6,6,3,3,6,1,1,3,1,3,3,1,3,3,6,4,1,1,2,1,1,1,6,2,4,1,1,5,1,1,5,4,5,6,5,1,1,1,1,4,5,4,5,1,1,2,1,1,1,1,1,6,5,4,5,1,6,6,6,6,1,1,4,1,3,3,1,1,1,4,5,1,3,3,1,1,1,1,1,3,3,6,6,6,5,4,3,3,4,5,2,1,1,1,6
1,1,1,3,2,4,3,4,5,2,4,1,1,1,5,4,2,1,1,1,1,4,2,2,1,1,6,2,1,1,2,1,1,5,2,1,5,1,1,1,1,1,1,3,1,4,1,1,1,1,3,1,1,1,4,1,5,4,2,1,1,5,6,5,1,5,1,1,1,1,1,5,2,4,1,1,1,1,5,6,1,5,1,5,2,1,1,1,1,1,1,3,1,5,5,3,6,1,4,4,1,1,1,1,1,1,1,1,1,1,3,3,2,1,1,2,3,1,1,3,2,1,1,1,2,3,2,2,1,1,1,2,2,1,1,2,4,4,5,1,3,1,1,1,1,1,4,5,6,3,2,1,1,2,1,4,1,2,1,3,5,3,1,1,1,1,4,2,3,2,1,3,2,4,2,3,1,3,1,1,4,1,1,6,1,1,2,3,1,2,1,3,2,1,1,4,4,3,3,2,1,1,2,1,4,4,4,4,3,3,3,2,4,6,3,4,2,1,3,1,2,1,2,5,2,3,3,1,1,3,1,3,1,1,1,4,2,5,3,5,5,3,3,2,3,2,3,1,2,1,2
1,1,1,3,1,3,2,2,2,1,4,1,2,1,4,3,1,1,1,5,1,3,1,1,3,1,4,1,1,1,2,1,1,4,3,1,5,1,2,1,1,2,2,1,3,1,1,1,1,1,4,4,1,6,1,1,6,3,1,1,1,3,3,1,1,4,3,1,2,3,3,1,4,2,1,1,2,1,3,3,1,3,2,4,2,1,1,1,2,1,1,2,1,4,5,1,4,1,3,4,1,1,2,2,3,1,3,1,1,1,1,2,2,3,1,1,3,1,2,5,2,1,1,1,3,4,2,3,1,1,2,4,3,1,2,5,5,2,2,1,2,3,1,1,2,3,2,NA,4,4,2,1,5,1,1,4,1,1,1,2,6,2,2,2,1,2,3,3,4,1,2,1,3,1,1,2,3,2,4,1,5,1,1,6,2,1,4,5,1,1,1,2,1,3,1,3,4,4,2,1,2,1,1,2,2,2,2,3,2,3,2,2,4,6,3,3,3,1,3,1,4,2,3,2,2,2,1,1,1,2,1,2,1,1,1,3,4,3,3,2,2,2,1,1,2,3,5,2,3,2,1
3,1,3,6,1,5,1,3,2,2,5,2,1,3,4,6,1,1,1,6,1,4,3,5,2,2,1,2,3,1,1,2,1,5,2,3,4,2,4,1,3,3,3,2,2,4,2,1,1,4,5,2,2,4,2,2,6,4,2,1,2,1,2,4,1,3,5,1,3,2,1,3,4,3,4,1,3,1,2,4,4,5,5,1,3,3,4,5,5,4,5,2,3,3,5,4,6,1,3,6,1,2,3,4,2,1,3,2,2,1,1,2,3,4,5,6,2,3,1,6,3,2,6,1,2,5,2,6,3,2,4,6,6,2,4,6,6,5,4,2,3,6,3,1,2,2,3,6,6,1,1,2,6,3,3,5,6,4,3,5,6,3,3,4,5,4,5,6,6,2,1,1,4,5,3,2,2,1,4,3,5,2,3,6,1,1,5,4,2,5,2,1,1,3,1,3,6,5,3,1,1,3,2,3,2,2,1,5,6,6,4,3,2,6,1,2,1,3,2,1,5,4,2,4,2,2,3,3,4,3,2,4,1,1,2,3,4,5,6,2,4,5,1,2,3,5,5,5,1,4,6
6,2,1,1,1,1,1,3,2,1,6,1,1,6,6,1,1,1,1,1,1,1,1,1,1,1,1,1,1,3,1,1,1,6,1,6,6,3,1,1,3,1,1,3,1,4,1,1,4,1,3,3,1,5,1,1,6,4,1,1,1,1,1,3,1,6,1,1,4,1,1,1,3,1,1,1,1,1,4,1,1,6,1,1,6,1,6,1,5,1,1,1,1,6,6,1,6,1,1,5,1,1,1,1,1,1,1,1,1,1,1,1,1,1,1,6,6,1,1,6,1,1,1,1,1,6,1,6,1,1,1,1,6,1,1,6,6,6,5,1,1,5,1,1,4,4,1,1,5,5,1,1,5,1,1,1,1,1,1,1,2,2,4,1,1,1,4,4,1,1,1,1,1,1,1,1,6,1,1,1,6,1,1,1,4,1,6,6,1,1,1,1,1,1,1,6,1,6,1,1,1,1,1,1,1,1,1,1,1,1,1,1,6,1,1,6,1,1,5,1,1,1,1,1,4,1,1,1,1,6,1,1,1,1,1,1,1,1,5,1,6,1,1,1,6,1,1,1,1,1,1
3,1,2,2,1,2,3,2,4,1,4,3,2,3,4,4,2,2,2,1,2,4,1,4,4,1,3,1,4,1,2,3,1,3,4,3,4,1,3,2,1,1,2,1,3,4,2,2,2,1,5,4,4,5,2,1,3,3,2,2,1,1,3,2,1,4,2,1,3,3,1,2,1,3,1,1,2,2,4,4,2,3,3,1,1,2,1,3,2,1,1,3,3,5,4,3,5,2,3,5,1,3,2,2,4,1,3,1,1,2,3,2,1,2,1,1,3,1,2,4,2,1,3,1,4,5,2,3,1,1,1,2,4,2,1,4,3,1,2,2,1,3,4,1,2,3,2,3,2,2,3,3,5,1,2,1,3,1,1,2,6,2,1,3,1,5,2,3,2,1,3,1,2,1,3,2,1,4,5,2,3,1,1,5,2,1,6,5,3,2,3,1,2,3,1,4,4,3,1,2,2,3,4,3,2,2,1,5,2,3,3,2,5,5,1,4,3,3,5,3,4,1,2,1,1,2,3,1,2,3,1,3,1,1,1,4,3,4,3,3,4,2,2,1,2,3,NA,2,2,1,4
1,2,1,1,1,1,2,2,2,1,3,4,1,6,1,5,4,1,1,1,1,2,1,4,3,1,1,1,2,1,1,1,1,4,1,4,4,1,4,1,1,2,1,1,1,1,2,1,1,1,NA,4,2,5,2,1,1,3,1,1,1,4,1,1,1,4,2,2,1,1,1,NA,3,1,2,1,1,1,2,1,1,2,4,1,1,2,1,1,1,1,1,2,1,2,3,2,5,1,2,6,1,2,1,1,3,1,1,1,1,1,2,1,1,1,1,3,1,1,1,5,2,1,1,1,1,3,2,1,1,1,1,1,1,1,1,5,1,1,NA,1,1,2,3,3,1,5,3,1,1,1,1,2,5,2,1,5,1,2,1,1,6,2,1,1,1,4,1,1,3,1,4,1,3,1,3,2,1,1,4,1,4,1,1,5,1,1,3,1,1,1,1,1,1,1,1,1,3,3,1,2,1,1,3,3,2,2,1,5,1,1,1,1,5,1,1,2,1,1,1,1,3,1,1,1,1,4,2,1,2,1,1,1,1,1,1,1,1,5,2,2,1,4,1,3,1,2,1,1,1,1,4
1,1,3,1,1,1,4,4,1,1,6,2,1,3,3,1,1,1,1,1,1,1,1,3,2,1,5,1,3,1,1,1,1,4,3,5,1,1,3,1,1,1,1,1,3,6,1,1,1,1,3,3,5,6,1,1,6,4,1,1,1,1,4,1,1,5,5,1,1,2,1,3,3,1,1,1,1,1,4,1,1,1,1,3,1,1,1,1,2,1,1,1,1,3,4,1,3,1,1,5,1,1,1,1,3,1,1,1,1,1,2,1,3,1,1,1,2,1,1,5,3,1,2,1,1,6,1,1,1,1,2,4,3,1,4,6,5,1,1,1,1,1,1,1,1,1,1,1,1,3,1,1,4,1,1,5,3,1,1,1,4,1,1,1,1,1,2,1,4,1,1,1,1,3,1,1,3,1,6,1,4,1,1,6,1,1,5,5,1,1,1,1,1,1,1,2,2,4,1,2,1,2,4,1,1,1,1,4,1,1,1,2,4,5,1,4,2,1,1,1,2,1,3,1,1,1,1,1,2,1,1,1,1,1,1,1,1,5,2,6,3,3,1,1,2,1,1,1,1,1,1
1,1,1,3,1,3,1,1,1,1,3,1,1,1,4,3,1,1,1,1,1,3,1,1,1,1,1,1,1,2,1,1,1,3,1,1,1,1,1,1,1,1,1,1,1,3,1,1,1,1,3,1,1,3,1,1,3,1,1,1,1,1,1,1,1,3,1,1,5,1,1,1,1,1,3,1,1,1,1,1,1,3,1,1,1,1,1,1,1,1,1,1,1,5,5,1,6,1,1,5,1,1,1,1,1,1,1,1,1,1,1,1,1,1,1,5,1,1,1,5,1,1,1,1,1,1,1,1,1,1,1,1,1,1,1,5,5,1,1,1,1,1,1,1,1,1,1,1,3,1,1,1,3,1,1,1,1,1,1,1,1,1,1,1,1,1,1,1,4,1,1,1,1,1,1,1,1,1,1,1,1,1,1,1,1,1,6,5,1,5,1,1,1,1,1,1,1,1,1,4,1,1,1,1,1,1,1,1,1,1,3,1,3,3,1,1,1,1,1,1,1,1,1,1,1,1,1,1,1,1,1,3,1,1,1,1,1,1,1,1,1,1,1,1,1,1,1,1,1,1,6
3,1,1,2,1,1,1,1,1,1,3,1,1,1,3,1,1,1,1,1,1,2,1,1,1,1,2,1,1,1,1,1,1,3,1,1,1,1,1,1,1,2,3,1,1,3,1,1,2,1,2,1,1,3,1,1,4,4,1,1,1,4,3,1,1,4,5,1,3,1,1,1,3,4,1,1,1,1,5,1,2,4,1,1,3,1,1,1,3,1,1,3,3,6,5,1,6,1,3,6,1,4,3,1,3,1,6,1,1,1,3,1,1,4,1,1,3,1,1,6,1,1,5,1,4,6,2,6,2,1,3,4,5,1,1,6,6,5,5,1,3,4,1,1,3,3,1,1,2,1,1,1,4,2,1,6,1,1,1,5,6,6,2,3,1,2,4,5,6,1,3,4,5,4,5,5,3,3,4,1,6,1,1,3,3,1,5,5,1,4,6,1,1,5,5,6,5,6,2,3,4,5,5,6,5,4,4,5,6,6,6,2,6,6,1,6,6,2,6,1,6,6,6,2,3,3,5,1,6,6,1,5,1,1,1,4,5,6,6,6,6,6,4,5,2,6,5,6,6,1,1
2,1,2,3,1,4,3,2,3,1,5,3,2,3,5,4,1,3,1,1,1,3,1,2,3,2,5,1,2,3,4,3,1,6,2,2,4,1,5,1,1,2,1,4,6,2,1,1,1,1,1,3,4,5,3,2,6,5,3,2,1,5,6,2,1,6,2,1,3,5,1,2,4,2,3,1,1,2,5,1,4,5,5,3,3,3,2,1,3,1,1,4,2,4,6,4,6,2,3,6,1,4,3,2,3,2,4,2,1,2,3,4,2,3,1,2,3,1,1,5,4,1,3,1,4,5,2,3,2,2,2,1,3,2,4,5,5,4,3,2,2,5,4,3,4,5,3,3,5,4,3,3,5,2,2,6,2,3,1,3,5,2,2,3,1,1,3,1,4,1,2,3,4,4,5,4,4,3,6,5,6,4,1,6,3,1,6,5,4,4,3,2,1,5,3,3,5,6,3,1,2,3,2,5,5,3,3,6,4,5,5,3,2,5,1,3,3,4,5,1,6,2,2,1,4,2,2,1,2,4,1,2,1,1,1,2,3,5,5,4,5,3,2,2,3,4,2,4,2,1,1
2,3,2,3,1,4,1,2,4,2,3,1,1,2,1,2,1,2,1,2,1,2,1,2,1,2,1,1,4,2,1,2,2,1,2,2,1,1,2,2,1,1,2,1,1,2,2,1,1,1,3,1,2,2,1,1,2,2,1,1,2,2,1,3,1,2,1,1,1,2,2,1,3,1,NA,1,1,2,1,1,1,2,3,1,1,2,1,1,3,1,1,1,2,3,3,1,2,1,2,2,1,2,1,1,NA,1,NA,1,2,2,1,1,1,2,1,2,2,2,1,2,1,1,2,3,2,2,1,2,1,2,1,2,1,2,3,1,2,3,1,1,2,2,1,1,2,1,3,2,3,2,1,2,1,2,3,2,1,2,2,2,1,3,3,1,2,2,2,1,2,3,2,2,1,1,2,3,1,2,1,1,2,1,2,3,2,1,1,2,3,2,2,1,1,2,3,1,3,2,1,2,3,2,2,3,2,1,1,2,1,3,1,2,1,2,3,2,3,1,2,3,2,3,2,2,1,2,3,2,2,1,3,2,1,2,3,2,1,2,2,1,1,2,1,2,1,2,1,3,2,1,1
1,2,2,5,1,2,4,5,1,2,6,2,2,5,4,1,2,3,2,2,1,5,NA,5,4,3,6,1,4,2,4,2,1,5,6,5,3,1,3,1,1,4,2,1,4,5,2,6,1,1,5,3,5,6,1,1,6,5,1,1,2,2,5,6,1,4,5,1,4,5,1,3,5,2,3,1,3,2,6,2,6,5,5,6,3,1,5,1,4,2,1,3,5,6,4,1,6,3,5,4,1,4,3,2,5,4,6,3,2,3,1,1,5,6,2,4,5,1,2,6,5,1,1,1,6,5,3,1,5,1,2,3,5,2,4,6,6,4,2,3,1,5,4,2,1,4,1,5,3,6,4,1,6,2,3,5,3,2,1,5,6,4,4,5,2,2,5,4,5,2,5,5,1,3,1,5,2,3,5,2,6,6,1,6,4,1,6,5,2,4,2,1,3,1,4,5,6,6,1,1,4,5,6,3,2,4,5,6,4,2,2,3,3,6,1,1,4,2,2,1,5,4,2,5,1,2,1,2,5,4,1,1,1,1,1,2,4,5,5,3,6,6,5,6,5,6,3,1,2,1,3
1,3,5,4,2,1,3,2,3,4,6,1,3,4,5,3,1,1,2,2,3,2,4,3,3,4,6,1,1,3,2,3,2,4,6,5,4,4,3,3,2,2,3,2,3,3,1,1,2,2,3,3,2,2,1,1,2,3,4,1,1,2,1,3,5,2,2,2,3,4,2,2,3,3,4,2,5,3,2,1,2,2,4,2,1,2,3,2,1,2,2,2,2,4,6,4,4,3,4,4,3,2,1,1,2,1,2,3,2,2,2,1,5,3,1,2,1,2,2,4,3,1,1,2,3,4,2,2,1,2,1,3,4,4,3,4,5,4,2,3,2,3,2,1,1,4,3,2,2,3,1,2,4,3,3,6,5,4,3,5,4,3,1,2,3,3,4,3,2,3,3,4,3,1,3,5,1,3,4,3,4,2,2,NA,3,2,4,4,3,3,4,2,2,2,2,5,4,4,3,3,3,3,4,2,3,2,2,2,2,3,4,1,5,4,3,3,1,1,2,1,2,2,1,3,3,4,3,3,3,2,2,2,2,3,2,5,4,6,2,2,3,5,3,2,5,4,3,3,2,1,2
3,2,3,2,4,3,2,NA,5,3,2,2,4,3,2,2,3,2,1,2,3,2,3,5,3,2,3,2,2,3,2,2,4,3,3,2,2,4,1,2,3,2,5,1,4,2,3,1,3,2,3,2,4,3,1,4,3,2,3,1,2,4,3,2,2,3,2,3,2,3,4,2,3,2,1,3,2,4,3,2,3,2,1,4,2,3,4,2,3,2,5,2,1,3,2,1,3,2,3,3,2,3,2,3,3,1,3,3,2,2,3,2,3,3,1,4,3,2,1,5,1,2,3,1,4,2,3,2,3,1,3,2,4,3,2,1,3,1,4,3,2,1,3,4,2,1,3,2,4,3,1,2,3,2,4,3,3,2,3,2,4,3,2,1,4,2,3,2,2,1,2,3,4,2,3,2,4,4,2,2,3,2,1,2,3,2,1,4,2,3,3,2,2,1,2,1,3,2,3,4,2,3,2,5,3,2,3,2,1,2,4,2,6,3,2,4,2,3,4,2,3,2,4,2,3,2,3,3,2,4,3,2,1,3,4,3,2,5,4,3,2,3,2,3,2,4,2,4,3,2,5
1,3,2,1,1,1,2,3,3,2,4,1,1,1,3,3,1,1,1,3,1,3,1,1,1,1,3,2,1,1,2,1,1,2,3,3,2,1,3,1,2,2,2,1,2,2,3,3,4,1,2,2,1,3,1,1,2,3,2,2,1,1,2,1,1,1,1,1,1,3,2,1,3,1,2,1,1,3,2,1,1,1,4,4,4,1,1,1,3,1,1,1,2,1,2,1,2,1,2,2,1,1,2,1,2,1,1,1,1,2,2,3,2,1,1,3,1,1,1,3,3,1,1,1,1,1,1,1,2,1,2,2,1,1,2,1,1,1,NA,1,1,3,1,1,2,3,1,1,1,4,2,2,2,1,1,1,1,2,2,2,3,1,2,1,1,1,2,2,1,1,1,1,3,1,2,1,2,1,1,1,2,1,1,3,1,1,2,2,2,1,1,2,2,2,1,2,2,2,2,1,3,3,3,2,1,1,1,2,3,3,3,2,1,1,1,1,2,2,1,1,3,2,2,1,1,1,2,1,1,1,1,1,1,1,1,3,1,3,1,3,3,3,1,2,2,1,1,1,1,1,1
2,1,1,2,1,2,2,1,1,1,5,1,1,2,4,1,1,1,1,2,1,3,1,1,1,1,3,1,1,1,1,1,1,5,1,1,1,1,1,1,1,1,1,1,1,3,1,3,4,1,1,1,1,3,1,1,4,1,1,1,1,1,1,1,1,3,1,1,1,1,1,3,1,1,1,1,1,1,5,1,2,4,1,1,1,1,1,1,1,1,1,1,1,4,4,1,6,1,1,3,1,1,1,1,1,1,1,1,1,1,1,3,1,NA,1,1,3,1,1,3,1,1,1,1,1,4,1,1,1,1,1,1,1,1,1,3,3,1,1,1,1,1,1,1,1,1,3,1,1,1,1,1,5,1,1,4,1,1,1,1,4,1,1,1,1,1,3,3,2,1,1,1,1,2,1,1,1,2,4,1,3,1,1,4,1,1,2,3,1,1,1,2,1,1,1,1,1,1,2,1,1,3,1,1,1,2,2,2,1,2,1,1,5,2,1,1,1,1,5,1,1,1,1,1,1,1,1,1,1,1,1,2,1,1,1,2,1,3,1,3,3,1,1,2,2,1,1,1,1,1,1
1,2,3,3,2,2,2,2,2,1,3,1,1,2,3,3,1,2,2,3,1,3,2,2,5,2,3,1,3,1,3,1,1,2,4,3,2,1,2,1,2,4,2,2,3,4,1,2,1,1,5,3,4,6,2,1,6,3,2,1,1,2,2,3,1,5,3,1,1,2,1,3,4,3,2,1,2,2,4,2,3,4,2,2,2,4,3,1,2,2,2,3,4,3,2,3,6,2,3,5,1,3,3,2,4,1,6,1,2,3,2,2,2,4,2,3,2,1,3,6,2,1,3,1,3,6,2,1,2,2,2,3,5,4,1,6,2,4,3,2,2,3,3,1,2,3,2,4,3,2,1,3,6,2,2,3,5,3,2,2,4,3,2,3,1,4,4,4,5,2,4,3,2,1,4,3,1,2,4,3,4,2,2,4,3,2,6,5,3,4,3,2,1,2,3,3,3,4,2,1,2,3,3,4,3,3,2,3,4,2,3,2,6,6,3,5,2,3,5,3,4,1,4,2,3,4,4,1,3,5,1,3,1,1,2,3,4,3,5,4,5,3,4,3,4,4,1,3,3,2,1
1,2,1,6,1,4,2,4,4,1,5,1,1,3,6,4,1,2,2,1,1,2,1,1,3,1,5,1,1,1,3,1,1,4,6,6,3,1,3,1,2,1,2,2,2,1,3,1,1,1,2,3,2,6,1,1,6,5,3,1,2,2,3,1,1,6,5,1,3,5,1,1,2,1,1,1,1,2,5,2,1,3,1,5,3,2,1,3,1,1,1,2,1,6,6,2,6,NA,1,6,1,2,1,1,1,1,5,1,1,1,1,2,6,2,1,3,2,1,1,6,5,1,4,1,3,5,1,1,2,1,1,2,5,1,1,6,6,3,1,1,2,5,1,2,1,4,1,1,5,6,1,1,5,1,1,4,1,1,1,5,4,2,1,2,1,1,5,1,2,1,1,3,1,3,4,1,1,1,6,1,6,2,1,6,1,1,5,6,2,6,1,1,1,4,1,5,4,5,1,3,1,2,1,2,2,1,1,5,3,5,3,2,6,6,1,3,3,1,6,1,5,1,1,1,1,1,1,2,3,4,1,1,1,1,1,5,1,3,5,4,6,1,2,1,4,2,4,3,1,1,1
1,2,3,3,1,2,1,2,3,1,4,2,3,2,3,4,2,3,1,2,3,4,3,4,4,2,3,2,3,2,4,2,1,2,3,3,3,2,3,2,3,2,4,3,5,3,1,2,2,1,3,4,3,4,2,1,4,2,3,1,1,2,3,2,3,4,2,1,2,3,2,3,5,3,2,1,2,1,4,4,3,3,4,3,1,2,1,2,3,2,1,3,4,3,5,3,4,2,3,4,2,2,1,1,2,1,3,2,3,1,2,3,2,3,1,2,3,2,3,4,3,2,2,1,3,4,2,1,2,3,2,2,4,2,2,3,4,2,2,2,2,2,3,1,2,2,3,2,3,2,1,2,3,2,3,5,2,3,2,3,4,3,2,3,2,3,3,3,4,2,3,2,2,2,1,3,1,2,5,2,3,2,1,5,1,1,4,3,2,3,4,3,2,1,1,2,3,2,3,1,2,3,2,3,4,2,2,4,3,2,4,2,6,5,2,4,2,2,4,1,4,3,2,1,2,3,3,1,4,3,1,1,1,1,1,3,3,5,2,3,3,3,3,3,2,3,1,2,2,1,1
1,2,4,5,3,2,2,2,3,2,6,2,2,3,5,3,2,2,1,1,2,4,2,2,4,2,5,2,4,2,2,2,1,4,6,6,3,2,3,1,1,2,3,2,2,2,1,3,2,1,1,2,4,3,2,1,4,6,3,1,1,1,2,1,1,4,3,1,2,6,2,2,4,1,1,1,1,2,3,3,2,5,3,4,2,2,1,1,2,1,2,2,3,5,6,3,5,2,3,2,1,2,1,1,2,1,2,1,1,2,2,1,5,6,1,2,2,1,2,4,2,1,1,1,2,3,2,1,1,1,1,2,3,1,2,3,4,1,2,1,2,2,3,1,1,3,2,4,2,1,1,2,3,2,3,3,2,2,2,3,4,2,1,2,1,1,5,2,2,1,2,2,1,2,2,3,1,2,6,2,4,1,2,4,2,1,2,5,2,2,1,2,1,2,1,2,3,4,2,2,1,1,2,1,3,2,2,5,2,4,2,2,5,2,1,3,1,1,3,1,6,2,2,1,2,4,2,1,2,2,1,2,1,1,1,5,4,3,2,2,4,2,2,2,2,2,2,2,1,1,1
