"outmoded","interlink","cleverness","aloft","straightening","candor","mechanized","toil","averse","hyphenation","oysters","appetites","commencing","unenlightened","itemized","boomerangs","showering","perk","pathologist","reciprocity","scrounge","burgeoning","spay","jokers","repulsed","novella","lyricist","chromatography","dampen","stimulants","memorization","futurist","neuronal","naively","overdo","bough","undisclosed","enamel","resonate","vindication","parkland","bandage","hideously","fleck","conductivity","oligarchy","confers","bellies","eunuch","raisin","misrepresentations","macaw","engender","writhed","wickedly","mugged","concertos","maliciously","phobia","environmentalism","whirled","tunic","untouchable","vacated","stubble","aloof","bluffing","bores","constrain","sweeper","musky","pungent","whey","haphazard","maneuverability","caprice","truest","ultimatum","bride's","uninterested","spreader","nullified","laminate","subplot","monogram","codeine","brazen","waterfalls","hovered","inroads","peels","crumpled","snuggled","muddle","rioting","mull","renunciation","trucker","mindful","confining","depravity","principia","bloodhounds","hither","putter","marauder","flourishing","hiccups","baldness","idling","sculptures","traversing","rabble","feedings","gilt","susceptibility","skateboard","slapstick","enacting","belated","squabbling","hurriedly","hutch","sustains","predestination","indentured","stepfather","coals","clumps","kilogram","decoy","declarative","parabolic","resuming","star's","foothold","lineman","candies","ridiculing","seller's","barns","admonition","uplift","startups","stateside","gauze","slaying","spokesmen","stave","eschew","coldly","sown","maimed","chaplain","aspiration","boasted","busiest","unconnected","sobbed","affirming","chirp","fractures","repress","averted","tangy","callable","kingpin","picturesque","spanned","frigid","byproduct","smokescreen","cranberry","departs","decibel","detain","shelved","strayed","outcasts","attains","rhythmically","longstanding","immobile","hubris","letdown","practicable","starfish","piloting","imprinted","undersea","naps","misspell","ellipse","freedom's","regress","revolutionize","contraceptives","unfulfilled","suitcases","scrutinized","operands","devising","reorganizing","slotted","recurrence","follicle","precipitated","pharmacological","fortnight","truss","inadvertent","biennial","shortfall","watchful","bestseller","revolts","sadist","stringing","logbook","controller's","senatorial","cranium","swill","gunners","panted","mince","finalists","recapture","infighting","eyelashes","excellently","mocha","preventable","ballistics","superhuman","scoutmaster","commercialism","thespian","soybeans","infield","incinerate","truer","nimrod","surpluses","excavations","delving","delightfully","hogging","coincided","dearth"
3,3,3,2,3,3,4,2,2,6,1,2,4,5,4,2,4,1,6,5,5,4,1,1,2,2,3,5,1,2,5,3,2,4,1,2,1,2,5,5,5,2,4,2,4,2,5,5,5,2,5,1,4,3,2,2,5,5,1,5,3,1,2,4,3,2,4,2,3,5,1,5,1,5,5,4,2,4,2,4,4,2,3,3,5,5,2,3,5,2,1,2,2,1,2,1,3,2,1,2,6,6,3,2,2,6,3,4,NA,3,2,2,1,1,2,4,2,2,3,3,3,3,2,2,4,2,1,1,1,4,2,4,3,2,1,2,1,2,1,1,1,6,1,1,1,1,1,2,1,2,1,1,5,4,3,2,3,2,1,2,2,NA,2,2,1,4,2,3,2,1,3,1,2,2,3,1,2,2,2,2,5,2,2,4,2,3,2,2,2,2,1,1,2,2,1,2,4,4,1,5,5,5,5,2,3,4,5,6,5,1,3,2,1,1,1,3,1,1,2,1,3,1,1,2,1,1,2,3,3,2,2,1,2,1,4,6,6,4,1,1,2,1,1,2,4,3,2,2,4,3
3,5,2,5,2,3,2,3,2,3,4,2,4,1,2,2,3,2,4,4,3,1,3,3,2,4,2,5,3,3,5,3,2,3,4,2,4,3,5,4,2,4,3,2,2,3,4,2,2,3,2,2,3,4,3,2,2,3,3,4,2,5,3,3,2,3,3,2,4,3,2,2,4,3,2,4,2,3,3,4,3,3,2,4,2,3,2,1,3,2,4,3,2,3,2,4,5,2,3,2,1,3,4,2,3,4,3,4,3,2,2,3,4,2,4,2,4,3,4,2,3,4,3,2,3,2,4,2,3,2,3,4,5,2,4,3,2,4,2,3,4,2,3,2,4,3,2,4,3,2,3,2,3,4,3,3,2,3,2,3,5,4,3,5,4,3,4,3,2,2,4,4,3,4,3,2,3,2,2,3,4,3,3,5,2,3,3,3,2,5,3,3,4,3,2,3,2,3,3,4,3,3,4,3,4,2,2,4,3,4,2,4,1,2,3,1,4,3,4,2,2,4,4,3,2,4,3,1,2,3,2,4,3,4,2,4,4,3,3,2,4,3,4,6,5,2,3,2,3,4
3,2,3,1,6,2,6,3,3,6,3,4,2,5,1,2,2,2,3,6,5,4,1,2,2,1,3,5,3,3,3,4,5,6,4,6,3,4,5,2,1,2,5,1,2,4,3,2,6,3,5,3,3,6,1,2,6,5,6,4,5,4,4,1,2,1,1,2,2,3,2,2,6,2,6,6,2,4,3,4,3,4,3,1,2,4,2,2,3,1,1,2,2,2,4,1,5,1,3,3,4,4,3,2,1,5,5,1,3,3,3,4,2,1,2,6,4,1,2,2,2,2,3,3,2,2,2,3,2,2,2,5,5,5,4,3,3,3,3,1,2,6,1,1,2,6,2,2,3,6,NA,3,3,3,4,3,4,1,2,1,2,5,1,2,4,4,3,6,4,3,1,3,3,2,5,3,3,3,3,3,6,3,4,2,2,6,1,NA,3,3,1,1,4,3,3,5,6,2,3,6,5,2,3,1,4,6,5,6,4,2,2,3,1,3,1,2,2,3,3,3,3,4,1,1,2,4,3,4,4,3,4,6,4,3,3,2,2,4,3,3,5,4,1,4,5,2,5,1,3,4
3,3,1,1,6,1,6,1,1,6,6,2,2,6,3,2,4,1,6,6,3,6,1,1,1,1,4,6,1,1,3,3,5,3,2,3,4,3,1,4,2,2,5,2,3,5,1,1,6,1,5,3,2,5,2,1,5,5,5,6,5,1,5,1,2,2,2,1,3,1,1,1,1,6,6,4,3,4,2,3,3,2,3,1,2,4,1,1,3,2,1,2,2,2,4,1,4,1,3,3,3,3,4,5,2,5,5,2,2,1,4,4,2,3,1,6,3,4,3,3,5,5,5,3,6,6,5,2,2,4,2,5,5,5,2,3,3,2,5,2,1,5,2,2,2,5,3,4,1,6,1,1,2,5,4,3,3,4,3,3,1,3,3,4,1,1,3,6,3,2,4,5,3,1,4,2,4,3,3,2,5,4,2,3,4,3,4,3,3,4,1,3,4,3,2,3,4,4,3,3,3,4,4,2,3,3,2,5,3,1,3,3,3,4,4,2,2,3,3,3,3,4,1,1,2,1,3,3,5,4,4,3,4,2,3,3,4,3,2,2,4,3,1,1,3,3,5,2,NA,3
3,3,3,4,2,4,4,4,3,5,6,3,4,4,3,4,4,2,4,5,6,6,2,2,4,5,5,4,4,3,4,4,5,6,4,5,3,4,4,5,3,3,4,3,4,6,5,4,6,5,4,6,5,5,4,3,5,6,4,3,4,4,3,4,3,4,3,4,4,3,2,4,4,6,6,5,4,4,3,3,3,4,3,2,4,5,3,2,3,2,2,3,4,3,4,3,5,3,3,3,4,4,3,5,4,6,5,4,3,4,4,5,4,3,4,6,4,3,4,3,5,3,3,4,4,4,2,3,3,4,3,5,5,4,2,2,3,4,4,2,3,5,3,3,3,5,3,3,5,6,3,4,5,5,4,3,3,2,3,3,2,4,3,4,4,3,2,6,3,3,2,2,3,3,5,4,3,4,3,4,5,3,4,4,3,4,2,3,2,2,2,3,4,3,3,5,5,3,3,4,4,4,3,3,4,3,4,5,2,5,5,5,2,3,2,3,4,3,3,4,5,5,3,4,3,4,4,3,2,3,4,3,4,4,2,2,4,4,2,3,6,4,5,5,6,5,4,4,6,5
5,4,4,6,4,4,4,4,4,4,4,2,4,5,5,3,2,1,5,6,6,6,1,1,1,5,5,6,4,4,4,4,6,6,1,6,2,6,4,6,1,5,4,4,4,6,6,6,6,2,4,6,6,6,5,2,6,6,6,4,6,6,4,6,3,2,2,6,4,3,5,6,6,6,6,6,6,5,5,5,5,5,5,4,3,6,6,2,6,3,1,4,5,5,6,1,5,5,1,6,2,6,6,6,6,6,4,3,3,6,5,6,6,4,4,6,1,1,5,6,6,6,4,3,6,6,6,1,1,1,5,5,5,5,1,1,1,1,5,NA,1,6,1,1,1,6,1,6,6,6,1,6,6,6,6,6,6,1,5,5,5,5,5,5,5,5,5,6,6,6,6,6,1,3,6,6,6,6,1,4,6,1,6,6,1,5,1,6,1,1,1,3,6,1,6,5,6,1,1,6,6,6,6,6,6,6,6,6,1,6,6,6,1,1,1,6,6,6,1,6,6,6,6,6,5,5,5,5,5,1,6,6,6,6,1,1,6,6,1,1,6,6,6,6,6,6,6,1,6,6
1,1,1,1,4,1,2,1,1,3,1,2,1,2,2,1,2,1,2,5,2,4,1,1,1,1,3,4,1,1,1,1,1,4,1,6,1,1,1,3,1,4,1,1,1,3,1,2,6,1,2,1,1,1,1,1,2,3,3,1,2,1,1,2,1,1,1,2,1,1,1,NA,4,6,3,4,1,1,1,1,4,1,2,1,1,3,2,1,4,4,1,4,4,2,1,1,2,1,1,1,1,2,2,1,2,4,5,1,1,3,3,1,2,1,4,4,4,1,1,2,1,3,1,2,2,3,1,3,1,1,1,1,1,1,1,1,2,2,2,1,1,1,1,1,1,5,1,1,1,6,1,2,2,1,1,2,2,1,1,1,2,3,1,1,1,1,1,4,1,3,1,1,1,1,3,1,2,2,1,1,5,1,2,1,1,3,1,2,1,1,1,1,1,1,1,2,2,1,1,1,1,1,1,1,2,1,2,3,3,1,1,1,1,1,1,1,2,2,1,1,1,2,1,1,1,3,1,3,3,1,2,3,2,1,1,1,3,1,2,2,3,1,1,1,3,1,3,1,2,3
3,3,3,2,4,4,4,4,4,4,2,4,4,3,6,3,3,2,4,4,4,4,2,2,2,4,3,4,2,3,5,3,5,2,2,2,4,4,4,5,2,2,2,2,5,4,4,4,3,2,4,2,3,2,3,3,4,2,2,3,4,5,5,4,3,4,2,2,3,3,2,2,4,4,3,5,6,4,4,2,3,3,4,3,5,2,3,4,4,3,2,3,4,2,4,4,5,4,NA,4,3,2,3,3,4,5,2,2,2,4,2,5,2,2,5,6,1,1,4,5,3,3,2,2,5,5,1,1,1,1,2,2,4,3,2,2,2,2,4,3,2,5,2,2,2,4,2,2,4,4,2,2,3,4,4,2,2,2,2,2,3,4,3,3,3,4,4,2,3,3,3,4,3,2,2,3,3,3,4,4,3,3,2,2,4,5,5,3,3,4,3,2,4,4,2,3,5,4,3,2,2,3,4,4,5,2,2,3,4,4,3,5,4,4,2,2,3,4,3,4,4,2,2,3,3,2,3,4,3,4,2,1,2,5,3,3,4,2,2,3,4,4,3,5,5,3,2,4,4,2
1,2,1,6,6,6,1,1,1,2,6,1,6,3,1,1,1,1,1,3,1,5,1,1,1,1,1,6,1,1,1,1,6,1,1,1,1,1,1,1,1,1,1,1,1,1,1,1,1,1,1,6,1,5,1,1,1,4,6,5,1,1,1,1,1,6,2,NA,2,2,1,1,1,1,1,1,1,1,3,3,3,3,2,2,1,1,1,1,1,1,1,1,1,1,1,2,3,2,3,5,4,1,NA,2,4,3,5,4,1,1,3,6,1,1,1,1,1,1,1,1,1,1,1,1,1,1,1,1,1,1,1,1,1,1,1,1,1,1,1,1,1,1,1,1,1,1,1,1,2,1,1,2,2,2,2,2,2,2,2,2,2,4,2,4,2,3,6,1,4,3,2,1,3,1,4,3,NA,2,3,4,6,6,NA,6,1,1,1,1,1,1,1,1,1,1,1,1,6,1,1,6,1,1,1,1,1,1,6,6,1,1,4,1,1,NA,1,1,1,1,1,1,1,1,1,1,1,1,1,1,1,1,1,6,1,1,1,1,1,1,1,1,1,1,1,1,1,1,1,1,1,1
2,1,1,1,3,2,4,2,1,5,1,3,1,3,1,1,1,1,4,6,1,5,1,1,1,1,NA,NA,1,2,3,3,5,5,1,1,1,2,2,3,1,1,6,1,6,6,2,1,6,5,6,2,1,5,4,2,3,5,3,4,5,5,1,2,2,3,4,NA,1,1,1,6,1,1,6,6,3,5,1,6,1,6,4,1,1,4,1,1,1,1,1,1,1,1,4,1,6,1,1,2,3,5,1,3,1,6,2,3,1,6,5,4,1,1,4,6,1,1,2,3,4,3,1,1,1,5,1,1,1,5,1,5,5,4,1,1,1,1,5,1,1,6,1,1,1,6,1,1,1,6,1,1,4,6,3,1,1,1,1,1,1,1,1,1,1,6,1,4,1,3,4,2,1,2,5,2,3,1,1,3,5,1,3,5,1,NA,1,2,1,1,1,1,5,1,1,5,5,4,1,NA,6,1,1,1,2,6,6,6,1,1,6,6,1,1,1,1,1,1,1,1,6,4,1,1,1,2,NA,4,2,4,3,3,1,1,1,1,1,6,4,5,6,1,1,1,3,1,1,2,3,3
4,3,5,2,3,1,5,2,4,3,2,5,2,3,4,2,3,2,5,4,4,3,3,2,3,5,2,4,1,4,4,3,4,3,2,5,4,6,3,NA,2,4,3,2,3,6,1,2,4,1,4,2,4,3,2,3,4,2,3,5,2,1,3,3,2,1,5,4,2,3,4,2,1,6,3,3,5,3,5,4,2,3,4,3,2,3,1,4,3,4,3,5,2,5,3,NA,2,1,2,6,5,6,3,2,NA,4,3,5,3,2,5,4,3,NA,1,3,5,3,2,6,4,3,1,5,6,3,5,2,1,4,2,6,6,4,NA,3,4,2,6,3,4,2,1,3,4,3,5,3,1,6,2,1,2,3,5,2,4,2,5,3,1,3,4,5,2,5,3,6,5,3,2,3,4,NA,4,5,3,2,5,2,NA,3,6,2,2,4,5,1,3,5,2,1,3,NA,4,2,5,4,5,1,NA,3,6,1,5,2,3,5,3,3,5,2,2,4,5,1,3,2,5,3,NA,2,5,3,1,2,5,NA,3,6,5,NA,2,3,5,1,2,5,2,4,3,5,2,4,5,3,2,2,4,5
2,4,5,2,5,4,2,1,1,6,3,4,2,5,2,5,2,1,6,6,3,5,1,4,3,1,3,6,1,5,6,4,3,2,1,6,2,3,5,4,3,2,6,5,3,5,2,3,4,1,6,1,5,3,2,2,4,2,6,6,4,1,6,2,2,1,4,2,4,2,5,4,2,3,6,4,3,6,3,2,4,2,5,2,5,1,4,4,6,6,1,4,2,2,4,1,4,3,5,3,4,5,6,3,2,5,6,3,4,2,5,4,2,6,1,6,4,3,5,1,2,4,1,4,6,2,3,1,2,5,2,1,4,2,1,3,3,2,4,1,1,5,3,5,2,4,3,2,4,NA,5,1,4,1,3,6,4,5,2,5,1,5,2,1,1,5,3,6,2,1,5,4,4,1,5,1,5,2,6,2,6,6,2,3,3,5,2,5,5,3,1,1,5,2,4,6,6,3,4,6,3,2,5,1,3,4,3,6,2,1,4,1,4,2,1,1,3,2,3,5,3,6,1,4,2,1,5,3,2,6,6,5,2,4,5,6,4,1,1,3,3,1,2,5,4,6,6,1,4,3
2,1,2,1,3,3,4,5,2,6,4,2,2,2,5,2,1,1,3,6,6,6,1,1,2,2,3,6,1,2,2,2,3,3,1,3,2,4,2,3,1,2,3,1,3,6,1,2,6,3,3,3,2,4,1,1,2,6,6,3,4,2,3,2,1,2,1,1,1,1,1,4,4,6,6,4,1,4,1,2,2,4,2,1,1,6,1,1,1,1,2,1,1,1,2,1,5,1,1,3,4,6,2,4,1,6,5,3,1,3,3,3,1,1,1,5,4,1,4,3,3,3,2,2,5,4,1,2,1,1,1,3,5,2,1,2,1,1,4,1,1,4,1,1,1,5,1,3,1,6,1,2,2,2,3,3,3,2,1,1,1,1,1,1,1,2,1,6,1,2,2,2,1,1,5,1,2,1,1,1,4,3,3,3,1,3,1,2,2,2,1,1,2,3,3,4,4,4,5,6,2,2,2,2,3,3,5,6,1,1,4,6,1,2,1,1,4,2,1,2,5,3,1,1,1,3,3,3,2,4,2,6,3,4,2,3,5,6,5,3,4,4,1,2,3,2,3,1,4,4
3,5,4,5,6,6,5,4,5,5,5,NA,NA,NA,NA,NA,NA,NA,NA,NA,NA,NA,NA,NA,NA,NA,NA,NA,NA,NA,NA,NA,NA,NA,NA,NA,NA,NA,NA,NA,NA,NA,NA,NA,NA,NA,NA,NA,NA,NA,NA,NA,NA,NA,NA,NA,NA,NA,NA,NA,NA,NA,NA,NA,NA,NA,NA,NA,NA,NA,NA,NA,NA,NA,NA,NA,NA,NA,NA,NA,NA,NA,NA,NA,NA,NA,NA,NA,NA,NA,NA,NA,NA,NA,NA,NA,NA,NA,NA,NA,NA,NA,NA,NA,NA,NA,NA,NA,NA,NA,NA,NA,NA,NA,NA,NA,NA,NA,NA,NA,NA,NA,NA,NA,NA,NA,NA,NA,NA,NA,NA,NA,NA,NA,NA,NA,NA,NA,NA,NA,NA,NA,NA,NA,NA,NA,NA,NA,NA,NA,NA,NA,NA,NA,NA,NA,NA,NA,NA,NA,NA,NA,NA,NA,NA,NA,NA,NA,NA,NA,NA,NA,NA,NA,NA,NA,NA,NA,NA,NA,NA,NA,NA,NA,NA,NA,NA,NA,NA,NA,NA,NA,NA,NA,NA,NA,NA,NA,NA,NA,NA,NA,NA,NA,NA,NA,NA,NA,NA,NA,NA,NA,NA,NA,NA,NA,NA,NA,NA,NA,NA,NA,NA,NA,NA,NA,NA,NA,NA,NA,NA,NA,NA,NA,NA,NA,NA,NA,NA,NA,NA,NA,NA,NA,NA,NA,NA,NA,NA,NA
5,5,5,5,5,6,5,4,6,4,2,6,5,3,3,4,6,4,3,1,6,4,4,4,3,3,6,6,4,2,1,3,4,2,6,4,2,2,3,2,2,5,5,5,5,4,3,4,3,3,2,5,2,2,4,4,4,4,3,4,2,2,2,2,5,4,2,3,3,2,1,5,2,2,4,3,3,2,2,4,3,3,4,2,2,2,4,2,1,6,5,3,2,4,2,2,3,5,4,2,2,6,5,2,3,6,4,3,5,4,2,5,4,5,4,2,2,2,4,4,3,2,2,2,3,3,3,3,3,3,3,3,3,3,3,3,3,3,3,3,3,2,2,2,3,2,3,3,3,3,3,2,2,2,2,2,2,2,2,2,2,2,2,2,3,3,3,4,4,4,2,4,3,3,3,4,4,5,5,5,5,4,4,3,3,3,3,4,4,4,2,1,1,2,3,3,3,3,3,3,2,1,1,1,1,1,3,2,3,4,4,4,4,4,4,4,4,4,4,4,3,2,3,3,3,3,4,3,4,4,5,5,5,4,4,4,4,4,4,5,5,5,4,4,3,3,3,3,3,3
1,1,1,1,6,1,6,1,1,6,1,1,1,6,1,1,1,1,1,6,6,6,1,1,1,1,6,6,1,1,1,1,6,6,1,6,1,1,1,6,1,1,6,1,1,6,1,1,6,1,1,1,1,6,1,1,1,6,1,1,6,1,1,1,1,1,1,1,1,1,1,1,6,1,6,6,6,1,1,1,1,1,1,1,1,1,1,1,1,1,1,1,1,1,1,1,1,1,1,1,6,6,1,6,1,6,1,1,1,1,1,1,1,1,6,6,1,1,1,1,6,6,1,1,1,1,1,1,1,1,1,1,1,1,1,1,1,1,1,1,1,1,1,1,1,1,1,1,1,6,1,6,6,6,1,1,6,1,1,1,1,1,1,1,1,1,1,6,1,1,1,1,1,1,1,1,1,1,1,1,6,1,6,6,1,1,1,1,1,1,1,1,1,1,1,1,1,1,1,1,6,1,1,1,1,1,1,6,1,6,6,6,1,1,1,1,6,1,1,1,1,1,1,1,1,6,1,1,1,1,1,6,1,1,1,1,1,1,1,1,1,1,1,1,6,1,1,1,1,6
1,1,1,3,2,3,2,1,3,4,5,3,1,1,2,1,2,1,1,3,2,4,1,2,2,5,6,3,2,1,2,4,4,4,1,6,2,6,4,2,1,2,4,2,2,4,3,2,6,3,2,1,3,2,4,1,6,2,1,2,3,4,3,3,2,2,3,1,1,1,2,3,5,1,2,3,1,2,1,2,3,3,1,2,2,4,4,2,3,2,5,2,2,2,4,2,6,3,2,3,4,2,1,3,2,3,2,4,1,2,3,2,4,2,1,2,1,2,2,NA,1,2,2,1,2,3,2,2,1,3,5,2,4,5,1,1,2,2,2,3,1,5,2,1,1,6,3,3,2,6,1,4,5,6,3,2,3,1,1,1,1,2,2,4,5,3,2,4,2,2,1,1,2,2,3,1,2,3,1,1,4,3,2,2,1,1,1,3,2,5,2,2,3,1,2,2,1,2,2,3,4,2,3,2,3,4,2,2,1,1,3,4,2,2,2,3,6,2,1,3,2,2,1,3,2,3,3,2,2,1,1,5,3,3,1,2,3,6,1,2,2,1,1,2,3,2,2,1,2,6
4,5,1,4,1,1,1,1,6,5,1,1,1,1,1,1,1,1,4,5,4,5,1,1,1,4,6,6,1,1,1,1,4,3,1,1,1,1,1,5,1,1,1,1,1,4,1,1,5,1,1,1,1,1,1,1,3,3,2,1,1,1,1,1,1,1,1,1,1,1,1,1,1,4,5,5,1,1,1,1,1,3,1,1,1,1,1,1,1,1,1,1,1,1,1,1,3,1,1,1,4,5,1,2,1,6,1,1,1,4,1,1,1,1,1,1,1,1,1,1,1,1,1,1,1,1,1,1,1,1,1,1,1,1,1,1,1,1,1,1,1,1,1,1,1,1,1,1,5,6,1,1,1,1,1,1,1,1,1,1,1,1,1,1,1,4,1,1,1,1,1,1,1,1,4,1,1,1,1,1,1,1,1,4,1,1,1,1,1,1,1,1,1,1,1,1,1,1,1,1,4,1,1,1,1,1,1,1,1,1,1,3,1,1,1,1,1,1,1,1,4,3,1,1,1,1,1,1,1,1,1,1,1,4,1,1,1,2,1,1,1,1,1,1,4,1,1,1,1,4
2,1,1,1,1,1,2,1,1,3,1,1,1,1,3,1,1,1,2,4,1,5,1,1,1,2,2,1,1,1,1,1,3,2,1,3,1,2,1,1,1,1,2,1,1,1,1,3,6,1,1,3,2,4,1,1,2,3,1,2,1,1,1,1,1,1,1,2,1,1,1,1,2,4,1,2,1,1,1,1,1,2,1,1,1,2,1,1,1,3,1,1,1,1,1,1,4,1,1,1,2,3,1,1,1,1,1,1,1,2,1,1,3,1,1,1,1,1,2,1,1,3,1,1,2,1,1,1,1,1,1,1,1,1,1,1,1,1,3,2,1,4,1,1,1,2,1,1,1,3,1,2,2,4,1,1,1,1,1,1,1,1,1,1,2,1,1,4,2,1,1,1,1,1,1,1,1,1,1,1,3,1,1,2,1,3,1,1,1,1,1,1,3,1,1,2,1,1,1,3,2,1,1,3,1,1,1,4,1,1,2,6,1,1,1,1,3,1,1,1,4,2,3,1,1,2,1,1,1,1,1,4,1,1,1,1,2,3,1,1,2,1,1,1,1,3,1,1,3,2
4,4,4,4,4,4,4,3,4,4,4,2,2,3,3,3,3,3,3,3,3,3,2,2,3,3,3,3,3,3,3,3,3,3,3,2,3,3,3,3,3,3,3,2,3,3,3,3,3,3,3,2,2,3,3,2,3,3,2,3,2,2,2,2,2,2,2,2,3,2,2,3,2,3,4,2,2,3,2,2,3,3,2,2,2,2,2,2,3,2,2,2,2,2,2,2,3,2,2,3,3,3,2,2,2,3,2,2,1,2,3,2,2,2,2,3,2,2,2,2,2,2,2,2,4,3,2,2,2,2,2,3,3,2,1,2,2,2,3,2,2,3,2,2,2,3,2,2,2,3,2,2,2,2,2,2,2,1,2,2,2,2,2,2,2,2,2,3,3,3,3,3,2,NA,NA,2,2,2,2,2,3,2,3,3,1,3,2,2,2,2,2,2,2,2,2,3,3,2,3,3,3,2,2,2,3,3,3,2,2,3,3,3,2,2,2,2,2,2,2,3,3,3,2,2,2,2,2,2,2,2,2,2,3,3,3,3,3,3,3,3,3,3,3,3,2,2,2,3,3,2
3,3,4,4,3,3,4,4,4,3,4,3,3,4,4,3,3,4,4,3,4,3,4,3,3,3,4,3,4,4,3,3,4,3,4,3,3,3,4,3,3,3,4,4,3,4,3,4,4,3,3,4,1,4,5,3,4,5,4,4,3,5,4,4,3,3,4,5,5,4,4,5,5,4,4,4,5,5,4,4,3,4,4,5,3,4,5,4,5,4,3,3,4,4,5,5,3,3,3,4,5,4,3,4,4,3,5,3,NA,5,4,4,5,5,3,4,5,4,5,4,4,3,4,4,5,3,4,4,5,3,4,3,4,5,3,5,4,4,3,5,4,4,3,4,4,5,4,4,3,5,1,4,4,4,4,4,4,5,4,5,5,4,4,5,5,4,4,4,3,4,5,4,4,5,3,5,4,3,5,4,3,4,4,5,4,4,5,5,4,3,4,3,4,3,4,5,5,4,4,4,5,4,5,5,4,3,4,4,4,NA,4,4,5,5,1,1,2,3,NA,2,3,1,NA,NA,1,4,5,4,4,5,4,5,5,4,6,5,6,5,5,5,4,4,6,5,4,5,5,4,4,5
1,1,1,1,1,1,2,1,2,2,3,1,1,1,1,1,1,1,1,2,1,4,1,1,1,3,3,2,1,1,1,1,2,3,1,3,1,1,1,1,1,1,2,1,1,3,1,1,4,1,1,1,1,2,1,1,1,2,1,1,2,1,1,1,1,1,1,1,1,1,1,2,2,1,2,1,1,1,1,1,1,1,1,1,1,2,1,1,1,1,1,1,1,1,1,1,3,1,1,1,3,3,1,1,1,4,1,1,1,3,1,1,1,1,1,4,1,1,1,1,1,3,1,1,1,2,1,1,1,3,1,1,4,1,1,1,1,1,2,1,1,4,1,1,1,5,1,1,1,4,1,1,3,2,1,1,1,1,1,1,1,1,1,1,2,1,1,6,1,1,1,1,1,1,2,1,1,1,1,1,4,1,1,4,1,1,1,1,1,1,1,1,2,1,1,1,2,1,1,1,3,1,1,1,1,3,3,2,1,1,1,3,1,1,1,1,3,1,1,1,2,3,1,1,1,1,2,1,1,1,1,4,1,1,1,1,1,4,1,1,4,2,1,1,1,1,1,1,5,1
1,1,1,2,4,2,4,2,1,4,2,2,2,2,2,2,2,NA,1,4,1,1,1,1,2,2,2,1,1,1,1,2,6,6,2,5,1,1,1,1,1,1,1,1,1,1,1,1,6,6,3,3,1,1,1,1,5,3,2,1,1,1,1,1,1,1,1,1,1,2,2,2,1,5,5,3,1,1,1,1,1,1,1,1,1,1,1,1,1,1,1,1,1,1,1,1,1,1,1,1,1,1,1,1,1,5,6,2,1,1,1,1,1,1,1,6,1,1,1,1,1,1,1,1,1,3,1,1,1,3,1,1,1,4,3,1,1,1,3,1,1,5,1,1,1,5,1,1,1,6,1,1,5,5,1,1,1,1,1,1,1,1,1,1,4,1,1,6,4,3,3,3,2,2,2,2,2,2,4,3,3,3,3,5,3,4,3,4,4,3,3,3,3,3,3,3,6,3,3,3,3,3,4,4,4,3,3,4,3,4,4,3,3,4,6,6,6,1,1,1,4,2,2,2,2,2,2,3,4,3,3,6,3,3,3,3,2,2,2,2,2,1,5,1,1,1,1,1,1,1
2,2,1,4,1,2,3,2,4,1,3,1,3,2,4,3,2,4,2,2,4,5,2,1,3,6,3,2,5,3,1,3,4,4,5,3,2,5,1,1,1,3,3,4,2,3,5,6,6,4,2,3,4,4,1,1,4,2,2,2,3,2,2,3,4,3,2,5,1,2,1,3,4,4,6,6,5,4,3,2,2,3,3,1,5,6,5,1,3,2,3,2,3,4,2,4,4,1,1,2,3,2,2,4,3,4,2,4,1,6,5,2,4,1,5,4,1,1,4,5,5,6,3,3,4,5,1,3,1,1,1,2,3,3,1,1,1,3,4,2,1,3,1,1,1,5,3,1,3,4,3,4,4,5,2,3,4,2,4,2,3,2,2,4,4,4,2,6,3,2,3,2,1,1,5,4,5,2,1,3,2,1,6,5,1,3,1,2,3,1,1,3,4,1,1,2,3,3,1,4,5,4,5,4,4,2,3,2,1,5,2,4,2,1,1,3,4,2,2,1,3,NA,4,3,2,2,2,5,3,2,2,1,1,3,1,1,2,5,1,2,5,4,6,4,4,4,2,1,2,5
2,2,2,1,3,5,5,2,1,5,2,4,3,4,5,2,2,1,2,4,1,4,1,1,3,5,2,5,3,3,5,5,6,4,3,4,5,3,4,4,2,1,5,5,4,5,3,2,6,3,5,5,3,5,5,2,4,6,5,3,4,5,2,1,1,2,1,1,1,2,2,3,4,5,5,6,4,4,6,3,4,2,5,4,4,5,4,1,2,1,1,2,2,2,3,2,3,4,2,1,3,4,2,2,4,5,3,3,2,5,3,5,4,1,3,3,4,4,4,2,4,5,2,2,4,5,4,2,1,1,5,4,2,3,5,2,2,1,4,4,2,4,2,3,5,5,2,2,4,6,5,6,4,3,5,2,5,2,1,4,1,5,4,1,1,4,3,5,2,4,3,2,1,3,5,2,3,1,1,2,4,1,4,5,2,4,1,2,3,1,1,3,3,5,1,3,2,3,3,4,5,2,2,3,5,6,3,4,5,3,4,5,3,2,1,3,5,3,3,5,3,2,1,1,2,3,4,4,2,4,3,5,4,3,2,3,5,3,2,3,4,2,4,2,4,2,5,3,4,2
1,2,3,3,4,5,3,3,4,4,3,5,2,NA,5,3,3,4,2,5,4,1,4,3,3,4,3,2,5,5,3,3,6,2,3,1,2,4,3,1,5,NA,5,3,2,5,6,4,5,NA,5,1,2,5,3,3,2,3,6,3,2,2,NA,2,5,2,4,3,6,4,3,2,4,3,3,1,6,1,2,3,5,5,3,3,1,1,3,6,6,3,4,3,6,2,5,5,3,1,1,5,5,5,2,4,4,2,NA,NA,4,1,5,4,NA,1,6,1,4,2,5,1,2,3,5,2,3,NA,5,2,1,4,6,1,4,6,2,5,3,3,2,2,6,3,4,3,4,2,2,5,3,5,3,2,3,4,3,4,2,NA,4,2,2,3,3,2,4,5,6,3,2,NA,5,5,3,1,5,4,2,1,4,1,4,3,2,3,6,2,2,1,6,6,NA,2,1,NA,6,1,1,2,6,3,2,2,3,2,4,3,2,2,3,4,3,4,2,3,3,4,2,4,2,3,4,3,2,2,5,3,5,4,1,5,6,2,2,3,2,2,5,4,3,2,5,2,3,4,5,3,1,1,4,1
4,2,2,3,5,4,1,1,4,2,3,2,3,2,2,5,4,3,4,2,2,3,3,3,3,4,2,5,4,2,3,2,3,3,4,5,4,3,2,2,4,3,3,2,2,4,3,3,2,2,3,2,3,5,4,3,4,3,3,4,3,3,2,4,3,2,5,2,3,3,4,5,4,3,3,2,3,2,5,4,4,5,3,2,2,3,3,3,3,4,5,2,2,4,3,3,2,4,3,5,1,2,4,2,5,2,3,4,2,3,4,2,4,3,3,5,5,6,1,4,3,3,3,4,5,4,2,2,4,4,3,3,5,4,2,3,4,5,3,3,2,2,5,4,3,3,4,5,3,3,4,4,3,4,5,1,3,1,4,3,1,3,3,2,3,3,2,4,5,5,3,4,4,3,1,3,4,1,6,3,4,3,5,4,5,4,3,2,3,3,3,5,4,5,3,4,3,3,4,1,1,5,2,3,4,3,2,4,3,4,3,4,4,2,2,3,4,3,3,2,2,2,5,4,3,4,3,3,4,3,3,2,2,3,3,4,3,3,4,3,2,1,1,3,2,4,2,3,4,3
4,4,3,1,6,2,6,3,4,5,5,4,1,6,4,1,2,1,6,6,6,6,1,2,2,1,6,6,5,4,2,1,2,2,1,3,4,2,2,3,1,1,2,1,1,6,1,1,5,2,1,2,2,4,4,1,3,3,3,2,3,2,2,1,1,1,1,4,3,1,1,4,5,6,6,5,4,4,1,2,1,1,2,4,4,3,3,2,3,4,1,1,5,4,4,3,6,4,1,2,4,5,2,2,2,5,3,3,4,3,3,4,4,3,3,3,3,4,3,2,2,2,2,3,2,4,2,2,2,3,3,3,4,3,2,2,2,3,3,3,4,6,1,2,2,6,4,6,4,6,4,3,3,2,2,1,6,4,3,3,2,2,2,3,2,2,2,4,3,4,2,1,1,1,2,2,3,4,2,4,3,2,2,3,3,3,2,1,1,2,3,3,4,4,4,5,2,2,2,3,3,4,6,6,1,1,6,6,4,4,3,4,2,2,1,5,4,3,3,3,2,2,2,3,3,4,2,1,2,4,4,4,NA,3,2,2,4,4,3,2,6,3,4,4,3,2,2,3,5,2
