"rawhide","nitwit","purporting","bodice","collided","transatlantic","oscillating","democratization","insurmountable","nighthawk","aquisition","fatherhood","treasured","voluptuous","breakdowns","tireless","rejoicing","bittersweet","registrants","darkly","elegantly","resistive","abnormality","mingle","amphibian","insinuate","trolley","unconvincing","meteorite","decorum","subordination","chaser","forbade","pedagogy","gymnasium","stipulate","lullaby","disobey","industrialization","integrals","transferable","planks","appreciably","augmentation","realtor","helplessness","consultative","welder","hernia","ailment","sociologist","outwards","dropouts","literatures","envisaged","complacency","teaming","mamma","dowdy","bombard","stipulation","oversize","heartburn","reefer","contorted","puckered","vacuous","campaigned","stumbles","dissection","frustrate","calamity","lifeline","concurrence","steered","triplets","mayor's","ensembles","illegality","hardworking","adamantly","tamer","drab","utterances","brigadier","canyons","patchwork","anarchic","phallic","strum","cholera","rustic","austerity","flailing","talkative","conversing","handicaps","reprimand","memorizing","illegitimacy","destinies","lather","downtrodden","mouthing","hunter's","dugout","rivets","reestablish","magnify","tingle","myopic","reigning","borrower","cervical","servicemen","unbound","cafes","stetson","dispensed","flounder","fluorescence","grange","lurch","hatchback","tiniest","grievous","neurologist","paleontology","deplorable","cooperated","espousing","adored","adheres","betrayer","formality","sunburst","deans","infestation","aloe","stallings","toot","loyalist","narrows","evokes","waterways","dimes","macabre","suspecting","pouches","swirled","eyeing","panoramic","facilitation","covenants","cycled","thence","punishes","omniscience","squint","crowding","arrowhead","telephoned","bestow","inequity","gratified","nevermore","uneventful","divider","oat","shrewd","innovator","cosine","burg","uglier","hooves","symbolically","perky","campgrounds","looped","iniquity","oodles","obstruct","strolling","secreted","prejudicial","ponytail","hospitalization","inset","tux","maniacal","reproach","conformed","lisle","interlocking","sideshow","worsened","lighters","immaturity","revamp","tumbled","nib","slush","linguistically","loyalists","magnitudes","smuggler","snowstorm","bracing","unimaginative","courtship","pearly","bookseller","abate","quail","apparition","mesmerized","antagonists","brisk","eloquence","hurling","butte","communicative","forts","stockpile","orchestration","arranges","abstracted","promenade","waded","confesses","braver","billiard","interfaith","overshadowed","dingo","respectability","singly","waif","chronologically","outbursts","banish","retires","pulpit","fanning","phosphor","oversimplification","tenors","insulate","seward","exasperated"
3,2,4,4,4,4,5,6,6,2,5,2,3,5,3,2,4,2,4,2,2,4,4,2,6,6,1,3,2,2,4,1,2,1,6,1,2,1,6,1,5,1,5,5,1,5,5,1,3,5,4,2,2,1,2,2,1,1,1,2,2,1,3,1,3,2,6,4,2,4,2,2,2,5,1,1,1,1,2,5,3,1,1,5,1,2,5,2,4,1,5,1,4,1,1,2,2,1,2,6,1,1,5,1,3,1,1,1,1,1,1,2,3,3,2,1,1,NA,1,2,1,1,1,1,1,2,3,4,4,1,1,1,1,1,1,2,1,4,1,1,1,2,2,1,3,1,1,4,1,2,1,4,1,3,2,1,1,6,1,3,3,3,2,1,1,2,1,2,1,2,2,1,1,1,1,4,1,5,1,2,1,2,3,2,6,1,4,1,1,3,1,3,1,3,2,2,2,1,2,2,1,2,4,2,4,2,3,2,3,2,4,3,2,3,6,4,6,1,6,2,1,2,1,3,4,2,4,4,1,3,1,3,2,3,1,2,2,1,5,2,1,1,2,3,4,4,2,3,2,6
1,1,1,3,1,1,5,5,1,1,2,1,1,1,1,1,1,1,3,1,1,1,1,1,4,3,1,1,5,1,2,1,1,6,2,1,1,1,1,1,1,1,3,4,2,1,2,1,1,1,1,1,1,3,5,2,1,1,NA,1,2,1,1,1,1,1,6,6,1,2,1,3,1,1,1,1,1,6,3,1,5,1,1,3,6,5,1,6,4,1,5,1,6,2,1,1,1,2,1,5,NA,2,3,3,1,1,5,1,1,1,1,6,1,3,1,1,1,1,1,2,6,1,1,1,2,1,3,2,1,1,5,1,1,1,2,1,1,NA,2,1,1,1,1,1,1,1,6,1,1,1,1,2,1,3,5,3,1,6,1,1,1,1,1,1,2,1,1,1,4,3,1,1,1,2,3,1,1,1,1,5,1,4,1,4,4,1,1,1,6,6,1,1,6,1,1,1,1,2,1,1,1,1,4,1,3,2,1,1,1,1,3,1,3,4,5,2,4,1,4,1,6,3,1,1,6,2,1,6,1,3,1,5,1,1,1,3,1,6,2,1,1,1,1,1,4,4,3,5,4,6
1,1,4,4,1,1,1,1,1,3,4,3,4,5,1,1,1,1,1,1,1,1,1,3,1,1,5,1,1,1,1,4,1,6,3,1,1,3,1,4,1,5,1,4,5,1,1,1,1,3,6,4,1,1,4,6,6,1,1,1,1,1,3,1,4,5,5,6,4,4,2,5,3,1,2,1,3,4,3,1,3,4,3,6,6,3,2,4,3,1,6,1,3,6,3,1,1,1,1,2,6,3,3,2,1,1,3,1,1,3,1,6,1,1,4,4,2,1,3,3,5,3,1,1,1,4,4,1,1,1,1,3,4,1,1,1,5,1,6,3,1,3,1,3,1,4,3,1,1,3,6,1,1,1,6,6,1,1,6,4,1,3,1,6,1,2,1,3,6,6,1,6,1,1,6,1,1,1,6,6,6,1,1,1,1,1,1,1,1,6,3,4,6,1,4,4,4,1,1,3,1,1,1,1,3,1,1,1,1,3,6,1,6,6,3,1,1,1,6,1,6,1,1,6,1,1,1,1,1,1,1,6,1,4,3,1,6,3,1,1,1,1,1,1,3,1,5,1,3,1
6,1,4,6,5,6,6,6,6,1,6,1,5,6,1,1,5,1,6,1,3,3,3,2,6,2,2,4,3,2,5,1,1,6,6,1,1,1,5,3,1,1,5,2,1,1,3,1,4,4,5,1,1,5,6,4,2,1,1,1,4,1,1,1,2,3,6,5,4,4,3,3,1,4,3,1,4,5,4,1,3,2,1,5,6,5,1,5,6,1,4,1,6,4,2,2,2,4,5,5,6,2,4,3,1,1,1,1,1,1,2,5,3,4,5,2,1,1,2,3,5,3,1,1,4,5,6,5,4,4,5,1,4,1,1,1,3,2,3,NA,1,1,1,2,1,4,5,4,4,NA,2,3,6,4,6,4,3,6,1,1,1,3,1,5,4,1,2,1,4,4,1,1,1,NA,1,4,1,4,1,5,4,NA,2,3,6,1,4,1,NA,4,5,2,5,3,1,3,3,4,1,5,1,1,5,1,3,3,1,4,4,1,3,1,1,2,5,4,5,1,6,2,5,5,1,1,6,4,3,2,1,1,1,5,2,3,1,4,3,4,6,1,1,1,1,1,6,5,1,3,NA,6
1,5,4,3,3,2,1,6,5,5,4,3,3,2,1,4,4,4,1,4,2,1,1,1,3,2,4,5,4,1,5,4,2,1,2,3,4,4,4,4,4,4,4,1,5,5,5,4,2,2,3,3,5,5,4,4,1,NA,1,4,6,5,1,3,3,2,6,5,1,2,1,1,1,2,6,1,4,3,1,1,1,4,5,1,1,4,4,6,1,2,4,4,5,2,3,4,2,5,2,4,5,NA,2,2,3,4,4,1,1,2,2,1,6,5,5,4,1,1,1,1,2,5,1,1,4,6,2,4,4,4,4,4,3,1,1,4,NA,4,4,1,4,3,4,6,2,2,2,2,5,5,6,6,6,4,3,2,2,5,5,3,1,1,3,3,2,4,5,3,4,5,3,5,5,1,1,4,3,5,1,5,5,2,4,2,3,4,1,1,5,3,4,5,5,1,3,5,NA,5,6,4,2,4,5,2,4,5,3,4,1,3,2,5,1,2,3,6,6,2,1,1,6,1,6,5,2,1,3,1,4,1,2,6,6,4,2,4,NA,5,1,1,5,1,5,1,4,NA,2,2,1,2
1,1,1,1,1,1,3,2,1,3,1,1,3,1,1,1,1,1,2,1,1,1,1,2,1,1,1,1,1,1,1,1,3,2,2,1,1,1,1,2,1,1,1,1,2,1,2,1,1,3,3,1,1,1,6,2,1,1,1,1,1,1,1,1,2,1,3,6,1,1,1,2,1,2,2,1,3,5,1,1,2,3,1,1,4,1,1,2,6,1,3,1,3,1,5,1,1,1,1,1,1,1,3,3,1,1,2,2,1,1,2,6,1,1,1,2,3,1,1,2,1,4,1,1,2,3,1,3,1,1,3,1,1,1,1,1,1,1,3,1,1,1,1,2,1,3,6,1,1,1,2,1,1,2,1,1,1,5,1,1,1,3,2,4,1,1,1,1,5,1,2,3,3,3,2,1,1,1,1,2,3,1,2,2,1,1,2,1,3,2,1,1,4,1,1,1,3,1,1,1,2,1,2,1,2,1,1,1,1,1,2,1,3,3,2,2,2,1,4,2,3,1,1,1,3,1,1,3,2,1,1,1,1,2,2,1,2,3,4,1,1,1,1,1,3,2,1,2,2,1
1,1,4,2,3,5,6,6,6,5,5,2,3,6,4,1,3,2,2,2,2,2,6,1,2,2,1,3,3,2,5,1,1,1,5,5,1,1,3,1,1,1,1,6,1,1,1,3,2,3,2,3,3,2,3,3,3,1,1,1,1,1,1,1,1,1,1,5,1,1,1,1,1,3,1,1,1,3,4,2,3,1,1,1,4,1,1,1,1,1,4,1,4,1,3,1,1,1,1,1,1,1,4,1,1,1,1,3,1,1,1,2,1,1,1,1,1,1,1,1,6,1,1,1,1,5,5,6,2,3,5,1,4,1,1,1,1,1,1,1,1,1,1,2,2,1,2,2,1,1,3,3,1,1,3,2,2,6,3,1,1,2,1,1,1,1,1,1,3,2,1,2,1,1,1,1,1,1,1,1,2,1,1,3,4,1,4,1,1,1,1,1,4,2,1,1,1,2,1,1,1,1,4,1,2,1,1,1,3,1,1,1,1,1,1,3,3,1,5,1,3,2,1,3,5,2,2,1,1,2,1,3,1,1,1,2,1,1,6,1,1,1,1,1,6,6,1,3,3,3
1,3,2,5,4,2,3,6,3,1,5,1,2,6,1,3,4,NA,1,1,2,1,4,2,6,1,5,2,6,3,1,1,4,6,6,2,6,1,4,3,4,1,4,6,3,1,3,1,3,5,6,2,1,4,5,2,1,1,3,1,1,1,1,2,3,1,4,6,2,5,3,4,1,3,2,4,1,5,6,1,3,1,4,5,4,1,1,3,5,1,6,3,6,3,3,1,1,4,3,6,1,2,5,3,2,1,2,2,1,1,4,6,3,5,1,2,5,3,2,4,6,4,2,1,4,5,6,5,3,3,4,2,1,1,5,1,1,2,5,3,1,3,3,2,1,2,4,3,3,5,4,3,3,4,6,4,3,6,3,3,1,4,4,5,5,2,3,3,1,4,5,2,4,6,5,6,3,1,3,3,4,5,3,4,3,1,5,2,1,5,4,2,6,2,1,3,1,4,2,3,1,1,6,3,4,3,1,1,2,1,2,1,3,4,5,3,3,2,5,3,5,4,1,2,6,5,2,6,2,3,4,4,3,2,3,4,6,6,6,1,1,3,1,2,5,3,1,4,4,5
6,1,3,4,5,5,2,4,3,5,3,2,5,2,3,4,5,3,4,2,5,3,5,4,3,4,4,5,3,4,5,3,2,4,2,5,3,4,5,5,3,1,4,3,2,2,3,4,5,3,2,4,3,5,5,2,4,5,3,2,4,2,3,1,3,4,5,6,3,2,1,1,2,3,2,3,4,4,5,3,2,2,1,4,NA,1,4,3,6,1,5,3,4,5,3,2,5,3,2,5,3,2,4,2,5,3,2,2,3,3,4,6,5,3,5,3,3,5,2,3,4,2,3,5,2,5,4,2,1,2,5,1,3,4,5,3,2,2,4,3,2,2,5,2,3,4,4,3,2,5,4,3,3,2,4,4,5,4,3,2,2,5,4,4,2,5,3,2,1,1,3,2,4,3,2,2,2,4,2,3,2,3,2,1,3,4,5,4,3,2,2,2,1,6,NA,5,4,3,2,NA,2,2,6,4,5,4,3,3,2,3,5,5,4,2,2,2,4,1,5,1,2,1,1,1,4,3,2,2,4,5,4,4,4,5,3,3,5,2,4,1,4,3,2,2,6,2,1,2,4,6
1,1,1,2,2,3,NA,2,1,3,4,2,2,1,1,2,2,2,1,4,1,2,1,1,1,1,1,1,1,1,1,1,1,1,1,1,1,1,3,2,2,1,5,1,1,1,1,1,1,1,1,1,1,3,2,6,6,6,3,2,1,1,1,1,1,1,1,1,3,1,1,3,2,5,1,1,1,1,1,1,1,1,1,3,1,1,3,1,2,1,2,1,1,1,1,1,4,1,1,1,1,1,1,1,2,2,1,1,1,1,2,1,4,1,1,1,1,1,2,3,1,1,1,1,1,1,1,1,1,1,1,1,1,1,1,1,1,1,3,1,5,1,1,1,1,1,1,1,1,3,1,1,3,1,1,1,1,1,1,1,1,1,1,1,2,5,1,1,1,1,2,1,2,2,1,3,1,1,1,1,1,1,1,1,1,1,1,1,1,1,1,1,1,1,1,2,3,2,2,1,1,1,1,1,1,1,1,1,1,1,1,2,1,2,2,3,1,1,1,NA,1,2,1,1,1,1,1,1,1,1,1,1,1,1,1,3,2,1,2,4,1,1,1,1,1,1,1,1,1,1
2,1,4,5,2,1,4,6,5,4,6,4,4,6,3,2,4,1,3,2,1,2,1,3,5,2,3,3,2,1,2,3,2,4,5,2,4,3,5,1,2,2,4,5,3,2,3,2,4,3,5,4,3,5,4,3,2,4,3,1,3,2,3,2,1,2,4,5,1,2,3,2,2,3,2,2,NA,3,4,2,6,1,1,4,6,2,5,3,5,2,6,2,3,2,3,2,3,5,2,6,3,4,2,3,2,3,2,1,1,3,3,5,2,3,1,2,4,1,2,3,6,2,2,4,3,5,6,6,3,6,6,4,3,1,2,1,2,4,2,3,3,6,4,2,4,3,6,2,4,3,5,4,5,2,5,4,2,6,NA,4,3,4,2,3,2,4,1,3,2,4,1,3,2,6,3,6,4,2,3,2,6,5,4,2,4,2,4,3,1,1,4,3,2,3,5,3,4,4,2,4,1,2,6,5,3,2,3,4,3,4,4,5,1,3,2,5,5,2,4,2,1,3,2,1,6,2,3,6,2,1,2,4,2,4,2,2,4,2,5,3,1,2,2,3,5,4,3,2,5,2
1,1,2,5,1,2,5,4,4,1,5,1,2,4,1,1,3,1,4,1,4,3,2,1,3,2,1,3,3,2,2,1,1,4,4,1,1,1,2,2,1,1,2,3,1,1,2,1,2,2,3,1,1,2,4,4,1,1,1,1,1,1,1,2,1,1,3,3,2,2,1,2,1,1,2,1,1,1,2,1,2,1,1,1,2,2,1,2,3,1,1,1,3,3,1,1,1,1,1,4,3,1,2,3,1,1,1,2,1,1,2,2,1,1,1,1,2,1,1,1,3,1,1,1,2,2,3,2,2,5,4,2,3,2,2,1,2,2,4,2,2,1,1,2,1,2,3,1,2,2,2,1,3,1,3,3,2,4,3,1,2,2,2,3,2,1,1,1,1,2,1,2,1,2,1,2,1,1,1,4,4,2,2,2,3,2,2,1,1,2,2,2,3,1,1,1,2,3,1,1,1,1,5,2,2,2,1,2,3,2,2,1,2,2,2,2,3,1,4,2,3,2,1,1,3,3,2,2,1,2,1,2,3,3,1,3,2,2,3,1,1,2,1,1,3,3,1,1,1,3
2,1,1,3,2,2,3,3,5,4,6,4,6,5,4,2,5,2,4,1,1,1,1,1,5,3,2,4,6,3,5,2,1,3,3,3,3,2,5,2,3,1,5,6,5,1,3,1,4,5,5,4,4,3,4,3,4,1,2,1,4,2,4,2,3,2,5,5,3,5,4,4,5,2,3,3,1,4,3,1,1,2,2,3,4,2,3,4,6,1,6,1,3,5,2,3,3,2,1,3,3,2,1,4,1,4,3,2,3,2,2,6,3,4,3,4,2,1,1,3,6,2,3,3,2,5,5,2,3,2,4,1,3,3,3,2,2,5,3,2,1,1,2,3,1,2,4,2,3,2,3,2,5,3,3,5,3,5,4,1,3,3,1,3,2,1,1,2,4,2,1,1,1,4,3,3,1,3,2,4,3,1,1,1,4,1,5,1,1,2,4,1,5,1,2,1,4,3,1,1,1,3,4,1,2,1,1,3,3,3,3,1,1,2,3,3,1,1,4,1,3,4,1,2,6,3,1,3,2,2,2,2,3,2,1,1,1,3,2,3,1,3,1,1,3,2,1,3,2,2
6,1,6,6,5,6,5,4,6,2,6,1,3,6,2,1,4,2,5,1,5,2,3,1,6,5,1,3,4,3,3,1,1,4,6,3,2,1,3,3,4,1,4,6,5,4,6,1,5,5,4,1,1,3,6,6,3,1,2,1,3,3,2,1,3,4,6,6,2,6,5,6,5,6,3,1,3,6,5,1,6,1,1,4,6,2,2,6,6,1,6,2,4,5,2,2,3,6,2,6,5,1,5,4,2,1,1,6,4,1,2,6,5,2,5,1,3,1,6,5,6,3,2,1,4,6,6,6,2,2,5,1,4,5,3,2,1,3,3,2,1,4,3,4,2,1,3,3,5,4,5,2,6,2,3,1,5,6,1,1,3,4,1,5,4,2,2,1,2,5,3,4,1,5,2,6,3,3,2,5,1,2,4,5,6,2,4,1,1,6,6,4,5,3,3,6,2,3,1,3,1,2,6,4,3,2,4,5,3,2,1,2,1,4,6,5,3,1,6,4,2,2,1,3,6,5,5,6,1,4,2,3,2,5,1,3,1,4,6,2,1,2,1,4,6,6,2,4,3,6
3,1,5,4,3,6,5,6,5,3,4,2,2,6,1,1,3,4,5,1,2,2,1,1,3,4,5,3,4,5,3,1,3,6,4,3,5,3,2,3,5,1,2,5,4,3,4,3,5,6,4,3,2,4,6,4,2,1,3,2,3,2,2,3,4,2,6,2,1,4,2,3,1,3,2,1,4,3,6,2,4,2,1,4,6,2,1,3,2,1,3,1,5,3,2,1,3,4,2,4,3,2,4,1,2,1,1,2,1,1,4,5,2,3,2,1,3,1,2,1,4,3,2,1,2,4,5,6,3,2,6,1,4,3,2,1,1,3,2,4,2,5,3,1,5,1,6,4,1,2,1,3,3,2,3,4,1,5,1,1,2,3,6,5,4,3,4,2,1,2,4,2,1,3,2,3,1,1,2,4,2,2,1,2,3,2,3,1,1,5,3,2,3,4,2,3,1,2,2,1,1,2,5,3,2,2,1,2,6,2,3,2,1,2,3,5,4,2,5,1,2,3,1,2,5,1,3,6,1,1,2,3,2,4,1,3,2,6,5,2,1,2,1,1,6,4,3,4,5,6
5,5,6,6,4,3,4,6,6,4,4,2,3,5,5,2,4,2,4,4,2,5,2,2,2,3,4,2,3,2,5,2,5,5,2,2,1,1,1,1,2,1,4,4,2,4,5,2,5,5,1,1,2,3,6,6,5,4,6,2,2,2,2,5,5,5,5,4,4,5,5,5,2,5,5,1,2,3,2,1,5,4,1,5,5,2,2,5,2,5,1,1,5,5,2,2,1,6,1,1,6,2,4,3,2,5,1,1,1,1,3,4,1,1,1,1,1,1,4,4,4,5,5,2,1,1,1,1,1,1,2,1,1,1,1,1,1,1,3,2,1,1,1,2,1,3,5,1,2,2,1,1,1,4,5,5,1,5,5,5,1,6,6,2,1,1,1,1,1,1,1,5,2,1,3,4,4,4,4,5,6,1,1,1,1,1,1,3,4,2,2,2,5,2,2,5,2,4,5,5,5,1,4,2,3,3,5,5,5,2,2,1,5,5,4,5,1,2,2,2,3,1,1,1,4,1,1,2,5,2,2,2,5,2,3,5,3,4,2,2,2,1,2,1,5,2,2,1,4,2
5,6,6,5,2,2,2,2,5,2,2,2,2,5,2,2,2,2,4,1,1,1,2,1,3,4,4,2,4,4,2,2,3,6,2,2,3,2,2,3,2,2,2,3,2,2,3,2,2,3,2,2,1,2,5,2,2,1,2,2,2,1,1,2,2,3,4,2,1,2,2,5,2,3,3,1,1,3,3,2,3,2,3,2,5,2,1,3,3,3,4,2,5,3,1,1,1,3,2,3,3,2,4,1,1,1,3,2,2,2,4,2,2,4,2,2,2,2,2,2,2,2,2,2,2,2,2,4,2,2,3,1,2,2,2,2,2,2,3,3,1,2,1,2,2,2,2,2,2,2,2,2,2,2,2,2,2,2,2,3,2,2,4,2,2,2,3,2,1,3,3,3,3,2,3,3,3,2,2,2,3,3,3,3,3,3,3,3,3,3,3,3,4,4,2,2,2,2,2,2,2,2,2,3,3,3,3,3,3,3,3,3,3,3,2,2,4,2,3,2,2,2,1,2,3,2,2,4,2,3,2,2,2,4,4,3,4,4,4,4,4,4,4,4,5,4,4,4,4,4
6,6,6,5,6,5,5,4,6,5,5,5,4,4,5,5,5,5,6,5,5,4,5,4,5,5,6,4,5,5,5,6,5,5,4,5,5,6,5,5,4,5,6,6,5,4,5,6,6,5,5,5,4,6,6,4,5,6,6,5,6,4,5,5,5,6,4,5,6,4,6,5,6,6,6,5,6,5,6,6,6,5,6,4,5,6,4,5,4,5,6,6,5,4,6,5,6,6,6,4,5,6,5,4,6,4,6,6,4,5,6,5,4,6,6,5,4,6,5,6,5,6,6,5,6,6,4,5,4,1,6,6,1,6,4,NA,6,5,6,5,5,6,6,5,6,5,6,5,5,6,5,5,6,6,6,5,6,5,6,5,6,6,5,5,6,5,6,5,5,5,5,6,6,5,5,5,6,5,6,5,5,5,6,5,6,5,6,5,6,5,6,5,6,6,5,5,4,5,4,5,6,5,5,6,5,5,5,6,6,6,5,6,5,6,5,6,6,5,6,5,5,6,5,6,6,5,6,5,6,5,5,6,5,6,6,5,6,5,6,6,1,5,6,6,5,6,5,5,5,6
1,1,3,2,1,1,4,2,5,1,1,1,1,1,1,1,1,1,1,1,1,3,1,1,1,1,1,1,2,1,1,1,1,4,1,1,1,1,2,1,1,1,3,3,1,1,3,1,1,1,2,1,1,2,4,3,1,1,1,2,2,1,1,3,3,1,2,2,1,1,1,1,1,2,1,1,1,3,4,1,2,1,1,2,4,1,1,3,2,1,4,1,3,1,1,1,1,1,1,2,3,1,2,1,1,1,2,3,1,1,4,2,1,2,1,1,2,1,1,1,3,2,2,1,2,1,2,1,2,2,2,1,1,1,1,1,1,1,2,2,1,1,1,1,1,1,3,1,1,1,1,1,2,2,1,1,1,2,1,1,1,1,1,1,1,1,1,1,1,2,1,3,1,2,1,1,1,1,1,4,3,1,1,2,2,1,1,2,1,3,1,1,3,1,1,2,1,1,1,1,1,1,4,1,1,2,1,1,2,1,1,1,2,1,3,2,2,1,4,1,3,2,1,1,1,1,1,2,1,1,1,2,1,1,1,1,2,3,2,1,1,1,1,2,2,1,1,3,1,2
3,1,2,4,5,5,4,4,5,2,4,1,1,4,1,5,4,1,3,2,5,2,4,1,5,6,1,3,6,4,5,2,2,5,6,2,6,3,5,1,3,1,5,3,5,1,2,1,3,6,6,1,1,3,6,3,1,1,1,2,5,1,3,3,3,4,5,6,2,3,4,5,1,5,2,1,1,4,4,1,6,1,1,6,6,4,1,6,6,1,3,1,3,3,2,1,1,1,4,6,2,2,5,1,1,1,1,4,2,1,4,4,4,4,3,1,4,4,5,2,5,3,5,1,3,5,6,6,3,3,3,5,6,5,5,2,1,5,3,2,1,3,1,2,2,3,2,2,1,2,1,6,5,4,4,3,4,6,1,1,5,3,5,6,4,1,1,1,4,3,1,4,1,5,1,4,1,1,1,5,4,2,1,4,3,1,3,1,1,3,4,2,6,1,1,1,1,2,1,4,1,1,5,4,1,1,1,1,2,2,1,1,1,1,2,1,5,1,3,1,4,1,1,1,6,2,5,4,2,2,1,3,1,4,1,2,2,5,4,1,3,3,1,1,3,2,1,1,3,3
3,1,2,3,2,1,2,3,2,2,3,1,2,3,2,2,3,2,3,3,2,2,3,2,2,3,2,1,3,2,2,1,2,4,4,3,2,2,3,2,2,1,3,3,2,2,2,1,4,2,3,3,2,3,5,2,2,1,2,2,3,2,3,2,3,3,4,4,2,2,3,2,2,2,2,1,1,1,2,1,2,1,1,2,3,2,2,3,2,2,3,2,3,2,1,1,1,1,2,2,2,1,2,2,1,2,1,2,2,1,3,4,3,3,3,2,4,1,2,2,3,2,1,1,2,3,3,3,2,2,3,2,2,2,2,1,2,2,2,2,1,2,2,1,2,3,3,2,3,2,2,2,2,2,3,2,2,5,3,2,2,2,2,4,4,3,2,3,3,1,2,3,1,1,3,3,1,2,1,3,1,3,2,2,4,2,2,1,1,3,3,1,5,2,2,2,2,3,1,1,1,2,3,2,2,1,1,2,2,2,3,2,3,4,2,2,2,2,4,2,2,1,1,3,4,2,2,2,1,1,1,3,2,2,1,2,2,2,3,1,1,1,1,1,2,2,3,3,3,2
1,1,3,6,3,1,6,3,6,3,6,2,6,6,2,4,3,NA,4,1,1,2,3,5,6,6,2,4,5,3,3,2,2,6,5,3,2,5,5,3,3,1,4,5,3,1,1,1,3,6,4,3,2,3,6,4,2,1,1,1,3,2,3,1,3,3,6,6,3,1,2,4,3,5,1,2,4,6,3,3,5,2,4,4,3,5,3,3,6,4,6,1,4,4,4,3,4,3,4,5,4,2,2,5,4,2,1,6,3,2,6,6,6,3,3,2,6,2,4,3,6,5,2,2,5,5,6,6,3,4,4,5,1,1,3,4,2,3,6,1,1,1,2,4,4,3,3,2,4,3,2,4,3,2,6,2,2,6,1,1,1,6,3,5,4,3,4,3,6,2,3,1,1,4,2,1,1,2,2,4,6,5,2,2,4,3,4,1,1,1,1,5,6,3,2,1,5,4,3,2,1,2,6,4,4,2,3,3,5,5,5,1,1,3,4,4,3,1,4,4,1,4,4,3,6,2,2,2,1,4,1,3,3,4,1,2,1,5,6,1,1,1,1,3,6,2,1,4,2,6
6,1,1,3,4,1,4,3,3,4,5,2,2,4,1,2,3,1,3,1,1,1,2,3,6,1,1,1,3,2,3,1,1,4,4,2,3,2,4,2,3,1,4,5,1,1,1,1,2,2,4,1,1,2,5,4,1,1,1,1,2,1,1,1,2,2,5,6,3,2,2,3,1,3,1,1,2,6,4,1,5,4,1,3,4,2,1,6,6,1,6,1,5,2,2,1,2,2,2,3,1,1,3,2,1,1,2,3,4,2,3,6,1,3,1,1,4,1,2,3,6,3,1,1,3,4,5,4,3,2,6,2,1,1,3,1,1,2,2,1,1,1,1,3,1,2,4,1,3,3,5,2,3,2,3,1,1,6,3,1,1,4,2,3,1,1,1,2,3,2,1,5,2,1,2,1,1,1,1,4,2,2,1,1,4,1,3,1,1,4,2,1,6,1,1,2,4,2,1,2,1,1,3,1,1,1,1,3,2,1,3,1,3,4,3,2,3,1,4,2,2,3,1,1,5,2,1,2,2,1,2,3,1,1,1,2,2,1,6,1,1,1,1,1,6,1,1,1,2,1
5,3,5,3,5,2,5,3,4,4,5,4,5,4,3,4,4,5,3,5,3,3,5,5,3,4,2,4,3,4,5,5,3,4,4,3,3,3,5,3,4,5,3,4,4,4,2,4,4,4,4,3,2,3,4,4,2,4,3,4,4,3,3,4,4,4,3,2,3,3,3,3,3,5,3,4,4,5,4,3,4,3,4,4,5,5,5,4,3,2,3,3,3,4,3,3,4,5,3,4,3,4,4,5,4,4,3,5,4,5,2,3,4,4,3,2,3,3,4,4,5,2,5,4,4,4,3,2,5,6,4,3,3,4,2,4,3,3,3,3,3,5,5,4,4,2,4,3,4,4,4,3,3,3,4,4,3,2,6,2,3,3,4,4,2,5,4,2,3,3,3,5,4,3,2,2,3,4,3,2,4,4,3,2,2,4,4,4,5,3,4,4,NA,4,4,3,5,3,1,5,3,5,4,4,4,5,5,NA,3,2,3,5,4,2,2,5,5,5,5,4,3,6,6,4,5,5,5,6,4,5,4,NA,5,5,NA,NA,NA,NA,NA,4,4,4,4,2,3,5,6,4,6,5
4,1,6,5,3,6,6,5,6,5,4,3,4,6,4,2,3,2,3,1,3,2,3,1,4,3,2,3,5,2,4,1,3,6,5,3,3,2,5,4,5,1,4,4,1,3,4,1,2,3,3,2,2,4,5,4,2,1,1,3,3,2,3,2,3,2,4,5,3,4,3,2,1,5,3,3,1,4,3,3,4,1,1,4,6,4,4,3,4,1,3,1,4,4,3,2,3,4,3,5,4,1,6,5,1,2,1,4,3,1,3,5,4,3,4,2,1,1,4,3,6,3,1,5,3,5,4,6,4,4,5,3,6,4,2,3,1,4,2,4,1,5,4,3,4,2,3,3,3,4,4,2,5,5,3,4,3,6,2,4,5,5,3,4,4,3,4,3,1,2,4,2,1,3,3,5,2,4,3,4,3,4,3,4,6,4,6,2,1,4,5,3,2,5,4,6,4,6,3,4,1,2,6,5,6,4,4,3,6,4,3,4,2,2,5,4,6,2,4,3,2,4,2,3,6,4,4,5,3,4,3,5,4,5,2,6,2,1,5,3,2,2,2,3,4,5,2,3,3,4
1,1,1,1,1,1,1,1,1,2,1,1,2,2,2,2,2,2,2,NA,2,2,2,2,2,3,3,3,3,3,3,3,3,3,3,3,3,3,3,3,3,3,3,3,3,3,3,3,3,2,2,2,2,2,2,2,2,2,2,2,2,2,2,2,2,2,2,2,2,3,3,3,3,3,3,3,3,3,4,4,4,4,4,4,4,4,4,4,4,4,4,4,4,4,4,4,4,5,5,5,5,5,5,5,5,5,5,5,5,5,5,5,5,5,5,5,5,5,6,6,6,6,6,6,6,6,6,6,6,6,6,6,6,6,6,6,6,6,6,6,6,6,6,6,6,6,6,6,6,6,6,6,5,5,5,5,5,5,5,5,5,5,5,5,5,5,5,5,5,5,4,4,4,4,4,4,4,4,4,4,4,4,4,4,4,4,4,4,4,4,4,3,3,3,3,3,3,3,3,3,3,3,3,3,3,3,3,3,3,3,3,3,2,2,2,2,2,2,2,2,2,2,2,2,2,2,2,2,1,1,1,1,1,1,1,1,1,1,1,1,1,2,2,2,2,2,2,2,2,2
1,1,4,2,3,3,5,3,3,6,5,4,4,6,6,2,4,1,3,1,1,3,1,1,1,4,1,2,5,5,5,1,1,6,4,3,3,5,6,2,NA,1,5,4,1,1,3,1,1,3,4,3,1,3,5,3,1,1,4,1,5,1,2,1,1,1,6,5,1,4,3,4,3,2,1,1,1,4,3,1,5,1,1,3,4,2,2,4,6,1,6,1,3,4,3,2,2,1,1,4,2,2,3,3,1,4,3,4,4,3,5,6,5,4,4,3,5,1,4,5,6,1,1,1,4,4,5,3,3,2,4,3,4,5,4,1,1,3,4,2,1,4,2,2,1,1,6,3,3,1,4,4,4,3,3,1,4,6,2,5,3,4,4,4,3,2,3,3,3,4,4,3,1,3,3,4,1,3,2,4,1,3,3,5,5,4,5,1,1,5,4,3,3,3,2,4,5,4,2,2,1,1,5,3,4,1,1,2,4,2,1,1,4,2,4,5,5,1,6,1,4,5,1,2,6,4,4,5,1,2,1,5,3,4,1,4,2,4,5,1,2,3,1,1,5,4,2,2,3,4
3,1,3,3,3,3,3,3,3,4,3,3,3,6,3,4,4,5,2,2,3,3,4,1,6,4,3,4,5,4,2,1,4,4,4,5,4,2,4,4,3,3,6,5,3,4,5,4,4,4,4,1,2,3,3,3,3,3,3,2,5,1,1,5,3,3,3,4,4,4,4,3,3,3,3,3,2,3,3,4,4,3,3,4,5,3,4,4,5,4,5,NA,4,4,NA,NA,4,5,4,4,NA,5,5,5,2,3,2,3,3,1,5,5,3,5,4,4,4,1,4,4,3,3,3,3,3,3,3,6,5,5,5,2,5,5,1,5,4,4,4,4,1,4,3,3,3,3,3,3,3,3,3,3,3,3,4,4,NA,3,5,4,NA,3,3,5,4,3,4,4,1,3,4,4,1,5,5,5,1,5,5,5,5,5,3,3,3,3,3,2,1,3,3,3,6,3,3,3,3,3,1,3,3,1,3,3,3,3,3,4,4,4,4,4,4,4,5,3,4,1,3,3,6,4,1,4,4,3,3,3,3,3,3,2,3,3,3,3,3,3,4,4,4,4,5,1,4,5,NA,5,4,5
