"giggled","invalidate","indexing","crane","wicket","pony","founders","injected","arising","citadel","omnipotent","sprinkle","median","stroking","logistics","abolish","marrying","squares","apostles","manor","governed","backfire","depths","proverb","dart","transmute","creeping","lily","conceivable","rituals","lawful","hardened","propagate","invites","gorilla","propagated","goofy","inhabited","ohm","jailed","leaks","immunity","bureaucracy","festivals","helper","frightened","disclosed","karate","conceal","anonymity","obligatory","recognizing","realities","irritation","listener","munch","limbo","atoms","peanut","fares","anecdotes","troopers","bazaar","beginnings","thickness","southeastern","spying","induce","vinegar","inter","champagne","smear","appliances","anchor","silently","auxiliary","opener","madman","deprive","graphite","pox","paranormal","dosage","lesbians","accelerators","acknowledging","biologist","volunteered","wildcat","ciao","chime","repertoire","insertion","friendships","culturally","infinitely","lipstick","syndicate","relied","yelled","nee","redistribute","rang","biting","simplified","thugs","invaded","condone","cautious","passionate","preclude","revival","directing","imperialism","poetic","junkie","agility","hale","examines","oaks","vanity","avoidance","radioactive","divinity","humidity","knocking","cracks","issuing","programmes","institutional","drowned","beacon","casually","meteor","perish","disadvantages","juices","knives","school's","gall","jars","visibility","pierced","midway","elastic","computations","soliciting","radicals","skirmishers","tumor","greenhouse","whips","mythical","speedy","jackets","wreck","maniac","capturing","exorcist","overboard","perpendicular","jerky","errant","curled","teasing","deadlines","residing","ballots","jolly","repairing","diam","fodder","slips","poultry","pry","cubs","newborn","checker","dividend","planar","shorten","obliged","bodily","vacant","glossary","prudent","taps","loaf","breadth","cram","heavens","grapes","striped","medicines","molded","construed","dairy","astronomical","conditioned","fled","terriers","immensely","staged","momentarily","transformed","freezes","exceeding","pasta","contexts","stirring","vibrator","follower","cruises","mismatch","adjusting","limp","sloan","manifesto","infrared","invariably","praised","illnesses","anomaly","fronts","axioms","baths","caravan","depressing","mellow","foremost","captains","indicators","acquaintance","fairy","enhances","ordinance","inspire","smashed","regulars","receivers","candle","exclaimed","instructed","wrench","dragonfly","constructor","rover","consecutive","skins","reload"
5,4,5,2,2,1,3,4,2,2,2,3,1,3,4,3,4,5,5,2,3,1,5,1,1,2,1,1,4,3,1,3,3,4,2,3,2,3,4,4,3,4,6,3,2,4,2,5,3,5,4,3,3,2,2,1,1,2,1,3,2,2,5,4,3,1,3,3,4,1,5,3,4,4,4,5,3,1,4,5,1,2,3,3,4,4,3,3,1,6,2,6,3,3,2,3,1,3,3,2,1,3,1,3,2,1,2,3,4,4,3,4,2,2,3,2,4,1,3,4,3,3,3,4,4,5,3,3,4,3,4,3,4,3,3,3,5,6,3,2,1,3,4,1,2,3,4,3,6,3,2,2,4,3,3,4,3,3,4,1,4,1,3,3,1,1,3,2,1,3,1,2,2,4,1,2,1,1,2,3,1,5,3,3,2,3,2,3,5,2,3,3,3,4,2,3,2,4,4,1,2,3,4,3,2,3,3,2,1,2,3,3,4,3,3,2,4,1,1,3,3,3,4,2,4,3,2,2,1,1,3,3,5,3,3,2,3,2,3,4,3,3,2,2,1,3,2,3,1,1
2,1,2,1,1,1,4,1,2,2,4,3,3,2,3,2,2,5,6,1,4,1,3,2,1,2,2,1,5,4,2,1,1,1,1,1,2,1,2,3,2,3,6,2,1,4,2,2,3,5,4,4,3,5,4,3,1,1,2,1,3,2,3,4,3,5,1,2,1,1,5,2,3,4,2,6,1,1,2,3,1,2,1,2,3,6,5,3,1,6,2,6,4,4,3,3,1,3,2,1,1,3,1,1,2,1,1,1,5,4,3,2,1,4,3,2,2,1,4,2,1,4,3,3,3,2,1,4,3,5,4,2,3,2,2,4,4,3,2,1,1,3,4,1,2,5,4,3,4,1,4,2,5,2,1,2,1,2,3,3,4,2,2,3,3,3,2,2,1,3,4,4,1,5,1,1,2,1,3,4,2,5,3,2,3,2,1,2,4,1,3,2,2,4,1,3,3,4,4,1,3,3,2,3,3,2,3,1,2,2,1,2,4,3,3,1,4,4,5,4,3,2,5,3,6,2,1,3,1,2,3,1,6,4,4,4,3,2,2,3,1,4,2,2,1,2,1,3,1,2
2,2,2,2,3,1,4,3,4,2,3,3,3,3,3,2,2,2,3,3,3,3,3,3,3,3,3,5,5,5,3,5,3,5,5,4,4,4,4,2,2,2,2,5,2,4,4,3,4,3,4,5,4,5,5,4,3,4,3,4,4,2,NA,4,3,3,3,3,3,3,3,3,3,3,3,3,3,3,3,3,3,3,3,3,3,3,3,3,3,3,3,3,3,3,3,NA,2,2,2,2,2,2,2,2,5,5,5,5,5,5,5,5,5,5,NA,4,4,4,4,4,4,4,4,NA,3,3,3,3,3,3,3,3,3,3,3,2,2,2,3,3,4,2,3,4,4,4,3,3,3,5,4,4,3,4,3,3,2,2,3,3,3,3,3,3,3,2,2,4,4,5,3,3,4,4,NA,3,3,2,2,2,3,2,3,3,3,4,4,3,3,2,2,3,3,4,4,4,4,4,3,3,2,3,5,5,4,3,3,3,4,4,4,3,3,4,4,NA,5,5,5,NA,5,5,4,4,4,4,4,3,4,4,NA,4,NA,2,2,2,3,3,2,2,2,2,2,2,3,3,3,3,3,3
1,1,1,1,1,1,1,1,1,1,3,1,1,2,1,1,1,1,1,1,1,1,3,1,1,1,1,2,4,2,1,1,1,1,1,1,1,1,3,1,1,1,6,1,1,1,1,3,1,3,2,3,2,1,1,1,1,1,1,1,1,1,2,1,1,1,1,1,1,1,6,1,1,2,1,1,1,1,1,2,1,1,2,NA,1,2,1,1,1,6,1,5,2,1,1,1,1,2,1,1,1,1,1,2,1,1,1,1,3,1,1,1,1,2,1,1,1,1,1,1,1,1,1,1,1,1,1,2,2,1,1,1,1,1,1,1,2,2,1,1,1,1,2,1,1,1,2,1,1,1,1,1,2,1,1,1,1,1,2,1,1,1,3,1,1,1,1,1,1,1,1,1,1,3,1,1,1,1,1,2,1,2,1,2,1,1,1,1,3,1,2,1,1,1,1,1,1,1,2,1,1,1,1,1,1,1,2,1,1,1,1,1,2,1,1,1,1,1,2,3,1,1,3,1,4,1,1,1,1,1,2,1,5,1,1,1,1,1,1,2,1,1,1,1,1,1,1,1,1,1
1,6,6,1,3,1,3,2,1,6,6,1,1,1,3,1,1,1,3,1,3,1,1,1,3,1,1,1,3,4,4,1,4,1,1,1,1,1,3,1,1,1,6,1,1,3,3,1,3,4,4,1,2,3,1,1,3,1,1,1,3,1,1,1,1,1,1,3,4,1,4,1,1,1,2,6,1,1,1,1,1,6,1,1,2,4,4,1,1,6,1,6,1,1,1,1,1,6,4,1,1,1,1,1,1,1,1,3,3,1,3,5,1,6,4,1,3,1,1,1,1,3,1,1,1,1,1,1,6,1,1,6,1,3,1,1,1,3,1,6,1,1,1,1,1,4,1,6,6,1,1,1,1,1,1,1,3,1,6,6,1,1,4,1,1,1,1,3,1,1,1,1,1,6,1,1,1,1,3,4,1,3,1,1,1,3,1,1,5,1,4,1,1,1,3,3,1,6,1,1,3,1,1,4,1,1,3,1,1,1,1,1,1,1,1,1,1,6,4,6,1,1,6,1,6,1,1,1,1,1,1,1,6,1,1,1,1,1,1,2,1,2,1,1,1,1,1,4,1,1
1,2,1,2,2,1,1,2,2,2,2,2,1,2,2,1,1,1,1,2,3,2,3,3,3,2,2,2,2,2,3,3,2,2,1,1,2,2,2,2,2,2,2,3,2,2,3,3,3,3,3,2,2,2,2,2,2,1,1,1,1,1,1,2,2,3,3,3,3,2,2,2,2,1,1,1,1,1,2,2,2,1,1,1,1,2,2,2,3,3,2,1,2,1,1,2,2,1,1,1,2,2,2,1,1,1,2,2,2,1,1,1,2,2,1,1,1,1,2,2,2,2,1,1,2,2,3,3,4,4,5,4,4,3,3,4,3,4,2,2,1,2,3,3,3,2,1,1,1,2,2,1,2,2,1,1,1,1,2,1,1,2,2,2,2,2,1,1,2,2,2,2,1,1,2,2,1,2,2,1,1,2,2,1,2,1,2,1,1,3,3,2,2,2,1,1,2,2,1,2,2,2,3,1,3,2,1,2,3,2,1,1,1,1,1,1,1,1,2,2,2,2,3,2,2,1,2,3,1,2,3,2,2,1,2,3,2,2,2,1,2,2,2,1,1,1,2,2,2,1
1,1,1,1,1,1,2,1,1,3,2,1,2,1,2,1,1,2,3,1,1,1,1,2,1,1,1,1,2,3,1,1,1,1,1,1,1,1,3,2,1,2,3,1,1,1,1,5,2,4,3,2,2,1,3,3,1,1,2,1,2,1,4,2,1,2,1,2,1,1,6,2,4,3,2,3,1,1,2,2,1,1,2,2,3,3,2,2,2,3,1,4,1,1,2,2,1,3,2,1,1,3,1,2,2,1,2,3,3,3,3,3,2,3,1,3,2,1,3,2,1,2,1,1,1,2,1,2,2,1,1,2,2,2,1,2,2,2,2,2,1,1,2,1,2,1,2,1,2,2,1,1,1,1,1,1,2,2,3,1,1,1,3,1,1,1,2,2,1,1,3,2,1,3,1,1,1,1,2,1,1,2,2,2,1,1,1,3,3,2,2,1,1,2,2,2,2,1,2,1,2,2,2,1,1,1,2,2,1,1,1,2,2,1,2,1,2,1,3,2,2,1,2,2,2,2,3,1,1,1,2,1,3,2,1,2,2,1,2,2,1,1,1,1,1,1,2,1,1,2
1,1,3,2,3,1,2,1,1,5,6,1,3,4,1,1,1,1,3,1,1,1,4,3,2,3,1,1,1,2,1,1,4,1,3,2,3,1,5,1,1,1,4,1,1,3,1,4,1,5,2,1,1,1,1,1,1,1,1,3,1,1,1,1,1,1,4,1,1,1,4,1,1,1,1,3,1,1,2,4,3,1,6,3,1,4,1,1,1,6,2,4,1,1,1,3,1,4,1,1,4,3,1,1,1,1,1,3,1,1,2,1,1,1,1,1,1,1,1,1,1,3,1,3,1,1,1,1,3,1,4,3,1,4,1,1,1,5,4,3,1,1,1,1,1,1,1,1,6,2,1,1,3,1,1,3,1,1,1,1,1,1,3,1,1,1,1,2,1,1,3,5,1,3,4,1,1,1,1,4,1,1,1,1,1,1,1,1,4,2,4,1,1,1,1,1,1,3,1,1,3,1,1,1,1,1,1,1,1,1,1,1,1,1,1,3,1,1,4,1,1,1,3,1,4,4,3,1,2,1,4,2,4,1,1,3,1,1,1,1,1,1,1,4,1,1,1,3,1,1
2,4,5,3,2,5,3,2,5,3,3,4,2,4,3,5,2,3,4,5,2,3,2,5,3,5,3,4,5,2,4,2,4,5,3,5,2,4,3,6,4,2,4,3,5,4,3,5,5,3,4,2,4,3,6,4,5,3,4,5,2,3,4,3,5,5,4,3,4,5,2,3,4,4,2,5,3,4,5,2,3,4,5,3,4,3,5,2,3,4,5,3,4,3,3,3,5,3,4,3,2,3,4,6,3,3,5,3,2,5,3,3,5,4,2,4,5,3,4,2,5,3,3,3,5,4,3,5,5,2,3,5,3,3,NA,4,4,3,3,5,4,3,2,4,5,3,5,2,6,4,2,4,5,2,3,4,6,3,4,2,4,5,3,2,3,4,4,6,3,4,3,5,4,2,3,4,6,4,2,3,4,4,3,4,3,5,3,5,4,2,3,4,5,4,3,2,4,4,4,2,2,4,3,4,3,4,5,2,4,3,5,6,3,2,3,4,5,4,2,2,4,4,4,3,2,3,5,4,4,3,2,5,3,4,4,2,2,5,3,4,2,4,3,5,4,3,2,3,2,2
1,1,5,2,1,1,1,1,2,5,6,2,3,1,4,2,2,3,5,1,2,1,4,2,1,2,1,1,5,5,2,1,4,2,1,4,1,3,5,1,1,4,6,2,1,5,2,4,4,6,6,4,3,5,5,2,1,1,3,1,6,2,5,3,2,2,4,1,4,1,6,1,4,6,3,6,2,1,3,5,1,4,3,4,2,1,5,4,1,6,3,6,2,2,3,4,1,6,2,1,1,4,1,1,3,1,1,5,5,4,3,2,3,4,3,2,3,1,4,1,1,2,1,1,3,4,2,5,4,6,3,2,4,4,2,3,4,5,5,1,1,4,4,1,2,4,5,3,3,1,1,3,4,2,1,1,1,3,6,1,3,1,2,1,1,1,3,1,1,4,5,1,1,1,1,1,NA,1,3,2,1,4,2,1,3,4,1,1,4,1,1,1,1,5,2,2,3,5,3,1,3,4,3,4,2,2,1,NA,4,1,3,2,4,2,3,1,2,4,4,3,2,2,3,1,5,1,2,3,2,2,1,4,5,1,2,2,2,2,3,1,3,4,4,4,5,3,1,6,1,1
1,6,2,5,3,4,4,3,5,2,6,1,6,2,4,3,3,4,2,3,1,6,5,2,2,4,3,3,5,1,6,6,3,3,NA,2,5,5,2,3,3,2,6,4,3,2,1,6,1,3,4,2,5,3,NA,2,4,3,3,1,6,5,3,3,1,2,3,4,5,6,5,4,2,2,1,2,3,4,5,6,5,4,3,2,1,2,3,4,5,6,5,4,3,2,1,2,3,4,5,6,5,4,3,2,1,2,3,4,5,6,5,4,3,2,1,2,3,4,5,6,5,4,3,2,1,2,3,4,5,6,5,4,3,2,1,2,3,4,5,6,5,4,3,2,1,2,3,4,5,6,5,4,3,2,1,2,3,4,5,6,5,4,3,2,1,2,3,4,5,6,5,4,3,2,1,2,3,4,5,6,5,4,3,2,1,2,3,4,5,6,5,4,3,2,1,2,3,4,5,6,5,4,3,2,1,2,3,4,5,6,5,4,3,2,1,2,3,4,5,6,5,4,3,2,1,2,3,4,5,6,5,4,3,2,1,2,3,4,5,6,5,4,3,2,1,2,3,4,5,6
1,1,1,1,1,1,1,1,2,3,1,1,2,2,2,1,1,1,1,1,1,1,1,1,1,1,1,1,2,1,1,1,1,1,1,1,1,1,3,1,1,1,5,1,1,3,1,4,2,1,2,1,1,1,1,1,1,1,2,1,1,1,3,1,1,1,1,1,1,1,4,1,2,3,1,3,2,1,1,2,1,1,3,1,2,3,3,1,3,6,2,5,2,2,1,3,1,2,2,1,5,2,1,2,1,1,1,1,3,1,1,2,1,1,1,1,2,1,1,2,1,3,1,1,1,4,1,2,3,2,1,2,1,1,1,1,3,3,4,3,1,1,2,1,1,2,2,1,1,1,1,1,1,1,1,1,1,1,1,1,1,1,1,1,1,1,2,1,1,1,3,1,1,2,1,1,1,1,3,3,1,4,1,3,1,2,1,2,1,1,2,1,1,3,1,3,1,1,2,1,1,1,2,1,1,1,1,1,1,2,3,1,4,1,1,1,3,1,5,2,2,1,3,2,3,1,1,1,1,3,3,1,2,3,1,1,1,1,1,1,2,3,1,3,1,1,1,3,1,3
1,1,1,1,1,1,1,1,1,6,6,1,1,1,1,1,1,2,2,1,1,1,NA,2,1,1,1,1,1,1,1,1,1,1,1,1,1,1,5,1,1,1,6,1,1,3,1,5,2,6,3,3,2,2,2,1,1,1,1,1,3,1,5,2,1,1,2,1,2,1,6,1,2,2,1,3,1,1,2,4,2,1,2,2,4,2,1,2,1,6,3,6,2,1,2,2,1,2,2,1,3,1,1,1,2,1,2,3,4,2,2,3,1,4,2,2,4,2,3,4,1,3,1,3,2,4,1,3,4,2,3,5,2,1,2,3,3,4,2,3,2,2,3,1,1,1,4,3,3,1,2,3,3,1,2,2,2,2,3,2,1,2,4,1,2,2,3,5,2,2,6,5,1,3,3,1,1,1,2,4,1,5,1,2,2,1,1,3,3,1,3,1,2,3,1,3,1,2,1,1,3,2,1,1,1,1,2,1,1,2,1,1,1,1,2,1,2,1,3,3,2,1,4,2,4,2,2,1,1,1,3,1,2,NA,1,2,2,1,1,2,1,1,1,5,1,1,1,2,2,1
1,4,4,5,5,4,2,2,1,5,6,5,5,5,3,3,3,2,3,2,5,2,6,2,2,5,2,2,2,2,2,2,2,2,2,2,2,1,5,6,2,2,5,2,2,2,2,2,5,5,2,5,2,2,2,2,2,2,1,2,4,5,2,2,2,2,2,5,2,2,5,3,3,3,2,5,2,2,5,5,2,2,5,2,2,2,2,2,2,6,6,6,5,3,3,5,1,5,5,4,1,2,2,2,2,2,2,2,5,5,3,3,2,3,2,2,6,6,4,2,2,2,2,2,2,6,6,6,6,5,5,2,3,3,3,3,3,4,4,4,4,3,3,1,1,1,5,3,3,3,1,1,3,3,3,5,2,2,5,2,2,2,3,2,2,2,2,3,3,3,3,3,3,2,1,1,1,3,3,1,1,3,1,1,4,6,1,3,6,1,5,1,3,1,1,1,1,3,3,3,3,3,5,3,3,3,3,1,1,4,2,2,2,1,4,1,5,3,3,2,2,2,4,2,6,3,3,3,3,3,5,3,6,6,3,2,2,2,5,2,5,6,6,6,1,1,1,4,1,1
5,6,6,1,2,1,3,4,2,6,5,5,2,3,4,1,NA,NA,NA,NA,NA,NA,NA,NA,NA,NA,NA,NA,NA,NA,NA,NA,NA,NA,NA,NA,NA,NA,NA,NA,NA,NA,NA,NA,NA,NA,NA,NA,NA,NA,NA,NA,NA,NA,NA,NA,NA,NA,NA,NA,NA,NA,NA,NA,NA,NA,NA,NA,NA,NA,NA,NA,NA,NA,NA,NA,NA,NA,NA,NA,NA,NA,NA,NA,NA,NA,NA,NA,NA,NA,NA,NA,NA,NA,NA,NA,NA,NA,NA,NA,NA,NA,NA,NA,NA,NA,NA,NA,NA,NA,NA,NA,NA,NA,NA,NA,NA,NA,NA,NA,NA,NA,NA,NA,NA,NA,NA,NA,NA,NA,NA,NA,NA,NA,NA,NA,NA,NA,NA,NA,NA,NA,NA,NA,NA,NA,NA,NA,NA,NA,NA,NA,NA,NA,NA,NA,NA,NA,NA,NA,NA,NA,NA,NA,NA,NA,NA,NA,NA,NA,NA,NA,NA,NA,NA,NA,NA,NA,NA,NA,NA,NA,NA,NA,NA,NA,NA,NA,NA,NA,NA,NA,NA,NA,NA,NA,NA,NA,NA,NA,NA,NA,NA,NA,NA,NA,NA,NA,NA,NA,NA,NA,NA,NA,NA,NA,NA,NA,NA,NA,NA,NA,NA,NA,NA,NA,NA,NA,NA,NA,NA,NA,NA,NA,NA,NA,NA,NA,NA,NA,NA,NA,NA,NA,NA,NA,NA,NA,NA,NA
5,6,6,2,2,1,1,3,5,6,6,2,2,1,5,3,2,6,4,3,6,1,5,5,2,4,2,1,4,2,1,5,6,2,5,6,4,5,6,2,1,5,6,2,2,6,3,5,3,6,6,6,5,4,3,5,4,1,1,3,6,3,4,6,2,1,2,2,5,2,6,3,4,6,5,6,3,1,2,6,1,5,6,5,6,6,5,4,1,6,6,6,4,3,5,5,1,6,2,3,1,5,3,1,2,3,2,2,4,4,3,4,3,5,6,4,6,5,6,4,2,6,4,6,5,6,2,3,6,5,3,2,3,5,4,6,5,6,5,5,2,3,3,2,5,5,6,4,6,4,3,3,5,3,2,3,5,3,6,2,6,6,6,5,4,2,2,3,2,3,6,5,2,6,6,2,3,5,6,3,5,6,5,5,2,5,2,5,6,2,2,5,4,5,3,6,5,6,4,3,6,5,5,4,3,5,4,2,4,5,5,4,5,2,4,1,3,2,6,5,4,6,6,2,6,2,3,4,3,4,5,5,6,5,2,6,4,4,5,4,3,5,6,6,5,4,3,6,4,4
3,3,2,2,2,5,2,2,4,6,6,2,5,2,3,3,3,3,3,1,1,2,2,2,1,1,1,1,4,1,1,1,4,1,1,1,1,2,6,2,2,2,6,2,2,5,2,6,2,2,6,3,2,1,1,1,1,1,3,1,4,2,5,1,1,3,1,1,4,2,5,1,2,3,1,4,1,1,1,3,1,1,3,3,2,3,2,2,2,6,2,6,2,2,2,2,2,6,3,1,1,3,1,1,1,1,2,2,2,3,5,2,2,3,2,2,2,2,4,2,2,2,2,4,4,4,1,3,1,2,3,5,2,NA,NA,2,1,1,1,1,2,3,3,2,2,4,4,4,5,3,2,2,2,2,2,6,2,3,6,2,4,1,1,1,3,2,2,3,2,2,6,2,2,6,4,1,1,1,1,4,2,6,2,2,2,3,1,3,2,2,2,1,1,1,1,1,3,3,2,1,3,2,1,3,2,1,1,1,1,3,1,2,2,2,2,1,1,2,2,1,2,2,3,1,4,1,1,1,1,1,1,1,1,1,3,2,2,2,NA,2,1,2,2,6,3,3,2,2,2,2
5,4,4,3,3,2,3,2,NA,3,3,NA,2,3,4,4,4,4,4,4,4,4,4,3,3,2,2,3,3,3,3,3,3,3,3,3,3,3,2,2,2,1,1,1,1,4,4,4,3,3,3,3,2,2,5,5,5,5,5,4,3,2,3,4,5,4,3,2,3,4,5,6,6,6,6,6,6,5,4,3,4,3,4,3,4,5,6,6,6,6,6,5,4,3,3,2,1,2,3,4,5,5,4,4,4,4,4,4,3,2,1,1,1,1,1,1,1,1,1,1,1,2,3,4,3,4,3,3,3,3,2,1,1,1,1,2,3,4,3,3,2,2,1,1,1,1,2,3,4,5,6,5,4,3,3,3,3,4,5,6,5,4,4,4,5,6,5,4,3,2,1,2,3,4,5,5,4,3,3,3,2,2,1,2,4,5,4,4,3,3,2,2,2,3,3,3,3,4,5,4,5,4,5,4,3,3,2,2,2,3,3,3,4,5,5,5,5,5,5,5,1,2,3,4,4,5,5,5,4,4,3,3,3,5,6,6,6,6,6,6,6,6,3,4,3,3,4,4,4,4
1,1,1,1,1,1,1,1,1,3,2,1,1,1,1,1,1,1,2,1,2,1,1,1,1,1,1,1,2,1,1,2,1,1,1,1,1,1,2,1,1,1,6,1,1,2,1,2,1,4,4,1,5,1,2,1,1,1,1,1,1,1,1,1,1,1,1,1,2,1,6,1,1,2,1,6,1,1,1,2,1,1,1,1,1,4,1,1,1,6,1,6,1,1,1,2,1,5,1,1,1,1,1,1,1,1,1,1,2,1,1,1,1,2,1,1,2,1,2,1,1,1,1,1,1,2,1,1,1,1,2,1,1,1,2,1,3,3,1,1,1,1,2,1,1,1,1,1,3,1,1,1,1,1,1,2,1,1,1,1,1,1,2,2,1,1,1,1,1,1,3,1,1,3,1,1,1,1,3,1,1,3,1,1,1,1,1,1,2,1,4,1,1,1,1,1,3,1,1,1,1,1,1,1,1,1,1,1,1,1,1,1,3,1,1,1,1,1,1,1,2,1,1,2,2,1,1,1,1,1,1,1,2,2,1,1,1,1,1,2,1,1,1,2,1,1,1,1,1,1
1,1,1,3,1,2,1,1,4,6,2,1,2,1,3,3,1,1,1,1,1,1,1,1,2,1,1,2,5,1,1,3,2,4,1,2,1,1,6,2,1,1,6,1,1,6,1,6,3,6,3,2,4,4,1,2,1,1,1,6,6,2,6,1,1,2,1,4,5,1,6,2,6,6,1,4,3,1,4,6,1,1,2,1,1,6,5,2,1,6,4,6,6,1,1,3,1,6,3,1,1,1,1,3,2,1,4,1,6,4,1,4,1,2,5,2,6,5,5,6,1,6,1,5,4,6,1,6,4,1,4,6,6,6,1,1,6,6,6,3,1,1,6,1,1,1,6,1,6,6,1,4,5,1,1,6,1,2,5,4,1,4,6,2,5,4,1,1,1,4,6,1,1,6,2,2,1,1,1,6,6,NA,1,1,2,3,NA,3,6,3,6,6,4,1,1,6,3,1,6,2,2,1,6,6,1,2,1,1,1,1,1,1,6,1,1,1,5,1,1,4,4,1,6,5,6,6,6,1,6,1,4,3,6,1,1,1,1,1,1,6,3,3,1,6,1,1,1,1,1,1
5,3,3,4,4,3,3,4,4,5,4,5,3,3,5,3,4,4,6,2,3,3,4,4,2,3,3,2,5,4,3,4,5,4,4,5,2,4,2,3,3,4,6,5,2,5,4,5,4,6,6,5,4,3,3,2,3,3,4,3,6,3,5,4,4,5,4,2,3,2,6,2,5,3,4,4,3,2,3,4,2,4,3,4,5,6,4,5,3,2,2,6,4,5,4,5,3,6,4,3,1,5,2,3,4,2,3,3,4,5,5,3,4,5,2,3,4,1,4,1,3,5,5,4,3,3,4,3,5,6,2,5,5,4,3,4,2,3,2,1,2,3,3,2,2,5,5,3,6,NA,3,2,4,2,2,2,3,4,4,3,5,3,4,2,3,4,4,3,2,5,4,2,2,4,1,2,4,3,3,2,2,4,3,3,4,5,1,2,4,1,3,3,4,5,3,4,2,4,5,1,2,3,3,5,5,4,4,2,4,3,4,2,4,3,4,2,3,4,5,5,3,4,5,2,5,2,3,4,2,3,3,5,6,3,4,5,4,3,3,4,3,5,5,3,4,4,2,5,2,2
2,3,2,1,2,1,1,1,2,3,3,2,1,2,3,2,1,2,3,1,2,1,3,2,1,2,2,1,2,2,2,2,3,2,2,2,1,2,3,2,2,3,2,3,2,3,3,2,2,3,3,2,3,2,3,2,2,2,2,2,4,2,3,2,2,3,1,2,2,3,5,2,2,2,3,3,2,3,3,2,2,2,2,3,3,3,2,3,2,3,2,5,2,2,2,3,2,3,3,2,1,3,2,3,3,2,3,2,3,3,3,3,2,3,4,2,2,2,3,2,2,3,3,3,3,3,3,4,3,2,3,3,3,3,3,3,2,3,2,3,3,2,2,3,2,3,3,3,4,2,1,2,2,2,2,2,2,3,4,2,3,2,2,2,2,2,2,2,2,2,3,2,2,2,3,2,2,2,3,2,2,2,2,2,2,2,2,2,2,2,2,2,3,2,2,3,3,3,3,2,3,2,3,3,2,3,2,2,2,2,2,2,2,2,2,2,2,3,2,3,2,2,4,2,4,2,2,2,1,2,2,2,3,2,2,3,2,1,1,1,2,2,2,2,2,2,2,1,1,2
1,2,1,1,1,3,1,1,2,5,5,2,1,2,3,2,3,3,2,3,3,3,3,3,3,1,2,1,1,2,1,3,3,2,1,2,1,2,1,3,3,2,4,3,3,2,4,3,2,3,2,3,3,4,3,2,3,3,4,2,3,3,2,1,1,2,1,2,2,3,3,2,3,3,4,3,2,2,2,3,3,2,3,2,2,3,3,2,2,3,2,2,3,4,2,1,2,3,2,1,3,2,2,1,1,1,2,2,3,3,1,2,2,2,1,2,2,3,1,2,3,2,2,3,3,3,2,2,5,5,5,3,2,2,2,3,1,2,2,1,1,1,1,2,2,3,3,2,3,2,2,3,2,2,3,3,2,2,3,2,1,2,3,1,2,2,3,2,3,3,3,2,3,2,3,2,3,3,2,1,3,2,3,2,2,2,2,2,5,4,5,3,3,2,2,3,3,2,3,2,3,4,2,2,3,2,3,3,2,2,3,3,2,2,3,1,3,2,2,3,2,3,1,2,2,3,2,2,1,2,2,1,3,2,2,2,3,2,2,3,1,2,2,3,2,1,2,3,1,1
6,1,1,1,1,1,1,3,2,6,3,1,2,1,3,4,3,1,5,4,2,1,4,1,1,3,2,3,1,4,2,2,2,3,3,5,1,3,6,2,3,2,6,1,1,6,1,6,5,6,6,6,4,5,NA,1,1,1,1,3,2,4,3,3,3,2,1,2,2,1,1,1,2,2,1,6,1,1,6,6,1,3,6,6,1,6,6,3,1,4,1,3,1,1,6,6,1,6,1,1,1,3,1,1,4,1,1,1,1,3,2,4,1,4,1,1,1,2,3,3,3,1,1,1,2,3,2,1,3,2,1,1,1,4,3,2,3,2,6,5,3,4,1,1,3,4,3,1,6,1,1,1,2,1,1,3,2,1,5,1,1,1,5,2,1,1,1,1,2,2,4,4,1,6,1,1,1,1,6,5,1,6,1,3,1,1,1,2,3,1,1,1,1,2,1,3,2,2,1,1,2,1,1,3,1,NA,1,2,1,4,3,1,1,1,1,1,1,5,3,NA,5,6,1,1,1,1,6,1,1,6,3,6,6,1,4,3,1,1,2,NA,1,2,1,5,1,1,1,1,1,1
2,1,1,1,1,1,2,1,2,2,1,2,2,2,2,2,2,1,2,1,1,1,1,1,1,1,1,1,3,2,1,1,1,2,1,1,2,1,4,3,3,1,5,1,1,4,1,5,3,4,1,1,2,1,2,1,1,1,2,1,1,1,1,1,1,2,1,3,3,1,6,2,2,4,1,2,1,1,1,3,1,1,3,2,4,3,2,1,1,6,1,5,2,1,1,2,1,2,3,1,1,1,1,2,2,1,2,2,4,3,1,2,1,2,3,1,2,1,2,3,1,2,1,2,2,5,1,3,5,3,1,3,3,1,2,3,3,5,5,3,1,1,4,1,1,3,3,2,2,2,2,4,3,1,2,4,2,1,2,2,2,1,1,3,2,3,3,3,1,2,2,2,1,3,1,2,1,1,2,3,1,3,2,2,2,1,1,2,3,1,2,2,3,3,1,3,3,1,2,2,3,3,3,1,1,1,3,3,3,2,1,1,3,3,3,1,3,2,2,2,2,1,2,2,1,1,2,1,2,2,2,2,5,3,2,2,2,1,2,4,3,4,1,2,1,2,2,3,2,3
3,4,4,1,2,1,4,2,3,5,6,1,1,1,4,2,3,2,5,6,3,1,4,3,1,2,1,1,4,3,1,1,5,1,2,4,1,3,4,2,1,1,6,4,2,5,2,1,1,5,5,5,4,4,5,1,1,1,2,1,2,1,5,1,1,2,1,1,1,1,6,2,3,2,1,4,1,1,1,5,1,1,1,3,5,5,3,3,1,6,2,6,1,2,1,3,1,3,1,1,1,3,1,2,5,1,1,3,5,3,2,1,1,4,3,1,1,1,3,1,1,2,2,5,5,5,2,2,4,4,3,3,1,1,1,2,1,5,1,2,1,1,1,1,1,3,5,3,5,1,1,1,2,1,2,4,1,2,5,1,4,2,1,2,1,1,3,2,1,1,1,4,1,2,1,1,1,2,3,3,1,5,1,1,1,2,1,1,6,1,3,1,3,1,1,2,1,2,1,1,4,2,2,5,3,1,2,1,1,2,2,2,4,2,5,1,2,3,5,5,1,2,1,1,2,1,3,2,1,3,2,4,6,1,5,3,1,1,1,5,1,5,2,2,1,4,2,5,1,1
2,1,1,1,1,1,2,1,1,1,2,1,1,1,2,1,1,1,3,1,1,1,1,2,1,2,1,1,3,1,2,1,2,1,1,1,1,2,4,1,2,1,4,1,1,2,1,2,2,6,3,2,1,2,2,1,3,1,2,2,2,1,2,1,1,1,2,1,2,1,5,2,3,5,1,4,2,1,1,1,1,3,1,3,2,5,1,4,1,1,2,5,2,4,3,1,1,2,2,1,2,2,2,2,2,1,1,4,3,3,1,1,2,2,1,1,2,1,1,1,1,2,1,1,2,2,1,2,2,1,4,3,3,2,3,2,3,2,2,3,2,1,3,2,1,3,3,1,5,2,1,2,5,2,1,1,2,2,2,2,1,1,3,1,2,2,1,3,1,2,3,2,2,4,1,1,2,1,1,4,3,2,2,1,1,1,1,3,3,1,4,2,2,1,1,4,2,1,1,1,1,2,1,1,2,1,2,1,1,2,1,1,3,2,1,3,3,1,2,1,1,1,1,2,4,1,3,1,1,3,2,1,5,2,1,3,1,1,2,3,1,1,1,3,2,2,2,1,3,2
