"bayonet","lobe","waxed","shreds","anthrax","fashions","reddish","cashier","untapped","paralyzed","caustic","wrongdoing","payoff","thirsty","mediator","explores","blurry","pharmacist","doubly","authenticate","consumes","neutralize","regent","degenerated","articulated","plenary","limitless","aggravated","gusto","inventors","protease","counsellor","alleging","verbs","favoring","ragtime","coherence","outlining","imbedded","mobilize","urinary","applauded","faiths","parades","tugged","mares","thorny","necessitate","offences","skillet","transitional","liberating","angered","pupils","fife","envisioned","freighter","understandably","octane","identically","estates","renovation","surveyed","chuckled","socioeconomic","cortex","hauled","anterior","transcend","probate","goodwill","deceitful","clap","growled","displeasure","bumpers","achieves","trendy","orchestras","ducked","boosting","scooter","chanted","debacle","fauna","rocketry","swipe","fenced","saute","collapsing","beneficiaries","tomorrow's","curling","surfaced","misled","blasphemous","percentile","nocturnal","safeguards","flatter","barbaric","memorized","orphans","microphones","subpoena","tramp","augmented","collapses","socialized","cob","pastures","electrically","verve","consultations","physician's","predicate","diehard","thirdly","loot","cascades","improvised","banded","trunks","snapping","feathered","brunt","barrage","tendons","primaries","foresight","misquoted","restitution","certifying","correlate","naturalization","crowned","stabilizing","weekday","mower","meditating","stationery","cultured","noteworthy","flowering","blindfolded","loathing","bordering","cashed","staggered","stirred","stylish","thong","stump","endorsing","decaying","mayhem","detectable","wrangler","quintessential","boundless","stockholders","crossbow","beak","inasmuch","unskilled","storefront","protons","forearms","spacers","fairies","goof","dismayed","itinerary","invitational","papyrus","octopus","malfunctioning","deviant","pantheon","slashed","abandoning","lobotomy","wharf","nanny","plethora","descendents","ramble","valleys","hapless","devotional","broadest","deadlock","frustrations","gallup","hereafter","ejaculate","distressing","repugnant","interconnected","cannonball","valence","wack","gassing","unambiguous","bookings","fleshy","loathed","chops","contemporaries","wobble","algebraic","infertility","momentary","boardwalk","regrettably","adolescents","biscuits","cheetah","advertises","grunted","ballast","cliches","thoughtfully","pilgrimage","fling","beneficiary","crusty","crammed","flask","gunfire","totaling","trapping","tombs","alienation","molestation","esquire","sniper","starlight","crises","enforces","smoky","ova","cosmetics","flattering","italic","hookup","downstream","inversion","tart","godfather","initiating"
3,1,1,1,1,3,1,3,1,3,6,2,1,2,3,1,2,3,5,2,2,3,5,3,3,6,2,4,2,2,2,2,4,2,4,3,4,2,2,5,4,5,2,2,3,2,2,6,5,2,3,3,3,4,5,3,6,3,3,3,2,2,3,3,3,2,4,3,3,2,1,6,1,3,5,2,3,2,5,2,1,2,2,6,6,2,3,2,6,2,5,3,2,2,2,4,2,2,3,2,3,3,3,3,6,1,5,3,3,1,2,3,6,2,4,4,1,2,1,2,4,2,1,1,2,5,5,1,3,2,5,3,3,2,2,2,4,1,4,3,4,3,2,2,1,3,2,2,3,4,3,1,1,3,3,3,2,5,5,2,2,1,3,6,2,1,2,2,1,2,1,1,2,3,5,3,2,4,6,2,2,5,5,3,4,5,2,3,2,2,2,1,3,5,1,3,2,5,2,2,3,3,2,6,2,2,4,1,2,4,4,3,3,2,5,4,4,2,4,3,5,6,3,4,3,5,2,3,2,1,4,3,4,4,3,6,2,2,1,1,2,2,2,1,6,1,2,2,1,2,4
2,1,1,1,1,3,1,2,1,5,6,6,1,3,3,4,3,6,5,6,2,6,2,2,4,4,1,3,2,1,3,5,2,1,2,2,NA,4,1,3,2,5,4,2,1,3,1,5,1,1,5,2,2,3,2,5,6,3,2,1,3,6,2,2,6,1,5,3,2,2,2,6,1,3,6,1,6,2,3,1,1,1,1,5,5,1,2,1,6,2,5,6,2,4,1,6,3,4,3,1,2,3,6,6,5,1,3,2,5,1,3,2,1,6,6,2,3,3,1,2,3,2,1,3,5,1,3,1,5,5,3,3,4,3,6,5,2,2,4,3,NA,4,5,2,5,6,3,1,4,5,5,3,1,2,4,3,4,6,6,4,3,3,4,3,1,3,3,2,3,5,1,2,4,6,5,2,6,5,5,2,4,2,6,1,2,4,5,3,1,5,5,4,5,1,5,4,2,6,3,NA,3,1,3,4,3,2,5,1,3,2,3,2,3,4,2,5,6,3,4,2,3,5,6,5,2,3,2,2,1,4,4,3,5,5,5,5,3,5,4,3,3,2,3,3,2,2,4,4,1,3,3
2,1,1,2,3,2,2,2,2,3,4,2,1,1,1,1,1,1,1,1,1,1,1,1,1,1,1,1,1,1,1,1,1,1,1,1,2,2,2,2,2,2,1,1,1,1,1,1,2,2,2,2,2,2,1,2,2,1,2,2,2,2,2,NA,3,2,3,2,2,2,2,2,2,2,2,2,2,2,2,2,2,2,2,2,2,2,2,2,2,2,2,2,2,2,2,2,2,2,2,2,2,2,2,2,2,2,2,2,2,2,2,2,2,2,2,2,2,2,2,2,2,2,2,2,2,1,1,2,2,2,2,2,2,2,2,2,2,2,2,2,2,2,2,2,2,2,2,2,2,1,2,2,2,2,2,2,2,2,2,2,2,2,2,2,2,2,1,1,1,1,1,1,2,2,2,2,2,2,2,2,2,2,2,2,1,2,2,2,2,2,2,2,2,2,3,3,2,2,2,2,2,2,2,3,3,2,2,2,2,2,2,2,2,2,2,2,2,2,2,2,2,2,2,2,2,1,1,1,1,1,1,2,2,2,2,2,2,1,1,1,1,1,2,2,2,2,2,2,2,2,2
6,1,2,2,2,4,2,3,4,3,5,1,2,1,3,2,2,6,2,6,3,4,1,2,5,2,1,3,1,4,6,6,2,1,2,1,2,2,3,1,2,4,1,2,3,5,4,3,3,4,2,3,4,2,2,2,6,2,1,3,1,1,5,6,3,4,6,3,5,2,1,3,1,4,2,3,6,1,5,2,1,1,3,4,2,3,2,2,3,2,4,3,3,2,1,6,5,6,4,2,3,2,2,1,5,1,5,1,3,1,3,3,2,3,6,2,3,2,1,3,3,2,2,1,3,1,4,2,3,4,3,2,3,2,4,3,2,1,3,2,3,2,3,2,3,4,2,1,2,3,2,1,1,2,3,3,4,2,6,2,3,2,2,4,3,2,1,2,3,2,1,3,4,2,3,1,4,2,3,2,3,2,3,1,2,6,4,2,3,3,1,2,3,4,5,1,2,3,4,5,3,2,3,4,2,3,6,1,3,3,4,2,3,1,3,2,5,2,3,2,3,4,5,3,1,3,1,4,1,2,3,2,1,3,4,6,3,1,2,3,2,1,3,4,2,2,1,4,1,2,3
6,2,2,3,5,4,3,3,2,5,6,4,4,3,3,1,1,6,2,5,3,4,6,6,6,6,3,4,2,3,4,3,5,1,2,1,5,3,4,3,5,4,5,5,4,6,3,6,2,1,1,2,3,4,5,3,6,5,2,2,3,1,6,3,5,2,6,3,4,2,1,4,1,2,2,1,4,2,5,1,1,1,2,5,6,2,1,2,6,1,6,3,1,2,1,6,5,3,1,1,3,3,4,5,6,1,5,4,3,1,3,2,2,3,5,4,1,2,1,4,2,1,1,2,3,1,4,2,3,3,2,4,3,3,4,2,2,1,1,2,3,2,1,1,1,4,1,1,2,3,3,1,1,1,4,5,2,3,5,1,1,1,1,2,1,1,1,2,1,3,2,1,3,4,5,2,2,4,5,2,1,2,6,1,2,1,1,1,2,1,3,1,2,1,2,3,1,4,2,1,2,1,2,6,1,2,5,1,3,2,5,4,1,1,2,5,3,1,2,1,2,6,2,3,1,5,1,1,1,2,2,1,5,3,3,4,2,1,5,2,1,1,2,1,4,1,1,2,1,1,4
3,1,1,1,1,1,1,3,1,4,2,1,1,1,1,1,1,4,1,2,1,3,2,3,1,4,1,1,1,2,2,1,4,1,1,2,4,1,3,1,4,4,1,3,3,1,1,5,3,1,3,3,4,1,1,3,NA,4,1,2,1,2,2,1,5,1,1,1,3,2,1,4,1,1,5,1,3,1,4,1,1,1,1,4,4,5,1,3,5,2,6,4,1,2,2,6,4,5,5,3,4,5,5,5,6,3,6,1,3,1,3,4,3,5,6,4,3,1,1,1,5,1,1,3,3,3,4,NA,3,4,5,5,4,3,5,4,3,4,3,5,4,4,4,5,4,3,4,5,5,6,5,4,3,2,4,3,3,5,6,4,5,3,4,4,3,4,4,3,5,4,4,3,2,3,6,3,5,4,4,2,5,4,4,1,4,5,4,2,4,5,3,4,5,4,5,6,3,4,5,3,4,4,3,6,3,5,4,1,6,1,6,4,3,5,4,5,4,3,4,4,3,6,6,6,1,4,1,3,1,1,1,1,4,5,5,6,1,1,5,1,1,1,4,4,5,1,1,3,1,NA,4
5,1,1,1,3,NA,1,4,2,4,1,1,3,4,2,1,3,5,6,5,2,4,1,3,2,3,1,3,1,4,5,6,3,1,4,2,4,3,2,4,5,2,3,1,1,2,4,NA,NA,NA,NA,NA,NA,NA,NA,NA,NA,NA,NA,NA,NA,NA,NA,NA,NA,NA,NA,NA,NA,NA,NA,NA,NA,NA,NA,NA,NA,NA,NA,NA,NA,NA,NA,NA,NA,NA,NA,NA,NA,NA,NA,NA,NA,NA,NA,NA,NA,NA,NA,NA,NA,NA,NA,NA,NA,NA,NA,NA,NA,NA,NA,NA,NA,NA,NA,NA,NA,NA,NA,NA,NA,NA,NA,NA,NA,NA,NA,NA,NA,NA,NA,NA,NA,NA,NA,NA,NA,NA,NA,NA,NA,NA,NA,NA,NA,NA,NA,NA,NA,NA,NA,NA,NA,NA,NA,NA,NA,NA,NA,NA,NA,NA,NA,NA,NA,NA,NA,NA,NA,NA,NA,NA,NA,NA,NA,NA,NA,NA,NA,NA,NA,NA,NA,NA,NA,NA,NA,NA,NA,NA,NA,NA,NA,NA,NA,NA,NA,NA,NA,NA,NA,NA,NA,NA,NA,NA,NA,NA,NA,NA,NA,NA,NA,NA,NA,NA,NA,NA,NA,NA,NA,NA,NA,NA,NA,NA,NA,NA,NA,NA,NA,NA,NA,NA,NA,NA,NA,NA,NA,NA,NA,NA,NA,NA,NA,NA,NA,NA,NA,NA,NA
4,1,1,1,6,3,1,3,1,3,6,3,1,1,3,1,1,4,3,4,3,2,1,2,4,5,1,1,1,2,3,3,3,1,3,3,4,2,1,1,2,2,3,4,1,1,1,4,2,1,4,4,4,1,1,3,3,4,4,2,2,3,2,2,5,2,2,2,3,2,2,3,1,4,2,3,3,1,4,3,3,2,1,5,1,1,1,1,5,2,4,4,1,1,2,5,3,2,3,1,3,2,2,2,5,2,2,3,2,1,3,3,1,3,4,3,5,1,1,3,3,2,2,2,4,1,5,3,4,4,4,5,5,3,2,2,2,3,2,4,4,3,3,2,3,3,3,1,2,4,4,1,1,4,4,4,3,5,6,2,2,3,1,4,3,3,3,3,3,2,1,2,2,4,5,3,3,2,2,1,2,1,1,1,3,3,1,3,1,4,3,4,3,3,3,3,2,4,4,3,4,1,1,2,2,2,2,1,3,1,4,3,4,4,3,4,3,3,3,3,3,5,3,3,1,3,4,2,1,2,3,3,4,4,3,4,3,2,1,3,3,1,3,2,2,1,3,3,1,2,4
5,2,2,1,2,3,2,2,3,4,2,2,3,2,3,3,3,4,3,5,4,4,4,4,4,3,3,3,3,3,2,3,2,2,3,2,3,3,3,2,2,3,2,3,3,2,2,3,2,2,3,2,3,3,2,3,3,3,3,2,2,2,3,3,5,2,2,2,3,2,2,2,1,1,2,2,2,2,3,2,3,3,3,2,2,3,2,2,2,3,4,3,2,2,3,4,3,3,2,3,3,2,2,3,3,2,2,3,3,1,3,3,5,2,4,4,3,2,1,3,2,3,1,2,4,1,3,3,2,4,1,4,3,5,2,3,3,5,1,4,1,6,4,2,3,1,2,3,4,5,2,3,1,6,2,3,2,5,2,3,2,3,2,5,1,3,2,5,1,4,3,2,6,3,3,NA,1,2,1,5,3,4,2,3,3,5,4,3,3,1,6,4,2,3,2,3,1,5,3,4,3,5,3,2,4,4,6,3,2,1,3,2,3,4,5,3,3,1,4,2,5,4,3,6,1,6,5,4,2,3,5,3,6,3,2,4,2,5,5,1,3,2,2,3,3,1,3,1,1,1,4
4,2,1,1,3,1,1,2,1,2,3,1,1,1,1,1,1,2,3,2,1,1,1,1,1,2,1,1,1,1,1,2,2,1,1,2,2,1,1,1,2,1,1,1,1,1,2,1,1,1,1,1,1,1,3,2,3,2,2,1,2,1,1,1,1,1,2,1,2,1,1,2,1,1,1,1,1,1,2,1,1,1,1,2,3,1,1,1,3,1,2,1,1,1,1,4,3,2,1,1,3,1,2,2,4,1,3,1,2,1,2,1,2,NA,1,1,1,1,1,1,2,1,1,1,1,1,2,1,2,1,NA,1,1,1,1,1,2,1,2,1,2,1,1,1,2,2,1,1,1,1,1,1,1,1,1,3,2,2,3,2,1,2,1,3,NA,2,2,2,1,2,1,2,1,1,3,1,2,1,3,NA,1,2,2,1,2,2,1,2,1,2,1,1,2,2,2,2,2,3,2,1,2,1,2,3,1,1,2,1,2,1,2,2,1,1,1,2,1,2,2,2,3,2,2,3,1,3,1,1,1,1,1,1,3,2,2,2,1,1,2,1,2,1,1,1,2,1,1,1,1,1,2
6,3,1,1,6,4,2,3,1,2,3,1,1,1,2,1,2,3,4,4,2,4,3,2,2,4,2,4,4,3,3,3,5,1,1,1,3,1,1,2,2,2,2,3,2,2,2,3,3,2,3,2,4,4,4,3,3,2,1,2,3,2,4,2,2,1,2,2,5,2,1,4,1,4,3,2,3,1,5,1,1,1,1,4,4,2,3,1,5,3,4,2,3,4,1,4,3,3,3,2,3,2,4,3,5,1,5,3,3,1,3,1,2,3,4,5,1,1,1,2,2,2,2,2,2,3,4,2,2,2,2,2,2,2,1,2,1,1,1,2,2,3,1,3,1,3,3,1,2,3,2,1,1,2,2,1,2,3,6,1,2,2,1,3,1,1,1,2,3,2,1,2,3,1,4,2,2,3,4,2,2,2,4,1,4,3,1,1,1,2,2,1,2,1,1,3,2,5,2,2,3,1,1,5,1,1,3,1,2,1,4,2,2,1,2,2,3,2,2,2,1,6,1,3,1,2,1,1,1,1,1,1,4,3,2,6,2,1,3,1,1,1,1,1,2,1,1,1,1,1,3
6,4,3,3,5,4,3,4,5,6,6,2,1,3,3,4,1,6,4,6,3,4,4,5,2,4,3,4,1,3,2,5,4,3,2,4,3,2,2,4,4,4,5,3,5,4,6,4,3,5,4,4,5,4,6,3,2,4,3,1,4,3,5,5,3,4,4,3,4,3,3,3,3,4,3,4,2,3,3,3,3,3,3,4,2,3,3,4,3,2,4,3,3,3,3,3,3,3,3,3,3,3,3,3,3,3,3,3,3,3,3,3,3,3,3,3,3,3,3,3,3,3,3,3,3,3,3,3,3,3,3,3,3,3,3,3,3,3,3,3,3,3,3,3,3,3,3,3,3,3,3,3,3,3,3,3,3,3,3,3,3,3,3,3,3,3,3,3,3,3,3,3,3,3,3,3,3,3,3,3,3,3,3,3,3,3,3,3,3,3,3,3,3,3,3,3,3,3,3,3,3,3,3,3,3,3,3,3,3,3,3,3,3,3,3,3,3,3,3,3,3,3,3,3,3,3,3,3,3,3,3,3,3,3,3,3,3,3,3,3,3,3,3,3,3,3,3,3,3,3,3
2,1,1,1,2,2,1,1,1,2,2,1,1,1,1,1,1,2,1,2,1,2,1,1,3,1,1,2,1,1,1,2,1,1,1,1,2,1,1,1,1,1,1,1,1,2,1,2,1,1,1,1,1,1,1,2,2,1,1,1,1,1,1,1,2,1,1,1,1,1,1,2,1,1,1,1,1,1,2,1,1,1,1,1,1,2,1,1,1,1,2,1,1,1,1,3,2,2,1,1,1,1,1,1,2,1,1,1,1,1,1,1,1,2,1,1,1,1,1,2,1,1,1,1,1,1,1,1,2,1,1,2,1,1,2,1,1,1,1,2,1,1,1,1,2,1,1,1,1,1,1,1,1,2,1,2,1,1,2,1,2,1,1,2,1,1,1,1,1,1,1,2,2,1,1,1,2,2,2,1,1,2,2,1,3,1,1,1,1,1,1,1,1,1,2,2,1,3,2,1,1,1,1,2,1,1,1,1,2,1,2,1,1,1,1,2,1,1,2,1,1,1,1,2,1,1,1,1,1,1,2,1,1,2,2,2,1,1,1,1,1,1,1,1,1,1,1,1,1,1,2
1,1,1,1,1,3,1,4,1,2,4,1,1,1,1,1,1,3,5,5,2,4,2,3,2,2,1,1,1,1,2,1,1,1,1,1,2,2,2,2,3,4,2,2,1,2,2,2,2,1,3,2,2,2,1,2,6,2,2,2,1,3,2,2,3,1,4,3,5,2,1,3,1,1,3,1,4,1,2,1,1,1,1,4,4,1,3,2,5,2,6,2,1,3,4,4,3,3,2,1,3,1,2,2,6,1,6,1,3,1,2,2,3,2,4,2,2,2,1,2,2,1,1,1,2,1,2,3,3,3,3,3,3,3,3,3,3,1,3,1,4,2,3,2,2,4,1,1,1,2,2,1,1,1,1,1,1,1,3,1,1,1,3,3,2,2,2,3,1,3,1,1,1,1,3,2,3,1,4,2,2,1,4,1,1,4,1,3,2,3,3,3,4,2,2,2,1,4,2,1,2,1,1,5,3,1,2,1,2,1,4,2,1,2,2,4,5,3,2,2,4,6,5,3,1,3,1,1,1,2,2,1,4,3,2,5,3,6,2,1,3,1,2,2,1,1,2,2,1,2,5
6,1,1,1,2,1,1,2,1,3,3,2,1,1,1,1,1,5,4,4,1,1,1,2,2,2,1,1,3,1,1,2,1,1,1,1,3,1,1,1,2,1,1,1,1,1,1,2,1,1,1,1,1,1,2,1,2,1,1,1,1,1,2,3,3,1,2,1,1,1,1,2,1,1,1,1,1,1,2,2,1,1,1,3,3,1,1,1,3,1,2,4,1,1,1,6,2,3,1,1,2,1,6,5,6,1,3,1,2,1,2,1,1,3,6,1,1,1,1,2,2,1,2,2,3,2,2,1,1,3,6,1,2,1,1,1,1,1,2,1,1,1,1,2,1,2,1,1,1,1,1,1,1,1,3,4,1,2,3,3,4,3,1,6,3,1,2,2,1,1,1,3,4,1,5,5,2,1,3,1,1,3,4,1,5,1,1,2,1,2,1,1,2,2,3,3,1,5,1,1,2,1,2,6,1,1,2,1,1,1,2,1,1,1,2,3,4,2,1,2,3,6,1,6,2,3,1,1,1,1,1,1,3,1,2,6,1,2,1,2,1,4,1,1,1,1,1,3,1,1,2
3,1,2,1,1,5,1,1,1,3,5,1,1,1,1,5,1,5,1,5,2,5,1,1,1,1,1,2,1,1,5,5,2,1,1,1,3,2,1,1,1,5,1,2,1,5,1,4,3,1,3,1,1,3,3,6,6,1,2,1,1,1,4,5,5,1,5,1,5,1,1,6,1,1,5,1,6,1,6,2,1,1,1,1,6,5,4,5,6,1,6,1,1,3,1,6,3,1,5,1,1,1,6,6,6,1,5,1,6,1,1,1,4,5,6,1,4,1,1,1,1,1,1,1,6,1,4,1,6,5,1,6,3,1,4,1,1,1,1,1,6,1,3,4,1,6,1,1,1,5,6,1,1,5,5,1,1,2,5,5,6,5,6,6,1,6,4,6,6,6,1,3,6,6,6,1,6,2,6,1,1,1,6,6,1,6,6,6,1,6,1,6,6,1,6,1,1,1,1,1,6,6,1,6,1,1,6,1,6,1,6,1,1,6,1,6,6,6,6,1,1,6,6,6,1,6,1,1,1,1,1,1,5,6,6,6,1,6,5,5,1,1,1,1,1,1,6,6,1,6,6
1,2,3,4,5,6,5,4,3,2,1,2,3,4,5,6,5,4,3,2,1,2,3,4,5,6,5,4,3,2,1,2,3,4,5,6,5,4,3,2,1,2,3,4,5,6,5,4,3,2,1,2,3,4,5,6,5,4,3,2,1,2,3,4,5,6,5,4,3,2,1,2,3,4,5,6,5,4,3,2,1,2,3,4,5,6,5,4,3,2,1,2,3,4,5,6,5,4,3,2,1,2,3,4,5,6,5,4,3,2,1,2,3,4,5,6,5,4,3,2,1,2,3,4,5,6,5,4,3,2,1,2,3,4,5,6,5,4,3,2,1,2,3,4,5,6,5,4,3,2,1,2,3,4,5,6,5,4,3,2,1,2,3,4,5,6,5,4,3,2,1,2,3,4,5,6,5,4,3,2,1,2,3,4,5,6,5,4,3,2,1,2,3,4,5,6,5,4,3,2,1,2,3,4,5,6,5,4,3,2,1,2,3,4,5,6,5,4,3,2,1,2,3,4,5,6,5,4,3,2,1,2,3,4,5,6,5,4,3,2,1,2,3,4,5,6,5,4,3,2,1
3,1,1,2,1,3,1,3,1,1,3,1,1,1,2,1,1,2,5,3,2,6,3,2,3,5,1,2,2,1,2,5,2,1,2,1,2,1,1,3,3,3,1,2,1,3,1,1,2,1,2,1,2,2,2,3,5,2,1,1,1,2,3,1,3,1,2,2,2,2,1,5,1,1,3,1,4,1,4,1,1,1,1,3,3,2,1,1,5,1,4,2,1,2,1,4,2,3,6,2,5,2,2,1,6,1,5,1,3,1,2,2,1,2,4,1,1,2,1,2,2,1,2,1,5,1,5,2,3,6,2,2,1,1,1,2,3,1,2,1,3,2,1,1,2,4,1,1,4,1,3,2,1,1,1,4,1,4,3,3,1,2,2,3,1,1,1,1,2,6,1,2,4,3,5,2,2,3,3,1,1,1,1,1,2,1,1,2,1,3,1,1,2,2,1,3,1,2,1,1,2,1,1,6,1,1,3,1,1,1,3,1,1,3,1,NA,2,1,2,2,4,5,6,4,1,5,1,2,2,1,1,1,5,2,1,5,1,1,4,1,1,1,1,1,1,1,2,2,1,1,3
6,2,2,2,4,2,2,5,2,6,2,2,2,2,2,2,2,5,5,3,3,3,3,3,3,5,2,2,2,2,5,2,2,2,2,2,5,2,2,2,2,2,1,2,2,2,2,4,4,2,2,2,2,2,2,2,3,1,4,2,4,2,4,2,2,2,1,2,2,1,1,2,1,1,1,1,1,1,4,1,1,1,1,1,3,2,1,1,3,1,3,1,1,1,NA,6,1,1,1,1,2,1,1,1,5,1,5,2,2,1,2,1,1,1,2,2,3,2,2,2,2,1,1,1,1,1,2,1,1,1,1,1,1,1,1,1,1,1,1,1,1,1,1,1,1,4,1,1,1,1,1,1,1,1,1,1,1,1,5,1,1,1,1,5,1,1,1,NA,1,1,1,1,3,1,1,1,1,3,5,1,1,4,5,1,4,1,1,1,1,1,2,1,1,2,1,1,1,4,1,1,1,1,1,1,1,1,2,1,1,1,1,1,1,1,1,1,1,1,1,1,1,1,1,1,1,1,1,1,1,1,1,1,1,1,1,2,1,1,1,1,1,1,1,1,1,1,1,1,1,1,1
6,1,1,1,2,1,1,1,1,3,3,1,1,1,1,1,1,1,1,3,1,1,1,1,1,3,1,1,1,1,4,3,1,1,1,1,2,1,2,1,3,1,1,1,1,NA,NA,NA,NA,NA,NA,NA,NA,NA,NA,NA,NA,NA,NA,NA,NA,NA,NA,NA,NA,NA,NA,NA,NA,NA,NA,NA,NA,NA,NA,NA,NA,NA,NA,NA,NA,NA,NA,NA,NA,NA,NA,NA,NA,NA,NA,NA,NA,NA,NA,NA,NA,NA,NA,NA,NA,NA,NA,NA,NA,NA,NA,NA,NA,NA,NA,NA,NA,NA,NA,NA,NA,NA,NA,NA,NA,NA,NA,NA,NA,NA,NA,NA,NA,NA,NA,NA,NA,NA,NA,NA,NA,NA,NA,NA,NA,NA,NA,NA,NA,NA,NA,NA,NA,NA,NA,NA,NA,NA,NA,NA,NA,NA,NA,NA,NA,NA,NA,NA,NA,NA,NA,NA,NA,NA,NA,NA,NA,NA,NA,NA,NA,NA,NA,NA,NA,NA,NA,NA,NA,NA,NA,NA,NA,NA,NA,NA,NA,NA,NA,NA,NA,NA,NA,NA,NA,NA,NA,NA,NA,NA,NA,NA,NA,NA,NA,NA,NA,NA,NA,NA,NA,NA,NA,1,3,5,1,2,1,3,1,1,1,1,1,1,1,1,1,1,1,1,1,1,1,1,1,1,4,1,1,1,1,1,4
4,1,1,1,3,4,1,3,2,5,5,3,1,2,4,3,2,5,4,5,3,5,3,4,2,5,3,4,2,2,6,5,5,1,2,1,4,3,4,3,5,4,2,4,2,5,3,5,2,1,2,3,3,4,5,3,5,2,4,3,2,3,4,2,4,4,3,4,2,3,1,5,1,3,4,1,4,3,5,1,1,1,2,6,6,4,2,4,6,4,3,2,1,4,2,5,3,2,2,1,3,5,5,5,6,2,5,3,3,1,4,2,1,2,4,2,1,2,1,3,2,1,1,1,4,1,5,1,2,3,4,4,3,4,5,2,3,1,3,2,4,4,2,4,4,5,3,2,4,1,3,1,1,4,3,2,3,4,6,2,1,4,1,4,1,2,5,2,2,5,1,3,5,4,6,3,5,6,4,1,2,5,5,3,5,5,3,4,2,3,4,3,2,4,2,4,2,5,3,3,5,1,2,5,2,1,5,1,3,3,5,3,2,2,3,5,5,3,2,1,5,5,2,5,1,4,1,1,1,1,2,1,4,3,3,4,3,4,5,4,3,1,4,3,5,1,2,4,1,3,4
1,1,1,1,1,2,1,1,1,1,1,2,1,1,1,2,1,4,2,2,2,2,3,3,2,1,1,2,1,1,2,2,3,1,1,2,2,2,1,2,2,2,2,2,1,1,1,2,2,1,4,1,2,1,2,3,3,1,2,1,2,NA,2,2,4,1,1,1,3,2,1,3,1,1,2,1,3,1,3,1,1,1,1,3,2,2,2,2,4,3,3,3,2,3,1,3,2,1,2,1,1,2,3,4,6,2,3,3,3,1,3,3,2,3,4,3,2,3,1,2,2,1,1,1,2,1,2,1,2,4,2,2,3,2,4,2,3,1,2,2,3,3,2,2,2,3,2,2,1,3,3,1,1,2,2,1,1,3,2,2,2,1,1,1,2,2,1,1,2,1,1,2,3,3,3,2,3,3,2,2,2,3,4,1,1,3,1,2,1,3,2,3,4,NA,2,3,2,1,3,1,2,1,1,2,2,1,2,1,2,1,2,1,1,2,2,4,3,1,2,1,1,2,2,3,1,2,1,1,1,2,2,1,3,3,3,2,2,3,2,2,1,1,2,1,2,2,2,2,1,2,4
1,3,4,3,4,4,3,2,4,5,5,3,3,2,1,2,1,6,2,1,5,3,2,1,2,4,3,4,4,3,4,6,4,1,3,2,4,4,4,3,5,1,4,1,3,3,4,5,4,3,3,1,3,5,4,4,4,2,3,1,2,4,3,4,6,4,4,5,4,1,1,3,1,4,3,1,3,3,4,2,1,1,3,2,6,3,3,3,5,2,4,4,2,2,2,6,2,1,2,1,3,4,5,6,6,1,5,4,4,1,5,3,4,4,6,1,1,3,4,1,3,1,3,1,4,2,3,1,2,5,5,3,4,3,3,5,3,3,4,3,5,3,4,5,3,5,3,1,2,3,5,1,3,3,1,4,3,4,6,3,3,4,3,3,4,3,3,4,5,5,4,1,4,5,6,5,4,1,5,4,3,1,5,3,5,5,1,2,3,3,2,3,4,2,3,1,3,6,3,4,3,1,3,5,2,3,3,2,3,4,5,5,3,2,2,5,3,3,3,1,1,6,5,2,1,6,1,1,1,2,3,3,5,3,4,6,2,4,6,4,1,2,3,1,3,3,3,4,1,1,6
5,5,5,3,6,2,3,5,4,6,6,6,4,4,5,3,3,6,4,6,2,6,4,5,6,5,4,3,4,4,5,3,5,2,2,4,4,5,5,4,5,4,3,4,4,5,4,5,6,6,6,6,4,3,5,6,6,5,6,5,5,5,4,4,6,6,6,5,6,5,4,6,2,3,4,3,6,3,6,4,4,4,4,6,5,5,3,3,6,3,6,5,4,5,5,6,6,5,6,3,5,3,5,5,6,3,5,4,6,1,3,4,5,5,6,6,6,3,2,4,4,3,3,3,4,5,5,5,5,6,6,6,4,4,5,5,4,5,5,4,5,3,5,5,5,4,4,5,6,6,3,2,4,4,6,4,5,5,6,5,6,5,3,6,5,5,4,5,4,5,2,5,5,6,6,5,6,6,6,4,3,5,6,3,5,6,4,4,5,5,4,5,5,6,6,6,6,6,5,6,6,3,4,5,4,4,4,4,5,4,6,6,4,6,5,6,6,5,4,5,6,6,4,5,2,5,4,4,4,3,4,4,5,4,4,6,4,5,3,4,4,5,5,4,5,4,6,6,3,5,5
5,1,1,1,2,3,1,2,1,2,2,2,1,1,2,1,1,3,4,4,2,2,2,3,3,3,1,3,4,1,1,2,5,1,2,1,3,1,1,1,2,3,2,1,1,1,1,2,2,1,2,2,2,2,1,3,4,3,1,2,1,2,2,1,3,1,2,2,2,1,1,2,1,1,2,1,2,1,2,1,1,1,1,4,5,1,1,2,6,1,3,1,1,1,1,5,3,2,4,1,2,2,3,3,6,1,4,2,3,1,2,2,5,1,3,3,1,1,1,1,2,1,1,1,2,1,4,1,2,5,3,2,2,2,3,1,2,1,1,1,2,2,2,2,1,1,1,1,1,1,4,1,1,2,1,2,1,3,5,3,2,2,1,1,1,1,1,1,1,2,1,2,5,2,6,2,2,5,3,1,3,5,5,1,5,3,2,2,1,2,2,2,2,3,1,2,1,4,1,1,3,1,1,5,1,1,1,1,3,1,5,1,1,1,1,4,4,2,1,1,4,6,5,4,1,4,1,1,1,1,2,1,5,3,2,5,1,5,6,1,2,2,1,1,4,2,1,3,1,2,4
6,2,2,3,4,3,2,3,1,4,2,3,2,4,2,2,1,6,2,3,2,3,4,5,3,3,2,3,2,2,2,3,2,1,3,2,3,2,3,2,2,4,NA,2,2,3,3,4,4,2,3,3,4,2,3,4,5,3,3,2,3,4,4,4,6,2,3,4,3,2,1,4,1,3,3,2,4,2,4,4,3,2,3,4,3,2,2,3,4,3,5,5,3,3,2,6,5,4,3,2,4,3,4,4,6,2,4,3,5,1,3,3,3,6,5,4,1,3,1,3,3,3,2,2,3,2,3,2,3,3,4,3,4,3,5,3,3,3,2,4,3,2,2,2,2,3,3,2,4,3,3,4,2,3,2,3,3,4,6,4,3,3,2,4,2,3,2,2,4,3,2,3,2,5,3,NA,5,2,4,4,2,3,4,3,6,5,2,3,3,5,2,2,4,3,2,4,4,5,4,3,2,1,2,5,3,3,3,2,6,3,4,3,2,4,3,5,4,3,4,3,3,3,4,4,2,5,3,2,1,1,NA,3,4,4,5,4,3,2,3,3,2,1,3,2,3,2,3,2,1,2,3
2,1,1,1,2,2,2,2,3,3,3,3,3,3,4,4,4,4,4,4,4,4,4,4,4,4,4,4,3,3,3,3,3,3,3,4,4,4,4,4,4,4,4,3,3,3,3,3,3,3,3,3,3,3,3,3,3,4,4,4,4,4,4,4,4,4,4,4,4,4,4,4,4,3,3,3,3,3,3,3,3,3,3,3,3,3,3,4,4,4,4,4,4,4,4,4,4,4,4,4,4,4,3,3,3,3,3,3,3,4,4,4,4,4,4,4,5,5,5,5,5,5,5,5,5,5,5,5,5,5,5,6,6,6,6,6,6,6,6,6,6,6,6,6,6,6,6,5,5,5,5,5,5,5,5,5,5,5,5,5,5,5,2,2,2,2,2,2,2,2,2,2,2,2,2,2,3,3,3,3,3,3,3,3,3,2,2,2,2,2,2,2,2,2,3,3,3,3,3,3,3,3,3,3,3,3,3,4,4,4,4,4,4,4,5,5,5,5,5,5,5,5,5,5,5,5,5,5,4,4,4,4,4,4,3,3,3,3,3,3,3,3,2,2,2,2,2,2,2,2,2
1,1,1,1,1,1,1,2,1,1,2,1,1,1,1,1,1,6,3,1,1,2,2,2,1,1,1,1,2,1,2,2,2,1,1,1,1,1,1,1,1,1,1,1,1,1,1,4,4,1,1,1,1,1,2,1,3,1,2,1,1,1,1,1,1,1,2,1,4,1,1,5,1,1,2,1,4,1,1,1,1,1,1,1,1,1,1,1,2,1,1,1,1,1,1,6,1,1,1,1,1,1,1,1,2,1,2,1,4,1,1,1,1,1,1,2,1,NA,1,1,1,1,1,1,2,1,1,1,1,1,1,1,4,1,1,1,1,1,1,1,1,1,1,1,1,2,1,1,1,1,1,1,1,1,1,2,1,1,1,1,1,1,1,1,1,1,2,3,1,1,1,1,2,1,1,1,1,2,4,1,1,1,1,1,1,1,1,1,1,1,4,1,1,1,1,1,1,6,1,1,1,1,1,1,1,1,1,1,1,1,2,1,1,1,1,1,1,1,1,1,1,3,1,1,1,4,1,1,1,1,1,1,1,1,1,1,3,1,3,1,1,1,1,1,1,1,1,1,1,1,5
6,4,2,2,6,4,1,3,2,4,4,3,1,2,3,3,1,4,4,5,2,6,5,5,5,5,5,5,1,2,3,3,5,4,3,4,4,4,4,4,4,4,2,6,2,2,2,5,2,3,4,3,NA,3,3,4,3,4,3,4,5,4,3,3,5,4,2,2,5,2,1,3,1,4,4,2,4,4,4,3,2,2,2,2,2,3,2,2,4,4,4,4,4,4,4,4,3,3,3,3,3,3,3,3,4,3,4,4,4,1,2,3,2,3,4,3,3,3,3,3,3,3,4,4,3,3,4,3,4,3,5,3,3,3,3,3,5,2,2,2,3,3,3,3,3,3,3,3,3,3,3,2,2,3,3,2,3,2,4,3,3,2,2,6,2,2,2,3,3,3,1,4,4,4,6,3,4,4,3,2,3,5,4,1,4,4,2,4,4,4,4,4,4,4,5,6,4,5,3,3,3,2,2,5,2,3,3,2,3,3,3,2,2,2,3,4,5,2,3,4,3,4,4,4,2,5,2,2,2,2,2,3,5,5,2,5,3,2,3,3,3,1,4,4,4,2,3,5,2,2,4
