"overtaken","smothered","loaves","surly","maxi","telephoto","throb","mascara","conqueror","bibliographical","botanist","puffed","parliaments","buckwheat","sponsor's","condominium","westward","forthright","unstructured","insufficiently","technologist","enjoin","hallucinating","industrialists","gaslight","crucible","harpers","lashing","checkmate","cartels","distiller","skirmish","archetype","exponents","sportsman","goings","soma","morphological","mirth","stencil","bruin","nightclubs","pus","eludes","dictatorial","straddled","soloists","grapefruit","rider's","winked","decadence","runoff","eluded","shill","irreverent","gash","waffles","virology","subconsciously","jobless","pooling","stingy","sanctimonious","baffle","defied","differentiating","graced","purring","pout","patting","alludes","gogo","reflectors","coolness","refit","pewter","tirades","disassembly","instigate","mulch","filly","oboe","gunsmith","hypnotized","flax","calmer","constituting","acoustical","continuance","capillary","respiration","sequoia","clamoring","lurks","snarl","tipper","overcrowded","lumpy","monopolize","coldest","airtight","sororities","inborn","sighing","maul","bragged","idiosyncratic","tapering","squealed","slinky","hunched","strumming","deliberations","porous","presupposes","prodding","avowed","plucky","clench","fountainhead","mightily","afro","stalked","drizzle","unprofitable","marauders","subterranean","foiled","melodramatic","subjectively","balding","reinstate","remuneration","frisk","overlaps","awed","reptilian","thwarted","steadfast","consolidating","purveyor","unimaginable","hydroelectric","paprika","taboos","recollect","matinee","island's","modulate","shredding","unfolds","surging","normality","yonder","superbly","ephemeral","liquidating","marshmallow","screenings","recounts","coronet","campsites","secede","predisposed","gouge","twisty","secondhand","greenish","coughed","frayed","suspensions","grievance","nightshade","reciprocate","microorganisms","mailman","shambling","equestrian","obstructed","saturate","sneaks","snorted","vocalists","aggravation","sponges","fain","comprehending","turrets","grandma's","pejorative","meditations","slippage","gelding","flinch","admiralty","byline","faintest","zoologist","mongoose","mused","cellophane","grandmothers","extravaganza","chins","dazzle","lactation","orchids","turquoise","onerous","aromatic","zany","sagging","modestly","adrenalin","belch","rogues","rewrites","dachshund","deterrence","shrugs","stammered","daresay","appointing","benevolence","saintly","hallways","delude","unchanging","topography","tweet","amphibious","indiscretion","standstill","positional","confrontations","unsophisticated","wealthiest","abnormally","droves","buzzed","dryness","infidels","capricious","persistently","tulips","overbearing","keyboarding","overpowered","yesteryear","thunderstorm","betraying","resplendent","conned","sneezing","outpatient","outweighed","slipper","frequented","snipe","tenacity","deplore","busily","motoring","morbidity","counterclockwise","epithet","dismount","overheated","maligned","weaves","proscribed","shavings","incestuous","nightgown","dehydrated","opportunist","unscathed","ream","scrupulous","apprehend","reinstated","microbial","apprehended","sextant","nub","displeased","promiscuity","sniffed","notoriety","mercantile","canons","epistles","resentful","paltry","undetermined","glimpses","tabulated","totaled","curfew","rosary"
1,2,3,4,2,1,3,5,2,3,3,4,2,1,2,4,4,2,4,3,2,2,4,4,3,4,3,2,1,3,4,4,2,3,1,1,3,4,4,5,2,1,1,5,2,1,2,1,2,3,4,1,5,2,2,1,3,4,4,4,3,5,4,3,5,5,2,2,2,3,NA,4,2,5,4,5,5,2,2,2,3,3,1,3,1,4,2,4,5,2,3,2,2,3,NA,2,3,1,3,1,4,5,1,2,2,2,5,2,3,1,2,2,4,5,5,2,3,3,1,2,4,2,3,3,2,5,3,3,5,1,1,2,6,2,1,2,3,2,1,3,5,1,5,6,5,4,3,2,2,3,2,2,2,4,3,6,6,1,2,2,2,4,2,5,4,2,1,3,5,2,3,4,2,NA,5,2,2,NA,3,3,2,4,3,2,2,2,2,2,1,5,4,5,5,4,3,4,4,3,3,4,6,2,5,2,3,4,3,5,6,6,4,2,2,3,5,4,3,6,6,2,3,6,3,4,3,1,4,3,4,1,6,5,3,4,4,3,2,3,2,1,2,3,4,1,2,1,2,1,3,3,2,4,2,4,2,2,3,3,2,2,4,3,NA,2,2,5,2,2,5,2,2,3,6,2,1,3,2,2,6,2,4,4,1,1,1,2,4,3,5,5,3,5,2,5,1,4,5,1,2,1
1,1,3,1,1,1,1,2,4,6,5,1,6,2,2,4,3,4,3,5,5,4,3,3,1,5,1,1,1,1,5,4,5,4,1,1,2,2,1,2,3,1,1,2,2,1,1,1,1,1,3,1,2,1,4,1,1,2,3,1,1,1,6,2,3,4,1,2,1,1,2,1,1,1,1,6,3,3,4,4,4,4,2,3,2,2,4,4,4,4,4,6,4,3,2,2,2,2,3,1,1,4,1,5,3,3,5,3,5,NA,3,3,5,6,5,4,3,3,3,2,3,2,2,1,3,5,6,3,3,6,2,5,6,2,2,4,5,5,2,5,5,2,2,4,3,3,6,4,6,3,3,3,4,3,3,5,5,5,2,3,5,3,6,3,4,3,2,2,4,4,3,3,1,4,5,1,4,6,4,4,2,2,4,3,4,2,3,4,3,6,3,3,6,4,5,3,3,3,3,4,4,3,4,2,2,3,3,5,5,5,1,4,3,2,NA,3,2,6,5,2,2,3,4,3,3,3,4,4,3,2,4,4,3,4,5,5,5,4,3,3,3,4,6,1,1,1,1,1,1,1,1,4,1,1,1,1,1,3,1,3,1,2,1,1,1,6,1,1,5,1,2,1,4,1,1,1,NA,2,6,3,1,2,1,5,1,1,4,1,6,6,4,6,1,3,1,NA,6,1,1,2
3,4,4,4,3,2,2,3,5,5,4,3,5,3,4,5,2,4,3,5,4,5,6,4,2,3,2,2,2,3,4,5,6,2,2,3,2,4,3,4,5,2,2,5,4,3,4,3,2,3,5,2,3,2,4,3,3,4,6,3,3,2,6,4,5,6,4,4,5,4,5,4,4,3,4,5,5,5,6,5,3,5,3,6,2,3,4,5,6,4,3,6,5,4,3,2,3,2,4,3,3,5,3,4,5,4,6,5,5,4,3,4,6,6,5,4,5,3,2,2,3,3,3,4,5,6,6,5,5,5,4,5,6,3,2,3,3,5,4,5,6,4,5,6,5,4,6,2,3,2,2,3,4,5,6,6,5,4,3,3,6,5,6,4,5,4,3,3,5,3,4,5,3,5,5,3,3,6,4,5,3,3,4,4,4,3,5,6,2,4,4,5,2,3,4,2,3,2,4,3,4,2,5,2,4,3,4,6,6,4,5,3,3,5,3,5,4,6,4,3,4,2,5,6,3,2,3,3,6,3,6,4,3,5,4,4,4,5,3,3,3,4,6,5,3,4,3,4,NA,4,6,6,2,3,2,2,4,5,3,5,4,3,4,5,3,4,4,2,5,4,5,4,6,2,5,4,4,3,6,5,4,4,5,4,3,4,5,3,6,5,4,5,3,3,3,4,5,3,3,3
4,4,6,5,5,2,4,6,5,6,3,1,5,4,5,5,2,5,6,6,6,2,5,5,3,5,2,2,3,4,6,6,6,4,3,1,2,6,3,1,3,4,2,3,5,5,2,3,3,4,5,1,2,1,5,3,2,5,6,1,1,2,6,2,1,5,1,2,1,3,5,1,5,2,1,4,5,5,6,3,1,4,1,3,1,2,1,6,6,6,6,6,4,2,1,2,5,2,5,2,3,4,1,3,1,4,6,3,4,2,1,1,3,3,4,2,3,2,1,4,2,1,3,2,4,6,6,1,6,5,2,5,6,1,3,2,4,2,3,5,6,4,5,3,2,3,2,3,3,2,2,2,2,1,2,4,3,2,1,2,3,2,3,3,2,1,3,2,3,2,5,6,4,5,4,2,2,3,2,3,1,2,2,4,2,1,4,2,3,6,4,2,3,1,3,2,2,3,2,2,4,5,6,1,1,3,2,5,4,3,3,2,3,4,1,2,3,4,3,1,2,3,4,5,2,2,3,4,5,1,4,3,2,4,5,6,3,3,1,1,1,2,6,5,2,4,4,5,4,3,4,3,1,3,4,4,1,4,2,4,2,2,3,3,4,5,2,3,4,2,3,2,5,2,3,4,3,1,6,5,4,5,4,3,1,3,5,2,6,4,1,4,3,1,4,3,4,2,1,1
4,4,5,2,1,4,3,3,5,6,4,2,3,4,3,4,3,2,4,3,2,2,4,4,2,1,1,3,1,1,1,4,6,4,2,4,1,6,1,1,4,3,1,6,4,3,3,2,5,2,3,1,4,1,4,1,2,4,2,1,5,3,2,1,4,6,4,4,3,4,2,1,5,2,2,4,3,2,2,2,1,3,4,5,1,1,3,6,5,4,4,6,3,1,1,3,4,2,4,3,5,6,1,4,2,4,6,5,4,4,5,3,5,2,5,4,2,3,1,3,4,1,3,5,4,6,6,3,4,5,1,4,6,1,3,4,4,3,4,5,4,4,2,5,3,5,4,5,3,4,3,4,5,2,3,4,6,5,3,3,2,2,4,4,5,3,3,3,4,2,5,4,3,4,5,2,3,3,2,2,4,3,4,5,4,3,2,2,3,4,4,3,3,2,2,2,3,4,4,2,5,4,5,1,1,3,2,5,5,2,1,2,3,1,1,5,3,4,4,3,2,4,4,5,3,3,3,4,4,2,6,6,5,5,5,6,4,1,3,3,4,4,6,4,3,5,5,4,5,3,3,2,1,3,4,4,5,4,2,1,1,6,4,4,5,4,3,3,5,3,3,4,6,3,NA,4,5,2,5,4,4,3,3,2,1,4,5,2,6,6,1,3,2,2,4,5,4,4,1,2
1,1,2,1,1,3,2,1,3,4,2,1,2,1,1,2,1,2,2,5,4,2,3,3,2,2,1,1,1,1,1,1,2,1,1,1,1,3,1,1,1,2,1,2,3,2,3,2,1,1,3,1,2,1,2,1,4,3,5,1,3,1,5,3,2,4,2,1,3,1,3,1,2,2,2,4,3,2,2,2,2,2,1,3,2,1,4,4,4,2,2,5,2,2,1,1,2,1,2,1,2,1,1,3,1,1,4,1,2,1,1,1,2,2,2,1,3,1,2,3,3,1,2,2,1,3,3,1,1,3,1,1,1,2,1,1,1,3,1,1,4,2,2,1,2,1,2,2,1,1,1,1,1,1,1,4,2,2,1,1,2,2,1,2,3,2,1,2,3,2,2,3,2,2,2,1,1,4,2,1,2,1,2,2,5,1,2,1,1,3,2,1,1,2,3,1,1,2,2,1,3,2,4,1,1,2,2,3,4,2,2,1,1,5,2,5,2,2,3,1,1,3,3,3,2,1,1,2,3,1,4,3,1,2,2,3,5,2,2,1,1,2,3,2,1,2,2,1,2,1,2,3,2,2,2,3,1,2,3,4,2,4,1,2,2,3,1,1,3,2,1,1,4,2,3,2,3,2,3,2,2,2,2,1,1,2,3,1,3,3,1,4,2,2,2,1,1,1,2,1
1,2,3,1,1,3,3,1,4,5,1,1,3,4,1,3,1,3,2,4,3,4,4,4,2,2,1,3,1,1,1,1,3,2,1,3,1,4,1,3,2,4,1,3,4,1,2,4,1,1,2,3,3,1,2,1,3,3,5,1,2,4,6,1,4,5,3,1,3,1,2,1,1,1,1,1,1,3,3,1,1,3,4,4,1,3,3,4,4,1,4,5,2,2,3,3,3,4,1,1,3,3,1,4,3,2,5,2,3,3,2,1,2,3,2,1,1,1,1,4,3,1,4,1,1,3,5,4,3,3,2,3,4,1,1,2,3,2,2,2,5,5,2,1,1,1,4,4,2,2,1,4,2,1,1,3,3,1,1,2,1,3,3,2,1,1,1,1,4,1,5,4,2,4,1,4,4,3,2,2,4,1,1,1,3,3,4,1,1,3,3,3,3,2,1,3,3,3,2,2,4,2,1,1,1,3,3,5,3,2,1,1,1,2,3,4,3,6,1,1,1,4,4,4,3,2,2,2,4,1,6,5,1,5,5,6,5,2,2,1,1,1,6,4,2,3,3,1,4,1,1,3,1,1,4,4,1,3,1,3,1,4,1,2,4,3,4,3,2,3,2,2,2,2,1,2,3,3,5,4,2,4,4,1,1,3,4,1,6,2,1,3,1,1,1,1,1,1,1,1
2,2,2,3,3,2,4,3,3,5,6,1,5,5,2,1,3,4,3,6,4,4,4,2,2,3,4,1,1,2,3,NA,4,4,NA,3,3,1,6,2,2,3,2,2,2,2,3,4,2,4,3,5,5,5,3,3,2,1,2,3,3,3,2,3,3,4,6,2,2,6,6,6,6,6,3,2,3,4,4,2,1,1,2,1,1,2,2,2,1,3,4,4,4,4,3,2,1,2,2,1,2,3,3,3,4,4,6,6,6,4,3,4,4,3,2,2,3,1,1,1,1,3,6,6,4,3,4,4,3,1,5,3,2,3,4,4,4,1,1,4,5,5,5,3,5,3,3,4,1,4,1,1,1,1,2,3,6,6,6,6,3,2,2,4,5,3,3,3,3,5,6,6,5,1,1,4,5,5,5,6,6,2,2,3,3,3,3,1,1,5,3,1,2,2,2,5,5,5,3,3,2,1,3,1,1,1,6,3,3,3,5,3,5,3,3,3,2,2,2,2,2,4,2,3,2,2,2,4,3,4,3,2,2,2,6,6,3,3,3,3,5,2,2,4,4,4,3,2,2,2,2,3,4,4,6,3,2,1,1,2,3,6,3,3,4,3,3,2,2,2,5,3,4,4,3,3,4,4,4,6,6,6,1,1,1,2,3,3,3,2,4,4,3,4,NA,2,2,NA,4,4
1,1,3,5,1,1,1,1,3,3,2,2,3,1,3,1,1,1,1,2,2,2,2,2,1,2,1,1,1,1,2,1,3,2,1,1,1,1,5,1,1,2,3,2,2,1,1,2,1,1,2,1,2,1,1,1,2,2,2,1,1,3,4,1,2,2,1,1,2,1,1,1,1,1,2,2,3,1,2,1,1,2,1,2,1,1,2,3,3,2,1,3,1,1,2,1,1,1,2,1,1,2,1,4,4,1,3,2,3,1,1,1,1,6,1,2,3,1,1,1,1,3,2,2,1,3,2,3,2,1,1,1,4,2,1,5,2,2,2,1,1,2,1,1,2,3,3,2,2,1,1,1,1,2,3,2,1,1,1,1,2,1,1,1,3,1,1,1,3,1,1,1,1,2,2,1,1,1,1,1,2,1,1,2,1,2,1,1,1,4,1,1,3,1,2,1,1,3,2,1,3,1,2,1,1,2,3,4,5,3,2,1,2,2,1,4,1,6,4,1,1,3,1,2,1,1,2,1,4,1,2,3,1,1,2,3,2,2,2,1,1,2,5,2,2,2,1,1,2,1,1,2,2,2,2,2,1,2,1,3,1,1,1,1,1,4,1,1,5,1,1,1,3,1,2,2,3,2,4,2,2,3,1,4,1,1,3,1,2,5,1,4,1,2,1,2,2,1,1,1
1,2,2,3,1,2,1,1,1,4,3,1,4,5,1,6,1,1,1,1,1,6,1,1,1,2,1,1,1,1,1,1,1,1,1,1,1,3,1,1,1,1,1,5,3,1,1,1,1,1,3,1,1,1,2,1,1,3,3,2,1,1,6,1,1,1,1,1,1,1,1,1,1,1,3,2,4,1,1,3,1,4,1,1,1,1,1,1,1,1,1,3,1,1,1,1,1,1,2,1,1,2,1,1,1,1,6,1,1,1,1,1,2,3,3,1,4,1,1,2,1,1,1,1,1,3,2,1,2,2,1,1,5,1,1,1,1,3,1,1,6,3,6,2,1,1,2,1,1,1,1,1,1,3,5,5,2,1,1,1,4,1,3,1,1,1,1,1,1,1,2,1,1,1,1,1,1,1,1,2,1,1,1,1,1,1,3,1,1,4,1,1,1,1,1,2,1,1,3,1,2,1,1,1,1,1,1,1,3,1,1,1,1,1,1,1,1,3,3,1,1,1,1,1,1,1,1,1,3,1,6,4,1,1,1,1,1,1,1,1,1,2,4,1,1,1,1,1,2,1,1,4,1,1,1,1,1,1,1,2,1,3,1,2,1,6,1,1,3,1,1,1,4,1,1,1,1,3,1,2,1,3,1,4,1,1,3,1,4,4,1,6,1,5,1,1,4,1,1,1
1,2,1,3,NA,5,1,1,3,1,4,1,2,1,3,1,1,1,1,1,2,1,1,1,1,2,1,1,1,1,1,3,5,1,1,1,1,5,1,2,3,2,1,1,2,3,2,2,1,1,1,1,1,3,2,2,1,3,1,1,1,3,3,2,3,3,1,3,1,NA,1,1,1,1,1,4,4,1,1,1,1,1,1,3,1,1,1,1,1,1,1,3,4,1,1,1,1,1,1,1,1,1,1,1,1,1,3,1,1,1,1,1,1,2,2,2,2,2,2,2,1,1,2,1,1,3,2,1,2,2,2,1,2,1,1,1,1,1,1,1,2,1,1,1,1,1,1,2,1,1,1,1,1,1,1,1,1,1,1,1,1,1,3,1,2,1,1,1,1,1,1,1,1,1,1,1,1,1,1,2,2,1,1,1,1,1,1,1,1,1,1,1,1,1,1,1,1,1,1,1,1,1,1,1,1,1,1,1,1,1,2,1,1,1,1,2,1,3,1,1,1,1,1,3,1,1,1,1,3,1,3,1,1,1,1,3,1,1,1,1,1,1,3,1,1,1,1,1,1,1,1,NA,1,2,1,2,1,2,2,1,1,2,1,2,1,1,2,1,1,2,1,NA,2,1,2,NA,2,3,3,2,3,3,2,3,2,3,3,2,2,1,2,2,1,1,2,1,1,NA,2,3
1,3,4,6,3,1,4,2,5,3,5,2,4,3,3,5,3,3,3,5,5,2,4,4,3,6,2,1,2,3,2,5,6,3,3,1,5,5,3,4,5,4,3,5,4,4,2,3,3,2,5,1,5,1,3,1,3,4,6,1,1,5,6,2,4,5,2,1,4,1,4,5,2,2,6,5,6,5,5,6,1,5,2,6,2,5,3,5,4,4,3,6,3,1,4,2,3,3,5,3,4,5,1,4,4,2,6,3,5,4,2,2,6,5,4,3,5,3,2,5,5,5,5,2,4,6,5,5,4,3,6,3,5,4,2,6,2,6,1,5,6,3,4,5,1,2,5,6,4,4,2,5,3,6,5,5,5,1,1,1,5,1,4,2,5,1,2,1,5,3,6,4,3,3,4,2,3,4,3,4,2,3,2,3,5,2,3,5,3,1,4,6,6,2,5,4,3,5,2,4,5,3,5,3,4,2,5,5,6,2,4,3,3,4,2,3,4,5,2,1,4,3,2,3,4,2,3,4,2,1,6,4,3,1,3,5,5,2,3,2,3,4,6,2,1,4,3,4,1,2,3,5,3,3,4,4,2,5,2,4,2,4,3,5,2,5,3,2,6,5,2,4,5,3,3,4,5,2,5,4,1,4,2,3,1,2,6,4,2,5,3,5,1,4,1,5,2,5,3,3
1,1,3,2,1,5,1,2,4,5,2,1,2,2,1,2,1,2,1,3,4,1,1,1,4,5,1,1,1,1,1,2,5,1,1,1,1,6,1,1,1,4,1,2,1,1,2,1,1,1,3,1,1,1,3,1,2,3,3,1,1,2,1,2,2,1,1,1,2,1,1,1,1,1,1,1,2,1,1,1,1,3,1,2,1,1,1,4,2,1,2,6,1,1,1,1,2,1,2,1,4,1,1,5,3,3,4,2,3,1,1,1,2,4,1,1,1,1,1,3,5,1,2,1,3,3,2,2,1,1,1,3,2,1,1,1,2,1,2,1,2,2,1,1,1,1,3,6,1,1,1,3,1,1,2,6,1,1,1,2,2,1,3,1,3,1,1,1,5,1,1,3,4,1,1,1,1,4,1,1,1,1,1,1,2,1,1,1,1,1,2,2,3,1,2,1,1,2,1,1,6,1,2,1,1,2,6,5,4,1,1,3,1,2,1,3,2,6,2,1,2,1,1,1,1,1,1,2,6,1,6,2,1,2,2,6,2,1,1,1,1,1,4,1,1,3,2,1,1,1,1,1,2,1,4,5,1,2,1,2,1,2,1,2,1,1,2,1,4,1,1,1,4,4,1,1,3,1,2,1,2,3,1,1,1,1,3,1,1,3,1,4,1,1,1,1,1,1,2,1
3,3,3,3,3,3,3,3,3,3,3,3,3,3,3,3,3,3,3,3,3,3,3,3,3,3,4,3,3,3,3,3,3,3,3,3,3,3,3,3,3,3,3,3,3,3,3,3,3,3,3,3,3,3,3,3,3,3,5,3,NA,3,6,6,6,6,3,1,1,3,3,2,2,3,1,5,5,3,3,3,1,4,3,4,3,3,3,3,3,3,3,6,3,3,3,3,3,1,3,3,3,4,3,6,3,3,6,3,3,3,3,3,3,3,6,6,3,3,3,3,6,1,NA,3,3,6,6,3,6,3,3,3,3,3,3,3,3,6,3,6,6,3,3,6,1,3,3,3,3,3,2,3,3,6,3,5,3,3,5,2,3,3,3,3,3,3,3,3,3,3,3,6,3,3,3,3,3,6,3,6,3,3,3,3,3,3,3,6,3,6,3,5,6,3,3,3,NA,3,3,3,5,3,3,3,3,5,5,5,5,3,5,3,3,3,1,4,NA,6,3,NA,3,3,5,6,5,3,3,3,3,3,3,3,3,3,5,3,3,3,3,3,2,3,3,2,3,3,3,3,3,3,3,3,3,3,3,2,2,2,2,2,2,1,2,2,3,2,2,3,2,2,1,3,2,3,1,4,3,2,2,4,2,3,4,2,3,3,4,3,2,3,4,2,3,3,2,2,3,2,3,4
1,1,1,4,1,4,1,6,6,2,2,1,4,1,1,1,2,1,1,1,1,5,2,4,1,2,1,1,1,3,4,5,5,2,1,1,3,4,5,1,2,1,2,5,5,4,4,1,1,1,5,1,5,5,5,1,1,5,3,1,1,1,6,2,1,1,1,1,2,1,4,NA,1,1,2,5,6,4,5,6,5,6,1,6,2,1,1,2,5,5,2,6,4,2,3,4,1,1,4,1,1,1,1,1,3,1,6,6,3,1,1,1,1,6,5,2,5,1,1,1,5,2,1,1,4,6,6,3,5,5,5,5,6,3,1,3,4,5,1,6,6,1,3,1,5,1,5,1,5,1,1,2,1,3,5,6,3,1,1,1,5,1,6,5,6,1,1,1,5,1,1,6,1,6,6,1,3,6,6,6,1,1,1,2,5,5,1,5,1,6,5,6,6,4,5,6,5,2,5,4,4,1,6,1,1,4,6,6,6,1,6,1,1,3,3,5,1,6,2,2,1,6,1,3,1,1,3,1,4,1,6,5,1,1,2,3,1,1,1,1,1,5,6,1,1,1,1,1,4,1,1,5,6,1,1,5,1,1,4,6,5,3,1,6,5,6,4,2,4,1,3,1,4,2,1,1,3,4,5,2,1,5,1,2,1,1,5,1,6,6,5,5,1,6,1,1,5,6,1,2
1,3,2,1,1,3,2,1,4,1,1,1,3,4,1,1,1,4,2,3,2,2,3,1,3,3,1,3,3,1,1,3,5,1,1,1,1,3,3,2,1,3,1,2,1,2,1,1,1,1,3,1,1,1,2,3,4,1,3,1,2,3,2,3,2,4,3,2,1,1,2,1,1,2,1,3,2,2,2,3,1,2,3,1,1,1,1,2,3,1,1,4,1,1,1,1,1,1,2,1,2,1,1,3,1,1,2,2,4,1,3,1,4,2,2,1,2,1,3,2,3,1,1,2,2,3,4,2,1,2,1,2,3,1,1,2,1,3,2,1,1,2,1,1,2,1,3,4,2,3,1,3,1,1,2,3,4,3,1,1,1,1,2,1,3,1,1,3,5,1,1,3,4,2,2,2,3,3,1,2,1,1,1,1,2,2,1,1,1,2,3,2,1,3,1,1,2,1,2,2,4,3,2,3,1,1,4,5,3,1,1,1,2,2,3,3,2,6,3,3,1,2,2,3,1,1,2,3,3,1,4,2,1,2,3,4,3,1,2,1,1,2,4,2,1,1,2,1,2,3,1,1,2,2,3,4,1,3,1,3,2,1,1,1,2,2,1,1,4,1,1,3,4,3,2,1,1,1,2,1,1,1,1,1,1,2,2,1,3,1,1,4,2,1,1,2,1,1,1,1
2,3,6,4,1,1,2,1,5,2,3,4,2,1,1,3,1,1,3,4,2,1,3,3,1,3,2,1,1,1,2,1,2,1,1,3,1,4,3,2,2,1,2,4,3,4,5,1,1,4,1,1,1,1,3,1,3,3,4,1,1,1,5,5,2,3,3,2,3,1,3,1,3,1,1,1,3,3,2,1,3,3,1,2,1,1,3,3,3,3,3,4,1,2,2,1,2,3,3,2,1,2,1,2,1,3,4,3,5,3,3,2,3,5,5,3,3,1,2,3,3,3,3,2,4,4,3,5,5,4,1,4,4,3,1,4,6,4,3,2,3,3,2,2,2,1,5,5,3,1,1,2,2,3,2,5,3,4,2,1,1,1,3,4,4,2,1,1,5,2,3,3,2,3,3,2,2,3,3,3,4,2,2,4,4,3,4,1,2,4,4,2,3,2,2,1,2,3,3,3,2,1,1,1,1,1,1,6,5,3,1,1,4,4,4,4,1,3,3,1,2,2,3,4,3,1,3,4,4,2,3,3,1,4,4,3,3,2,4,4,1,2,2,2,1,1,2,3,4,2,3,3,3,1,5,4,1,3,4,3,4,4,2,3,3,5,3,3,4,4,4,4,4,2,4,3,4,1,4,3,4,2,3,1,3,4,3,4,3,3,1,4,3,4,3,3,4,5,4,4
1,4,5,4,2,3,2,5,5,3,2,2,NA,2,2,4,2,2,2,4,2,3,3,2,2,2,2,2,2,4,3,4,5,3,2,3,1,3,4,1,1,1,3,2,2,3,2,2,1,1,4,1,1,1,4,1,1,4,3,1,1,1,3,3,2,2,3,1,1,1,2,1,1,2,1,1,2,3,3,2,3,3,2,2,3,2,2,2,5,5,5,2,3,2,2,2,3,2,2,3,2,3,2,3,3,3,3,3,2,5,2,5,3,5,2,3,3,3,4,2,2,1,1,1,1,4,4,3,3,2,2,2,2,2,2,2,3,2,2,2,4,3,2,2,2,2,2,2,2,2,2,2,2,3,3,3,3,3,3,3,3,NA,2,4,4,1,3,2,3,2,3,3,3,2,2,1,3,3,4,4,1,2,2,1,3,3,2,3,2,3,2,2,2,3,3,2,2,3,2,3,3,3,2,3,2,3,3,5,2,3,3,2,2,2,3,4,2,5,2,4,4,4,2,4,2,2,3,3,3,3,3,3,3,3,3,3,3,3,3,3,3,1,3,3,2,2,3,3,2,3,3,3,3,3,2,2,3,3,3,3,3,3,2,2,2,2,3,3,2,3,3,2,3,3,2,3,2,3,3,2,3,2,3,3,3,3,3,3,2,3,3,3,3,3,3,2,2,3,3,2
4,5,6,3,1,4,3,3,6,6,4,2,6,4,4,6,2,5,2,6,6,2,5,4,3,4,2,2,3,3,3,4,6,2,2,1,1,6,3,5,1,2,1,3,6,4,6,3,2,1,5,1,2,1,6,1,3,4,6,2,3,5,6,2,3,6,2,4,1,4,2,1,5,2,1,6,4,2,5,2,1,6,1,4,2,4,5,6,6,4,5,6,2,1,2,3,4,2,6,2,1,5,2,6,4,3,6,1,5,2,1,4,6,2,5,3,4,1,2,3,4,1,2,3,5,6,6,2,4,3,3,4,6,2,1,3,4,5,2,3,6,2,5,2,3,2,4,5,3,2,3,NA,5,2,3,6,4,5,2,3,4,2,5,3,4,2,3,3,5,3,2,6,3,6,6,2,3,6,4,4,1,2,3,4,3,2,5,4,2,5,2,5,3,4,3,5,4,6,4,2,5,2,6,1,3,4,6,6,6,3,1,2,3,2,4,5,2,6,4,1,3,5,3,6,3,2,4,2,3,1,6,4,2,4,4,6,5,3,1,1,3,4,6,2,3,2,2,3,6,4,3,5,3,4,3,4,2,3,1,5,2,3,2,3,5,6,3,2,5,3,4,2,4,3,5,4,4,1,5,4,3,6,4,2,3,3,6,2,5,5,3,6,4,2,4,5,4,2,3,2
1,1,3,2,1,1,1,1,5,4,1,1,4,2,1,1,1,1,1,1,1,1,4,1,1,3,1,1,1,1,2,4,6,1,1,1,1,3,1,3,2,1,1,3,2,1,4,1,1,1,3,1,3,1,1,1,1,1,4,1,1,3,1,1,1,2,1,1,1,1,2,1,1,1,1,3,2,1,1,1,1,2,1,1,1,1,1,5,5,2,2,4,2,1,1,1,1,1,1,1,1,1,1,3,2,2,1,1,3,1,1,1,1,3,3,1,1,1,1,1,1,1,3,1,1,6,4,2,1,1,1,1,1,1,1,1,1,1,1,1,3,1,1,1,1,1,2,3,1,1,1,3,1,1,1,1,1,1,1,1,2,1,5,1,3,1,1,1,1,1,1,1,1,2,1,1,1,4,1,1,1,1,1,2,3,2,1,1,1,4,3,1,1,1,3,2,2,4,1,1,2,1,1,1,1,1,5,3,5,1,1,1,1,1,1,4,2,6,1,1,1,1,1,1,1,1,1,1,3,1,4,2,1,1,1,1,1,1,1,1,1,1,3,1,1,1,1,1,1,1,1,1,1,2,2,3,1,2,1,1,1,1,1,1,1,4,1,1,4,3,1,1,5,1,1,1,1,3,4,3,1,2,3,1,1,1,1,1,2,1,1,5,1,1,1,1,2,1,1,1
1,2,2,3,1,1,1,1,2,1,1,1,1,1,1,1,1,1,1,1,1,1,1,1,1,3,1,1,1,1,1,1,3,1,1,1,1,2,1,1,2,2,1,1,1,1,2,1,1,1,2,1,1,1,1,1,1,2,3,1,1,1,3,1,1,3,1,1,1,1,1,1,1,1,1,3,1,2,2,2,1,2,1,1,1,1,1,1,1,2,1,5,1,1,1,1,1,1,1,1,1,2,1,1,1,1,4,1,2,2,1,1,1,1,1,1,2,1,1,2,2,1,1,1,1,4,1,1,1,1,1,2,3,1,1,1,1,1,1,1,2,1,1,1,1,1,1,2,1,1,1,2,1,1,1,1,1,1,1,1,3,1,4,1,3,1,1,1,6,1,1,1,1,1,2,1,1,1,1,1,1,1,2,1,1,1,2,1,1,3,1,1,1,3,2,3,2,2,2,2,4,1,1,1,1,1,4,3,2,2,2,2,2,2,2,5,1,6,2,2,2,1,1,3,1,1,1,4,4,1,3,1,1,1,1,3,2,2,2,1,1,1,1,1,1,1,1,1,2,1,1,1,1,1,1,3,1,1,1,4,1,2,1,1,1,4,1,1,3,1,1,1,1,3,1,1,2,1,2,1,1,1,2,1,1,1,2,1,3,3,1,2,1,2,1,2,2,1,1,1
3,2,3,2,2,3,1,1,4,5,3,2,4,3,4,5,3,3,2,3,5,4,2,3,1,4,1,1,3,4,2,6,5,3,2,1,1,5,3,2,1,3,1,1,3,2,1,2,1,1,3,2,1,1,3,1,2,6,4,2,1,1,6,2,1,3,2,2,1,1,3,1,3,2,1,4,5,3,4,2,1,6,3,4,2,1,3,2,3,2,3,6,2,1,1,2,3,2,4,2,2,3,1,2,4,2,6,1,3,2,3,4,3,6,3,2,3,1,1,3,2,1,2,3,2,4,5,2,4,2,1,3,4,2,2,1,3,4,2,3,5,2,3,2,4,2,5,4,2,2,1,3,2,4,2,6,3,1,3,2,4,2,4,2,3,2,4,3,4,2,3,4,2,5,6,2,3,5,2,3,1,2,4,3,1,1,3,4,3,6,2,2,3,2,4,2,1,4,3,1,3,2,6,1,2,4,3,5,6,3,4,2,2,3,1,4,2,6,3,1,2,3,2,4,2,3,2,1,3,1,4,2,1,2,4,3,2,2,1,2,1,5,3,2,2,3,2,2,5,3,2,4,3,2,3,2,1,3,2,3,1,2,4,5,3,6,3,2,4,1,2,3,5,2,3,2,1,1,3,2,2,3,4,2,1,2,4,1,4,3,1,4,2,3,2,1,5,1,2,3
1,1,2,2,1,2,1,1,5,2,1,1,1,2,1,2,1,1,1,2,1,1,1,1,4,1,1,1,1,1,1,1,5,1,1,1,1,5,1,1,1,3,1,1,1,1,1,1,1,1,3,1,1,1,2,1,1,3,1,1,1,1,3,1,1,1,1,1,1,1,2,1,1,1,1,1,3,1,1,1,1,3,1,2,1,2,1,3,2,1,1,4,1,1,1,1,1,1,2,1,2,1,1,4,1,1,4,1,1,1,1,1,1,1,2,1,1,1,1,1,5,1,1,1,1,2,1,1,1,1,1,1,3,1,1,1,1,2,3,1,2,1,2,2,1,1,4,4,1,1,1,1,1,1,1,3,1,1,1,1,4,1,3,1,3,1,1,1,5,1,1,2,4,1,1,1,1,2,1,1,1,1,1,1,2,1,1,1,1,3,1,1,2,1,1,1,1,3,1,1,2,1,1,1,1,3,1,5,2,1,1,1,2,1,1,5,1,4,2,1,1,1,1,3,1,1,1,2,2,1,3,1,1,2,2,2,1,1,1,1,1,2,3,1,1,1,1,1,2,1,1,3,1,1,1,4,1,3,1,2,1,1,1,1,1,3,1,1,4,1,1,1,2,5,1,1,1,1,1,NA,1,1,2,1,1,1,1,1,2,2,1,1,1,1,1,1,1,1,1,1
1,1,2,4,2,3,2,4,1,3,1,5,2,2,2,3,2,4,2,3,1,3,4,5,NA,1,2,1,1,1,4,4,3,2,2,1,1,4,3,4,1,4,1,5,3,3,2,1,2,2,4,2,1,2,2,5,2,NA,3,2,2,6,1,6,2,4,5,NA,3,2,5,2,2,1,1,3,3,2,3,2,3,2,2,4,2,3,3,5,2,1,2,5,3,2,6,4,1,NA,5,2,4,2,1,2,5,3,NA,2,3,4,2,1,3,4,5,3,2,4,2,3,5,1,1,NA,3,2,4,2,6,3,1,4,3,2,2,5,NA,3,2,2,3,4,4,2,3,3,4,2,2,3,3,1,1,1,3,6,5,2,2,1,3,1,3,4,2,1,4,2,NA,4,4,4,3,1,4,2,1,3,2,4,3,2,2,2,3,4,1,3,5,2,2,1,3,2,1,2,5,1,2,1,3,1,3,2,2,3,4,3,2,1,3,NA,1,1,NA,NA,2,4,3,1,2,NA,3,2,4,2,3,2,4,4,2,3,4,1,4,4,5,3,2,2,4,3,NA,4,3,2,3,3,3,3,2,2,1,3,2,4,3,2,3,1,2,5,2,4,2,NA,3,2,1,1,3,3,4,3,2,3,2,2,2,3,3,2,NA,3,1,3,3,3,2,1,2,3,2,3,2,1,4,2,1,1
1,3,3,1,1,5,1,1,4,3,1,1,3,4,1,1,1,5,6,6,5,2,4,2,3,3,1,2,2,1,1,2,4,2,1,2,1,5,2,3,2,4,1,2,1,1,1,3,1,1,3,1,NA,NA,NA,NA,NA,NA,NA,NA,NA,NA,NA,NA,NA,NA,NA,NA,NA,NA,NA,NA,NA,NA,NA,NA,NA,NA,NA,NA,NA,NA,NA,NA,NA,NA,NA,NA,NA,NA,NA,NA,NA,NA,NA,NA,NA,NA,NA,NA,NA,NA,NA,NA,NA,NA,NA,NA,NA,NA,NA,NA,NA,NA,NA,NA,NA,NA,NA,NA,NA,NA,NA,NA,NA,NA,NA,NA,NA,NA,NA,NA,NA,NA,NA,NA,NA,NA,NA,NA,NA,NA,NA,NA,NA,NA,NA,NA,NA,NA,NA,NA,NA,NA,NA,NA,NA,NA,NA,NA,NA,NA,NA,NA,NA,NA,NA,NA,NA,NA,NA,NA,NA,NA,NA,NA,NA,NA,NA,NA,NA,NA,NA,NA,NA,NA,NA,NA,NA,NA,NA,NA,NA,NA,NA,NA,NA,NA,NA,NA,NA,NA,NA,NA,NA,NA,NA,NA,NA,NA,NA,NA,NA,NA,NA,NA,NA,NA,NA,NA,NA,NA,NA,NA,NA,NA,NA,NA,NA,NA,NA,NA,NA,NA,NA,NA,NA,NA,NA,NA,NA,NA,NA,NA,NA,NA,NA,NA,NA,NA,NA,NA,NA,NA,NA,NA,NA,NA,NA,NA,NA,NA,NA,NA,NA,NA,NA,NA,NA,NA,NA,NA,NA,NA,NA,NA,NA,NA,NA,NA,NA,NA,NA,NA,NA,NA,NA,NA,NA,NA,NA,NA,NA,NA,NA,NA,NA,NA,NA,NA
1,1,2,2,1,2,1,1,3,1,1,1,2,1,1,1,1,2,1,3,3,1,1,1,1,2,1,2,1,1,1,2,2,1,1,1,1,4,3,2,1,2,1,1,1,1,1,1,1,1,2,1,1,1,1,1,1,2,3,1,1,3,1,1,1,2,1,1,1,1,1,1,1,1,1,2,2,1,1,2,1,2,1,1,1,1,1,2,1,1,1,5,1,1,1,1,1,1,1,1,1,1,1,2,3,1,2,2,2,1,1,1,2,1,1,1,1,1,1,2,2,1,1,1,1,2,1,1,1,1,1,1,2,1,1,3,1,2,1,1,2,2,1,1,1,1,3,3,1,2,1,3,1,1,1,3,2,1,1,1,1,1,4,1,4,1,1,1,4,1,2,3,2,3,1,2,1,2,1,1,1,1,1,1,3,1,1,1,1,1,2,3,2,1,1,1,1,1,1,1,3,1,1,1,1,2,3,2,2,1,1,1,1,1,1,2,1,4,1,1,1,1,1,1,2,1,1,1,2,1,3,1,1,2,1,2,2,1,1,1,1,1,3,1,1,1,1,1,1,1,1,1,1,1,2,2,1,1,1,1,1,2,1,1,1,2,1,1,4,3,1,1,3,1,1,1,1,2,1,1,1,1,1,1,1,1,1,1,1,1,1,1,1,1,2,2,1,1,1,1
1,2,3,3,1,2,1,3,4,5,3,1,3,1,1,3,2,3,3,3,3,2,4,4,1,3,1,1,1,1,1,3,5,3,1,1,1,3,1,2,2,1,1,3,3,2,3,2,1,1,4,1,3,1,5,1,2,4,4,1,1,3,6,1,2,4,1,1,1,1,3,1,1,1,1,2,3,3,3,2,1,1,1,2,1,1,2,5,5,3,4,4,2,1,1,1,1,1,3,1,3,3,1,2,1,1,6,3,2,2,2,3,4,2,3,1,3,1,1,4,3,1,1,1,2,5,6,3,4,4,2,1,4,1,1,1,3,3,2,3,4,4,2,3,1,1,3,6,4,1,1,3,2,1,2,4,3,2,1,1,6,2,4,3,4,1,1,1,4,2,3,5,2,4,4,2,2,4,2,3,1,1,2,2,3,1,3,2,1,4,3,2,3,1,3,1,1,4,1,1,3,1,4,1,1,1,4,5,4,3,2,1,1,3,1,4,2,6,4,1,1,1,3,5,1,1,1,2,3,1,2,3,1,3,3,4,4,2,1,1,1,2,4,3,1,2,2,1,1,1,2,3,2,1,5,4,1,3,1,3,2,3,2,2,2,4,1,1,4,1,2,1,4,1,2,3,3,2,4,2,2,4,3,1,1,2,3,1,4,3,2,5,2,3,4,3,3,3,1,1
2,2,3,1,1,4,2,2,3,3,2,2,5,1,2,3,2,1,2,2,3,2,4,4,1,2,1,1,1,2,2,2,6,2,1,4,1,5,1,2,4,2,2,2,3,2,3,3,4,2,4,2,3,2,4,1,2,2,5,2,2,3,6,2,3,3,2,2,1,2,3,1,2,3,1,4,3,4,2,2,1,1,3,4,1,3,4,5,5,4,3,6,2,2,2,3,2,2,4,2,2,2,1,3,3,2,6,2,2,3,2,2,4,3,5,3,4,2,1,2,5,1,1,3,2,6,5,3,5,5,2,3,6,2,2,1,3,5,2,5,6,4,3,3,2,2,6,2,2,3,2,2,2,1,5,6,4,4,3,2,6,2,2,2,5,3,2,2,5,1,2,2,2,3,5,2,3,4,4,4,2,3,3,5,3,2,3,2,3,2,3,3,2,1,2,3,2,3,2,3,4,3,5,1,2,2,4,5,3,2,1,2,2,3,1,2,2,6,3,2,2,3,4,4,3,2,4,3,3,2,4,4,3,3,4,5,4,3,2,2,2,3,4,3,3,2,3,4,2,4,3,2,2,3,2,2,2,3,2,4,3,2,2,2,5,3,2,3,4,3,2,2,5,3,3,3,3,1,5,3,4,3,3,2,1,3,4,2,5,6,2,6,2,3,4,3,3,3,2,2
1,1,4,2,1,4,1,1,3,1,5,1,4,2,NA,1,1,2,1,3,2,4,2,1,1,2,1,1,1,1,1,6,3,1,2,2,1,5,2,1,2,3,1,3,5,3,3,1,1,2,3,1,3,1,5,1,3,3,5,2,2,1,6,2,2,2,2,1,1,1,4,1,1,2,3,6,5,2,1,1,1,4,1,2,1,1,2,5,3,1,1,5,2,1,2,3,1,1,1,2,3,4,1,3,5,1,2,2,3,1,2,1,1,3,3,4,1,1,1,2,3,1,2,1,2,5,4,2,1,2,1,1,3,1,1,2,3,6,2,1,4,2,2,1,1,2,1,5,3,1,1,2,1,1,4,5,1,5,1,1,3,1,3,3,2,1,1,1,4,2,1,3,3,2,1,1,1,5,4,3,4,1,1,2,3,1,2,1,1,5,1,3,4,1,3,2,1,1,1,1,2,1,2,1,1,3,5,4,4,2,2,1,3,1,1,4,2,4,3,1,1,1,2,2,1,2,1,2,2,1,2,1,1,2,1,3,1,2,1,1,1,1,4,2,1,2,3,3,1,1,2,3,4,1,2,4,1,3,1,3,1,2,1,2,1,3,1,2,4,1,2,2,6,1,1,2,4,1,2,1,1,2,2,2,1,2,3,1,2,3,2,2,1,4,4,1,2,3,1,1
1,2,3,2,1,1,2,4,5,6,2,2,3,1,2,4,1,1,3,5,4,2,5,4,1,6,2,2,1,1,2,3,5,5,1,2,1,4,1,1,3,1,1,3,5,4,4,1,1,1,NA,1,4,1,5,1,6,6,4,1,1,2,5,2,4,6,2,1,4,1,3,1,4,1,1,3,4,6,2,2,1,3,1,5,2,1,3,4,3,4,2,6,3,1,2,1,1,3,1,1,1,5,1,6,1,2,6,3,6,2,4,2,3,4,5,2,2,4,3,3,4,1,2,5,4,6,6,3,2,5,1,1,3,2,1,2,3,4,1,5,4,3,4,5,3,2,5,4,1,1,1,3,4,2,6,2,4,3,1,1,2,3,6,2,6,4,1,3,2,2,1,5,1,2,NA,1,2,6,4,3,1,2,3,2,3,2,4,3,2,6,3,1,2,1,4,3,4,3,NA,5,3,1,6,1,3,4,3,6,5,2,3,1,4,3,4,3,1,3,4,2,2,4,4,4,3,4,3,4,3,4,5,3,4,3,4,3,3,2,3,5,1,3,2,2,1,2,2,2,NA,2,3,6,4,5,3,5,2,3,3,4,3,5,2,4,1,6,5,1,3,2,3,2,5,1,3,2,4,2,4,5,1,5,6,1,1,1,5,2,5,5,4,3,2,4,2,3,5,3,2,4
