"simian","methodological","embroidered","emigration","huffy","taunted","playwright","petrified","coffers","reponses","inwardly","vandals","lobes","minutemen","pussycat","courting","procreate","mishap","desolate","sear","cascading","wrenches","sizzling","unnumbered","tamper","uncharted","sterility","yon","summing","isolationist","tabular","destitute","hives","sordid","deference","ashcan","rescind","optically","strident","globulin","bungle","singer's","retailing","insulating","finicky","rougher","masterful","lusts","terrorizing","cockatoo","quell","transpose","headmaster","crewman","invests","persevere","napkin","introspection","nips","panes","whooping","naivete","slumber","gull","typewriters","affidavits","toleration","finalize","intermission","mastiff","bouncer","crutches","generality","statesmen","twitched","rivalries","remarried","keenly","atmospheres","deport","roundabout","decry","conjugate","impulsive","multipurpose","liquidate","diminutive","asparagus","trifle","hens","ordain","wounding","echelon","unbounded","pointedly","electrician","defray","irritant","forecasters","woodpecker","proviso","tempers","hyperbolic","lacquer","horoscope","intrigues","hitherto","admissible","shoestring","crumbled","negroes","rancor","hydraulics","toppled","infuse","beset","aligning","bohemian","vulgarity","throwaway","omnipotence","turban","daydream","levelled","office's","mildew","nakedness","expound","unfolded","force's","adversity","parchment","nihilism","arching","juror","snuggle","heraldry","contented","menagerie","magnified","obeys","cartoonists","loner","inwards","immerse","gentleness","torrent","housewives","snobbery","conversant","labored","bumblebee","squaw","cultivating","harvester","fuhrer","palindrome","penance","coo","fan's","vulva","rigidly","umpteen","yellowish","offbeat","curmudgeon","chuckles","lurid","resumption","questioner","flocks","gout","theism","entourage","bandages","who're","choreographed","sweeten","lightest","logistic","naturism","walnuts","yellowed","eastward","molest","discourses","interminable","numbness","doodle","preoccupation","hamstring","canoes","sonnet","omnipresent","incision","yellowing","pianists","glassware","classifying","resilient","flog","snooping","garages","testes","tomahawk","mystified","limerick","stifling","amorous","petted","unequivocal","strolled","byproducts","flaunt","shuddering","downwind","unthinking","prince's","evoked","puffing","rosebud","closeup","antecedent","extrapolated","chauvinist","invulnerability","peculiarities","ontological","individualist","spigot","filaments","craters","esprit","haggling","bossy","authorizes","enrolling","anniversaries","consonant","taunts","reconsidered","creamed","craftsmen","pigments","caveman","euphoric","epitome","leery","inaccuracy","winced"
5,1,2,3,1,1,1,1,3,2,4,4,2,4,1,1,5,1,1,NA,5,2,2,3,1,1,4,4,2,4,5,4,2,3,2,4,4,2,4,2,5,1,1,1,2,4,1,4,2,5,5,5,1,1,1,4,1,NA,2,NA,4,5,4,4,1,4,3,2,2,6,1,1,1,NA,1,2,3,4,2,2,5,5,2,2,3,4,5,4,4,2,2,2,3,4,3,3,4,2,2,2,6,2,4,5,2,5,4,2,4,1,5,5,5,2,1,2,3,3,4,5,6,2,1,4,1,3,2,5,1,1,1,1,4,2,6,1,4,2,5,1,1,1,1,1,1,2,3,2,4,2,4,1,5,2,3,6,6,2,2,1,5,1,5,2,1,5,1,2,3,1,2,3,4,3,2,5,4,1,3,1,1,1,1,2,2,2,5,5,3,1,1,4,4,5,3,2,2,2,1,4,2,4,1,1,1,2,4,2,4,2,4,3,2,1,1,1,1,1,2,1,1,1,4,5,5,2,3,2,NA,1,1,3,5,1,1,1,2,5,1,3,5,1,1,1,NA,4,5,4,2,2
6,6,6,4,1,3,4,4,4,3,2,2,2,4,2,2,5,1,3,3,4,4,4,3,2,2,2,6,4,4,4,3,3,3,2,2,3,2,2,4,4,4,4,4,4,4,2,2,3,5,3,2,2,2,2,4,3,2,1,1,1,5,3,1,1,6,3,3,5,4,4,2,4,4,3,1,3,2,3,3,4,4,4,3,2,3,3,1,1,1,2,2,2,4,4,4,2,3,2,1,3,1,NA,NA,3,6,6,3,3,3,4,4,3,3,2,2,5,5,5,3,6,4,4,4,4,4,3,4,3,2,2,2,5,2,NA,2,3,3,4,2,3,2,3,3,2,3,2,3,3,4,4,3,2,2,3,2,3,1,1,1,1,1,2,3,3,2,2,2,3,3,3,3,2,3,3,4,4,4,4,2,3,3,3,2,2,3,5,5,2,5,4,3,4,3,3,3,2,4,3,4,2,3,2,4,NA,3,2,4,4,3,3,3,NA,2,4,3,2,3,2,3,3,4,3,4,4,6,5,NA,3,6,6,5,3,3,2,5,2,4,3,3,4,5,3,4,3,2,2,1,2,3
3,5,5,4,2,3,4,3,2,2,2,2,4,2,3,4,3,4,2,2,4,4,2,4,2,4,4,4,3,4,3,3,3,3,4,3,4,3,5,5,2,3,3,3,4,3,3,2,4,3,5,4,3,3,4,5,3,4,2,3,3,3,3,3,4,4,2,2,4,2,3,3,3,3,3,2,2,4,3,2,4,4,3,3,3,3,3,3,3,2,2,4,3,3,3,2,2,3,2,2,4,2,4,5,2,2,4,1,2,2,1,1,3,2,2,1,3,3,2,3,2,3,3,3,2,4,2,2,2,3,2,3,4,2,2,2,3,2,4,2,3,2,2,2,2,3,2,3,2,3,2,1,3,3,2,5,3,2,3,3,2,2,3,2,2,3,2,4,2,2,2,4,2,2,3,4,2,3,2,3,2,2,3,2,3,2,3,3,2,2,2,2,2,3,2,2,3,3,3,3,4,3,2,4,3,2,3,3,3,2,2,3,2,3,3,3,2,3,3,3,2,3,2,3,4,2,2,3,2,3,2,3,5,2,2,2,3,2,3,2,2,2,2,3,2,2,3,4,2,2
2,5,2,5,1,3,4,2,1,2,1,1,2,4,1,2,2,1,1,2,2,2,1,2,1,2,3,1,1,5,2,3,2,1,5,1,5,3,3,3,4,3,3,3,1,5,1,1,3,1,3,3,2,1,1,4,1,5,1,3,2,6,1,1,4,3,5,3,4,2,5,2,3,3,3,4,4,2,4,1,2,3,2,2,3,3,4,2,3,1,2,2,2,1,4,5,1,2,2,1,1,1,2,2,2,5,6,3,4,3,2,2,3,4,2,1,5,2,3,2,6,1,3,3,4,1,2,2,2,5,4,4,4,4,3,4,5,1,6,3,3,2,2,2,2,5,1,3,3,2,3,2,1,3,1,4,2,5,1,1,1,4,1,3,1,6,2,2,5,5,1,2,2,6,5,5,5,1,5,5,5,1,3,1,1,4,2,1,1,6,3,5,1,1,5,3,3,3,2,4,1,1,5,4,2,3,1,2,3,1,3,3,2,3,1,2,1,5,2,2,2,3,4,4,4,5,4,5,5,1,1,1,1,2,2,3,1,3,2,3,4,3,2,1,2,5,6,1,5,5
5,5,3,3,2,3,3,3,5,3,4,2,3,2,5,1,3,5,4,4,4,2,2,3,4,2,3,2,6,2,3,3,5,2,3,4,5,2,3,4,4,1,2,4,4,6,3,5,3,5,5,3,2,3,2,4,3,3,1,2,3,3,4,4,6,6,6,4,3,4,2,3,3,4,4,5,1,6,3,6,3,4,4,4,4,2,1,5,2,2,4,NA,3,4,2,2,3,5,4,5,4,4,1,5,5,3,5,5,3,4,1,2,2,5,2,3,3,2,3,6,6,6,4,5,3,4,4,5,5,6,4,5,4,4,2,4,4,2,1,3,4,4,6,2,5,5,3,2,3,2,1,4,5,1,3,2,4,4,3,4,4,5,5,2,2,2,6,3,1,2,3,4,4,4,1,3,2,3,4,4,6,4,4,5,5,4,3,4,4,4,3,3,4,3,4,4,4,5,5,3,4,4,2,2,1,5,2,3,6,4,3,2,5,3,1,2,4,4,4,5,4,5,4,3,3,6,4,2,3,4,5,5,5,5,1,3,4,4,3,4,5,2,3,3,4,3,1,1,2,6
2,1,3,2,1,1,NA,1,1,2,3,1,2,3,2,2,4,4,3,1,3,4,3,2,1,1,3,1,1,3,2,3,3,2,5,1,4,3,4,3,2,3,1,1,2,3,1,1,2,1,1,2,1,1,1,3,1,3,1,2,3,6,1,1,3,5,4,3,4,3,5,3,2,1,2,4,3,3,4,2,3,1,4,1,6,6,5,1,3,1,1,3,6,4,2,4,1,4,3,2,5,2,3,6,2,5,6,4,3,1,3,2,5,2,3,2,5,6,4,2,5,2,1,1,3,1,2,4,1,2,4,1,6,3,2,1,4,2,5,3,2,4,3,1,2,3,2,3,2,4,3,1,3,2,1,5,4,3,1,1,1,2,1,3,2,6,2,1,4,5,1,3,5,2,1,6,4,2,1,4,3,1,2,1,3,4,5,2,1,5,2,3,2,5,4,2,2,1,4,3,1,2,3,4,3,6,4,2,6,2,6,2,3,1,1,3,2,4,3,2,1,3,5,6,6,4,6,4,3,3,2,1,1,1,1,2,2,3,4,4,3,2,1,1,1,5,4,2,3,2
2,1,2,2,1,2,4,2,1,1,2,1,2,2,1,2,1,1,1,2,1,2,1,1,1,1,1,1,1,2,1,1,1,1,1,1,1,1,1,1,2,1,2,1,1,2,1,1,1,1,1,1,2,2,1,2,1,2,1,1,2,2,1,1,2,1,2,1,2,1,2,2,1,1,2,2,2,1,2,1,2,2,2,2,2,1,1,1,1,1,2,2,1,2,2,2,1,1,2,1,1,1,1,2,1,2,1,1,2,2,1,1,3,1,1,1,2,1,1,2,1,1,2,1,1,2,1,2,1,1,1,1,3,1,1,2,2,1,2,2,1,1,1,1,2,2,1,2,1,1,2,1,2,1,1,3,2,1,1,1,1,1,1,2,2,5,2,1,2,2,1,2,1,2,1,2,2,1,2,1,2,1,2,2,1,2,1,1,1,1,1,NA,1,2,1,2,1,2,2,2,1,1,1,1,1,2,1,1,2,1,NA,1,2,2,1,2,1,1,2,1,1,2,1,1,4,1,2,1,1,1,NA,1,1,1,1,1,1,2,1,2,1,2,1,1,1,2,2,1,2,2
5,5,5,5,3,3,4,3,3,2,2,3,3,3,2,3,3,3,4,3,3,2,2,2,2,2,3,4,2,3,3,3,3,4,3,4,4,3,3,5,3,3,3,3,4,2,2,3,2,4,4,3,2,2,2,3,2,3,2,3,2,5,3,2,2,5,3,3,2,4,2,2,2,2,2,2,2,3,2,2,2,3,3,2,3,4,4,3,2,2,3,3,5,3,3,3,3,3,3,3,3,3,4,5,4,3,6,3,3,3,4,5,4,3,3,3,2,3,2,2,4,4,2,3,2,3,3,3,3,3,3,3,5,3,4,2,5,3,5,3,2,3,2,2,3,3,4,3,3,3,2,2,2,2,2,5,4,4,4,2,3,2,2,2,2,5,2,3,3,2,2,4,3,4,3,5,2,2,2,2,2,2,2,2,4,2,4,3,2,2,2,3,2,4,4,2,5,2,2,3,3,3,3,3,3,3,5,4,5,2,5,3,3,3,3,3,3,3,3,2,2,2,3,4,5,4,5,5,4,5,4,3,4,3,3,3,3,3,5,3,3,2,2,2,2,4,5,5,4,2
3,6,6,6,1,3,6,6,1,1,3,1,1,6,1,3,4,1,1,3,4,6,1,1,1,1,1,1,2,6,6,6,2,3,3,6,6,2,2,2,3,3,4,5,3,3,2,1,2,1,1,1,1,1,1,1,1,3,1,1,1,6,1,1,3,6,2,2,5,1,3,6,3,1,3,5,2,1,4,1,3,2,1,2,6,6,6,1,1,1,4,1,6,4,6,6,1,3,3,1,6,1,4,6,1,4,4,2,6,4,3,6,6,2,3,1,6,6,5,3,6,2,1,1,5,4,6,6,3,4,3,4,6,3,4,3,3,1,6,6,4,5,1,2,4,6,5,5,4,6,2,2,6,3,3,6,6,1,1,3,1,3,NA,4,4,6,3,5,3,4,3,2,4,6,5,6,6,1,4,4,3,4,2,4,2,5,3,3,2,5,1,6,1,6,6,5,5,4,4,1,1,2,6,1,4,6,6,3,3,4,6,1,3,2,3,3,3,3,2,1,3,6,6,6,6,6,6,6,3,1,1,2,5,3,4,4,4,2,2,2,2,1,4,1,1,6,6,2,3,6
5,5,6,4,1,2,5,3,3,4,2,1,1,1,1,1,1,1,3,1,3,4,4,3,1,1,4,1,2,4,2,5,1,1,4,1,6,3,3,5,3,5,3,2,3,2,1,1,3,2,2,4,1,1,3,4,1,3,1,3,3,6,2,1,2,6,3,2,3,3,2,NA,3,2,2,4,1,3,3,1,1,1,5,3,3,4,5,3,3,1,3,3,6,2,3,5,1,3,3,2,4,1,1,5,2,4,4,2,1,3,5,5,5,3,1,1,5,5,2,1,2,1,1,3,4,1,3,1,1,3,4,4,6,4,6,4,5,3,6,3,2,3,1,1,3,1,2,1,3,3,2,2,6,4,3,6,5,2,1,3,1,3,1,2,1,6,3,2,2,4,1,3,4,5,3,4,5,3,2,3,4,2,2,1,3,4,5,3,2,4,1,4,2,2,4,2,4,1,2,3,1,3,5,3,1,3,2,3,3,2,6,2,1,5,3,1,2,4,2,2,1,1,6,5,6,3,5,3,5,6,4,1,5,2,1,2,3,4,3,3,2,1,1,1,1,6,6,2,6,2
6,6,6,4,1,5,1,6,6,4,4,5,6,6,4,4,3,1,5,1,6,6,2,1,1,1,6,6,4,4,6,5,4,1,3,1,5,5,5,5,5,1,1,4,5,5,1,4,5,5,6,6,1,1,4,5,5,5,1,1,5,5,5,1,1,6,6,1,1,5,5,5,5,1,4,4,1,6,4,1,1,6,5,4,1,6,6,6,6,1,4,5,6,1,1,4,5,6,2,2,6,3,4,6,6,6,6,5,1,5,5,6,6,5,1,6,5,6,6,1,6,6,1,5,5,1,4,1,1,1,4,4,6,6,6,5,6,6,6,6,4,3,1,1,2,5,6,1,4,6,6,1,6,4,4,6,6,6,1,1,1,6,4,1,1,6,6,6,6,3,1,1,6,6,5,1,4,1,1,1,3,6,6,4,5,5,5,5,1,1,1,1,1,6,6,4,2,1,1,6,1,1,4,5,5,6,6,6,6,6,6,6,1,6,6,1,1,1,6,5,1,1,5,6,6,6,6,6,4,6,5,1,6,6,1,5,1,6,6,2,1,4,3,5,1,5,5,5,3,5
2,1,3,3,2,3,4,2,2,2,3,1,2,4,1,2,2,1,2,2,2,1,2,2,1,2,2,2,2,3,1,1,1,1,2,1,2,2,2,3,1,3,3,4,2,4,2,1,2,2,4,2,3,4,1,3,1,3,1,2,3,6,1,2,4,3,3,3,4,1,4,4,1,2,4,3,3,2,4,1,4,3,3,3,4,6,2,1,2,1,2,3,6,4,5,5,3,3,3,3,4,1,1,4,2,6,4,1,4,1,3,2,5,1,2,2,4,3,3,4,4,2,2,1,2,2,1,3,1,3,2,3,6,4,4,2,2,2,4,4,4,3,3,4,1,1,1,4,2,3,3,2,4,3,2,6,3,3,2,1,1,1,1,2,2,6,1,2,3,4,1,4,3,6,3,3,5,2,5,3,4,2,2,2,1,3,2,4,2,3,3,3,3,2,4,4,2,2,2,3,1,2,3,3,5,3,4,4,4,1,5,1,3,4,3,4,3,3,2,3,2,3,2,4,5,2,4,4,6,2,1,2,1,2,1,3,2,3,2,4,1,2,1,1,2,6,3,1,3,2
2,1,5,2,1,3,6,1,2,2,2,2,3,5,3,5,1,1,2,4,2,1,1,4,2,4,1,1,1,5,4,2,2,1,2,1,5,2,1,1,5,4,2,2,2,6,1,1,3,1,1,2,4,3,1,5,1,5,1,2,2,4,2,1,5,1,4,2,4,1,4,2,1,2,5,4,2,1,6,1,2,1,2,2,2,1,2,1,2,1,1,5,2,1,1,4,1,1,2,2,1,2,1,5,1,2,3,2,4,4,5,2,5,4,1,1,5,3,1,1,2,3,5,6,2,3,1,1,1,1,2,1,6,1,3,2,5,1,5,2,2,1,1,1,2,4,1,2,2,1,2,3,1,2,1,5,1,1,1,1,1,2,1,1,4,6,4,2,5,5,1,1,3,4,4,5,6,2,6,1,3,1,5,2,1,4,2,1,2,5,2,5,2,1,4,NA,1,2,2,2,1,1,5,5,2,2,2,1,5,1,2,2,2,3,3,1,1,2,3,1,1,1,2,1,6,1,5,1,4,2,1,2,1,1,1,1,1,1,1,2,3,4,2,1,1,6,1,1,1,3
2,3,1,3,2,3,2,4,2,4,2,3,4,2,4,2,3,3,2,3,1,3,2,3,2,4,2,4,3,3,2,3,2,4,2,4,3,3,2,NA,5,3,4,2,5,6,1,4,4,3,6,6,2,2,2,2,3,4,3,4,3,4,3,3,4,2,4,3,2,4,2,4,1,1,2,4,2,4,2,4,2,3,1,3,3,2,3,3,4,2,3,3,3,1,3,2,4,2,4,2,4,3,3,3,3,3,3,3,3,3,3,3,4,3,3,3,3,3,3,3,6,3,3,3,3,3,3,4,4,3,4,3,6,5,4,4,4,4,5,5,5,5,3,4,3,3,4,3,3,3,3,3,3,3,3,3,3,3,1,3,2,2,3,2,3,6,4,4,2,3,2,2,3,3,4,5,4,4,4,3,3,3,3,3,3,3,3,3,3,3,3,5,3,4,4,3,3,3,3,3,3,4,4,3,3,3,3,4,4,4,5,3,3,3,3,3,3,3,3,3,3,3,4,5,6,6,6,5,5,6,4,3,6,2,2,3,3,6,6,2,2,2,2,2,2,3,5,2,2,4
5,5,5,4,2,4,4,3,3,4,3,4,3,3,5,3,2,2,3,2,3,4,2,3,2,4,3,1,1,4,3,5,2,1,5,4,3,4,3,2,3,2,5,4,3,4,2,1,2,1,3,4,4,2,3,4,3,4,3,2,4,3,4,5,3,2,3,5,5,3,2,3,3,2,2,3,3,4,4,3,3,4,5,3,2,1,3,4,2,2,2,3,2,4,4,3,2,3,4,2,2,4,4,4,4,2,2,3,3,3,5,3,5,3,3,3,3,2,2,1,2,1,1,2,3,4,3,4,3,5,4,3,2,3,4,3,4,5,4,5,2,3,2,2,3,3,2,3,3,2,3,4,3,2,3,2,2,4,4,4,2,3,5,4,3,2,2,2,3,4,5,3,2,2,5,2,3,4,5,3,2,3,3,2,2,3,2,2,2,3,3,3,2,2,1,1,2,3,4,5,1,2,3,3,4,4,4,3,4,2,2,2,2,3,2,3,4,3,3,3,3,4,3,2,5,2,3,3,2,3,3,2,2,2,4,3,2,3,4,2,NA,3,4,2,1,5,5,2,3,2
4,4,3,2,2,2,1,4,4,1,2,2,2,1,1,1,1,1,3,2,2,2,1,1,1,1,3,4,3,3,2,3,3,2,2,5,4,4,4,4,2,2,2,1,3,2,3,1,3,1,4,4,3,3,4,2,2,2,1,1,2,4,2,2,2,3,2,3,1,2,2,2,3,1,2,5,3,4,6,1,3,2,4,2,2,3,4,4,4,1,1,1,2,2,3,2,2,3,1,2,2,1,1,3,2,2,3,2,2,2,1,2,5,2,2,1,2,5,2,2,4,1,3,4,2,2,3,2,1,1,2,3,6,2,2,3,4,2,5,2,3,3,3,1,1,2,3,1,1,1,5,1,4,2,2,2,3,2,2,2,1,3,5,1,1,2,3,2,4,1,2,3,1,2,3,2,5,1,2,3,2,2,2,3,2,5,4,2,1,1,1,4,4,5,2,1,1,1,3,2,NA,1,3,2,3,1,4,3,4,3,2,3,4,2,3,2,2,1,4,2,3,2,2,4,6,3,5,5,1,4,2,1,3,2,1,1,1,2,2,1,4,3,2,2,3,3,3,1,3,2
3,3,4,3,1,3,6,4,3,3,2,1,2,4,1,2,2,4,3,3,5,3,2,2,1,1,5,5,1,4,4,5,1,3,4,2,4,4,4,6,5,2,4,2,1,4,1,1,3,5,4,2,1,2,3,4,1,4,1,1,3,6,3,1,3,5,2,3,2,3,2,1,2,1,3,4,3,3,6,4,3,5,5,2,3,4,6,3,5,1,3,2,6,4,3,5,4,2,4,1,6,3,6,6,4,4,6,5,4,2,6,4,6,2,3,3,5,6,2,1,6,1,2,3,4,3,3,2,1,2,4,3,6,3,4,3,5,4,6,3,3,2,2,1,4,4,5,6,4,4,3,3,4,5,6,6,6,5,1,2,1,3,5,4,2,6,3,1,4,5,1,3,4,6,5,3,5,2,3,4,4,1,3,2,5,5,6,4,1,5,2,3,2,5,6,3,4,2,4,4,1,2,4,3,5,5,4,5,5,4,6,4,3,4,3,2,2,3,3,1,1,1,4,5,6,6,6,5,5,4,4,2,4,3,1,3,3,5,4,3,4,3,2,1,1,4,6,3,5,3
3,1,2,4,1,1,3,1,2,4,1,1,1,1,1,1,1,1,2,3,1,3,2,1,1,1,4,2,1,3,4,2,1,2,1,1,3,1,1,4,5,1,3,4,3,5,1,1,3,1,4,1,1,1,1,NA,3,3,1,1,5,6,1,1,3,5,1,3,1,3,1,2,1,1,1,5,4,1,4,1,1,2,1,1,1,3,6,6,5,1,1,1,6,1,5,5,2,2,1,1,5,1,3,6,1,5,6,1,1,3,3,4,5,3,1,2,5,4,4,1,3,1,1,2,2,1,1,1,1,3,1,1,4,1,2,3,3,1,6,3,2,1,2,1,1,1,3,2,1,3,2,1,1,1,1,4,4,2,4,1,1,3,1,1,1,6,2,3,1,3,1,1,6,6,1,4,5,3,3,4,3,1,1,1,1,1,4,4,3,1,1,3,3,1,4,1,4,1,1,3,1,1,2,1,2,3,2,2,5,3,1,1,1,4,1,1,1,2,1,1,1,1,4,1,6,5,5,1,2,4,1,1,3,3,3,1,1,2,3,1,1,2,1,1,1,4,6,4,2,1
5,4,3,4,1,2,3,2,1,1,1,1,1,3,1,1,2,2,1,1,1,1,1,2,2,1,2,1,1,2,2,2,1,1,1,2,3,2,1,3,1,1,1,1,2,3,1,1,1,1,3,1,1,1,1,1,1,3,1,3,1,4,1,1,1,5,2,1,1,1,1,1,1,1,1,1,1,1,3,1,1,3,3,1,3,3,3,3,2,1,1,1,4,1,1,4,1,1,1,1,4,1,1,4,1,1,3,3,1,1,1,2,2,1,1,1,3,1,1,1,3,1,1,1,1,1,1,1,1,1,1,1,4,4,1,1,3,1,4,1,1,2,1,1,1,1,2,1,1,2,1,2,3,1,1,2,2,1,1,1,1,1,3,1,1,4,1,2,1,2,1,3,3,3,1,1,3,1,1,1,1,1,1,1,3,1,1,3,1,2,1,1,2,3,1,1,2,1,1,1,1,1,1,1,2,1,1,1,1,1,3,1,1,1,1,1,1,1,1,1,1,3,1,3,4,1,2,2,1,2,1,1,4,1,1,3,1,3,3,1,1,1,1,1,1,2,4,1,2,1
1,3,3,2,2,1,1,1,1,1,1,1,1,1,1,2,2,2,2,4,4,4,4,2,1,2,6,5,2,4,2,3,1,2,2,2,3,1,4,2,2,2,4,2,1,2,2,4,3,4,5,1,1,1,NA,NA,NA,NA,1,1,1,5,2,1,1,6,4,1,1,1,1,1,3,1,3,2,1,NA,2,3,4,4,2,1,1,4,3,1,3,1,4,1,4,1,1,3,2,1,3,1,6,1,4,4,2,3,3,1,NA,3,2,2,3,1,1,1,3,6,2,2,6,4,4,4,2,2,NA,3,2,3,3,NA,2,1,4,1,3,1,6,4,1,1,1,1,1,1,1,1,1,3,NA,1,3,3,1,1,NA,NA,NA,3,NA,NA,3,NA,2,3,3,2,3,3,NA,2,3,2,1,1,4,3,NA,2,2,2,3,2,NA,3,NA,2,4,2,3,1,1,3,2,5,3,1,3,1,1,2,1,2,2,1,4,2,1,2,4,1,NA,4,3,2,1,1,1,1,1,1,4,6,6,4,2,4,2,2,2,2,NA,2,2,2,NA,4,1,1,1,3,3,4,1,2,5,3,1,4
2,5,4,3,1,2,5,2,1,1,2,1,1,3,1,1,2,1,1,1,1,3,2,1,1,3,2,1,1,2,1,2,1,1,2,4,3,1,1,2,3,1,2,1,2,4,1,1,2,3,2,1,1,2,1,2,1,3,1,1,3,6,1,1,3,4,3,1,3,1,3,4,2,2,4,2,1,1,5,1,1,2,1,2,2,4,2,1,2,1,2,3,5,2,2,4,1,2,2,1,2,1,1,5,1,3,4,2,1,1,2,1,2,1,2,1,4,3,1,4,5,1,1,2,1,1,2,1,1,3,1,4,2,4,2,2,3,1,4,1,2,2,1,1,1,2,1,2,1,2,1,2,4,1,2,6,2,3,1,1,1,2,2,4,1,6,4,1,3,4,1,1,3,4,2,2,6,1,3,2,1,1,2,2,1,2,1,4,2,4,2,3,1,2,4,1,1,1,1,2,1,2,1,2,1,2,2,1,3,1,4,1,1,1,4,1,3,3,1,1,1,2,3,4,6,2,2,1,2,1,1,1,2,2,1,4,1,2,2,2,2,1,1,1,2,5,2,1,3,4
5,6,5,4,3,2,4,2,3,5,4,3,3,3,2,1,3,5,5,2,3,4,3,4,1,2,4,3,2,6,4,3,2,2,3,3,4,3,3,5,4,5,4,4,4,4,3,4,5,5,5,4,3,3,3,6,3,5,1,2,5,6,3,2,4,6,4,3,4,2,4,4,3,2,4,4,4,3,3,2,4,4,4,3,3,5,5,6,4,2,4,4,6,4,4,6,3,5,4,3,6,2,4,6,3,5,6,5,4,3,4,4,6,4,4,5,5,6,6,3,6,2,3,4,4,3,3,3,3,4,5,4,6,4,5,3,5,3,6,5,4,5,2,1,3,NA,4,3,4,5,4,3,6,5,3,6,5,4,4,2,4,4,5,4,4,6,4,5,4,4,3,4,3,5,3,6,6,4,4,4,5,2,4,4,5,5,5,6,4,4,4,5,5,4,5,4,6,4,6,5,4,4,5,5,4,6,5,5,6,4,6,4,3,4,3,3,4,4,5,4,4,4,5,5,6,6,6,6,6,5,5,4,5,5,4,5,4,5,6,4,3,4,3,2,3,4,6,5,5,5
5,6,4,2,1,3,6,2,2,1,3,1,1,1,1,2,1,3,4,1,1,5,2,2,1,4,6,6,2,6,1,3,1,1,3,1,2,4,2,5,3,1,1,4,1,5,1,2,1,1,4,4,1,1,1,3,2,6,1,1,3,5,2,1,5,2,2,3,4,2,2,1,4,1,3,3,2,1,3,1,2,5,3,2,2,4,4,2,2,1,3,4,5,2,2,3,1,3,1,1,4,1,6,6,2,3,5,4,2,3,4,2,5,2,1,2,5,3,3,2,6,1,1,3,2,1,4,4,1,2,3,2,5,2,2,1,4,1,5,3,3,2,2,1,1,4,4,1,3,2,2,1,5,3,2,6,4,2,1,1,4,3,2,1,1,4,2,5,5,4,1,5,4,5,2,1,5,1,3,4,2,1,1,1,4,3,5,5,1,1,1,2,3,3,1,1,3,1,2,3,1,1,3,1,2,1,3,2,5,1,6,1,1,2,1,1,1,1,3,2,1,1,6,5,6,4,5,2,3,2,2,1,3,2,1,3,1,2,1,2,3,2,2,1,1,5,6,2,2,3
5,3,6,3,1,3,2,2,1,3,2,1,1,3,1,2,3,1,2,1,4,3,2,2,1,1,3,1,2,3,3,4,1,2,3,1,3,2,1,4,2,1,2,4,1,2,3,1,3,2,2,3,2,1,1,3,2,3,1,1,2,6,1,1,3,5,4,3,2,1,1,3,4,3,2,3,2,4,4,1,3,2,4,4,3,4,5,3,3,1,4,3,2,3,4,2,3,3,4,2,5,2,3,5,3,4,3,2,4,2,2,2,4,1,1,1,3,5,3,2,6,1,2,2,1,3,2,3,3,1,3,2,5,3,4,2,4,2,3,3,2,4,2,3,3,4,2,4,2,3,2,3,2,4,2,4,4,3,1,1,2,4,1,1,1,6,3,2,4,3,2,3,4,3,2,3,5,3,2,3,3,2,3,2,4,3,2,3,1,4,3,4,3,5,4,2,3,3,2,4,1,3,2,3,4,2,4,2,3,2,4,3,4,4,3,2,3,2,3,2,2,2,4,5,4,4,6,5,4,3,3,2,2,3,2,3,1,4,3,2,1,2,1,3,1,4,4,1,3,3
1,3,3,3,3,3,3,3,3,3,1,3,3,3,2,3,3,1,3,1,3,1,3,3,1,3,3,1,3,3,3,3,1,3,3,1,3,3,1,3,1,3,3,1,3,3,3,1,3,1,1,2,3,3,1,3,2,3,1,3,3,6,3,1,3,5,3,2,3,2,1,3,3,3,3,3,3,1,5,1,3,1,3,2,3,4,3,3,3,3,3,1,3,3,1,3,3,2,3,3,1,3,3,4,3,1,5,1,3,3,2,1,3,3,1,1,3,3,3,3,3,1,3,1,3,1,3,3,3,3,3,3,3,3,1,1,5,2,3,3,1,3,3,3,1,3,1,NA,2,3,3,2,1,3,2,6,4,3,1,3,2,3,3,3,3,3,3,1,3,3,3,2,3,3,3,5,5,1,3,2,3,3,3,3,3,3,3,3,3,3,3,3,3,3,3,1,3,2,3,3,3,3,3,2,3,3,3,1,3,1,5,3,3,3,3,3,3,3,3,1,1,3,5,4,5,3,3,3,3,2,1,1,3,1,1,2,1,1,2,1,3,1,3,3,3,4,3,1,4,1
6,6,6,6,1,3,6,3,1,1,3,1,1,5,1,1,5,5,5,3,3,3,1,1,1,3,6,3,1,6,6,1,1,5,5,5,5,1,1,5,1,1,1,1,1,5,1,1,1,1,1,1,1,1,1,1,1,1,1,1,3,6,1,1,1,6,1,1,1,1,1,1,1,1,1,1,1,1,5,1,5,5,5,1,1,1,5,1,5,1,1,1,6,6,1,1,1,1,1,1,5,1,6,6,1,1,6,1,1,1,1,1,4,1,1,1,4,4,1,1,4,1,1,6,1,1,1,6,1,1,1,1,6,3,3,1,6,1,6,1,1,1,1,1,1,1,1,1,1,1,1,1,1,1,1,1,1,1,1,1,1,1,1,1,1,6,1,1,1,1,6,1,6,6,1,6,6,1,1,1,1,1,1,1,1,1,1,1,1,1,1,1,1,1,1,1,1,1,1,1,1,1,1,5,1,1,1,1,5,1,5,1,1,5,1,1,1,1,1,1,1,1,5,5,5,5,5,5,1,1,1,1,5,1,1,1,1,1,5,5,1,1,1,1,1,1,6,1,1,1
2,3,3,2,1,1,2,2,3,2,1,1,2,2,1,1,2,3,2,1,3,2,1,2,3,2,3,4,2,4,3,2,3,4,3,2,2,2,2,3,2,2,2,3,3,5,2,1,2,2,2,3,3,2,1,4,1,3,1,2,3,6,2,1,3,4,3,2,2,3,2,2,3,3,2,2,3,1,4,2,2,4,2,2,3,2,5,5,3,1,2,3,2,4,2,3,2,3,3,4,3,2,2,6,3,2,3,2,2,3,2,2,4,3,3,2,2,3,3,2,4,1,2,3,2,3,4,2,2,2,3,3,4,2,1,1,2,2,6,2,3,2,1,2,2,2,3,3,2,2,3,2,1,3,2,6,2,3,1,1,2,2,3,2,3,5,2,2,2,NA,3,2,2,2,1,3,6,2,3,2,2,2,3,2,3,2,2,4,1,5,2,4,2,5,4,3,2,3,3,2,4,2,3,5,2,3,4,2,1,2,2,3,2,3,3,3,4,2,2,3,2,2,3,4,5,5,4,6,3,4,4,4,5,3,3,4,2,3,3,2,3,4,2,3,3,2,6,2,3,2
6,6,3,4,1,5,1,2,4,2,6,4,1,1,1,4,2,6,1,1,6,3,1,2,2,3,6,5,1,6,3,1,2,4,2,4,6,1,3,NA,1,1,2,2,1,3,1,1,5,1,6,3,1,2,1,4,2,2,1,4,5,6,1,4,3,6,4,3,1,6,5,5,3,2,2,6,3,1,5,1,3,5,6,5,3,5,2,6,5,1,3,4,6,2,4,5,1,2,2,1,6,2,5,6,2,6,6,3,5,3,2,5,6,4,1,1,5,3,2,3,6,2,1,1,4,2,1,3,1,2,4,2,5,2,1,3,5,3,6,2,5,2,2,3,4,3,6,4,5,5,4,2,5,3,2,6,5,1,1,4,2,4,4,2,1,6,3,4,2,4,1,5,6,6,3,5,5,3,2,2,4,5,3,6,2,2,6,4,1,3,1,5,3,2,5,2,4,2,2,3,1,1,4,5,1,3,4,2,6,5,4,1,2,5,1,2,2,3,3,1,2,1,3,5,4,4,6,1,2,6,2,3,4,1,1,4,2,2,5,3,2,3,2,2,2,6,4,1,2,2
