"indulgence","nautilus","repaint","wrinkle","blunders","perpetuated","theist","underdog","chronically","auntie","eagerness","populate","imperfections","usages","abhor","impeccable","delegations","anachronism","longbow","hero's","imitations","diverge","martyrdom","manger","compensating","afoot","cobalt","throes","inning","commencement","kilt","weakens","berth","richly","sterilized","supple","subservient","fishery","seaweed","ethos","cockroaches","rhubarb","exploratory","rut","paradoxical","fishers","snowed","custodian","worksheet","beltway","methyl","exacerbated","sinus","compartments","demonstrable","squelch","skimmed","labors","beards","grasshopper","disregarding","columnists","mocked","brim","enforceable","obscenities","flattery","hopelessness","researches","interns","superimposed","magnifying","fords","mallard","sensibly","medics","disseminating","bridesmaids","geneticist","concealing","muffins","domes","sporty","principality","foaming","dropout","predisposition","fenders","orientations","raffle","sweaters","unintelligible","determinant","photosynthesis","levied","receptacle","hellish","tuba","entitles","etch","camped","shoemaker","caricature","peeking","crackpots","screech","inquisitor","clasp","educations","recoup","reciting","puree","beaker","muscled","ravel","disparage","antithesis","enterprising","ostrich","boilers","cobbler","euclidean","pastoral","blister","superficially","sappy","condolences","impervious","resettlement","realist","fervor","thrives","muttering","association's","grieving","gentlewoman","flanking","inauguration","creased","plurality","cornering","dreadnought","multitudes","scorched","tangerine","delicately","engulfed","sprocket","lira","bodybuilding","neonatal","matchbox","awry","gastric","fairway","feats","querying","charade","ensued","centimeters","latches","napkins","kilometer","motivates","succinct","stonewall","spoiling","retardation","prudence","constituencies","soared","discharges","synagogues","diverting","captions","emergent","adhered","disconcerting","urinate","yore","distinguishable","boarder","west's","sensitivities","serpents","mucus","replenish","deadheads","chatted","flared","metronome","duke's","forego","prepayment","smallpox","roadway","retreating","obfuscate","heartbreak","mire","exacting","breakfasts","turkeys","musician's","cretin","freeways","tabloids","admirably","mixers","gaskets","female's","nudism","downgrade","illustrious","strangeness","indictments","moths","scooped","moll","gingerly","sanctified","matador","cautions","aqueous","brothels","resins","complimented","burnside","thermodynamic","succumbed","quadratic","exorbitant","violinist","littered","reared","pastime","strives","newsworthy","beet","enslavement","confronts","refinery","treacherous","bower","blowfish","savages","holler","whiting","pushy","disavow","encased"
2,3,2,1,1,2,2,1,4,3,2,1,2,1,3,1,3,2,1,1,2,1,6,1,1,2,1,3,2,2,1,2,1,2,1,1,2,2,2,1,2,3,1,1,1,1,1,2,1,1,3,4,1,1,2,6,1,1,2,1,1,1,1,1,3,2,1,1,3,1,1,1,1,1,1,1,1,2,4,2,1,1,1,2,2,2,5,1,6,1,2,3,1,6,3,4,1,1,1,6,1,5,2,1,1,3,2,1,4,2,2,3,1,4,1,3,3,1,3,3,1,6,1,1,4,1,3,2,1,3,1,2,1,6,3,2,1,3,2,1,1,6,2,2,1,2,2,1,2,3,2,3,4,1,1,1,6,5,3,1,4,1,2,1,5,1,3,4,1,5,3,2,6,1,3,1,3,2,1,1,5,2,2,2,1,4,3,4,1,2,1,1,2,1,1,2,3,2,3,1,2,2,1,4,2,1,3,3,1,1,2,3,1,4,2,3,1,1,1,1,2,2,5,5,3,1,1,1,2,4,5,3,2,1,2,1,1,2,1,2,1,2,5,1,1,1,1,2,2,1,1
3,4,3,3,2,3,2,4,3,3,3,5,2,2,2,5,4,4,5,6,4,2,2,3,3,1,1,2,3,2,2,5,4,5,5,3,3,3,3,3,2,2,1,4,4,3,2,3,4,4,NA,6,4,4,2,1,1,2,2,2,3,3,4,3,4,5,6,5,4,4,3,2,2,3,2,4,5,5,4,3,3,NA,2,2,2,2,2,3,3,4,4,3,3,2,2,1,2,4,4,4,2,2,4,2,3,2,3,4,4,3,2,3,3,3,4,2,2,3,2,3,2,4,4,5,5,4,3,3,2,3,3,3,4,4,5,3,4,3,3,3,2,2,1,3,3,3,4,3,3,4,4,3,2,NA,1,2,2,4,5,3,3,3,2,2,4,5,3,4,3,2,2,4,3,5,4,2,2,3,4,4,3,3,2,5,3,5,4,3,2,1,2,5,5,3,3,2,2,3,1,2,2,3,3,4,4,5,6,5,4,3,3,2,2,2,2,3,4,6,5,6,4,4,3,2,2,2,3,3,1,2,3,4,4,3,2,1,2,3,4,4,4,2,2,3,5,4,3,3,1,6,6
3,6,2,3,1,4,3,1,3,2,1,2,1,3,3,2,2,4,3,1,2,2,5,4,1,1,3,5,1,3,1,2,1,1,3,1,4,3,1,2,1,6,2,1,5,1,3,3,1,1,4,4,3,1,1,4,2,1,2,1,1,3,1,2,2,3,1,1,2,1,1,2,1,2,3,3,4,3,3,1,1,2,2,2,3,1,2,1,2,1,3,2,2,5,4,4,3,3,2,4,3,1,3,1,1,3,4,3,1,2,4,5,1,3,4,5,6,3,4,3,1,5,1,NA,3,1,3,4,1,2,3,2,1,3,2,1,1,5,3,3,1,3,2,3,2,2,2,4,2,4,3,2,2,4,3,2,2,4,3,2,2,1,1,1,4,1,2,2,2,5,4,3,3,1,3,4,2,1,1,1,2,1,2,1,2,1,2,2,1,1,4,1,1,2,1,2,3,4,2,3,3,3,1,2,5,2,NA,5,1,3,1,1,4,4,1,2,1,1,2,3,1,4,1,4,3,3,1,1,5,4,4,4,3,5,5,3,4,3,4,1,3,2,4,2,1,2,2,1,2,4,1
2,6,1,1,2,3,4,1,1,1,1,1,1,1,3,4,3,5,1,1,1,1,6,1,3,2,1,4,3,1,1,1,5,1,1,1,4,1,1,1,1,4,1,1,6,1,1,2,1,2,4,3,1,NA,1,5,2,1,1,1,1,3,1,1,2,4,3,1,1,1,5,1,1,4,1,1,3,3,3,1,1,1,1,1,1,1,2,1,1,1,1,1,2,4,3,2,2,1,1,5,1,1,4,1,3,3,4,1,1,1,1,1,1,1,1,4,5,3,4,1,1,5,4,1,1,1,1,4,1,1,5,4,1,1,1,1,1,4,1,3,1,5,4,2,2,1,1,4,5,1,2,1,4,1,1,1,4,3,1,1,1,1,1,1,5,2,1,4,4,5,1,1,4,1,1,1,1,3,1,4,1,1,NA,1,3,3,2,2,1,1,5,1,1,1,1,1,1,5,2,4,1,1,1,1,3,1,4,1,1,1,1,3,1,4,1,1,1,1,1,1,1,5,1,1,4,1,1,1,3,4,4,4,4,3,1,1,1,1,1,1,NA,1,1,1,1,1,1,1,1,5,2
3,5,1,2,1,3,5,1,2,4,1,1,2,3,6,1,2,4,1,2,2,1,6,1,2,1,1,3,1,3,1,2,2,2,3,1,1,1,1,2,1,4,1,1,5,1,1,2,1,1,5,5,2,1,2,3,1,1,2,1,2,2,2,1,4,4,1,2,2,1,1,3,1,1,1,2,4,2,5,2,2,1,1,1,2,1,1,1,4,1,1,4,1,5,4,1,1,1,2,4,1,1,1,1,1,2,2,3,1,1,1,5,1,3,1,1,4,2,2,3,1,5,2,1,5,1,5,5,2,2,3,2,2,3,1,1,1,2,3,2,1,2,2,2,3,1,1,1,1,3,2,3,1,1,1,1,5,4,4,1,1,1,1,1,4,1,1,1,2,5,1,1,6,1,1,1,3,3,6,6,3,1,1,1,1,2,2,2,2,1,1,1,4,1,1,2,2,1,1,1,1,1,1,2,5,1,2,2,2,1,2,3,1,1,1,4,1,1,1,1,1,2,2,2,2,2,2,1,2,1,2,4,4,1,1,2,1,3,1,1,1,1,4,1,1,1,1,3,1,5,3
4,4,3,6,4,3,4,5,5,4,3,3,4,3,4,3,4,3,4,1,4,2,4,4,4,3,3,5,5,3,5,1,3,4,4,3,4,3,4,6,4,6,5,4,6,5,4,2,4,4,5,5,3,5,3,6,5,3,2,3,6,3,6,4,2,3,2,3,2,5,3,2,4,4,4,1,3,6,4,2,3,6,4,5,6,4,5,6,4,5,4,6,4,5,5,4,4,4,2,2,3,6,3,3,5,4,5,5,2,4,5,1,4,2,4,5,2,5,4,2,4,2,3,5,3,3,5,3,2,3,1,3,3,6,5,2,4,2,5,4,4,2,5,4,2,6,5,4,5,4,4,2,3,4,5,NA,5,2,4,6,2,6,4,6,3,NA,2,5,3,5,5,4,3,6,5,3,4,3,4,6,5,4,3,6,1,4,4,3,1,5,3,5,4,3,5,5,5,4,4,3,4,2,2,4,5,4,2,5,4,5,5,2,4,5,5,2,4,3,4,4,5,3,4,2,4,4,2,5,4,4,2,3,4,5,5,3,2,3,1,4,5,4,2,4,4,3,5,4,6,2,6
2,3,2,1,1,3,3,1,1,1,1,1,1,1,2,1,1,2,2,1,2,2,4,2,2,1,1,2,1,1,1,2,3,1,1,1,3,2,1,2,1,4,3,1,3,1,1,1,1,1,3,3,1,1,1,3,2,1,1,1,1,2,1,1,1,4,1,1,1,1,4,1,1,4,4,1,3,1,3,2,2,2,1,2,1,1,1,1,1,1,1,2,2,1,3,1,3,1,1,4,2,1,3,1,1,1,3,2,1,1,1,1,1,2,1,2,1,1,2,1,3,4,4,2,2,3,1,2,1,1,4,3,1,1,1,1,1,1,1,3,3,3,4,3,1,2,1,2,1,1,2,1,2,2,1,1,2,3,2,1,1,1,1,1,3,2,1,1,2,2,2,1,3,1,1,2,2,1,1,3,3,1,1,1,2,1,1,2,2,3,3,2,3,1,1,2,2,4,1,3,1,1,2,3,3,1,4,4,2,3,1,2,2,2,3,3,1,3,1,2,3,3,1,4,3,3,4,1,6,6,4,6,5,2,6,1,4,2,2,4,4,4,6,4,2,2,2,3,2,5,4
2,6,2,2,1,1,4,1,2,2,1,1,1,3,5,1,1,4,2,1,1,1,6,2,1,2,1,3,1,1,1,1,1,1,1,1,4,1,1,3,2,6,1,1,1,1,1,1,1,1,3,3,3,1,2,1,1,2,1,1,2,2,1,1,2,2,1,1,2,1,1,2,1,3,1,1,2,1,3,1,1,1,1,1,1,1,3,1,1,1,3,1,1,2,3,3,1,3,3,5,2,1,3,1,1,1,1,1,2,3,3,5,1,3,2,2,3,2,1,1,1,2,1,1,4,1,3,2,1,1,1,1,1,2,2,1,1,2,1,1,1,4,1,1,1,2,1,1,3,2,2,1,4,1,1,1,5,5,2,2,1,1,3,2,4,1,1,1,2,2,2,1,6,2,2,1,5,1,2,3,1,1,1,1,1,4,1,1,1,3,1,1,2,1,1,1,1,4,2,2,1,2,1,3,4,1,1,3,1,1,1,2,1,3,2,1,1,1,2,1,2,2,3,4,3,3,1,1,2,3,1,1,1,1,1,1,1,1,1,1,1,1,3,2,1,1,1,3,3,2,1
4,6,2,4,6,6,6,1,4,2,3,4,5,3,6,4,2,6,5,3,5,4,6,4,2,4,5,6,3,3,3,3,3,3,5,6,6,6,6,5,2,6,4,1,6,4,5,3,1,2,6,6,1,3,6,5,4,1,4,3,3,5,4,4,4,5,6,3,3,3,3,3,3,3,4,3,6,6,5,5,6,5,4,6,3,2,4,3,3,5,2,2,3,5,4,3,4,2,2,4,3,3,2,3,5,3,1,2,3,4,4,3,3,2,5,2,3,4,2,4,4,3,2,3,4,2,5,3,5,4,2,4,3,3,4,3,3,2,3,4,3,3,3,4,3,2,4,3,5,3,4,5,3,2,5,3,4,2,5,3,5,2,2,4,4,4,3,5,3,3,3,3,4,2,4,4,4,3,3,4,5,5,3,2,2,5,2,4,4,3,4,4,4,3,4,4,3,4,4,4,3,4,4,4,3,3,3,2,4,5,3,4,3,5,4,3,3,5,2,3,4,4,3,5,3,5,5,4,3,5,3,4,5,2,4,6,2,4,2,3,4,5,2,2,3,4,3,3,4,1,1
2,3,4,3,2,3,2,2,3,3,4,2,3,2,2,3,3,3,2,2,3,3,4,3,3,2,2,2,2,5,3,3,3,2,3,4,3,2,3,4,3,2,3,3,2,2,2,1,3,2,2,2,3,3,3,4,3,3,2,2,3,3,3,2,3,2,2,1,3,3,2,3,4,3,2,2,1,2,2,2,3,2,3,4,3,3,2,1,2,3,2,2,2,3,3,2,2,2,1,3,2,2,3,2,2,3,3,2,4,3,3,2,1,1,3,3,2,4,4,3,3,3,2,2,3,2,2,3,4,5,3,3,2,2,2,3,2,3,2,2,1,2,2,2,3,2,2,2,2,1,2,2,2,3,2,3,2,2,3,2,2,3,4,5,3,4,3,2,3,2,2,2,3,2,1,1,1,1,2,2,2,2,3,2,3,4,5,3,2,3,3,2,2,3,3,4,4,3,2,1,1,1,1,3,2,3,3,3,3,4,6,4,3,2,2,1,1,2,3,3,2,1,3,2,4,2,3,3,3,4,4,3,3,2,3,2,2,2,2,2,2,3,5,4,5,4,3,2,1,1,2
2,4,3,2,1,3,4,2,3,3,2,2,4,3,4,5,4,6,3,2,3,4,6,5,4,2,3,5,2,4,1,3,5,3,2,3,2,3,4,5,5,6,3,1,4,3,4,3,2,2,6,5,2,3,5,4,5,2,3,3,2,2,4,1,4,5,3,4,5,2,2,4,3,2,3,2,3,5,5,4,3,4,3,5,5,6,4,3,5,4,4,5,4,6,6,5,4,3,3,4,2,6,6,1,2,2,5,1,3,6,2,6,3,5,1,6,4,3,4,5,3,6,2,2,6,5,6,6,5,4,6,3,2,6,6,5,4,6,5,6,3,6,2,3,5,6,2,3,1,5,1,4,2,1,4,3,6,5,4,2,3,1,2,3,6,4,4,3,2,3,5,3,6,2,3,2,4,1,3,1,5,3,2,3,2,1,3,2,3,3,2,2,3,2,2,5,6,1,4,5,2,4,3,4,2,1,5,5,2,3,2,4,2,5,3,2,2,4,1,3,6,1,5,6,2,1,3,2,4,3,4,5,2,3,4,3,2,5,1,2,2,3,5,4,3,2,2,3,4,2,2
1,5,1,3,1,5,5,1,4,4,2,1,1,3,4,1,1,5,5,5,4,4,6,1,1,1,4,4,1,2,3,1,1,1,3,2,5,1,1,2,1,5,1,1,5,1,1,2,1,1,4,5,1,1,1,2,1,1,1,1,1,5,1,1,4,4,1,1,3,1,1,3,1,1,1,1,4,1,5,3,1,1,1,3,1,1,3,1,4,1,1,5,1,4,3,3,1,1,1,3,1,1,3,1,1,1,4,1,1,2,1,1,1,1,1,4,1,1,3,NA,1,5,3,1,3,1,3,4,4,2,3,2,1,1,3,2,1,5,3,4,1,4,3,3,4,2,1,1,4,1,1,1,5,3,2,1,4,4,3,2,2,1,1,1,5,1,4,3,2,5,4,3,5,2,3,2,4,2,2,4,4,1,1,5,2,2,1,1,2,2,3,2,4,1,1,1,3,4,3,3,1,2,1,4,2,1,4,3,1,1,1,3,1,5,2,4,1,1,1,3,4,3,3,5,3,4,2,1,5,6,3,6,3,2,3,1,1,1,1,NA,1,1,5,1,1,2,3,4,1,3,1
4,5,2,2,2,5,5,5,5,1,1,1,3,3,5,5,5,4,4,4,3,3,3,3,3,3,3,3,3,3,4,4,3,3,3,3,2,3,5,2,2,2,1,1,4,1,1,1,1,1,5,5,1,1,1,1,1,3,3,3,3,3,3,3,3,3,3,3,3,3,3,3,3,3,3,3,3,NA,2,4,2,4,2,4,1,1,3,3,3,3,3,4,3,3,3,2,3,2,2,2,2,2,2,2,2,2,2,2,2,2,4,2,4,4,4,4,4,4,4,4,4,4,1,1,1,1,1,3,3,3,3,3,3,3,3,3,3,3,2,2,2,2,2,2,2,2,2,2,2,2,2,2,2,2,2,2,2,3,3,3,3,3,3,3,3,3,3,3,3,3,3,3,3,3,3,3,3,3,3,3,3,3,2,2,2,2,2,2,2,2,2,2,2,4,4,4,4,4,4,4,4,4,4,3,2,2,2,2,2,2,2,4,4,4,4,4,4,3,3,3,3,3,3,3,3,3,3,2,2,2,2,2,2,2,2,2,2,2,2,3,3,3,3,3,3,3,3,3,3,3,3
3,3,1,6,1,1,3,1,6,3,2,1,1,3,4,6,1,6,1,1,2,6,6,1,1,1,1,2,1,1,4,3,2,1,1,1,1,1,2,1,1,6,1,1,1,1,1,1,1,1,4,2,2,1,1,3,1,3,4,1,1,2,2,1,6,6,1,2,2,1,1,1,1,1,1,1,1,2,5,6,1,3,1,1,2,1,2,4,2,1,3,2,1,2,3,4,1,1,2,6,1,4,2,1,1,1,2,1,2,4,4,6,3,4,1,3,6,1,2,1,1,2,1,2,3,1,3,1,2,1,1,2,1,1,6,4,2,2,3,1,1,6,3,2,3,1,1,1,1,2,1,1,3,1,1,3,5,6,3,2,2,1,1,1,6,1,1,2,1,2,2,1,6,1,1,1,1,2,1,2,2,1,1,1,1,2,1,2,1,1,2,4,6,1,1,1,1,3,1,5,1,1,1,4,1,1,3,1,1,1,1,2,1,2,1,4,2,1,1,3,2,1,3,2,1,1,1,1,1,1,1,1,1,2,6,1,4,1,1,1,1,1,2,1,1,4,1,2,3,1,2
1,5,3,3,1,3,1,1,3,1,1,1,1,1,5,4,1,6,1,1,1,4,5,1,1,1,1,1,1,1,1,1,4,1,1,1,1,1,1,1,1,6,1,5,1,1,1,1,1,1,6,1,3,1,4,5,1,1,1,1,1,1,1,1,1,3,1,2,2,1,3,2,1,4,1,1,5,1,4,1,1,1,1,1,1,1,2,1,1,1,1,3,4,6,5,5,1,1,3,3,1,1,4,1,1,3,1,2,1,3,1,2,1,1,4,1,5,1,1,1,1,2,1,1,1,1,1,1,1,1,1,1,1,4,1,1,1,5,1,1,1,1,2,1,3,2,1,3,3,1,3,3,4,3,1,3,4,5,3,1,1,1,1,1,4,1,1,3,4,6,1,1,3,1,1,1,4,3,1,3,1,1,1,1,1,1,1,1,1,1,5,1,5,1,1,1,1,4,1,2,1,1,1,1,6,1,6,1,1,1,1,1,1,1,1,3,1,1,3,1,1,1,1,3,1,2,1,1,1,1,1,1,1,1,1,1,1,1,4,1,1,1,1,1,1,1,2,4,1,1,1
1,4,1,1,1,1,2,1,1,2,1,1,1,1,3,1,2,3,4,3,1,1,1,1,2,1,1,1,1,1,1,1,1,1,1,1,3,1,1,1,2,5,1,1,1,1,1,2,1,1,3,3,1,1,1,3,1,1,1,1,1,3,1,1,3,3,2,2,1,1,1,1,1,2,1,1,3,1,1,2,2,2,1,3,1,3,1,1,2,1,1,1,1,1,2,2,2,1,1,1,NA,1,1,1,1,1,2,2,2,2,2,3,3,3,3,3,4,4,3,2,2,5,2,2,2,2,2,2,2,4,1,1,1,1,1,1,1,1,1,1,1,2,1,2,1,1,2,2,2,2,2,1,1,1,1,1,3,1,1,1,1,1,3,1,1,1,2,1,2,1,2,3,2,2,2,2,3,4,1,2,1,2,2,2,2,2,1,1,1,1,2,1,2,1,1,2,2,2,2,2,2,2,1,1,1,1,2,1,2,1,1,1,1,2,2,2,1,1,1,1,1,1,3,3,2,1,1,2,3,4,1,2,2,2,1,1,1,1,1,2,1,1,3,1,1,1,1,1,1,3,1
3,2,2,1,2,3,4,4,4,4,3,NA,4,3,4,4,4,2,4,3,4,3,3,4,2,4,5,NA,4,NA,4,NA,4,6,1,3,6,NA,5,4,3,2,3,4,NA,4,3,4,NA,4,3,4,3,4,3,3,3,3,3,4,2,2,5,4,2,2,5,3,3,4,5,4,3,3,4,NA,4,NA,4,2,4,4,NA,2,2,NA,2,2,NA,3,4,3,3,NA,4,4,4,3,2,NA,3,4,2,3,NA,4,NA,4,NA,3,NA,NA,4,NA,4,4,4,4,4,4,4,4,4,4,4,4,4,4,4,4,4,4,3,3,3,3,3,3,3,4,3,2,3,4,5,4,3,4,5,4,3,3,4,5,4,3,3,4,5,4,3,3,4,5,4,3,4,5,5,4,4,3,4,5,4,3,3,4,5,4,3,3,4,5,4,3,3,4,4,4,4,4,3,3,4,5,4,3,3,3,4,4,4,3,3,4,5,5,3,3,3,4,5,3,3,NA,3,4,4,2,3,4,4,2,3,4,2,2,2,2,5,2,5,5,4,3,4,4,3,3,4,3,3,4,3,4,3,4,4,3,4
3,6,1,1,1,3,3,1,1,1,1,NA,3,1,3,4,4,6,1,1,3,1,5,1,3,1,1,4,1,2,1,1,1,1,2,1,3,1,1,1,2,6,3,1,4,1,1,3,1,1,5,5,2,3,3,3,1,1,1,2,2,2,1,1,2,6,1,2,1,1,4,3,1,1,1,1,3,2,3,3,1,1,1,3,1,1,4,1,2,1,1,2,3,4,1,1,1,1,1,1,1,2,6,1,2,1,4,1,2,4,1,1,1,1,1,6,3,3,4,1,1,6,3,1,2,1,3,2,4,1,1,1,1,4,2,3,1,4,1,1,1,5,3,1,2,3,2,4,2,1,3,1,1,1,1,1,2,2,1,2,1,1,3,2,3,2,1,3,3,4,1,2,6,3,2,1,2,3,2,1,3,1,1,NA,2,1,2,2,1,1,4,1,1,2,2,1,2,5,1,1,1,2,1,3,1,2,3,3,1,1,1,1,2,5,3,3,1,1,1,2,4,2,1,3,2,1,3,2,6,6,6,6,2,1,1,1,1,2,1,3,1,3,4,1,1,1,1,1,1,2,1
1,3,3,2,1,2,3,1,2,5,4,1,3,1,1,1,3,3,4,1,3,1,6,1,1,1,1,5,1,1,1,3,1,1,2,1,1,1,1,2,4,3,1,1,1,1,4,4,1,4,6,2,1,1,1,3,1,1,2,1,2,1,1,1,2,6,2,1,5,1,3,4,1,1,1,1,2,3,3,4,1,1,2,1,3,3,3,1,3,1,3,1,1,6,3,5,3,2,1,2,1,4,3,1,1,3,3,1,6,5,2,6,2,6,1,1,3,2,6,3,1,6,1,1,6,1,1,5,1,1,2,3,1,5,6,1,2,6,3,1,2,4,1,1,2,1,1,1,1,3,1,4,4,1,3,2,6,4,3,1,2,1,1,1,3,1,2,4,1,5,3,2,6,1,3,1,1,1,1,1,6,1,1,3,1,1,1,4,1,1,1,1,1,2,1,5,4,1,5,1,2,3,4,5,1,3,3,2,1,1,1,1,4,5,3,3,1,2,1,1,4,2,5,6,1,1,1,1,4,3,5,1,2,1,2,1,1,3,1,1,1,1,4,1,5,1,1,3,3,3,1
