"relinquish","smoothing","foreigner","notarized","knead","blot","groaning","interpolation","housewife","eerie","outrun","physique","carbohydrate","timetable","fractured","granny","confinement","ire","meager","spiked","flak","interferes","riddled","archangel","shiver","goldsmith","solenoid","colossal","cautiously","teeny","sculpture","wanton","sulfur","spans","carbonate","prettier","retaliate","burglary","treatise","rat's","dramas","scrabble","partisans","haunt","stooges","forearm","preventative","potty","singled","francs","improvise","sleek","reassure","heretics","maternal","weakening","carpets","reproducing","retraction","perch","refrigeration","shockwave","municipalities","welded","jot","repealed","scriptural","fiesta","foregoing","obscurity","buckets","aviary","caressing","assurances","retiring","figs","psychosis","lured","confines","shear","infallible","sophistication","detachable","footwear","embraces","screwy","culmination","upbeat","annals","sprang","grandson","modernization","spectacle","antelope","insiders","burdened","dashboard","pulsed","stupidly","slum","fostered","wanders","watering","scraps","bouncy","radial","sectarian","barter","footer","indentation","unilateral","malaria","bundling","sander","rations","stimulus","impart","enema","weir","separatist","assent","gasping","kayak","offshoot","convulsions","juniors","arresting","harmonica","posterior","alarmed","bucking","rigging","versed","flourish","periodical","deadliest","commies","sparrow","parasitic","flurry","oily","plentiful","predictably","divulge","tampering","fleeing","weighting","frighten","tonight's","rotates","sensational","digestion","amplification","antitrust","comrade","pastors","settles","abode","eclectic","badges","paragon","overdose","charities","epilepsy","lifeless","radiated","suicides","cafeteria","uncontrollable","immorality","ensuing","briefed","devotees","pedestrian","pellet","raspberry","lubricated","fixture","talons","revolve","bumpy","illumination","clarifies","blackmail","cropping","commend","handshake","tumble","elegance","multiplies","eyewitness","retrace","furiously","defamation","skimpy","rudely","leaky","oft","soar","songbook","crass","dentistry","cherished","schizophrenia","sieve","rum","inquired","woodcock","contested","telepathy","friendlier","stances","olives","blossoms","symmetric","stagnant","scopes","clad","practising","appellate","faithfully","uninterrupted","crock","blushing","unforgettable","improbable","lingering","refreshed","bimonthly","acclaim","radiant","nagging","hump","conductive","rammed","theologians","inaction","condor","shortcuts","clump","stinky","fright","barracuda","wardrobe","empowering","inconceivable","ma'am","abandonment","deterrent","panorama","telecast"
4,2,6,2,2,1,2,2,1,1,1,5,2,2,3,1,1,1,4,2,1,2,3,5,4,2,4,2,5,2,2,2,1,1,2,3,4,5,4,1,1,1,3,4,3,1,2,1,3,1,1,1,2,4,1,2,1,2,2,1,5,2,6,2,1,2,4,5,1,3,1,5,2,4,2,1,4,5,2,1,2,5,5,1,2,2,1,1,3,2,1,2,4,5,2,2,2,2,1,1,2,1,1,1,3,6,4,1,3,2,3,3,2,1,2,2,1,3,6,2,2,1,2,1,4,6,2,1,4,1,1,1,3,2,5,3,3,3,3,2,1,2,3,3,1,1,5,3,3,1,2,3,2,3,2,1,1,2,4,6,3,1,3,3,2,3,3,3,2,2,3,4,2,3,1,4,2,3,1,2,2,3,3,2,1,1,2,1,2,3,5,2,5,3,2,2,2,1,2,3,1,3,5,6,6,1,3,1,2,3,6,2,2,1,4,3,1,1,4,3,4,3,1,2,3,3,4,2,2,2,3,1,1,2,3,6,3,1,2,1,3,4,3,2,3,4,3,1,3,4,1
5,1,3,1,2,1,3,1,1,4,1,6,3,1,2,1,3,4,5,1,2,4,1,3,1,1,4,5,6,2,2,3,2,1,1,1,3,2,4,1,1,1,4,2,1,2,1,1,1,2,1,1,4,3,1,2,1,1,1,2,3,1,4,1,1,3,2,1,1,2,1,3,2,4,2,1,5,3,1,4,5,6,2,1,2,1,1,1,2,1,1,2,1,1,1,2,1,1,1,1,1,2,1,1,1,2,3,1,1,2,4,3,1,1,1,2,1,4,5,3,4,2,1,1,3,1,2,3,1,1,1,1,2,3,1,1,1,1,2,1,2,1,2,3,1,1,1,3,2,1,3,2,1,1,4,1,1,3,6,1,2,1,3,4,1,2,4,1,1,1,4,6,3,1,1,3,1,4,1,2,1,2,4,1,1,2,1,1,4,3,2,3,4,3,1,2,1,2,1,1,1,1,2,6,5,1,3,1,1,2,1,1,1,1,1,2,1,1,2,1,3,2,1,1,1,2,1,1,1,2,1,1,1,1,1,5,2,3,1,1,2,1,2,3,1,4,1,NA,4,3,1
2,2,5,2,4,1,1,2,1,2,1,5,2,1,1,1,1,2,3,1,2,2,1,4,3,1,3,3,3,1,4,4,1,1,1,3,3,1,4,1,2,1,1,2,4,1,1,1,1,2,4,1,2,2,1,1,1,3,2,1,5,1,3,1,1,2,2,2,1,1,1,2,1,5,1,1,5,3,2,1,1,4,1,1,1,1,1,1,3,1,1,1,3,2,1,3,1,1,1,1,1,2,1,1,1,1,2,1,1,1,1,1,1,1,4,4,1,3,3,3,3,1,2,1,1,2,1,3,3,1,1,1,1,4,4,1,1,1,1,1,1,1,1,3,1,1,1,3,2,1,2,2,2,1,5,1,1,1,4,5,1,2,4,1,1,1,2,2,1,1,1,2,1,1,1,6,1,2,1,1,1,1,1,1,1,1,1,1,2,2,1,1,1,4,1,1,1,2,2,1,1,3,1,6,4,1,1,1,2,2,1,1,1,1,1,1,1,1,2,2,1,1,1,1,1,1,1,1,1,1,1,1,1,1,NA,5,1,1,1,1,1,3,1,1,1,3,3,1,3,1,1
3,1,4,2,3,1,2,3,2,2,2,4,2,2,3,1,1,2,2,1,1,2,1,3,1,2,2,1,3,1,3,1,2,1,1,2,2,2,2,1,1,1,1,2,2,3,1,1,2,1,1,1,3,1,1,3,1,2,2,1,3,1,4,1,1,2,3,1,2,2,1,3,2,3,3,1,5,3,1,2,2,6,2,2,2,2,3,3,1,2,1,4,4,1,1,2,3,2,2,1,2,1,2,1,3,1,3,1,1,3,2,1,2,1,2,3,1,2,2,2,1,2,1,1,3,4,2,1,3,3,2,2,2,2,1,3,2,1,1,1,1,1,2,2,2,2,5,4,4,1,3,4,3,1,3,1,2,2,2,2,1,1,2,2,1,1,3,1,2,1,2,3,1,2,1,2,1,2,1,1,1,3,2,2,2,1,1,2,2,2,3,2,3,2,2,3,3,1,2,2,1,2,3,3,3,1,3,1,1,2,2,2,3,1,3,1,2,1,2,2,3,2,1,2,2,2,2,2,2,3,1,2,1,1,1,4,2,1,1,1,2,4,1,2,2,3,4,1,1,1,1
2,2,6,1,6,1,2,1,1,2,1,5,1,2,1,1,1,3,1,1,1,3,5,1,4,1,1,1,6,1,1,1,1,5,1,4,1,1,6,1,1,1,2,5,3,1,1,2,3,3,1,1,2,3,1,2,1,1,4,6,6,6,5,1,1,1,6,6,3,1,1,3,1,1,1,2,5,2,1,1,2,6,2,1,1,3,2,3,4,1,1,2,4,2,2,1,2,3,2,1,2,3,4,2,2,1,2,1,6,6,2,2,1,2,2,1,3,3,2,1,4,2,2,6,6,2,1,2,3,3,3,1,2,2,5,2,6,1,4,4,2,2,4,1,2,3,1,4,6,6,6,2,3,1,2,4,2,3,1,3,4,1,3,4,2,2,1,4,3,5,1,5,3,1,2,2,4,2,4,4,5,5,1,6,6,5,2,1,3,2,4,1,2,4,4,4,3,4,2,5,2,3,4,1,1,2,2,1,1,2,2,2,3,4,6,6,4,1,4,2,4,1,1,1,4,2,3,3,1,1,1,2,2,4,1,5,2,3,1,4,1,1,6,2,2,1,3,3,3,2,3
5,2,3,4,4,1,4,3,2,5,3,4,4,2,2,2,3,1,2,4,2,3,2,4,2,3,5,4,4,1,3,4,4,1,1,2,4,5,4,2,2,2,4,3,1,2,4,2,3,4,3,1,2,5,3,3,2,2,2,2,4,4,5,5,1,3,4,2,2,3,3,5,4,3,2,1,3,3,3,2,4,4,4,3,2,3,4,2,5,4,3,5,2,5,3,2,2,4,3,2,3,4,4,3,2,3,5,3,2,2,4,5,3,2,2,4,2,5,5,3,2,2,6,2,3,4,2,3,2,3,2,3,4,3,4,4,2,3,2,3,4,3,3,5,3,3,4,3,1,2,2,2,3,2,3,2,2,4,5,2,3,3,4,5,4,2,4,3,3,2,2,3,3,2,2,2,2,4,3,4,2,3,4,4,2,2,2,2,5,5,4,3,3,3,4,5,3,2,1,NA,1,3,4,6,5,1,3,3,4,5,5,3,4,3,4,3,4,1,4,3,3,4,3,3,3,3,4,2,5,5,2,3,1,2,2,5,6,2,3,1,1,1,2,4,3,4,1,3,4,6,4
4,2,4,3,2,1,2,4,2,2,1,3,2,2,2,1,3,1,2,2,1,2,1,3,2,1,3,3,4,1,NA,2,1,1,1,1,2,1,3,1,1,1,1,2,2,2,3,1,2,1,1,1,2,1,1,1,1,3,2,1,2,1,2,1,1,2,2,NA,2,1,1,2,1,2,1,1,3,2,NA,2,2,5,2,2,2,1,2,2,3,1,1,2,2,2,1,2,2,2,1,1,2,2,1,1,1,1,2,1,1,3,1,1,1,1,2,2,1,1,2,2,1,1,1,1,3,2,1,1,3,2,1,1,2,2,1,1,1,1,1,1,2,1,1,2,1,1,2,2,2,2,2,2,2,1,2,1,1,1,1,1,1,2,1,1,2,1,2,1,1,2,2,2,1,2,1,2,2,1,1,2,1,1,1,1,1,1,2,2,2,2,2,2,3,3,1,2,2,1,2,1,1,2,2,6,2,1,3,1,1,3,3,2,2,1,2,1,2,1,3,2,3,2,1,2,1,1,1,2,2,2,1,1,1,2,2,4,2,1,1,1,2,2,2,1,1,2,2,2,2,1,1
6,6,6,6,6,6,6,6,6,6,6,6,6,6,6,6,6,6,6,6,6,6,6,6,6,6,6,6,6,6,6,6,6,2,6,6,6,6,6,6,6,6,6,6,6,6,6,6,6,6,6,6,6,6,6,6,6,6,6,6,6,6,6,6,6,6,6,6,6,6,6,6,6,6,6,6,6,6,6,6,6,6,6,6,6,6,6,6,6,6,6,6,6,6,6,6,6,6,6,6,6,6,6,6,6,6,6,6,6,6,6,6,6,6,6,6,6,6,6,6,6,6,6,6,6,6,6,6,6,6,6,6,6,6,6,6,6,6,6,6,6,6,6,6,6,6,6,6,6,6,6,6,6,6,6,6,6,6,6,6,6,6,6,6,6,6,6,6,6,6,6,6,6,6,6,6,6,6,6,6,6,6,6,6,6,6,6,6,6,6,6,6,6,6,6,6,6,6,6,6,6,6,6,6,6,6,6,6,6,6,6,6,6,6,6,6,6,6,6,6,6,6,6,6,6,6,6,6,6,6,6,6,6,6,6,6,6,6,6,6,6,6,6,6,6,6,6,6,6,6,6
6,4,4,3,4,1,3,6,3,6,3,6,3,2,2,2,2,4,6,4,1,4,3,4,2,4,5,4,3,1,2,3,2,1,2,6,4,3,2,4,1,5,4,1,3,6,6,3,4,1,3,2,5,3,4,2,2,4,3,2,1,4,5,1,1,3,4,1,3,4,1,3,2,4,5,1,6,2,3,4,4,6,1,2,4,3,5,3,2,1,1,4,5,1,3,4,2,2,3,1,3,2,4,1,2,3,4,1,3,5,6,2,3,3,4,5,1,3,4,5,2,3,6,5,3,4,3,1,1,4,3,4,2,3,2,4,3,2,5,4,5,2,3,5,2,3,4,5,4,2,5,6,4,5,3,2,5,2,1,3,5,1,3,6,4,2,3,2,4,6,3,1,5,4,2,6,2,2,3,2,1,4,5,2,3,1,3,1,4,2,3,2,4,3,3,1,1,2,2,2,1,3,5,6,3,1,4,1,2,2,NA,3,5,1,3,2,3,1,2,4,4,3,1,2,5,2,3,2,3,4,3,2,1,2,3,4,2,2,4,1,4,2,4,2,3,4,6,3,2,6,3
4,1,6,3,5,1,2,2,3,4,3,6,5,3,2,1,3,5,4,3,1,5,1,6,2,1,3,2,6,3,4,5,2,1,2,2,3,2,5,1,1,1,1,3,2,4,2,1,4,4,2,2,4,2,1,4,1,3,3,4,6,3,4,1,1,3,2,2,3,2,1,2,1,2,3,1,6,1,2,4,2,6,5,3,1,1,2,2,1,1,1,3,2,2,1,2,4,1,3,1,2,2,2,1,4,2,2,1,2,2,4,3,1,1,2,3,1,1,4,2,1,1,1,2,3,5,1,1,3,2,1,1,3,2,3,4,2,1,2,2,3,1,1,4,1,2,6,5,4,3,2,4,3,2,2,1,2,2,1,3,1,2,3,2,2,2,4,3,2,1,4,4,3,3,1,4,3,6,1,2,1,4,3,3,1,1,2,2,2,3,5,4,5,3,1,4,3,2,3,2,1,2,5,5,4,1,3,2,1,1,4,1,2,1,3,1,2,1,4,2,3,2,1,2,2,2,1,2,4,4,3,1,1,2,1,4,2,3,2,1,2,5,3,2,3,5,3,1,2,1,1
5,1,6,4,5,1,4,5,1,5,1,6,5,1,3,1,1,5,5,1,4,1,1,5,2,1,4,4,4,4,1,4,2,1,1,2,5,1,3,1,1,3,4,3,5,6,4,3,2,1,5,1,3,3,1,1,1,2,2,2,5,1,5,4,1,1,3,4,3,4,1,4,4,4,2,1,5,1,1,3,3,4,1,1,1,2,3,1,3,2,1,2,2,3,2,1,1,3,3,1,1,3,1,2,4,4,4,1,1,3,1,4,4,4,4,6,1,4,4,1,1,1,5,1,1,NA,1,1,4,1,1,4,1,4,1,1,4,1,1,1,4,1,1,4,1,1,1,6,1,1,1,4,4,3,5,4,1,5,5,5,5,1,1,4,1,3,3,3,1,4,4,4,4,4,1,4,5,4,1,3,1,3,4,1,1,1,1,1,4,4,1,1,4,4,1,3,1,3,4,1,1,3,1,4,4,1,4,1,1,4,1,1,1,1,2,3,2,1,3,3,2,1,1,1,1,1,2,1,1,1,1,3,1,1,2,5,4,4,1,1,5,4,4,5,1,3,5,1,3,2,2
1,1,5,1,4,1,1,4,6,1,1,5,1,1,1,2,1,4,4,1,1,1,1,5,5,1,6,3,6,1,5,1,1,1,3,3,3,4,6,4,1,1,1,5,3,3,1,1,1,6,2,1,3,4,1,1,1,1,3,1,3,1,5,1,1,2,5,1,5,1,1,6,4,6,3,1,6,3,3,5,3,6,1,1,1,1,1,1,6,1,1,1,2,5,1,1,1,3,4,1,5,1,5,1,3,4,6,1,1,1,1,1,5,2,6,2,2,5,6,5,5,3,4,1,6,3,3,3,4,2,3,3,3,2,2,2,5,4,4,3,6,1,1,5,3,3,6,6,6,3,5,5,5,1,4,4,4,4,6,4,1,3,2,1,1,3,6,1,3,1,6,5,5,3,3,4,3,4,4,2,1,5,1,1,1,1,1,2,1,1,5,1,5,5,1,1,1,3,5,1,1,2,1,6,6,1,2,1,1,2,2,2,3,2,4,2,2,2,3,4,3,3,1,3,2,2,4,2,3,5,3,4,2,3,3,5,6,5,1,2,2,5,3,2,3,5,5,4,2,2,2
2,3,3,2,4,4,4,3,2,4,NA,3,3,4,3,3,4,2,5,5,5,3,4,3,3,4,3,3,3,4,5,4,4,2,3,2,2,4,4,5,5,3,4,3,NA,2,2,5,4,4,3,5,3,5,4,3,4,4,4,3,3,3,4,3,2,5,3,4,4,3,4,3,3,4,4,4,3,3,4,4,3,3,4,4,3,3,4,5,4,3,3,4,4,3,4,4,4,4,3,4,4,3,3,4,5,3,3,3,5,4,4,4,5,5,4,5,4,2,5,4,5,5,4,2,5,4,5,4,4,5,2,3,4,3,5,4,5,4,5,5,3,5,3,4,2,4,4,4,2,3,3,4,4,4,4,5,2,3,3,4,4,2,4,3,4,2,3,3,3,5,3,4,4,5,3,5,3,4,3,4,3,3,1,4,5,3,4,3,4,3,4,5,4,4,4,3,4,3,3,4,5,4,5,3,4,5,3,4,4,3,4,3,3,4,4,3,3,2,2,4,4,3,4,4,4,3,4,2,4,4,3,5,5,4,3,5,4,2,3,4,3,3,4,4,3,5,3,3,5,5,3
5,3,5,3,5,1,3,5,3,2,1,6,4,2,2,1,1,3,2,1,1,2,2,5,2,2,4,3,2,2,3,2,1,1,2,2,3,2,4,1,1,2,2,2,1,1,3,1,1,1,3,1,2,2,3,4,1,3,4,1,5,1,5,1,1,3,5,4,1,3,1,5,2,3,3,1,6,4,1,3,4,6,6,1,2,1,3,1,3,1,1,4,4,5,2,3,3,1,2,1,2,1,2,1,2,2,4,1,1,2,4,4,3,1,5,4,1,5,4,6,3,1,1,1,3,4,3,3,3,2,1,1,2,3,3,3,2,2,2,1,1,2,3,4,3,2,6,6,6,3,3,3,4,4,3,1,2,1,6,6,3,2,3,4,1,3,4,4,2,3,5,4,3,4,2,6,3,5,2,2,1,3,3,1,1,1,1,1,3,2,1,1,2,2,1,2,2,1,3,1,1,3,4,6,5,1,6,1,2,4,4,1,1,3,4,1,1,1,3,3,5,4,1,1,4,4,2,2,3,2,1,1,1,1,1,4,2,1,1,1,1,2,3,2,3,4,4,2,2,2,3
2,2,6,1,6,1,2,1,3,3,1,6,1,2,4,1,2,1,2,2,1,3,2,1,2,2,3,2,5,2,2,1,1,1,2,2,1,2,3,1,1,1,1,3,2,1,1,2,3,4,2,1,3,3,1,1,1,1,3,4,5,4,4,1,1,2,2,1,3,3,4,5,2,2,1,NA,5,1,4,3,2,6,4,3,1,2,1,5,3,3,1,3,4,2,1,3,3,3,2,4,3,1,2,3,5,3,2,1,1,3,2,2,1,1,4,4,1,1,2,2,1,1,3,2,3,2,2,4,6,3,5,4,3,4,4,4,2,1,3,4,3,2,5,6,1,2,6,3,3,4,4,2,6,2,2,1,3,3,4,2,1,2,2,4,2,2,2,3,6,2,2,3,1,2,1,1,NA,3,1,1,2,5,4,4,5,1,3,2,3,2,6,4,4,5,4,5,5,2,2,3,2,1,6,6,4,2,2,3,3,5,5,2,3,1,2,4,5,1,4,1,6,5,3,4,5,5,4,2,3,3,2,4,3,5,5,3,4,2,2,4,2,6,3,2,3,4,2,2,1,2,2
5,4,5,5,5,1,4,4,5,4,4,5,4,5,4,2,4,2,3,3,1,5,3,6,3,4,6,1,5,3,4,2,2,1,4,4,5,3,5,1,1,4,2,2,5,4,4,2,5,2,4,2,5,2,2,4,1,5,5,4,5,5,6,2,1,4,4,2,6,4,1,5,2,4,4,1,5,3,4,4,3,5,5,4,5,3,3,3,2,2,1,4,3,2,3,3,5,1,4,1,1,1,4,1,5,2,3,1,4,5,4,3,3,1,5,2,3,2,4,4,1,2,5,4,5,5,3,1,3,2,3,3,2,4,3,3,4,4,3,2,3,1,4,5,4,4,5,4,4,3,4,5,3,2,5,2,3,2,1,4,1,4,4,1,5,5,5,3,4,2,5,4,5,4,1,2,2,3,1,4,2,5,5,4,3,1,4,2,4,5,5,5,6,5,2,4,3,1,3,3,1,2,4,6,5,1,5,2,1,3,3,4,3,1,3,1,4,1,3,5,5,3,1,3,3,4,4,3,2,3,1,2,1,3,1,5,5,2,3,1,2,3,4,5,4,5,2,1,2,3,1
1,1,5,1,5,1,6,5,1,3,1,4,1,1,1,1,6,6,4,2,1,5,1,5,1,1,6,1,5,1,6,1,1,1,1,1,1,1,3,2,1,1,1,3,3,4,1,1,2,1,1,1,3,1,1,4,1,1,3,1,5,5,5,1,1,5,1,1,6,1,4,1,1,4,1,1,6,4,1,2,1,5,1,2,1,1,4,1,1,1,1,4,1,1,1,4,5,1,1,1,1,1,1,1,5,1,1,1,1,1,1,2,1,1,5,1,1,1,5,1,1,1,1,1,3,3,1,1,1,1,4,1,1,4,1,4,4,1,1,1,4,1,1,1,1,1,5,5,5,3,1,1,1,1,3,3,4,5,1,6,1,1,3,1,3,5,5,1,1,1,6,5,5,4,1,1,1,5,1,5,1,1,5,5,1,1,1,1,1,5,5,1,4,4,1,1,6,1,6,1,1,1,1,6,6,1,4,3,1,1,4,1,4,1,1,1,4,1,5,4,1,1,1,1,1,1,1,1,1,3,1,1,1,1,5,6,4,1,1,1,1,6,1,1,1,4,4,1,1,1,1
2,2,2,2,2,1,1,4,1,2,1,4,2,1,1,1,1,1,1,1,1,1,1,1,1,1,4,3,2,1,1,4,1,1,1,2,1,3,3,1,2,1,1,2,4,1,1,1,1,4,2,1,1,1,1,1,1,1,1,1,3,1,4,1,1,1,2,3,2,2,1,2,3,2,2,1,3,1,1,1,3,2,1,1,1,1,2,1,3,1,2,2,2,1,1,1,1,1,1,1,1,2,2,1,2,1,4,1,1,2,3,3,2,1,2,1,1,3,4,2,2,1,5,1,3,2,1,1,2,1,1,1,1,3,2,2,2,1,2,1,2,1,2,2,1,1,3,4,3,1,2,3,1,2,3,1,1,1,2,2,1,1,2,3,1,1,2,3,2,1,1,2,2,1,1,3,2,1,1,1,1,2,1,1,1,2,1,2,2,1,3,1,1,3,1,1,1,2,2,1,1,1,1,5,5,1,2,1,1,4,3,1,1,1,3,3,1,1,3,4,2,2,1,1,1,2,2,1,2,2,2,1,1,2,1,4,1,2,1,1,2,4,3,2,1,3,2,1,2,2,2
6,1,5,3,6,1,1,3,1,3,1,1,1,1,1,1,1,3,1,1,1,6,1,3,3,1,1,1,1,1,1,6,1,1,1,1,1,1,4,1,1,1,1,4,6,1,1,3,1,6,1,1,1,1,1,1,1,1,1,1,3,1,6,1,6,1,1,1,1,1,1,1,1,1,1,3,3,1,1,1,6,6,3,1,1,1,1,1,1,1,1,1,3,6,1,1,1,1,1,3,1,1,1,1,1,1,6,1,1,3,6,1,1,1,1,1,1,1,3,1,1,1,1,1,1,1,1,1,3,1,1,1,1,1,3,3,1,6,1,1,1,1,1,6,1,1,3,3,1,1,1,1,3,1,1,1,1,1,6,1,1,1,1,3,1,1,1,1,1,1,1,1,1,1,1,6,3,6,1,1,1,1,1,1,3,1,1,3,3,6,1,3,1,1,1,1,1,3,6,1,6,1,1,3,6,3,1,1,1,1,1,1,1,1,1,1,1,3,1,1,1,1,3,1,1,1,1,1,1,1,1,1,1,1,1,6,1,3,1,3,1,1,1,3,1,1,6,1,1,3,1
4,4,6,3,6,1,2,3,3,5,3,6,1,3,3,1,2,6,5,1,1,4,2,2,3,1,4,5,5,1,3,2,4,1,1,2,2,3,2,2,3,1,1,5,3,4,3,1,1,5,5,1,3,4,3,3,1,3,2,2,3,2,3,4,1,3,1,4,4,4,1,1,2,4,NA,1,5,3,3,4,5,6,3,5,5,4,1,4,4,2,1,3,4,3,3,1,2,3,2,1,1,3,4,1,6,3,6,1,3,4,4,3,3,1,4,1,3,3,6,2,1,1,3,4,4,4,3,4,6,4,1,1,5,6,4,3,1,4,4,1,6,3,2,5,4,5,6,5,4,2,5,4,4,4,1,3,4,1,6,4,1,4,5,4,2,1,5,2,2,3,3,4,4,5,4,5,5,4,1,2,1,4,3,2,1,1,3,1,4,2,5,4,5,2,1,3,2,6,4,2,1,3,4,5,6,2,5,5,3,2,4,3,4,3,6,3,4,1,3,5,5,3,1,4,3,1,4,3,3,4,3,1,4,1,1,5,4,3,1,1,1,4,5,4,3,5,5,1,3,2,2
6,6,6,6,4,1,3,6,3,1,1,4,3,3,3,3,4,6,6,4,3,6,3,4,2,2,4,4,4,1,3,3,3,3,3,3,4,5,5,1,1,1,3,3,4,2,5,1,1,3,3,1,1,1,1,3,1,3,4,1,4,3,3,4,1,3,1,3,4,3,3,3,3,3,3,1,4,4,4,3,6,6,6,5,2,3,6,3,1,1,1,4,5,5,3,2,3,3,4,3,2,5,4,4,4,2,2,3,1,5,6,3,3,3,4,4,5,1,3,6,3,3,2,4,3,5,5,2,3,1,1,1,1,1,1,3,3,5,4,6,2,4,3,1,2,4,4,5,5,3,3,3,3,1,1,4,2,5,2,4,3,3,4,3,2,2,4,3,3,3,3,3,3,4,4,4,4,1,1,2,4,3,5,5,3,2,4,4,4,4,3,1,3,3,4,2,3,1,2,4,4,3,2,2,4,3,3,3,2,4,3,3,3,4,2,3,4,1,1,6,6,6,3,4,6,2,3,3,4,3,3,4,4,5,6,4,3,5,1,1,1,1,4,4,2,4,3,2,3,4,4
3,1,6,3,6,1,2,4,2,2,1,5,4,2,2,1,3,1,1,1,1,4,1,3,5,2,3,5,6,2,5,4,2,1,2,5,5,2,3,1,1,3,3,3,5,4,4,1,3,1,4,1,3,4,2,2,1,4,4,3,6,5,6,3,1,6,6,5,5,5,2,4,3,5,3,1,3,3,2,1,3,5,4,1,2,2,4,1,2,1,2,4,4,5,4,4,2,3,2,1,2,1,1,1,1,1,2,1,1,3,3,4,3,1,2,3,1,3,2,4,3,2,3,1,4,3,4,5,4,3,2,2,2,3,3,3,1,2,4,1,2,2,3,4,4,3,2,3,2,3,4,3,4,4,5,3,2,2,6,3,5,2,3,5,3,2,4,3,2,2,2,2,1,2,1,6,5,2,3,3,1,4,2,1,1,1,1,1,4,2,3,2,3,4,2,2,2,3,5,2,1,4,3,6,5,1,2,1,2,3,2,2,1,1,1,1,1,1,4,4,3,5,2,2,3,4,5,3,5,4,3,2,1,3,1,4,2,1,2,3,2,2,4,4,3,5,5,4,3,3,2
3,1,5,1,6,1,2,2,3,3,2,5,2,1,1,1,2,5,2,1,1,2,2,5,1,1,3,2,4,1,1,1,1,1,1,2,2,1,4,5,1,1,1,2,1,2,1,1,3,2,1,1,4,1,1,3,1,2,1,1,5,2,4,1,1,2,1,3,2,2,1,4,2,5,2,1,6,2,2,3,2,5,5,2,4,2,2,1,2,1,1,2,1,1,1,1,2,2,1,1,1,1,1,1,4,4,2,1,2,2,2,1,2,1,6,1,1,2,4,2,1,1,5,1,3,3,2,2,3,1,1,1,1,4,1,4,4,2,2,2,5,2,2,5,1,1,6,6,6,2,2,5,1,1,2,1,3,4,1,5,2,2,2,2,2,1,4,2,2,1,2,3,2,1,1,2,2,2,2,2,1,3,3,2,1,1,5,2,5,3,6,5,5,2,2,5,2,2,2,1,1,1,6,6,6,1,5,1,1,2,4,5,2,2,3,2,1,1,2,2,4,2,1,5,1,2,1,5,5,2,2,1,1,1,1,5,1,1,6,1,2,6,2,1,1,5,6,2,1,1,1
2,2,2,2,2,1,1,1,1,2,2,2,2,2,2,3,3,3,3,3,4,4,4,4,4,4,4,4,4,3,3,3,3,3,3,2,2,2,1,1,1,1,1,1,1,1,1,1,1,1,6,6,6,6,6,5,5,5,5,5,5,5,5,4,4,4,4,4,4,4,3,3,3,3,3,3,3,3,2,2,2,2,2,2,2,2,1,1,1,1,1,1,1,5,5,5,5,5,5,5,4,4,4,4,4,4,4,4,3,3,3,3,3,3,2,2,2,2,2,2,2,2,2,1,1,1,1,1,1,1,5,5,5,5,5,5,5,4,4,4,4,4,4,4,4,3,3,3,3,3,3,2,2,2,2,2,1,1,1,1,1,5,5,5,5,5,5,3,3,3,3,3,3,3,2,2,2,2,2,2,2,1,1,1,1,1,1,1,1,1,1,5,5,5,5,4,4,4,4,3,3,3,4,4,4,4,5,5,5,5,5,5,4,4,4,4,2,2,2,2,2,1,1,1,1,1,1,1,6,6,6,6,6,6,5,5,5,5,5,5,4,4,4,4,4,4,4,4,4,4,4
6,6,6,5,5,5,4,4,4,3,3,3,2,2,2,1,1,1,2,2,2,3,3,3,4,4,4,5,5,5,6,6,6,1,2,1,2,1,2,1,6,5,6,5,6,3,4,3,4,3,4,3,1,1,3,3,5,5,6,6,4,4,2,2,3,2,1,4,5,6,3,3,3,1,2,3,2,1,2,3,4,5,6,5,4,5,6,4,3,4,4,3,3,4,3,4,5,3,4,3,2,5,2,5,5,5,6,6,6,5,4,3,3,4,5,6,5,3,3,3,3,4,5,6,5,4,3,3,3,3,3,4,5,4,5,4,5,4,5,5,4,4,5,4,3,3,3,4,4,4,5,5,2,2,1,2,2,2,3,4,4,4,5,6,5,5,6,5,6,5,5,1,1,1,2,2,2,3,3,3,4,4,4,5,5,5,6,6,6,3,3,3,4,3,5,3,5,4,3,2,3,4,2,5,3,4,5,3,6,6,6,6,5,4,4,4,4,3,3,3,2,2,1,3,2,5,5,2,6,6,3,3,3,3,5,5,5,5,5,4,3,2,1,1,1,3,4,5,6,6,6
6,1,4,2,4,1,1,1,3,5,1,5,3,1,1,1,1,4,3,1,1,4,3,3,1,2,6,1,2,1,3,1,3,1,1,3,2,3,3,1,1,2,4,2,3,3,1,1,1,3,1,1,1,3,1,1,1,1,1,2,4,1,5,1,1,2,3,4,2,3,1,4,3,3,3,1,5,1,1,1,2,4,2,1,2,3,1,1,1,1,1,4,1,1,1,1,1,1,1,1,1,1,1,2,1,2,3,1,1,1,4,4,3,1,1,2,1,5,6,1,1,1,3,1,3,3,1,1,3,1,1,1,1,2,3,3,3,1,4,1,1,1,2,1,1,1,3,1,1,1,1,1,4,1,1,1,1,1,6,1,1,1,3,3,1,1,1,1,1,3,3,4,1,1,1,1,1,1,1,2,1,3,2,1,1,1,1,1,3,2,1,1,1,1,1,1,1,3,1,1,2,2,1,6,5,1,1,1,1,3,2,1,NA,1,3,3,1,1,3,4,1,1,1,1,1,1,1,1,2,1,1,1,1,1,1,4,1,1,1,1,1,1,4,1,3,3,5,1,1,2,2
